"","V1"
"1",23.0761570872236
"2",16.0495823643922
"3",7.93267919629579
"4",3.25637754780457
"5",41.8960387222865
"6",15.0114637065216
"7",4.44148438485538
"8",36.2449091682253
"9",95.1280607857907
"10",31.9026406101222
"11",16.9336902463007
"12",35.9968638174572
"13",0.587161394217269
"14",35.7254357036095
"15",1.51401624052627
"16",22.0488174786271
"17",82.8682501710497
"18",24.3362667831841
"19",14.8286373065096
"20",2.62795310700603
"21",24.4743518000871
"22",5.32003982889867
"23",41.5411369007241
"24",10.1901334429495
"25",42.2666020036074
"26",2.91351856784805
"27",51.2955127106631
"28",46.7773723409123
"29",15.6147487590944
"30",38.4520365775635
"31",8.82787361141106
"32",10.7959369955315
"33",32.3946815833484
"34",7.84606285312427
"35",27.4938458765965
"36",59.8630713200492
"37",52.8767050090446
"38",33.9734612522912
"39",38.5239773658323
"40",1.92300621751893
"41",33.3716449905211
"42",46.205702016651
"43",30.319959574897
"44",52.4290546260632
"45",21.9211178492496
"46",9.77585250428221
"47",98.1723816469282
"48",38.1641200745389
"49",9.26522175444907
"50",12.4342902203376
"51",28.7194594267246
"52",15.5268311520196
"53",21.5191771442579
"54",55.098514994994
"55",14.997397678031
"56",34.724759179044
"57",11.1694495303366
"58",31.8664706568704
"59",30.8729873330676
"60",54.073345805903
"61",9.8859520200464
"62",16.0303716875074
"63",19.7738931275071
"64",0.660227573729438
"65",19.7675669371449
"66",34.9420305968255
"67",6.46322723209074
"68",13.5073707973709
"69",64.4586351079229
"70",29.9275584957629
"71",8.6561991100013
"72",29.7897960788955
"73",28.9659173745368
"74",12.7092919479658
"75",13.1857093916952
"76",40.2119971336857
"77",4.37465234816217
"78",15.8046902649023
"79",110.92231719216
"80",5.46656222813966
"81",11.7281969843522
"82",65.9004744362645
"83",9.71876373399012
"84",5.22850592050354
"85",50.1331922055636
"86",5.62330292217761
"87",40.7207363063694
"88",1.75252263217857
"89",29.2674205763988
"90",82.7850127890437
"91",20.390443946097
"92",62.3825746247646
"93",16.3613691100908
"94",46.6307888960995
"95",22.0872897496641
"96",7.73716298587859
"97",29.1053125049748
"98",27.1999938526345
"99",6.95308200611152
"100",58.4419067926236
"101",62.4658027053534
"102",1.92994138440614
"103",60.6087336370002
"104",57.2177071225884
"105",6.39731528352964
"106",10.4974572941586
"107",40.1189272950234
"108",2.66051166372373
"109",28.7751725716876
"110",52.6047738431762
"111",26.2490141343807
"112",6.34986080301652
"113",68.0266904397133
"114",38.1289531306336
"115",34.6887175778887
"116",1.50541136422029
"117",54.8985451624696
"118",7.03093987327972
"119",28.1472518862812
"120",10.3938368430923
"121",11.5477965179596
"122",102.003258804443
"123",82.9614265244402
"124",17.8718155572291
"125",73.8573710232736
"126",67.5957623483773
"127",52.916043210209
"128",3.35101875471372
"129",31.9666773329142
"130",5.11979763696333
"131",54.2005415725348
"132",9.95048467583153
"133",3.24578265188402
"134",47.6522044991513
"135",27.3824642139651
"136",48.3732879940694
"137",82.1441458537311
"138",22.8324662174769
"139",10.1075028388416
"140",3.02010215691057
"141",2.72524686703247
"142",78.2489708603713
"143",1.56165813761743
"144",24.5587731394824
"145",6.4802482742981
"146",34.2020945326727
"147",48.0315143551544
"148",20.8426859361887
"149",52.9796153486708
"150",10.0724610839332
"151",14.2808257209837
"152",37.5052169824125
"153",18.4318083685106
"154",14.5248618241181
"155",13.3806078261415
"156",26.5633161148012
"157",34.4491191817088
"158",7.99069151833224
"159",31.5940038701942
"160",10.1992389360912
"161",10.5862483122935
"162",29.126778024483
"163",13.770785313854
"164",9.97570364402637
"165",6.52009014719365
"166",13.4303716589287
"167",86.2442884744665
"168",12.9350637804427
"169",8.90419695670233
"170",10.0211673013476
"171",27.9453885108245
"172",31.4931898334081
"173",17.6201104683279
"174",40.5827215481899
"175",40.4416271411494
"176",12.3057694857355
"177",10.7838868147138
"178",21.6762246671018
"179",3.25519088426963
"180",6.05092753796888
"181",12.7238806264516
"182",26.7235872270624
"183",14.9865498232717
"184",3.34941994293895
"185",78.9036616245812
"186",20.8868902740688
"187",0.810719660341168
"188",23.963931185162
"189",53.1217878966593
"190",61.4594449596382
"191",13.6260693414218
"192",17.4110958491253
"193",5.43319286442575
"194",44.0258842561485
"195",4.87668109991873
"196",16.1855033612547
"197",25.5695813880799
"198",28.1994865507338
"199",3.95036278247321
"200",25.9038562390312
"201",13.8820471613198
"202",32.1895515601868
"203",38.9497060658233
"204",20.1853260226874
"205",12.2748365802808
"206",46.5080855239013
"207",9.45020259570998
"208",62.9587609666414
"209",31.8570678507899
"210",10.9700723345106
"211",102.72264049254
"212",27.0014045946386
"213",28.3263428314252
"214",50.25259488107
"215",18.7506604452673
"216",22.9277813748173
"217",15.6211109226435
"218",43.9874355512389
"219",19.7884294474929
"220",43.8787176715228
"221",22.1781084072467
"222",4.31102415992849
"223",25.0224148866277
"224",1.90416823653648
"225",9.38230902493494
"226",6.09920196482189
"227",10.8128228574271
"228",31.3277576394143
"229",68.9154491525928
"230",8.06202213787232
"231",11.3389455634911
"232",32.5043745109641
"233",13.0151252024151
"234",6.65592655292047
"235",33.1290609173202
"236",22.7522857436012
"237",8.07492888762643
"238",42.2044671409857
"239",29.847810442282
"240",84.5190573042078
"241",111.830066514725
"242",42.4539355145332
"243",18.4976644638266
"244",20.8760103686254
"245",50.9689626595767
"246",35.4711534320374
"247",17.1038867222161
"248",7.65670632820053
"249",24.7073698360079
"250",19.2108183182629
"251",12.7516887027829
"252",8.71850378509046
"253",41.9296081007986
"254",56.2309394004816
"255",71.2595200408326
"256",53.2628252932237
"257",5.5868815904481
"258",76.4104739316581
"259",75.0394217234063
"260",10.8473202084367
"261",1.87761361898969
"262",40.0287130177246
"263",12.2987334195592
"264",6.91710898185613
"265",26.6626959132479
"266",5.35408078102867
"267",17.9569561007632
"268",20.4509539312786
"269",28.6748005918433
"270",26.2180315091394
"271",23.3868646185104
"272",13.9413599671213
"273",33.5657804628489
"274",1.86021767866281
"275",11.8369211918596
"276",15.7608343905918
"277",56.9141103615231
"278",7.68549469233515
"279",39.4338541966686
"280",3.19141709252742
"281",26.3997033322294
"282",37.5437444704977
"283",39.3385653631822
"284",7.60591333816333
"285",22.1617011608655
"286",10.0991541665476
"287",11.9408734772341
"288",24.6778465412082
"289",27.1461346645672
"290",13.0006200550592
"291",5.16635851326936
"292",18.5436380261034
"293",69.453307133938
"294",23.4279240462008
"295",39.2585176273436
"296",45.3131246468596
"297",20.6703912514605
"298",10.6852083569103
"299",4.60933999575507
"300",163.649702267073
"301",63.3244755751438
"302",81.0143952419704
"303",33.646506075631
"304",23.6646187593758
"305",9.79591131900652
"306",35.6654869608534
"307",12.0478684797701
"308",23.7379820675726
"309",62.4356308779528
"310",34.1831775025438
"311",10.3291387315998
"312",2.79305752683549
"313",2.09781050946753
"314",17.208880132669
"315",17.1909900629063
"316",31.889438776742
"317",13.9209196738598
"318",79.4033286697362
"319",12.4332229377417
"320",18.5362521333284
"321",1.20395703280494
"322",102.348218526863
"323",13.5997183439746
"324",7.37198699628064
"325",63.7792905967928
"326",17.2998497618271
"327",27.2725994774837
"328",15.2382709489932
"329",6.86479681945376
"330",6.85316734299248
"331",50.6905525531482
"332",7.40616811794991
"333",39.8356322584598
"334",26.9132316070919
"335",56.523094749642
"336",65.7284993533383
"337",14.971558741362
"338",80.2931228558346
"339",7.96586743420289
"340",38.1298447952321
"341",42.0689424342399
"342",40.0939343542645
"343",23.187755815773
"344",2.67010083320968
"345",2.95972428630388
"346",2.18831297509514
"347",9.925421430933
"348",17.0015633203258
"349",14.1903387605244
"350",24.2415958880701
"351",38.0898592392034
"352",11.6004602945234
"353",19.4715965473924
"354",1.17139739307085
"355",41.8074301058456
"356",24.9874083784411
"357",50.7850071236291
"358",35.2982946214796
"359",5.46233750197719
"360",19.3611928431451
"361",8.46749292778189
"362",90.785163978088
"363",50.8450023111753
"364",9.15555900328823
"365",31.9633144914925
"366",13.7143697571175
"367",16.8666177236068
"368",11.3409644129657
"369",37.0459476956695
"370",26.8801346220952
"371",4.52195539859869
"372",8.82743053352741
"373",92.5809302948288
"374",6.14241970656121
"375",21.4157243944939
"376",39.2124543304477
"377",4.3789183774122
"378",32.4743469821603
"379",18.8782495073116
"380",99.0350960572896
"381",5.24498998150259
"382",12.8809129268566
"383",24.342075970474
"384",32.5755669956859
"385",73.8564383255945
"386",44.4844301089385
"387",58.4643911072371
"388",33.6830745545553
"389",17.5512411125399
"390",6.41356363134534
"391",19.3442690839154
"392",7.31195015351737
"393",22.7434688405425
"394",27.0058753736509
"395",2.85956513906535
"396",22.5019872186099
"397",12.397378871181
"398",1.95513906755851
"399",50.2469143797562
"400",40.4285727838349
"401",37.5700044309573
"402",43.6490778784724
"403",29.6176130174979
"404",22.4463708881181
"405",20.2764149554851
"406",6.92192894209636
"407",15.7890045627919
"408",15.3463140948729
"409",14.9310912475913
"410",33.9773125985971
"411",8.54761687969543
"412",3.40811098804871
"413",7.99453711206801
"414",5.47863736959645
"415",29.8045831201311
"416",3.69932264058284
"417",6.12283096166894
"418",12.4828086201599
"419",13.4318074651269
"420",72.9324226361126
"421",50.8609706521189
"422",19.9023692128883
"423",1.76353438940159
"424",17.6307042805803
"425",8.84080831241945
"426",13.5338159969963
"427",13.5414138521672
"428",23.3719151491241
"429",101.463188971473
"430",23.4460104817023
"431",41.689552685537
"432",80.6787518114777
"433",10.980569210616
"434",21.1502040821727
"435",5.93502563629319
"436",8.34065319804808
"437",26.2987562732524
"438",49.5289421644846
"439",49.2226773379679
"440",16.8580817438367
"441",11.4112735974349
"442",17.8321221975226
"443",9.07161780863871
"444",67.4724424344019
"445",5.21492188101692
"446",3.53893805521525
"447",47.8328333430614
"448",38.2763019328554
"449",8.79469135429433
"450",19.2067182764226
"451",24.7865972579607
"452",11.6321579343509
"453",36.2137386648485
"454",48.1563131289221
"455",34.2044426313997
"456",9.30222527830849
"457",2.68903051456096
"458",33.6018701732253
"459",44.0365617377085
"460",63.7911595622437
"461",25.6266052632234
"462",19.6501949193368
"463",31.2735661721252
"464",50.6563937766442
"465",27.9755597970354
"466",14.8893250845591
"467",34.1513686205653
"468",26.6559262944733
"469",41.9563193958581
"470",3.18860042013199
"471",16.1882601573524
"472",0.844112550418326
"473",30.1815900712148
"474",8.88427628713761
"475",14.5784912063951
"476",25.3681058772211
"477",58.896967940196
"478",24.4512208623297
"479",59.6898055443571
"480",33.1135430631872
"481",15.5995369329905
"482",53.5962624579162
"483",4.8965361915307
"484",26.4303321650516
"485",12.0415023742334
"486",112.847920031719
"487",7.55178429024594
"488",58.1507422589423
"489",141.10333460431
"490",11.6550501890065
"491",18.012560912233
"492",4.03820288557976
"493",25.7172533372489
"494",8.17431193012103
"495",9.21851265035003
"496",13.2006645411443
"497",21.9465907032524
"498",4.10856216298932
"499",28.104439630587
"500",34.0225451646697
"501",19.4403064133488
"502",7.86189256847497
"503",9.67290380917022
"504",34.6880322013225
"505",6.09391317833935
"506",6.25535877880283
"507",13.7859449953204
"508",15.7719505302572
"509",10.2912044097075
"510",8.31997488792948
"511",16.2876250183844
"512",84.436310556493
"513",9.97936925235539
"514",24.9117790598799
"515",16.0878267398596
"516",69.24829293915
"517",12.0969642154749
"518",7.33006683906625
"519",86.2556133628578
"520",80.2092851209542
"521",22.574441763404
"522",5.25890882443442
"523",14.0468457574079
"524",92.6860700867658
"525",74.6660212640577
"526",96.0603551937129
"527",11.4885686511932
"528",42.8567000606576
"529",51.2133292382428
"530",9.12633308945932
"531",18.2510206037939
"532",26.2820918871254
"533",20.8932710827712
"534",13.5893722042791
"535",7.72069231303538
"536",28.7902342303722
"537",14.6918933845378
"538",13.2508654898658
"539",25.6664428872933
"540",39.8655488241343
"541",49.1781709829663
"542",13.788836464411
"543",12.329834563806
"544",30.9213706057678
"545",56.7605801908781
"546",33.576617888711
"547",98.8416527160668
"548",41.026061271709
"549",7.88296904813866
"550",37.6038864670901
"551",3.9951528616692
"552",5.08328487953214
"553",48.101944208023
"554",31.3393704677014
"555",44.5655845536932
"556",0.497308402065599
"557",25.9077958098298
"558",1.33135765596067
"559",53.6613330639581
"560",46.1726427938383
"561",21.4469537566702
"562",28.8004407842419
"563",1.98862362294686
"564",53.1885882951377
"565",2.81247260019941
"566",19.3183537453425
"567",10.1551370239168
"568",1.67145515723942
"569",128.214742449551
"570",40.4961892774934
"571",14.4489417408337
"572",9.17434180651411
"573",9.80147240214904
"574",50.567475746764
"575",74.9332565946545
"576",10.117902440021
"577",3.3302570318241
"578",7.16872012934411
"579",14.4781162984213
"580",52.6307699638915
"581",33.248105699261
"582",18.9183073388359
"583",22.5278211992237
"584",87.4047207287772
"585",2.64353153520873
"586",9.89627587553641
"587",18.8358070082788
"588",16.7903868059613
"589",21.6881455663649
"590",12.7924253460711
"591",6.45217837116592
"592",15.4797880840641
"593",50.8351795976604
"594",7.12844294473308
"595",19.2189987231219
"596",15.9812149440687
"597",20.3241251134792
"598",45.2183935577119
"599",1.88974194838216
"600",58.482497198305
"601",10.5484883307336
"602",53.900086210359
"603",36.871253858623
"604",8.17324989320118
"605",42.678012888627
"606",43.9447199576474
"607",4.47014005964241
"608",19.5249038956313
"609",10.3704787142146
"610",47.5168587815242
"611",101.228111542748
"612",10.7241998177711
"613",19.1662447858605
"614",4.33638399217472
"615",1.4489530904206
"616",25.8231854882749
"617",5.48635427159276
"618",2.42449253251228
"619",9.19872085872249
"620",38.5498946787153
"621",70.8784305272596
"622",39.0384662990158
"623",8.40664257248663
"624",8.76592529152845
"625",10.7355951985476
"626",32.9558763577781
"627",2.66095055530701
"628",52.2986146191155
"629",37.3475537613943
"630",25.8303294124472
"631",11.2148807880419
"632",28.867996340036
"633",5.4908177999666
"634",4.15741852864458
"635",2.91373040670919
"636",2.93510037886354
"637",19.336211311171
"638",31.4712445123809
"639",41.8134077148961
"640",22.2172498954998
"641",43.7254082665578
"642",2.64603537389633
"643",62.6208567802954
"644",52.2994127740371
"645",0.919633077220725
"646",0.666233662309028
"647",11.7094925405926
"648",3.82761305160767
"649",45.9854227341773
"650",28.0726536856197
"651",14.3155751659768
"652",14.5847125118857
"653",9.08918960071383
"654",24.527153768402
"655",38.9394006709218
"656",24.6217831672362
"657",30.6905400030704
"658",86.7046878294558
"659",34.7207479335101
"660",6.67868422304555
"661",58.7275819349601
"662",43.7070417796387
"663",39.9146197574138
"664",10.0133497096695
"665",8.65419580461332
"666",49.1095932797852
"667",54.4343596748842
"668",11.680432608563
"669",54.4661843217855
"670",22.159871778623
"671",34.1278065522788
"672",26.3689540488697
"673",52.5778893672251
"674",45.8137786807667
"675",5.88225870335253
"676",7.824764415345
"677",25.7839899117731
"678",34.7834105246468
"679",5.22436629983236
"680",53.0340863908909
"681",31.1387258824935
"682",1.63111201031931
"683",29.7530933105421
"684",30.4672577787641
"685",83.3510276327412
"686",43.5944128357827
"687",22.9428928333527
"688",33.5459057229644
"689",34.7727953162756
"690",69.1526027136591
"691",13.3847673862958
"692",61.3744648597449
"693",16.8860473570808
"694",38.0174914654119
"695",15.3690724052252
"696",64.8264370896504
"697",39.6257427481878
"698",42.6915008303796
"699",40.0859705495363
"700",93.4956185733925
"701",51.1121029244642
"702",2.87582866434713
"703",28.4572846660852
"704",22.1050823864416
"705",15.1588073194345
"706",51.722266668422
"707",65.9289122756334
"708",65.0343135234837
"709",2.9299609134929
"710",30.3156101705229
"711",37.8026014964234
"712",89.6276847048339
"713",15.4274728076555
"714",28.8693272576347
"715",73.195564426251
"716",39.2903064277973
"717",5.30005737625315
"718",3.02851406791404
"719",62.8999302547921
"720",147.811639184716
"721",6.36531267708765
"722",4.88162087084655
"723",15.2084000144212
"724",58.0497416477399
"725",4.89903292399283
"726",29.2187411454294
"727",21.3055171898453
"728",50.371302159935
"729",16.7347230053272
"730",12.9877638888305
"731",98.7636178561771
"732",20.6099126785286
"733",15.9758128661571
"734",8.62460343013945
"735",14.9086760299999
"736",4.43855646186089
"737",68.3059955348582
"738",62.7560888194073
"739",0.494766608202736
"740",14.480581146091
"741",18.1662619171718
"742",5.13181364127167
"743",18.475952971271
"744",12.8151557878725
"745",45.9932946692287
"746",20.7673754245239
"747",2.25732392310148
"748",32.9575322171624
"749",14.4151383743455
"750",8.55699427424739
"751",2.21349366600856
"752",24.8351685598279
"753",5.68386940085805
"754",32.9520219747215
"755",35.8836505880077
"756",32.1557897962391
"757",10.965880288439
"758",10.929139896698
"759",17.6468611744815
"760",26.7192936599178
"761",15.9900243674513
"762",52.6997958988592
"763",85.1801260350306
"764",18.046048640229
"765",35.7469126167208
"766",13.4483246657753
"767",102.602643905638
"768",73.7646768417082
"769",29.1017340608387
"770",19.8262220772467
"771",52.2842273101026
"772",23.4193370891184
"773",91.8231926207158
"774",27.5280815611701
"775",5.55757846846296
"776",15.9842901987667
"777",7.43132481783148
"778",25.3819796824798
"779",5.93490483131487
"780",50.4163552939253
"781",52.3606460031401
"782",37.5115219243349
"783",4.77221518848975
"784",54.7646982349019
"785",1.65757138522736
"786",15.2044749779559
"787",60.2242199267412
"788",23.3471461858903
"789",33.054783180922
"790",43.6796666023893
"791",2.63022695143415
"792",4.3796493214563
"793",28.9414849426618
"794",1.94344912630556
"795",26.7788281947235
"796",11.2637129306956
"797",55.2776753310068
"798",52.3786693244417
"799",5.82874817194306
"800",5.70316383910363
"801",39.3695687663348
"802",23.508611585201
"803",99.7180773514669
"804",24.555221461044
"805",53.9259829838632
"806",7.33324965173227
"807",1.20062818964687
"808",28.9014742826576
"809",40.426205629247
"810",22.5250891606404
"811",32.0734396042154
"812",8.14241931421251
"813",31.2215588550828
"814",11.8509547297076
"815",11.4501845745216
"816",28.0967209408657
"817",25.492698193902
"818",4.90000798087051
"819",48.6442461316062
"820",44.5137648833426
"821",69.0926023500497
"822",19.212504724674
"823",6.62495552293183
"824",54.425725931572
"825",15.9475694487413
"826",11.4117119236879
"827",7.27229823299111
"828",6.48983517680666
"829",27.9898666039033
"830",28.512135912194
"831",22.0492792607148
"832",3.14240833768008
"833",37.423535228595
"834",19.7524221568254
"835",4.96601674988221
"836",20.7117297734145
"837",26.9085980938937
"838",16.0454314652341
"839",27.8896225175103
"840",69.5572065665126
"841",4.57396435182082
"842",35.2376730908411
"843",7.17166616657103
"844",13.0324971012745
"845",3.58939173083148
"846",5.55168377076761
"847",30.1463241367374
"848",11.5079070480252
"849",7.17944900618482
"850",11.8984727637638
"851",1.30913964916959
"852",4.07890448230856
"853",20.215822063734
"854",55.6402073672901
"855",40.1926288546264
"856",15.8814713225185
"857",17.7148749674378
"858",13.9551462062758
"859",50.5260654025674
"860",24.1290058007879
"861",13.077047545468
"862",21.0313424464075
"863",7.38153345292729
"864",8.68328439917357
"865",2.65592560580636
"866",10.5058276084472
"867",23.3933296783461
"868",45.8943930763896
"869",17.1675576540928
"870",6.46142147166711
"871",17.2953777055325
"872",5.3860112813777
"873",4.04574496806941
"874",47.5240008615993
"875",4.29527245482623
"876",13.089047875069
"877",52.5280404926646
"878",13.9768065825558
"879",3.69900359233994
"880",12.0188058859309
"881",10.5720542839346
"882",2.0410317647922
"883",24.9957101805696
"884",12.4492295174901
"885",57.9077893953518
"886",72.2318362066102
"887",12.269596266876
"888",3.07562711296482
"889",60.2008632140728
"890",8.62137041234476
"891",13.4851586309294
"892",49.2786509862143
"893",24.7094599704246
"894",6.16064482395567
"895",2.08468315724281
"896",19.220651929174
"897",9.64119238805838
"898",29.0404672493145
"899",35.6245328436298
"900",31.1977615039259
"901",10.7842449889
"902",15.9311558933941
"903",41.9755144540558
"904",19.8920952928852
"905",5.96906103925243
"906",1.42676903282315
"907",13.5053656344078
"908",10.0346580590082
"909",14.0520574737222
"910",2.05060347022871
"911",1.95685831368202
"912",10.7682498281297
"913",15.7450339211106
"914",52.119114821797
"915",33.2530129168312
"916",11.2679345781044
"917",25.6061425443997
"918",88.8162252900387
"919",12.1795303636756
"920",7.41594281477129
"921",27.5455313665002
"922",6.04910788220781
"923",21.1577041562498
"924",8.80744829398655
"925",15.5532877761386
"926",7.16982721246682
"927",4.14754542344852
"928",16.891296981981
"929",16.9293186396834
"930",4.1917406162624
"931",81.9967643865426
"932",59.6629449524454
"933",10.1282710756682
"934",9.96389562499988
"935",142.89176606665
"936",16.0263766121705
"937",3.79127669877772
"938",23.4673403727168
"939",15.64373344139
"940",32.8193015342588
"941",33.5911591278876
"942",51.657198602667
"943",47.2253232937571
"944",11.6880909512064
"945",10.7264980099791
"946",14.2961392773755
"947",9.03352955764491
"948",6.43442838891051
"949",22.9954022582752
"950",9.19358548529382
"951",5.45150034249342
"952",21.7891271435206
"953",1.45097300643944
"954",35.88899063872
"955",4.41935661375839
"956",29.7289892219825
"957",3.56104134052623
"958",13.6311276769379
"959",22.716358353425
"960",3.82578361227357
"961",11.2649005083831
"962",11.7032872385727
"963",43.183058885616
"964",4.33819478214957
"965",62.687207873311
"966",36.3513856733424
"967",4.15450776746626
"968",29.9428212218394
"969",26.7254264674531
"970",7.59694922853926
"971",92.5258986365851
"972",6.01349921007777
"973",5.69138908303456
"974",29.2192646000043
"975",9.20091065677684
"976",14.2677182300435
"977",28.914780340784
"978",32.3478387250085
"979",32.9609327814668
"980",53.1196639961065
"981",35.5562592259597
"982",7.55402100857858
"983",6.07471658883932
"984",136.543771865029
"985",21.4394237708888
"986",20.4198383235805
"987",41.3837433969543
"988",9.05174751762747
"989",11.0477330070827
"990",17.1943678473207
"991",6.42032444262785
"992",2.39896488292317
"993",26.5621000580586
"994",3.84608157824516
"995",8.32993722922012
"996",52.3583915599438
"997",11.6990657983817
"998",97.6882582212894
"999",29.3057089329878
"1000",21.1693145391261
"1001",3.70150376024703
"1002",13.760556238584
"1003",69.6986486744495
"1004",26.918232382767
"1005",2.43449509163607
"1006",44.6247864576683
"1007",28.8349166771544
"1008",1.58672856402399
"1009",76.6651436340479
"1010",41.9257887591811
"1011",14.0163126084553
"1012",15.099332935786
"1013",8.71833987207261
"1014",126.564550282474
"1015",18.4569309245252
"1016",12.6018716590749
"1017",11.6131166407388
"1018",24.5110959847854
"1019",7.22396901316383
"1020",35.4665047522044
"1021",17.9367141896339
"1022",10.4453084304441
"1023",0.952980419721551
"1024",35.2461271087598
"1025",21.1114599873213
"1026",25.3666520975623
"1027",3.84707371675248
"1028",24.061730034759
"1029",24.9754610011377
"1030",4.51074646055515
"1031",12.8274015090188
"1032",174.491780703787
"1033",15.8493281026414
"1034",4.03067596062831
"1035",5.54756152209659
"1036",2.65936230917072
"1037",18.1773250893462
"1038",54.3135992494363
"1039",6.43026796278952
"1040",19.6992451501997
"1041",44.1137501070131
"1042",5.21770667240143
"1043",23.5022333043231
"1044",9.71978349687522
"1045",36.1433936981445
"1046",5.30421158047132
"1047",17.6273954237709
"1048",80.6369386660752
"1049",39.7730972800657
"1050",33.7827441087419
"1051",10.2689538297566
"1052",38.2338110459122
"1053",11.5366386443223
"1054",7.69816212680626
"1055",34.453026255597
"1056",39.1572902774941
"1057",27.6146125877191
"1058",23.1934934931799
"1059",25.20324515955
"1060",24.1821534533311
"1061",33.4258803862933
"1062",33.028335366023
"1063",108.80082963622
"1064",7.55022254824511
"1065",40.0203971724733
"1066",2.9764771466323
"1067",25.2755854461078
"1068",13.1169151475549
"1069",66.926748607446
"1070",7.14797426864176
"1071",62.0732236817554
"1072",68.1974812173579
"1073",26.7424347541116
"1074",50.5023358352914
"1075",3.49395387980142
"1076",7.17635716453132
"1077",36.1263975526945
"1078",16.9563681664853
"1079",5.22624709658511
"1080",27.8532149441625
"1081",15.2811296987564
"1082",10.6369834442724
"1083",45.4821427555264
"1084",14.764734113486
"1085",25.2726396423116
"1086",10.5986088703253
"1087",27.5474033705505
"1088",38.5267904925402
"1089",12.7934673477809
"1090",67.128220111405
"1091",7.96875155742398
"1092",28.9248916529596
"1093",31.0543675650423
"1094",31.0274223044801
"1095",3.45254040800996
"1096",12.6884586080629
"1097",3.94378861494857
"1098",64.7815428289945
"1099",24.4364037001924
"1100",200.259694669838
"1101",8.18441686464603
"1102",6.01901562784822
"1103",49.0895098766429
"1104",17.6779049606823
"1105",5.42973443796043
"1106",77.7643688771704
"1107",128.583193626426
"1108",83.075815716967
"1109",23.2557609651769
"1110",32.5651901234289
"1111",8.58835152037165
"1112",7.29097804064137
"1113",60.3121524252453
"1114",4.809976186288
"1115",23.7795614672762
"1116",16.0694134607962
"1117",103.661689909257
"1118",8.89706998790322
"1119",4.46812608801744
"1120",5.27365614913596
"1121",89.9802776284505
"1122",11.7759891312814
"1123",69.7246348148074
"1124",84.1659399293763
"1125",1.32904519159842
"1126",18.0403965243747
"1127",23.6317352124706
"1128",11.7444583207873
"1129",32.9269649007959
"1130",7.38291067599713
"1131",0.85673592935236
"1132",1.25780985463891
"1133",14.2950838817345
"1134",152.645896158579
"1135",9.66428927190252
"1136",5.26080188329178
"1137",4.81287268814461
"1138",15.463586467215
"1139",32.1286210232023
"1140",9.53093415040598
"1141",22.6521354491419
"1142",48.6710839719635
"1143",27.5827178994613
"1144",8.05697752779954
"1145",50.301124008604
"1146",5.23526662372264
"1147",16.0516697748626
"1148",23.2548398175948
"1149",11.3096745341866
"1150",65.511429150787
"1151",17.4075131591705
"1152",88.6819564561971
"1153",13.713757463802
"1154",16.5322177800097
"1155",61.321358311118
"1156",11.6532595978353
"1157",19.2446413150621
"1158",105.037766956556
"1159",21.9353679295112
"1160",4.99975656841205
"1161",61.4228051365421
"1162",91.2290529518917
"1163",22.8731243881985
"1164",15.7995621624387
"1165",31.1763399650435
"1166",3.11170583563398
"1167",47.6642085408433
"1168",26.6494848623847
"1169",3.07561254796435
"1170",7.61695045489075
"1171",7.1323959365226
"1172",10.2329476354192
"1173",39.6276365088422
"1174",5.07403470445383
"1175",4.68159570495965
"1176",26.7508508942613
"1177",54.9831463900998
"1178",11.2366835176965
"1179",24.6263118761193
"1180",123.099406893807
"1181",48.778003441275
"1182",59.1471512219015
"1183",127.714682666108
"1184",13.8344872788084
"1185",16.8486758017324
"1186",31.081710467644
"1187",66.8484244426892
"1188",55.4055246049583
"1189",5.28232608930176
"1190",29.6603873837693
"1191",3.54366768929439
"1192",26.4037929397034
"1193",38.399792824869
"1194",5.12044017628564
"1195",28.0464773912198
"1196",65.3041731961154
"1197",33.7802724387226
"1198",15.0881071774722
"1199",7.58550071562482
"1200",21.1422451904853
"1201",7.74008715206094
"1202",7.92700092583175
"1203",20.0566101103238
"1204",31.2131317064201
"1205",10.1077725583483
"1206",43.2155544489129
"1207",54.6812850387094
"1208",16.5170918349526
"1209",10.1515535762015
"1210",6.80239442686627
"1211",2.60372350951552
"1212",44.0218635458611
"1213",61.1627436961676
"1214",33.5400466860459
"1215",70.3239553560225
"1216",18.0293021673555
"1217",3.84526174384963
"1218",24.9216043331525
"1219",19.3494313592615
"1220",45.0116276001289
"1221",40.9765703195507
"1222",13.3035983510448
"1223",28.0875844568865
"1224",109.557761911804
"1225",55.3898986420863
"1226",27.3735607311699
"1227",22.4624912721008
"1228",6.04654787224562
"1229",7.22237193542653
"1230",11.6184726846608
"1231",26.0957793715136
"1232",51.249948852455
"1233",47.9911405628655
"1234",20.6503155399018
"1235",2.64538157808656
"1236",3.43702342240065
"1237",9.67460211270117
"1238",32.6843983299738
"1239",8.27076330026648
"1240",8.60869027848268
"1241",34.4700116907674
"1242",19.7571859330065
"1243",33.8634619081175
"1244",10.4859946610303
"1245",10.4789077167169
"1246",27.9993701190371
"1247",125.409682330171
"1248",29.9254187454858
"1249",77.8129961964985
"1250",18.5343871667794
"1251",24.7995628017091
"1252",72.8080959009989
"1253",2.70210950296873
"1254",12.2912551700553
"1255",3.94293767315069
"1256",42.418299846742
"1257",7.69642152471308
"1258",64.7655319935638
"1259",58.4048872576629
"1260",47.2784044368298
"1261",10.3965403103157
"1262",19.4986985235631
"1263",28.2080780207926
"1264",32.2216536201385
"1265",11.1469727825486
"1266",53.5176275102957
"1267",47.5203672300523
"1268",23.9225319992673
"1269",10.0990310668627
"1270",21.1791530050113
"1271",27.6455419256822
"1272",29.4181940964059
"1273",11.3936693821348
"1274",4.54947354537229
"1275",8.89555273113765
"1276",13.6540822441701
"1277",7.72374478165379
"1278",14.4088598305573
"1279",84.6336657580996
"1280",15.2741811798915
"1281",21.4031529264033
"1282",53.5670037606811
"1283",5.26329853651211
"1284",25.978990317432
"1285",15.8320638609038
"1286",32.4777049660501
"1287",21.1108491670917
"1288",104.502984771752
"1289",25.9888792714371
"1290",25.3281820797571
"1291",14.373160006332
"1292",11.6568471192933
"1293",9.58011348799814
"1294",1.63304931726505
"1295",42.1255842102306
"1296",34.9165254102429
"1297",9.98426013794951
"1298",8.78915160219353
"1299",10.3623047327455
"1300",7.83382866243108
"1301",7.54141673269163
"1302",11.685681318327
"1303",2.35602965519567
"1304",8.30514914965306
"1305",4.49280100402247
"1306",6.42323349037571
"1307",10.6511868115856
"1308",31.501859701557
"1309",11.1168460225228
"1310",12.9793011239496
"1311",78.4477618683461
"1312",34.4545075351587
"1313",6.27969140125607
"1314",52.549929156103
"1315",12.9013955977295
"1316",46.0477000798245
"1317",2.09720533134006
"1318",6.29322349633361
"1319",52.00405131151
"1320",21.5750730122413
"1321",16.7083188761258
"1322",29.9956792832169
"1323",14.5548279539719
"1324",7.08991771416819
"1325",5.72884994450089
"1326",32.7088990181858
"1327",9.00325308394793
"1328",16.5649173692995
"1329",0.924750520339896
"1330",17.4513809902946
"1331",8.73494118460863
"1332",2.92599187789978
"1333",8.28345365396808
"1334",5.71278317306222
"1335",47.6832743460165
"1336",16.5448752780582
"1337",65.919388317642
"1338",15.5253190808277
"1339",5.75434423125582
"1340",52.5870444691813
"1341",2.27200289105378
"1342",6.90650905170523
"1343",25.1061073223623
"1344",27.4653293612996
"1345",10.3974096414726
"1346",30.8475656937896
"1347",17.1789707295171
"1348",5.72450208193106
"1349",14.0053225819855
"1350",48.0998012389921
"1351",16.188784697054
"1352",37.7090328458111
"1353",26.353842218009
"1354",12.2039604908212
"1355",41.7235183746643
"1356",13.7503937805181
"1357",6.16319315627992
"1358",22.9407674876409
"1359",40.8552165179868
"1360",102.94070644624
"1361",29.6718472099222
"1362",37.1241429048791
"1363",22.9000398269654
"1364",21.6180386245181
"1365",8.30253804316899
"1366",11.9099870374933
"1367",52.9555354539263
"1368",47.7828037581448
"1369",4.34771438913385
"1370",9.76679736150071
"1371",6.72364369906709
"1372",17.4829589955796
"1373",12.3188948914584
"1374",33.1495709720852
"1375",107.700545097224
"1376",76.2886868014205
"1377",37.5891586427426
"1378",4.2610942116546
"1379",4.52094442026719
"1380",5.31760973077439
"1381",50.119286837291
"1382",28.6297760086418
"1383",57.1727331458298
"1384",23.5000929870079
"1385",27.4340593624179
"1386",32.8641043483676
"1387",26.6390039236229
"1388",29.7472151932401
"1389",21.8759147714326
"1390",46.1930157722412
"1391",6.48293920213169
"1392",37.3287974093311
"1393",96.218139022018
"1394",40.2959580177816
"1395",7.90547757921215
"1396",15.6073334053315
"1397",54.1651383883297
"1398",6.10484058609009
"1399",0.783300149332058
"1400",218.127565646667
"1401",41.7270279398547
"1402",37.6995287684384
"1403",11.2953496176858
"1404",15.7468081988181
"1405",17.5802352858803
"1406",11.6276188599485
"1407",2.04998655668708
"1408",26.4764698655666
"1409",3.9197502738281
"1410",6.00666546141615
"1411",3.96520652888662
"1412",22.7062069343798
"1413",44.1290623667902
"1414",37.399232652901
"1415",18.3288332817303
"1416",13.9664043314881
"1417",58.0247155387658
"1418",33.5784342226167
"1419",27.8156668816465
"1420",2.10364097343552
"1421",6.43341305744856
"1422",3.33408592773133
"1423",5.62980722518653
"1424",36.5365211044638
"1425",19.3349019679941
"1426",48.6317788417681
"1427",20.2879927618366
"1428",6.48967044082594
"1429",15.1612573786552
"1430",27.5287002578184
"1431",53.1893530292197
"1432",97.1259414985157
"1433",34.1360671096095
"1434",24.0280447505174
"1435",17.9840319547158
"1436",23.9240037324453
"1437",32.7732071091491
"1438",42.1279563677732
"1439",51.4049871308756
"1440",33.5912781088771
"1441",66.7346855021983
"1442",7.81497555654356
"1443",29.2239990380356
"1444",27.1745187731594
"1445",50.3413799536621
"1446",5.54608061227235
"1447",2.13594654565586
"1448",11.8017534833138
"1449",33.3519674378213
"1450",18.4544634293094
"1451",5.28979524570646
"1452",7.45194946050307
"1453",29.0799641409041
"1454",66.8461184784537
"1455",7.16039781224225
"1456",29.4308943207553
"1457",40.775448270755
"1458",33.5478510683292
"1459",55.1057033560392
"1460",3.33960948036264
"1461",13.4950763531697
"1462",30.5914153684512
"1463",5.62195199587127
"1464",14.7645988469785
"1465",5.91326172895433
"1466",43.9895016787088
"1467",6.89480600298076
"1468",14.0956813701169
"1469",11.9556088638506
"1470",5.84071399057063
"1471",12.3761251668537
"1472",28.8205070234701
"1473",25.6036443812142
"1474",3.61409218813957
"1475",3.30469912548593
"1476",62.1408654024945
"1477",22.289037621858
"1478",2.9170714198165
"1479",45.2687321664126
"1480",5.64210979374685
"1481",38.6944030985273
"1482",26.829509238329
"1483",49.933179018723
"1484",25.5256013074539
"1485",19.6081832591284
"1486",35.6303323950601
"1487",12.989412611416
"1488",33.7309198434068
"1489",24.5760939598882
"1490",17.3656088541934
"1491",24.2108152154049
"1492",38.4413826474537
"1493",41.972700280766
"1494",23.7894114705329
"1495",27.5266671262933
"1496",62.9813749166691
"1497",6.13361165355221
"1498",52.0152697838318
"1499",1.98268441151544
"1500",40.9622578609947
"1501",16.3138993784194
"1502",12.5759418669607
"1503",36.1342043763284
"1504",56.8125109135664
"1505",20.3688134314292
"1506",22.166453269077
"1507",53.2599257820091
"1508",60.5554041331828
"1509",52.2450551931004
"1510",15.493022731112
"1511",26.360053002191
"1512",11.1050998639705
"1513",53.8748226062831
"1514",28.3375372428525
"1515",2.16498787461297
"1516",78.9376606484003
"1517",38.3044843670355
"1518",39.8909578669254
"1519",21.2399965251263
"1520",6.16927111574277
"1521",105.081648723067
"1522",10.3221871300781
"1523",8.81536038674443
"1524",44.7338118044915
"1525",18.7762722888589
"1526",37.5360468300668
"1527",34.4884833562259
"1528",7.37053195807258
"1529",5.12734142376277
"1530",23.9908684925448
"1531",35.0075543805328
"1532",33.6533990754089
"1533",17.0024888054166
"1534",10.7403805327364
"1535",8.05333665192233
"1536",17.1988081104059
"1537",30.956716944523
"1538",10.3466711784248
"1539",18.3820316135793
"1540",9.66662050355778
"1541",6.17277695295079
"1542",15.8130261007361
"1543",23.0463540525926
"1544",3.39288907407156
"1545",5.04173115480498
"1546",7.6772227051585
"1547",5.7301874736129
"1548",7.9967004164552
"1549",1.49547893551036
"1550",12.3605210039708
"1551",33.6295575794324
"1552",59.865204689003
"1553",9.63844095583943
"1554",16.9015900737949
"1555",29.1787089217525
"1556",10.977671263544
"1557",31.5329715642643
"1558",8.4941292413198
"1559",43.415128859566
"1560",14.5692369761967
"1561",7.0268972504804
"1562",1.55917414328087
"1563",14.2745166289912
"1564",16.4386621246772
"1565",3.05224950852232
"1566",55.6428700114311
"1567",22.484288581413
"1568",33.1415228584024
"1569",5.83011030874987
"1570",2.02590197771409
"1571",27.796085410997
"1572",8.00354864102196
"1573",17.2857285448688
"1574",10.8903049301518
"1575",125.621083978829
"1576",21.7278003629804
"1577",32.5676915321983
"1578",36.7299928711845
"1579",7.90925300360059
"1580",62.5178490148144
"1581",5.50468709186699
"1582",59.7034385744124
"1583",10.6874144116176
"1584",41.8969331458309
"1585",3.7385578652132
"1586",16.6776083199783
"1587",6.14352728151568
"1588",9.62663841146838
"1589",22.2536239065117
"1590",126.744018944278
"1591",92.867256190214
"1592",17.8387817404451
"1593",7.51831075661031
"1594",6.18795436376162
"1595",94.2941313145393
"1596",21.4312666772656
"1597",22.7141113310312
"1598",16.4473514986626
"1599",8.71079552605774
"1600",51.3306346134556
"1601",37.0123585340505
"1602",37.578848296377
"1603",36.7658992251358
"1604",53.9130476068523
"1605",7.32501770350599
"1606",144.818949013581
"1607",43.5031559472762
"1608",7.77198398787342
"1609",27.2065366304436
"1610",10.345708886558
"1611",32.552097555454
"1612",54.0282582394747
"1613",24.0174560891313
"1614",31.151804791914
"1615",43.5555166042475
"1616",6.69833119027861
"1617",21.2854078420778
"1618",14.8919377226283
"1619",4.55315761960698
"1620",5.95294010588123
"1621",21.8880739541873
"1622",19.7898315829847
"1623",114.17169606186
"1624",13.5008720727265
"1625",38.4628094764697
"1626",24.2522581632908
"1627",33.594785114217
"1628",59.520645913704
"1629",67.389106328686
"1630",53.4427430091941
"1631",1.89907245812832
"1632",18.7987891508913
"1633",2.74177462456779
"1634",6.77895513990772
"1635",3.00795053722005
"1636",88.4432100307002
"1637",32.5785014909091
"1638",6.92055037704855
"1639",19.3261605443976
"1640",137.066459449357
"1641",28.1639205670512
"1642",11.4406431288204
"1643",13.2945951814536
"1644",30.0186834829463
"1645",8.64547239245952
"1646",2.9935629687866
"1647",15.7131572357405
"1648",10.6054938590882
"1649",108.864756667371
"1650",18.4292748707131
"1651",43.7100984311055
"1652",27.7998418719463
"1653",11.7672578747319
"1654",40.5907902225103
"1655",11.5277778331099
"1656",29.6067666226739
"1657",37.9763143649589
"1658",7.24954708959863
"1659",2.35493032086975
"1660",19.2750358357252
"1661",4.95098737961123
"1662",32.1345221051621
"1663",34.4611310075041
"1664",1.33653862876751
"1665",8.05179480761345
"1666",31.1117301450187
"1667",37.6913299648692
"1668",5.58185118594705
"1669",4.95202572674917
"1670",10.6359702315596
"1671",15.7154842609955
"1672",32.9701720290961
"1673",14.6658876058016
"1674",9.22297215787912
"1675",22.1253823311652
"1676",38.1376060496062
"1677",15.6274448029816
"1678",11.6801281737657
"1679",13.8299602576885
"1680",1.16018919770138
"1681",27.892670288043
"1682",137.149146977521
"1683",2.6620138836199
"1684",13.3749336580763
"1685",10.7834294944039
"1686",10.6693332008657
"1687",34.4445051014102
"1688",35.0011485022634
"1689",16.9430066355817
"1690",31.0331131053323
"1691",7.72105182693776
"1692",86.1034334375375
"1693",3.26517581279526
"1694",5.73529031491438
"1695",2.76448112418173
"1696",0.87691437930583
"1697",14.3778644376405
"1698",2.15471547691387
"1699",101.90608948294
"1700",16.5272813517168
"1701",3.39084182157069
"1702",15.1652479553743
"1703",32.8209856692515
"1704",48.397227375787
"1705",217.370226551724
"1706",21.9664730098915
"1707",25.49157561829
"1708",29.3723505690195
"1709",45.5794405205874
"1710",0.989510222613551
"1711",33.2989566737274
"1712",10.0299124926763
"1713",3.46151192379413
"1714",3.94628344548585
"1715",18.5883703432272
"1716",13.3385264948122
"1717",16.1644637125181
"1718",10.7062167797336
"1719",69.3433051646133
"1720",36.3281840691322
"1721",1.67540340774123
"1722",62.8216830200014
"1723",29.8716381035634
"1724",9.18774332960859
"1725",2.78732406256155
"1726",59.391133895249
"1727",23.7791869190436
"1728",8.98867604875806
"1729",12.97329163086
"1730",25.8639047899539
"1731",15.1340976321099
"1732",11.2365266662448
"1733",31.5442954920367
"1734",43.0636213737742
"1735",7.83169012697199
"1736",3.92975386903442
"1737",3.87095877555679
"1738",1.30999063525345
"1739",63.4077604529026
"1740",3.99117303251387
"1741",16.0464123738585
"1742",27.3716042001013
"1743",9.16122645733372
"1744",17.1220081162847
"1745",10.7266637615487
"1746",4.54399108121636
"1747",19.0207218440671
"1748",6.52396986046655
"1749",5.45063051023113
"1750",21.3044113462267
"1751",20.1612153359109
"1752",17.7704412563642
"1753",25.0554846920875
"1754",46.8074609940171
"1755",64.4685311178542
"1756",32.6964199839567
"1757",1.43694289559319
"1758",16.6304878408016
"1759",51.4387392279864
"1760",48.8318946407663
"1761",8.49185845208068
"1762",22.6112119689197
"1763",13.5286869821916
"1764",30.3462458698164
"1765",33.3709710711829
"1766",10.6738243516489
"1767",10.1459693375477
"1768",9.52487597009416
"1769",26.5014703482831
"1770",17.3383310303327
"1771",27.9397403755854
"1772",105.420882840117
"1773",50.6689195930029
"1774",23.8205950067298
"1775",5.43276061987148
"1776",51.6882897206411
"1777",1.31134205890839
"1778",45.9307647002247
"1779",3.75551042145374
"1780",14.0914634855916
"1781",11.3523919180735
"1782",102.21833080345
"1783",8.84124295217847
"1784",31.8820525138898
"1785",4.51914431000794
"1786",2.81413356782893
"1787",7.26825817778603
"1788",53.5145691551655
"1789",28.1366478468134
"1790",27.8656155398708
"1791",4.60967303315168
"1792",44.4069325700275
"1793",66.3776765514527
"1794",42.9903954798616
"1795",6.13236391754792
"1796",16.6389341729133
"1797",26.3283687094485
"1798",45.8990552346478
"1799",11.5439918377177
"1800",32.5001564112316
"1801",5.58719765271539
"1802",17.0535185682028
"1803",27.1099513553766
"1804",30.7845243225142
"1805",30.7933812120964
"1806",48.6016529295773
"1807",20.2578477525902
"1808",64.8888768776088
"1809",8.16659650507074
"1810",107.317793389284
"1811",13.25484654702
"1812",9.23147923376862
"1813",37.263044109693
"1814",22.3784876630252
"1815",36.3544056689007
"1816",90.2301073333298
"1817",28.0809194479585
"1818",103.344195825257
"1819",4.24832079577562
"1820",41.6617227397775
"1821",28.6653664980227
"1822",33.8852181539334
"1823",37.9276682214683
"1824",23.5629775368297
"1825",2.51585575314561
"1826",8.1356962513247
"1827",12.4785968907573
"1828",2.78659622710176
"1829",13.7458887190724
"1830",32.2236329281211
"1831",7.09904327283178
"1832",74.1897662965311
"1833",2.85412816560858
"1834",113.350274573279
"1835",28.7306250419301
"1836",10.0713967994268
"1837",28.8958232387782
"1838",3.15502782540274
"1839",11.0091751742546
"1840",23.1583144485822
"1841",6.9353347361608
"1842",64.7033126299851
"1843",50.2807350317551
"1844",8.70532428792873
"1845",57.0967783032276
"1846",40.831345574272
"1847",11.2557651239177
"1848",23.6150646894137
"1849",8.72753264653435
"1850",7.65248572871136
"1851",23.1215344570074
"1852",28.6655321056931
"1853",0.673107229077298
"1854",21.0870407378021
"1855",33.0355385270578
"1856",1.21886506997824
"1857",21.182245149817
"1858",43.3443033711106
"1859",15.9632870362676
"1860",34.8080249417619
"1861",15.4229810034012
"1862",27.8214374197516
"1863",7.78169952028118
"1864",14.814725466955
"1865",39.0893224299088
"1866",6.41659306484652
"1867",36.2538343985787
"1868",15.844667213407
"1869",20.6782361601415
"1870",11.0690257756691
"1871",4.78022485804982
"1872",3.3511274680672
"1873",32.3304945785225
"1874",109.343431185203
"1875",3.14655924686787
"1876",75.0417286811292
"1877",172.352989101188
"1878",41.7711952806299
"1879",14.9871276718909
"1880",25.0794113640846
"1881",64.0760971389075
"1882",72.3995430179217
"1883",31.4113310356836
"1884",65.6824465741155
"1885",68.016978145716
"1886",3.59438413268304
"1887",32.2577001056091
"1888",5.34976357088813
"1889",6.86035082142845
"1890",6.73306000197367
"1891",39.3975680115275
"1892",25.3052861391352
"1893",21.8490460436502
"1894",39.9168997453556
"1895",12.8622477815453
"1896",21.187781560335
"1897",2.71610213435659
"1898",23.3046257355192
"1899",47.0642930381195
"1900",66.3517466482003
"1901",43.1414333974813
"1902",6.21868306945169
"1903",52.6678540592067
"1904",6.51831608611154
"1905",28.2141949632404
"1906",2.62723003850386
"1907",43.2509419149202
"1908",33.080106666555
"1909",34.8475944330497
"1910",19.2880849253515
"1911",11.3124943115287
"1912",32.9720992319348
"1913",63.4916201074454
"1914",11.4780219568185
"1915",33.6606371043367
"1916",55.3035506129634
"1917",12.1761025444649
"1918",123.766753318607
"1919",15.0564125776111
"1920",16.4528268319705
"1921",49.4759028776021
"1922",24.5204798028551
"1923",20.2740046819747
"1924",4.83968064715193
"1925",79.9066586672232
"1926",52.7180908401892
"1927",9.00329920617591
"1928",2.91619022827937
"1929",15.7330831906452
"1930",28.7713038244366
"1931",44.7507705974654
"1932",6.16107156221528
"1933",83.7524734259148
"1934",34.0993582027507
"1935",13.6784738032324
"1936",19.3203209008761
"1937",60.4260766995179
"1938",25.7768624921046
"1939",34.3321958040239
"1940",21.7363966211436
"1941",2.58532028137094
"1942",6.81583318295081
"1943",15.1256530655444
"1944",10.9417670903141
"1945",21.1705711829186
"1946",7.94253345557135
"1947",4.16461504137917
"1948",28.6510775056545
"1949",13.7133602972376
"1950",32.7924511618792
"1951",39.1485418539678
"1952",26.729272578807
"1953",29.4356152992735
"1954",101.166116694528
"1955",13.6671955638454
"1956",3.73497243064548
"1957",28.8208520939232
"1958",5.12320306121817
"1959",49.0412923428511
"1960",10.3761685698494
"1961",22.6661965128324
"1962",43.9007655257191
"1963",163.650607050062
"1964",69.6620455516774
"1965",14.0621618582764
"1966",11.572806891706
"1967",24.1169197638831
"1968",42.7844068686384
"1969",26.2693546447328
"1970",19.0098788280603
"1971",12.5939086023471
"1972",18.9739997003392
"1973",15.563837032292
"1974",55.8133960873166
"1975",20.5192835248043
"1976",28.4372575312807
"1977",173.215033757344
"1978",10.5621810647926
"1979",12.3902288843273
"1980",159.809564847597
"1981",9.12568968342532
"1982",38.4218569152887
"1983",3.59773787902068
"1984",46.9780063251262
"1985",32.8025620424134
"1986",6.75724863242992
"1987",0.790009559118705
"1988",5.62889055864391
"1989",12.4626755331819
"1990",70.3779417169061
"1991",56.0530561966258
"1992",7.32598014199249
"1993",33.7577321450171
"1994",35.5645818710076
"1995",8.11663569686056
"1996",44.00302103765
"1997",26.8697987628772
"1998",28.6945687252409
"1999",10.9982560273917
"2000",5.86680419384061
"2001",22.8041561872951
"2002",38.734686874514
"2003",6.37868890268587
"2004",20.5014274471184
"2005",61.5814023065614
"2006",1.57391733665975
"2007",13.9008308254184
"2008",42.7323584390434
"2009",9.29251733895349
"2010",5.90412055003813
"2011",11.4643827580041
"2012",16.9739051038234
"2013",55.4624235168867
"2014",39.8543291754116
"2015",53.5599880351553
"2016",29.7745886064028
"2017",7.76758944397251
"2018",4.65569185402625
"2019",2.90044733857
"2020",7.89705897468482
"2021",22.7378000719451
"2022",44.0971590818274
"2023",46.9739645794836
"2024",10.1731568395706
"2025",8.50018175389887
"2026",17.3685874507215
"2027",123.12835144927
"2028",9.80662963962837
"2029",6.63763745118463
"2030",3.64594390871587
"2031",7.78725966043275
"2032",105.711295506007
"2033",22.5751661168062
"2034",7.07822738528847
"2035",32.4201000650889
"2036",27.1710540188138
"2037",4.07586328150049
"2038",27.3009818809389
"2039",9.60959424245973
"2040",67.9720141766304
"2041",13.4388391671881
"2042",6.11140834858389
"2043",4.06906873519083
"2044",21.3303046232118
"2045",19.2379098685254
"2046",42.0183300445826
"2047",37.402509150105
"2048",5.69343482910277
"2049",9.93281859222784
"2050",9.41590652108176
"2051",12.4384448361523
"2052",10.7940370670121
"2053",70.2981608611898
"2054",25.693608407345
"2055",3.30952700999661
"2056",39.2172585408682
"2057",25.6836415147512
"2058",22.8195526119414
"2059",16.2377488959996
"2060",9.82980461787889
"2061",6.7276620487853
"2062",5.70636019784456
"2063",19.3727541917106
"2064",8.49910026708084
"2065",10.8042054813196
"2066",129.295151234462
"2067",19.7748420467626
"2068",11.3315658902484
"2069",33.4619722871486
"2070",3.1423175661644
"2071",1.75015956143999
"2072",18.9807894749249
"2073",24.8880212071878
"2074",8.69940052906642
"2075",21.4062764802881
"2076",64.9308027602991
"2077",34.1004145605732
"2078",8.30238893548539
"2079",38.7237173513801
"2080",15.6826208804316
"2081",28.2484425958365
"2082",15.2851919347028
"2083",7.73335978828325
"2084",14.7340958894529
"2085",23.3472254586431
"2086",36.6359512431049
"2087",4.80512129415015
"2088",23.2919268141011
"2089",3.98190952143274
"2090",33.560438206115
"2091",8.60538541026254
"2092",6.09606294604141
"2093",10.8701231703213
"2094",41.803551564051
"2095",12.6888091924136
"2096",5.45418021969098
"2097",3.32435149375149
"2098",25.2735844850714
"2099",30.3286318104187
"2100",15.9967043122146
"2101",118.372336871064
"2102",38.2033353602764
"2103",20.6923856765083
"2104",35.7397675515708
"2105",11.4726508592408
"2106",57.2572807216493
"2107",3.02589796483503
"2108",7.00997970737827
"2109",6.73233050454561
"2110",53.1832465245512
"2111",5.57579444403278
"2112",14.8670155525121
"2113",9.35321842768471
"2114",4.9052728602544
"2115",44.3168195904268
"2116",18.59518235931
"2117",4.22159351580962
"2118",39.2855526630709
"2119",10.9457777940334
"2120",5.29684693557407
"2121",41.6486825008877
"2122",31.8496694802827
"2123",23.4802585127709
"2124",11.2317094408666
"2125",9.72589651760119
"2126",6.67941357927026
"2127",58.951890842761
"2128",8.14071128924092
"2129",28.8252522277703
"2130",38.9549332137805
"2131",26.427512835752
"2132",87.1536723798727
"2133",31.2232271825143
"2134",3.622313279294
"2135",45.9150762263925
"2136",38.3285309595889
"2137",10.4808857707586
"2138",37.4614653923504
"2139",22.7003686479758
"2140",9.17163567259334
"2141",14.1656268905883
"2142",19.1806327734275
"2143",18.904123993696
"2144",9.31687792130509
"2145",57.4455446651018
"2146",44.5311883300468
"2147",37.712090928527
"2148",2.30597957115006
"2149",14.9054467269093
"2150",43.01421331642
"2151",31.0424405552862
"2152",4.58480003698531
"2153",19.0032478617963
"2154",1.83841744604007
"2155",20.8254009643843
"2156",14.7828594277845
"2157",42.4551109579683
"2158",8.76935079274263
"2159",6.4811010427775
"2160",54.3875635221684
"2161",44.6258824001114
"2162",6.53930782400544
"2163",66.8820063035626
"2164",28.9180904661564
"2165",1.05936728020507
"2166",21.1752489206679
"2167",21.2981500123918
"2168",6.9008747830077
"2169",7.92879322942604
"2170",20.8736181711635
"2171",63.9040936938247
"2172",13.5937546808875
"2173",30.1887388835065
"2174",8.55240353556912
"2175",20.4807340283748
"2176",3.16103267123699
"2177",18.9362414835306
"2178",80.5711979348471
"2179",48.1549297548934
"2180",14.2147571363856
"2181",39.943411325379
"2182",5.07493398000068
"2183",47.3015908381143
"2184",33.3805729506085
"2185",9.75339818380801
"2186",2.98074081457208
"2187",30.3503761259236
"2188",9.97136446644583
"2189",28.6680644703882
"2190",33.3866183798911
"2191",15.436827965469
"2192",11.3351603087035
"2193",32.6100845387431
"2194",46.297752724486
"2195",32.3287564159792
"2196",9.56837677623674
"2197",33.6269656965968
"2198",26.6999403669272
"2199",1.73346889734844
"2200",12.0550139160822
"2201",8.84922523361424
"2202",50.7302668989863
"2203",5.56348322114675
"2204",30.5202901066892
"2205",13.0731240266596
"2206",59.8464730228787
"2207",13.4023298400117
"2208",14.6419582887531
"2209",2.02376429876807
"2210",9.43466959488535
"2211",21.9792650178153
"2212",45.270711348368
"2213",1.80544179381214
"2214",48.7370927315336
"2215",70.1981687237602
"2216",32.7725825075777
"2217",8.96127815302026
"2218",50.8572503856783
"2219",31.7958201700365
"2220",30.5670244336247
"2221",10.768113225034
"2222",43.7401631433696
"2223",41.4536323983722
"2224",14.4635424162549
"2225",43.4313467014153
"2226",32.3270934150967
"2227",26.4370006541458
"2228",36.3983031843414
"2229",3.48366245539671
"2230",6.89587659144022
"2231",53.0361270420964
"2232",31.9588829593292
"2233",73.6061575275356
"2234",24.6425536736677
"2235",7.42827604286043
"2236",18.43964694731
"2237",17.8214764182229
"2238",10.4158059145811
"2239",17.4799338118533
"2240",33.9078132965141
"2241",48.8005176227024
"2242",17.6170520968435
"2243",140.656690666449
"2244",18.590265039491
"2245",17.7738522221134
"2246",10.600843273111
"2247",24.3432863136667
"2248",18.3317177102922
"2249",87.5042655506653
"2250",29.4926299660838
"2251",7.04065945060968
"2252",6.50286954207887
"2253",51.2294216022813
"2254",12.4607410920894
"2255",0.993878226203895
"2256",5.78630349809389
"2257",10.3092615282913
"2258",8.19876973202857
"2259",11.3378944560107
"2260",2.2045185243239
"2261",2.00403615497345
"2262",20.0712011103562
"2263",76.1898445145931
"2264",46.3433077173622
"2265",6.82879087194679
"2266",83.8182766697429
"2267",19.5800594991465
"2268",21.0533093152079
"2269",4.61215210055678
"2270",71.6443941398932
"2271",19.4988362522348
"2272",18.6835515559754
"2273",6.61971802285222
"2274",31.4684317134882
"2275",18.8380775994238
"2276",9.54300516067287
"2277",11.9451543995656
"2278",23.4827973964415
"2279",38.6141682035759
"2280",23.3260899002826
"2281",17.0565828777606
"2282",18.0366778790794
"2283",11.7269600728258
"2284",28.2027793289043
"2285",2.12991298093589
"2286",2.15284960028074
"2287",173.650297384707
"2288",28.8864834636974
"2289",30.7940678287859
"2290",1.8356373655551
"2291",21.8963007793317
"2292",34.5064954860314
"2293",8.55445547364547
"2294",5.19855899877861
"2295",6.53889910676217
"2296",59.8457441690935
"2297",26.3107014820893
"2298",7.29390696623675
"2299",56.5131868499784
"2300",46.6473813088601
"2301",24.92281284025
"2302",1.29399164236922
"2303",29.2834919733891
"2304",20.2610072927609
"2305",84.2269636564671
"2306",33.9475050681488
"2307",2.8185341725236
"2308",8.23960366730815
"2309",18.0236691965472
"2310",2.16829006016117
"2311",5.19162112430028
"2312",32.8796995846353
"2313",23.1361239781533
"2314",20.6508805146424
"2315",11.3188123733902
"2316",58.178847287062
"2317",17.9365237589665
"2318",2.87063993569943
"2319",37.2641152347997
"2320",95.0785550000014
"2321",7.98441056265732
"2322",3.93727232761993
"2323",13.2224777675415
"2324",6.24962814050077
"2325",18.2076441571087
"2326",7.16789083621871
"2327",1.8610026167805
"2328",31.3670791897194
"2329",23.5262810112643
"2330",24.9977191730213
"2331",36.2392252768097
"2332",65.4612183160659
"2333",3.29613240079361
"2334",64.1108325669153
"2335",2.02854055567121
"2336",17.4770585365352
"2337",3.23278843058177
"2338",23.3779872435924
"2339",15.0100745746824
"2340",7.87077057472398
"2341",23.6831231330965
"2342",3.31845808830098
"2343",12.7695057048222
"2344",8.6858388174083
"2345",15.5636536306099
"2346",70.9390266534593
"2347",66.078211752406
"2348",41.4034076593382
"2349",36.764284787102
"2350",1.58070004321577
"2351",74.4454981718108
"2352",38.066488813366
"2353",7.23229213282122
"2354",18.1063051541073
"2355",15.7783191966577
"2356",6.6120956708824
"2357",18.9276171812922
"2358",8.86039032495212
"2359",10.1667662599687
"2360",20.8368064514742
"2361",15.3160909633287
"2362",22.1522963749301
"2363",7.61420098311662
"2364",22.7368635803862
"2365",30.9846910562342
"2366",13.7219957197573
"2367",57.8055386346082
"2368",7.51103327413019
"2369",19.7847274275607
"2370",39.1281043522247
"2371",17.3519502842898
"2372",82.6746866738645
"2373",7.55630306774789
"2374",12.5416168120621
"2375",15.3218732247514
"2376",34.8311775396898
"2377",9.42586547225392
"2378",23.0172611843104
"2379",8.36818075332774
"2380",58.915528085803
"2381",45.9461409423946
"2382",26.8509618683933
"2383",7.45426986898331
"2384",22.5408767885668
"2385",20.7781548249286
"2386",25.2114333832292
"2387",16.5461033906907
"2388",19.0664047572528
"2389",14.2448283367379
"2390",11.0604437257464
"2391",6.06862669340856
"2392",2.48749335972454
"2393",17.1939349687397
"2394",4.66109105559146
"2395",11.3280230328621
"2396",47.0683065674097
"2397",9.62537618928225
"2398",24.7648563045269
"2399",2.50372614091434
"2400",15.5596496066479
"2401",19.6823925738903
"2402",7.2648266116042
"2403",34.4403484263789
"2404",5.28480902984846
"2405",14.3403317851028
"2406",7.31840072653258
"2407",2.59664423109288
"2408",3.2607474117596
"2409",79.2799717265046
"2410",38.834314082785
"2411",74.1537845237846
"2412",20.7943131112361
"2413",21.9897730682645
"2414",43.5778813001151
"2415",0.786133906507747
"2416",3.50725076721232
"2417",31.8094871496668
"2418",4.15554722059039
"2419",18.10398939189
"2420",56.1094781678535
"2421",20.0972151142839
"2422",63.218811457716
"2423",2.23222181242412
"2424",25.5855780901084
"2425",38.4346470130924
"2426",4.01766164851864
"2427",59.6333025847282
"2428",28.6872245176844
"2429",8.42276329973262
"2430",88.6166869849699
"2431",22.784665386378
"2432",17.1760367536685
"2433",57.1886653021755
"2434",39.0672180265745
"2435",10.9619365214716
"2436",40.6729605201492
"2437",37.6436392542456
"2438",27.1333486232649
"2439",2.87996458093389
"2440",85.8893044656683
"2441",105.783376867336
"2442",2.69829266680253
"2443",9.78721987895181
"2444",9.78453941141276
"2445",16.7364931503541
"2446",49.3559223508165
"2447",74.6224011774581
"2448",0.848516482952846
"2449",45.7338282255986
"2450",57.1444903701426
"2451",118.661779957627
"2452",55.0584171167806
"2453",22.7942245209826
"2454",18.3552026019754
"2455",14.7476117957902
"2456",62.6986621821348
"2457",22.6074226190917
"2458",5.41493046529859
"2459",12.9072774380333
"2460",14.4665450832652
"2461",12.250153551149
"2462",4.586843998243
"2463",18.8763121525131
"2464",68.4916787897365
"2465",69.4780102942078
"2466",8.30815396443083
"2467",45.6488599369563
"2468",16.664785023025
"2469",47.8259940607392
"2470",20.0541862369441
"2471",66.4494068532652
"2472",6.41097281816353
"2473",4.24659523292458
"2474",76.3041530339301
"2475",71.8568949930931
"2476",4.08005193485729
"2477",42.3491007972059
"2478",17.2790840736889
"2479",75.5143876025161
"2480",67.138841983675
"2481",32.4766690356907
"2482",18.672928487013
"2483",8.30986663549859
"2484",2.08470451171097
"2485",48.5224053755133
"2486",52.1515034126813
"2487",27.7375102652228
"2488",9.13483287062204
"2489",14.4804490405405
"2490",22.8822019825047
"2491",6.10627469566422
"2492",2.462866639673
"2493",55.4309423130061
"2494",5.64227169275098
"2495",6.38973079279747
"2496",43.9482357971848
"2497",3.79454731512322
"2498",38.4134712717051
"2499",140.222479915148
"2500",4.44985198468336
"2501",20.7203488336664
"2502",16.0432394180081
"2503",11.4991732563179
"2504",7.23373690245622
"2505",12.8834244349246
"2506",16.3584491513865
"2507",113.774105182965
"2508",17.9871197062942
"2509",8.64922574876122
"2510",24.7231459816557
"2511",27.1007742684556
"2512",67.5819152333181
"2513",15.367387205769
"2514",41.5192813414065
"2515",13.9842067660614
"2516",11.180386620906
"2517",64.5357824947201
"2518",14.5625551297824
"2519",22.3337038792981
"2520",19.4945313460524
"2521",27.1155540266899
"2522",14.0638641045481
"2523",53.1184154589007
"2524",8.37782555401403
"2525",14.2254637704682
"2526",101.782531660579
"2527",34.7927762441025
"2528",13.855948065451
"2529",19.9845370934815
"2530",6.03867271938972
"2531",8.77902998731958
"2532",23.5401117866307
"2533",183.674052110788
"2534",4.50612501310871
"2535",8.10665577072116
"2536",8.95857186730721
"2537",1.62222623017082
"2538",24.5305002153414
"2539",13.8273037576939
"2540",4.68191587685074
"2541",115.241858083651
"2542",0.972074530595452
"2543",13.0488000302119
"2544",14.6841791972653
"2545",14.2497486209625
"2546",3.00608598368355
"2547",11.514577076221
"2548",15.154906464469
"2549",15.6702179297995
"2550",41.4654252382261
"2551",7.60596632848829
"2552",20.4411287823473
"2553",20.8089814750922
"2554",39.3941719357786
"2555",3.44189804453404
"2556",30.1878566307546
"2557",18.6835196985078
"2558",13.9091153557375
"2559",56.7301753785586
"2560",56.021824590518
"2561",23.9394385219849
"2562",30.6314977872007
"2563",20.4133350110613
"2564",13.5670777414786
"2565",39.1639162035526
"2566",2.41723472903291
"2567",45.992825525606
"2568",24.5609591421847
"2569",35.1984916238353
"2570",5.39206883302697
"2571",66.3166463309236
"2572",3.48505999045593
"2573",13.2688823215471
"2574",32.1748049432234
"2575",62.4145237727766
"2576",6.4210091772563
"2577",13.0111020232742
"2578",19.449055993271
"2579",7.79336538738981
"2580",3.26330235046275
"2581",23.7844638681977
"2582",133.66037585035
"2583",21.8038885043627
"2584",18.9624303905019
"2585",24.0415001733409
"2586",14.065517802543
"2587",61.578814880083
"2588",18.6649338334254
"2589",58.0474332830523
"2590",34.1657609809772
"2591",5.46913434316755
"2592",1.69758728518463
"2593",29.4740257030375
"2594",27.2538075339932
"2595",33.7927681718307
"2596",40.8410901351856
"2597",6.00313056187511
"2598",44.7898491161112
"2599",41.3633847143899
"2600",12.0054476191979
"2601",6.07441511825686
"2602",3.80324246733821
"2603",49.4823271530439
"2604",75.7542248910067
"2605",11.7684344365378
"2606",6.26411136121624
"2607",26.579834233279
"2608",32.4511050535029
"2609",34.6718019657479
"2610",46.7793766549623
"2611",43.3822968965638
"2612",32.8564635136245
"2613",24.2898306627376
"2614",19.4787908591088
"2615",45.54904191211
"2616",10.4972824817783
"2617",17.7339369598235
"2618",16.6491089551864
"2619",2.92057345135935
"2620",72.0334695909248
"2621",1.93477302545571
"2622",4.34309414376345
"2623",15.031824826176
"2624",11.4429678314784
"2625",8.76215924214357
"2626",45.6495745992813
"2627",30.9111071364195
"2628",9.17909075782254
"2629",29.4061992301805
"2630",5.02657763146518
"2631",5.37813241771993
"2632",34.7745744705539
"2633",21.7072635322633
"2634",9.89892065379598
"2635",8.44713977781819
"2636",12.6579717073845
"2637",2.74493494103943
"2638",15.5052970866095
"2639",36.4956490880417
"2640",12.043644231177
"2641",20.2617010754506
"2642",6.6701134780025
"2643",8.50475928138695
"2644",25.5446052622754
"2645",77.6134439603601
"2646",25.1791168727565
"2647",20.711233071558
"2648",39.9806149378739
"2649",89.5080796781261
"2650",16.5097453334886
"2651",6.98224552318665
"2652",47.6337496469198
"2653",66.7483050758777
"2654",23.8227125065636
"2655",27.7762364531293
"2656",12.2382677560755
"2657",3.96775285726748
"2658",68.9655703179322
"2659",64.126988702641
"2660",1.71030460017722
"2661",7.90640690088299
"2662",7.98506826489666
"2663",80.0534045248715
"2664",8.97980922779828
"2665",5.88544134102471
"2666",19.6813494440206
"2667",7.85042890208091
"2668",33.8264457746185
"2669",33.0374683093436
"2670",3.41940535931561
"2671",16.8624645670238
"2672",48.212179232426
"2673",8.64669385633853
"2674",50.4390408935642
"2675",17.7844277920259
"2676",100.863831604868
"2677",3.80772431711524
"2678",17.9694082547753
"2679",1.62195688671493
"2680",38.8782883906393
"2681",53.1388655287019
"2682",76.6816661763021
"2683",14.2235340639483
"2684",37.1221619231853
"2685",65.5166685325568
"2686",12.386403049577
"2687",20.7202886826574
"2688",84.1284591668147
"2689",11.0995158879246
"2690",8.30086040441971
"2691",28.0458369639458
"2692",24.0586757186946
"2693",15.556114091214
"2694",32.5379693519925
"2695",14.4633951421513
"2696",37.5797892287382
"2697",11.4067338465435
"2698",5.45479270592366
"2699",55.4805759157381
"2700",13.5458668733265
"2701",25.6000180189229
"2702",2.25161253419798
"2703",15.5143622056639
"2704",18.759601100288
"2705",73.5859489637242
"2706",11.2231972750402
"2707",5.40304508208642
"2708",46.1116525030061
"2709",28.3464771684874
"2710",37.4764168333693
"2711",5.7933673756716
"2712",59.2220274994973
"2713",24.2560932623956
"2714",29.084330014216
"2715",37.0257325991234
"2716",6.05446327647196
"2717",30.1381361252546
"2718",10.4385833429972
"2719",4.00543740895209
"2720",23.5655956414715
"2721",71.7002061314326
"2722",1.26169397260835
"2723",33.2678256991016
"2724",30.1975729559988
"2725",8.27225182576177
"2726",14.7207432627101
"2727",50.9619476716496
"2728",8.81564161480381
"2729",3.88638186555812
"2730",28.0174451777226
"2731",27.2645815687066
"2732",27.5276947131525
"2733",52.0655107821416
"2734",14.0108833046056
"2735",7.09137582674855
"2736",28.5364470394822
"2737",0.714528645187866
"2738",5.23640519202402
"2739",28.1938912728467
"2740",78.7211524762511
"2741",3.27715120761352
"2742",43.240327416855
"2743",18.2936683237224
"2744",4.25345429001347
"2745",13.676698589196
"2746",24.7494456072303
"2747",37.6083815969082
"2748",44.9680600011216
"2749",37.6122073796604
"2750",26.4852235299936
"2751",5.02764817216385
"2752",9.09930398245657
"2753",5.69532523275665
"2754",4.33742663390652
"2755",6.79263226290743
"2756",9.39531657554112
"2757",4.70435175440482
"2758",10.9400834988628
"2759",106.585909787005
"2760",2.26642861058969
"2761",32.5833835118029
"2762",40.1548377820634
"2763",33.0448254903399
"2764",52.8373084505264
"2765",49.9117214358075
"2766",45.0476179059813
"2767",93.2502335906604
"2768",16.7739123123893
"2769",16.8476547541842
"2770",11.2299015779213
"2771",79.6107148003955
"2772",10.7125139701143
"2773",10.9660145450837
"2774",1.88739434598171
"2775",20.2381535815261
"2776",23.2690032392423
"2777",1.02380989421531
"2778",88.4773525321624
"2779",13.5284594054686
"2780",42.5969844346547
"2781",43.1474861334394
"2782",7.8198616935848
"2783",8.90685078611271
"2784",34.0379341170714
"2785",5.29341325673039
"2786",0.801623164420241
"2787",1.68753051734351
"2788",85.9991118957537
"2789",22.879716015683
"2790",5.74045983459106
"2791",34.7349475166252
"2792",46.4577367574097
"2793",28.9553880883782
"2794",45.6393454735193
"2795",55.7480097251198
"2796",33.330688788351
"2797",1.29970166983243
"2798",2.78528856407043
"2799",45.5615225955738
"2800",28.3483769448227
"2801",17.4845375993701
"2802",5.58113582526247
"2803",5.70559473106539
"2804",5.39725684875784
"2805",2.59594587144319
"2806",5.10411043291633
"2807",56.8611961615006
"2808",32.4554300882944
"2809",6.60428704658243
"2810",23.1726504151012
"2811",12.6019306036028
"2812",8.86824711446705
"2813",24.2405781698561
"2814",9.29896696820884
"2815",47.5994198363344
"2816",58.4828862918425
"2817",7.0687060983076
"2818",13.5566547248501
"2819",7.61091623060775
"2820",14.2453122331183
"2821",120.34890311396
"2822",25.0485531478833
"2823",32.5025606463822
"2824",11.7345296629889
"2825",50.9176072006106
"2826",110.240507335909
"2827",38.0926515680681
"2828",25.6653715216472
"2829",83.2478017308429
"2830",3.60571581331402
"2831",15.2089281235017
"2832",8.65945397995738
"2833",84.6049220646185
"2834",18.484216322906
"2835",1.05258637867614
"2836",67.129254731445
"2837",1.1794536790891
"2838",3.41146677781424
"2839",2.09802331387117
"2840",59.6824822682571
"2841",3.33493821584469
"2842",16.89532381749
"2843",5.1449946582853
"2844",15.5257475540761
"2845",43.015525580303
"2846",14.6256931470691
"2847",84.5600899731232
"2848",30.3157133166988
"2849",15.8560251749768
"2850",24.2376571819657
"2851",2.55804142822382
"2852",81.840695631919
"2853",7.5330231143283
"2854",47.5096570760535
"2855",9.9753546391986
"2856",4.16070448682163
"2857",3.36258090923982
"2858",30.4138367151637
"2859",4.2365545244066
"2860",37.27068329123
"2861",42.5221489449616
"2862",15.9499940093875
"2863",9.58079850600632
"2864",14.9856742775688
"2865",73.1124709135631
"2866",6.9079893707288
"2867",5.99886288939848
"2868",9.94419183323894
"2869",10.8634768873707
"2870",40.2050431650021
"2871",52.226256696348
"2872",13.3388321925484
"2873",9.58512947610099
"2874",11.9532555743196
"2875",3.45267559090749
"2876",34.3601265496231
"2877",3.49537394844755
"2878",102.863845261363
"2879",24.4156559688307
"2880",28.4171773686204
"2881",13.6243341284308
"2882",85.7382594632745
"2883",20.259752177316
"2884",12.0225301756475
"2885",51.2376878173964
"2886",7.63577263529091
"2887",76.4958032762599
"2888",4.11082361258692
"2889",58.700248533257
"2890",0.66944813674313
"2891",38.4469317188614
"2892",16.7537277837023
"2893",43.4327341909885
"2894",5.06572694082103
"2895",2.15989170159972
"2896",13.3128937216882
"2897",158.360270217237
"2898",9.59024758633506
"2899",29.4303295416855
"2900",42.0009483502533
"2901",24.192075229491
"2902",31.9341542385087
"2903",76.1035490400532
"2904",4.29201240709388
"2905",97.1777108282988
"2906",28.596981156569
"2907",64.4042969175709
"2908",83.9419074765698
"2909",2.77867313683364
"2910",38.9111668694681
"2911",25.9368104758845
"2912",5.44221673227155
"2913",25.2536324640446
"2914",22.8849636734531
"2915",1.58040684629145
"2916",11.7883422000135
"2917",7.81414377288639
"2918",19.1085718358411
"2919",1.44486651554738
"2920",15.6372087644305
"2921",125.226536787495
"2922",0.485848406637378
"2923",38.6720149256709
"2924",49.0329187072453
"2925",7.79422164576111
"2926",6.51640723807142
"2927",36.4931727185859
"2928",122.093175985739
"2929",59.9756789032687
"2930",40.9521866560893
"2931",4.73187380795871
"2932",23.9245962192417
"2933",13.237160131306
"2934",28.7310927020661
"2935",7.63403042008659
"2936",3.79651652857993
"2937",11.9470475151818
"2938",2.07648400159294
"2939",32.7452739350598
"2940",5.94392080526415
"2941",4.33826471362476
"2942",85.8487555973691
"2943",5.3012168573256
"2944",7.65125347770274
"2945",12.6065715511048
"2946",40.5659741143966
"2947",15.023639484138
"2948",12.9592137328881
"2949",86.2727183117063
"2950",46.505313434455
"2951",37.8234721977458
"2952",8.16798562912649
"2953",8.17416035715978
"2954",4.43575012223449
"2955",2.19783634562434
"2956",67.5629281535743
"2957",1.58325114422033
"2958",22.420989130576
"2959",1.19628293550166
"2960",8.12590617052619
"2961",10.6289683832436
"2962",21.7633455667027
"2963",48.8990084793151
"2964",84.253127711897
"2965",28.3650946671021
"2966",3.38581351612046
"2967",32.2654531381814
"2968",26.3806575379456
"2969",29.9255816502071
"2970",176.897832896921
"2971",10.3576451868968
"2972",14.727380202424
"2973",34.8844153139923
"2974",4.12055162574757
"2975",41.4494514807631
"2976",6.98126570781879
"2977",16.1633907692101
"2978",54.9715374466765
"2979",5.23012960692025
"2980",5.4898997172164
"2981",26.1705100748364
"2982",23.5142018967615
"2983",60.7062575058832
"2984",7.25009437483587
"2985",40.9289044014712
"2986",9.31871150576383
"2987",55.7802344731224
"2988",20.9460783656101
"2989",13.6570498765945
"2990",76.2457320396309
"2991",30.332266416815
"2992",22.0752503197777
"2993",11.2977391432745
"2994",21.3547971439869
"2995",8.68594698971667
"2996",51.346363808828
"2997",6.83626297249119
"2998",7.46879104870568
"2999",19.6590196394586
"3000",23.1193499792696
"3001",12.0474178312915
"3002",48.1212631925026
"3003",10.1368717690886
"3004",4.0874028743175
"3005",16.4620772354417
"3006",31.0102490822269
"3007",5.48043041384572
"3008",19.3333050475906
"3009",1.31533871367551
"3010",11.5196482710964
"3011",31.2232271739173
"3012",18.7624750629514
"3013",6.39738360931193
"3014",35.739826345964
"3015",15.1221606756994
"3016",69.1422597782028
"3017",16.5660069515511
"3018",17.6113975512719
"3019",2.09875654790596
"3020",6.37348255635737
"3021",5.36368861285044
"3022",12.3284097843842
"3023",77.701083366256
"3024",8.42890495868181
"3025",37.4064527831491
"3026",16.7721950059972
"3027",3.79542796212597
"3028",34.2708794149563
"3029",25.7393853104397
"3030",19.7726115343457
"3031",25.0760911320901
"3032",3.40923382675497
"3033",39.8191606250462
"3034",28.5108382656463
"3035",0.295316364689414
"3036",4.57940936010543
"3037",19.5165815927702
"3038",82.2275815872701
"3039",40.4641516894641
"3040",39.7827034278753
"3041",86.4658010485833
"3042",2.12726718392134
"3043",20.1884611030248
"3044",33.6205727112644
"3045",18.0202616144157
"3046",29.6897779721177
"3047",14.0789354301162
"3048",0.512421185270699
"3049",66.6567919792247
"3050",29.2393329274091
"3051",12.9973053496455
"3052",15.8874022745203
"3053",13.6738434064654
"3054",9.53724532329711
"3055",7.41730794255302
"3056",39.7608183257686
"3057",24.7817998134227
"3058",24.967242014848
"3059",12.421472761179
"3060",44.4816380543672
"3061",11.9943579762187
"3062",7.10506904465922
"3063",29.5852920079809
"3064",16.7642006399576
"3065",24.5909455545356
"3066",60.1477099327846
"3067",50.6212735740211
"3068",2.5024818693788
"3069",14.1098013783363
"3070",32.8689972538662
"3071",52.9296282868253
"3072",10.1640539918305
"3073",137.04652111053
"3074",5.48891093338477
"3075",37.2541123549651
"3076",20.5347770618789
"3077",41.1400638006055
"3078",48.6013762921653
"3079",7.60295450488807
"3080",26.719769174949
"3081",86.7805975409268
"3082",3.68019526811696
"3083",31.7918780037753
"3084",25.4701691537391
"3085",27.6963030506821
"3086",3.74058543882932
"3087",4.68609614726718
"3088",13.3186214088853
"3089",4.34199873497719
"3090",14.8935318037776
"3091",79.5663353965885
"3092",20.4853094324146
"3093",17.2334606862739
"3094",4.35849652438504
"3095",2.41322033294653
"3096",6.51525037339458
"3097",4.10856595547925
"3098",5.93118902192966
"3099",3.65266066781953
"3100",1.78518520257398
"3101",66.625762386113
"3102",7.3458301892681
"3103",19.4451587360555
"3104",29.33131720216
"3105",38.9614324776272
"3106",22.9921193827196
"3107",11.3223191190601
"3108",47.622376040601
"3109",32.2250872779621
"3110",5.8627573920101
"3111",36.1476018294233
"3112",78.9806136275696
"3113",59.4397501164862
"3114",71.9985234847687
"3115",19.1656270863734
"3116",41.2084064978031
"3117",12.7874868527664
"3118",40.4325259502768
"3119",10.3511322873189
"3120",40.4641518246265
"3121",14.8883142138263
"3122",9.73655171858535
"3123",25.8390021604276
"3124",25.3427185811558
"3125",39.2898859087444
"3126",3.87414313238214
"3127",5.70002779663224
"3128",34.593642203973
"3129",33.5224674909797
"3130",13.2256247670114
"3131",44.4998602606351
"3132",12.7936206331156
"3133",6.44868039080017
"3134",11.4376363625825
"3135",3.18517674847831
"3136",3.24380350678091
"3137",6.5726156940471
"3138",77.7580845809714
"3139",15.0113668513861
"3140",11.8727375326647
"3141",62.4945543505787
"3142",5.99098700079716
"3143",55.7747414811589
"3144",47.6603356989995
"3145",20.6162620748585
"3146",15.2247306099328
"3147",91.9722388762563
"3148",8.30807696277313
"3149",21.264650606549
"3150",6.8875922806875
"3151",13.79431748574
"3152",8.52814489342125
"3153",5.74515680215451
"3154",2.01218731489791
"3155",29.6053416581601
"3156",3.08910991078748
"3157",75.8812255683287
"3158",16.1340286481921
"3159",104.776046555725
"3160",25.0620698507051
"3161",51.0609710877365
"3162",87.1556765666375
"3163",12.7809493734051
"3164",90.2894745441507
"3165",7.28546363249106
"3166",30.599647777645
"3167",15.1901256666318
"3168",17.1606318439413
"3169",52.5800887481306
"3170",7.25701920776115
"3171",4.09055197244574
"3172",10.9351539291895
"3173",88.9067112208539
"3174",23.6796886379769
"3175",62.6761317551135
"3176",62.6048905854208
"3177",26.1816572081569
"3178",33.4507278010868
"3179",80.8382779319506
"3180",8.35861641353836
"3181",42.9226124715944
"3182",24.6777364246075
"3183",59.8755962660969
"3184",9.95349078934294
"3185",3.75174798467776
"3186",9.37505816489898
"3187",5.35219366725298
"3188",6.65409248548728
"3189",7.18589022198241
"3190",70.590268603195
"3191",20.6209213444343
"3192",8.61557849345481
"3193",14.6018834858718
"3194",13.1215159061393
"3195",29.1409330356394
"3196",3.71653395360416
"3197",8.83316606162934
"3198",13.8526015238811
"3199",6.79238835339342
"3200",11.9814677467932
"3201",13.3947202020121
"3202",66.1089738670131
"3203",18.4837483404171
"3204",31.6811639973079
"3205",24.5689213376315
"3206",31.1395650399703
"3207",11.6336378007055
"3208",33.1210793228049
"3209",85.9009073242933
"3210",27.1486669268962
"3211",20.6531661011029
"3212",2.66518508716313
"3213",1.88251755934569
"3214",12.162975292526
"3215",17.7169541359015
"3216",16.7886910639736
"3217",12.3329785090151
"3218",87.0155210603197
"3219",16.7587002367089
"3220",10.0063625984602
"3221",18.6615691687452
"3222",4.0354947653954
"3223",24.4492344065815
"3224",23.3751844386085
"3225",31.7503620941185
"3226",5.48694791855661
"3227",8.47931469643445
"3228",18.7594025163507
"3229",16.7994977663751
"3230",44.7611245205059
"3231",15.2766258402982
"3232",29.365408813706
"3233",24.9961900842028
"3234",7.7138022738643
"3235",52.4159988138528
"3236",17.8982716323574
"3237",5.93154675570505
"3238",13.8458496076882
"3239",14.2594593251513
"3240",22.0495585086499
"3241",29.2753296796333
"3242",17.3250645334991
"3243",3.02740766280098
"3244",29.3208236859512
"3245",41.5863742134364
"3246",3.02496179968201
"3247",41.0194553060235
"3248",3.09149614592583
"3249",9.90798326140246
"3250",29.704491412529
"3251",30.135280482964
"3252",31.661287314895
"3253",52.9204991698678
"3254",47.93350631345
"3255",10.5642935909444
"3256",5.47469451358566
"3257",88.2169627032053
"3258",76.5699577219149
"3259",56.9741143501956
"3260",26.9770224309256
"3261",3.72318948617221
"3262",43.8254887915937
"3263",3.75752299341027
"3264",46.4182214542863
"3265",25.1810969742849
"3266",29.3170076493848
"3267",11.2571334522076
"3268",30.8938869496002
"3269",11.7330843605685
"3270",16.9238316286653
"3271",31.5446183746464
"3272",19.2934468083451
"3273",29.8498449785742
"3274",3.54449120166647
"3275",30.386641784684
"3276",109.668070741125
"3277",5.11777085187821
"3278",6.72021533314235
"3279",2.31007777999318
"3280",2.10711803658017
"3281",52.6901733307047
"3282",2.9133977927706
"3283",49.6305248056276
"3284",38.920962297765
"3285",34.4507429578866
"3286",27.7326934750854
"3287",78.6120627443475
"3288",64.7624173249236
"3289",95.2798301817105
"3290",20.0381406292108
"3291",3.2255100629615
"3292",1.18779223572178
"3293",3.39648137200616
"3294",28.1378343466383
"3295",112.112007043888
"3296",16.6957504309815
"3297",21.0664668033794
"3298",2.55315611008304
"3299",46.6496642243193
"3300",35.9461647923287
"3301",19.8546542603549
"3302",27.1681993378136
"3303",29.5232685893705
"3304",3.3129413520345
"3305",2.0435948458934
"3306",30.0986733974903
"3307",7.55050316667669
"3308",2.10052759522032
"3309",27.5834819355623
"3310",17.8830329538977
"3311",16.3114223338763
"3312",34.2815347674802
"3313",37.1164878749054
"3314",31.9369894063035
"3315",47.9481659124331
"3316",3.19345109339636
"3317",2.14645006181616
"3318",15.2564295521175
"3319",14.0123695254089
"3320",18.0468563038742
"3321",1.82006264108132
"3322",18.8648163682304
"3323",60.2762006785438
"3324",40.5409575857359
"3325",90.8231586715706
"3326",9.79141441217105
"3327",25.542231825342
"3328",12.6379474178003
"3329",22.8607589065607
"3330",3.7349848410908
"3331",12.6444838843065
"3332",4.92665162586488
"3333",47.4860471837715
"3334",4.53231783993299
"3335",34.1544174707568
"3336",33.900935524004
"3337",6.86855308503114
"3338",2.66618698456028
"3339",20.8144723496963
"3340",34.3961889079285
"3341",15.0638211041332
"3342",32.7651837466333
"3343",9.85961826998249
"3344",10.1054828799967
"3345",33.0436256609878
"3346",12.2058733466964
"3347",6.12859468362303
"3348",44.8511376191495
"3349",15.0419513353324
"3350",14.5311345420966
"3351",20.02824026283
"3352",55.3935025437416
"3353",22.1209876754072
"3354",13.5599729152343
"3355",15.7569909026048
"3356",11.2520209231285
"3357",23.6213642662986
"3358",5.67564213303513
"3359",27.903912004031
"3360",10.7726987827104
"3361",20.5218607744924
"3362",40.8328587993366
"3363",3.03917391358945
"3364",59.9380220669492
"3365",13.4918314743359
"3366",24.8373709855014
"3367",2.57423689646941
"3368",12.8812304918012
"3369",1.47963085024786
"3370",24.9116673084226
"3371",35.9454227457049
"3372",5.94788354892667
"3373",18.6709131350834
"3374",5.76478853331225
"3375",41.1418555492298
"3376",37.4861171610039
"3377",6.24359855020913
"3378",19.6140644991739
"3379",26.1077553335872
"3380",2.92500785533182
"3381",152.976737595773
"3382",1.69847288217683
"3383",11.1186538413368
"3384",14.3755918118075
"3385",66.6099592292277
"3386",28.9993558589502
"3387",33.2949784850888
"3388",13.9720308877127
"3389",49.0990078632775
"3390",60.0630566795754
"3391",60.4789604791951
"3392",16.1051406425662
"3393",34.0654562590251
"3394",22.0755812305682
"3395",51.94701765663
"3396",3.12968201374165
"3397",35.19337826635
"3398",15.5855996222323
"3399",10.0164239305545
"3400",34.5053158002183
"3401",68.7652470791213
"3402",9.21200470804397
"3403",3.43047615625098
"3404",32.9513234640725
"3405",27.2344952550729
"3406",48.237969983212
"3407",3.10968943695162
"3408",41.2346565641377
"3409",19.2724767961894
"3410",14.637353834577
"3411",78.1437155633167
"3412",41.4887806808263
"3413",28.8572961584415
"3414",19.9670461062848
"3415",4.46469998719179
"3416",9.68370761215635
"3417",28.3936073533331
"3418",57.3960589965688
"3419",30.5892779274163
"3420",3.3043101090558
"3421",12.6769710490223
"3422",41.5915507600109
"3423",48.6242982752903
"3424",2.56511872033989
"3425",55.0922424715086
"3426",14.6124938492336
"3427",36.4159150623375
"3428",10.7916327813104
"3429",144.843729644253
"3430",34.9649825361053
"3431",7.86777678913437
"3432",1.29117468922121
"3433",8.69658314752617
"3434",18.6311977188781
"3435",5.26591445340198
"3436",106.257394748739
"3437",29.5510453607287
"3438",42.3968347439779
"3439",12.5421902576268
"3440",22.3572113621886
"3441",13.7238033429018
"3442",22.8903246723544
"3443",23.9238959608322
"3444",1.16420887655127
"3445",10.1203607831157
"3446",77.5287346849796
"3447",15.5844804941832
"3448",46.2750287202026
"3449",68.5922465858719
"3450",15.6204003573196
"3451",86.7215414528155
"3452",15.498450697751
"3453",21.2083422586852
"3454",14.5496470865296
"3455",6.62307760545918
"3456",19.4681154844591
"3457",20.5893439692513
"3458",25.0376360018519
"3459",39.526994797447
"3460",5.85664370035994
"3461",23.2617788630598
"3462",17.432812154379
"3463",130.383323431336
"3464",5.16114459891179
"3465",24.5572580350068
"3466",10.1807908332889
"3467",51.3905354716667
"3468",18.74822110946
"3469",18.8294001536761
"3470",2.66499918626342
"3471",6.39751941510693
"3472",8.09396074626188
"3473",2.51905551896347
"3474",3.99141520172795
"3475",54.08021984296
"3476",5.9086805644036
"3477",23.8803068238688
"3478",33.3726359243197
"3479",44.6502717450709
"3480",15.9871449882316
"3481",18.3284780790144
"3482",23.2068365847237
"3483",26.2647039342369
"3484",20.7968331581872
"3485",10.9920725947619
"3486",9.88082719963829
"3487",18.3971964493359
"3488",13.8251164050895
"3489",42.4327345484893
"3490",9.64680089463045
"3491",106.569716446053
"3492",2.35710510801564
"3493",20.2311758991653
"3494",22.0984351962717
"3495",28.3727308931356
"3496",10.5071750723499
"3497",55.0911857393856
"3498",31.6032853449304
"3499",63.8072044209353
"3500",94.4795293376977
"3501",6.97296624453554
"3502",19.7715089057889
"3503",5.80215343388332
"3504",34.7975324632846
"3505",36.3810514700048
"3506",28.3649294001749
"3507",49.6226549583202
"3508",15.4819803365581
"3509",15.3317546945637
"3510",64.5297260834352
"3511",28.2183734016048
"3512",7.74409580697373
"3513",43.8139360692073
"3514",2.31397671528291
"3515",27.3607547417256
"3516",36.8932022718967
"3517",50.3396314026314
"3518",13.9837521592298
"3519",10.9449342184526
"3520",41.1649924288208
"3521",35.3633260978681
"3522",1.28030288204031
"3523",2.17712038136944
"3524",1.31443971301557
"3525",54.8793772180746
"3526",13.1183972626163
"3527",3.10804383870311
"3528",131.461032907981
"3529",20.2439159450758
"3530",28.7673257530842
"3531",16.3925152472976
"3532",17.4441354494907
"3533",9.65535993652276
"3534",65.6912142142996
"3535",3.43862377777527
"3536",49.5001749993856
"3537",31.9715662350922
"3538",53.1870488116238
"3539",10.2337984494428
"3540",10.2260945113641
"3541",1.66796579021876
"3542",38.2019013301895
"3543",52.0932921871391
"3544",23.9253048043362
"3545",22.2182824511141
"3546",37.1206558243201
"3547",19.3775235637394
"3548",7.6863461637111
"3549",1.54296392187265
"3550",27.5827556596463
"3551",20.106328195884
"3552",21.3795174435944
"3553",3.40516041026403
"3554",6.88059687332171
"3555",30.3933667522426
"3556",35.9238457716077
"3557",27.619366440589
"3558",54.9605795475201
"3559",46.3652257617327
"3560",6.83928769646882
"3561",28.8250020328252
"3562",4.29796353264304
"3563",22.5440489989288
"3564",3.56051013937288
"3565",49.53591574265
"3566",25.4251627684309
"3567",5.64025834997608
"3568",6.41504412559118
"3569",130.372299115588
"3570",4.39433078747139
"3571",8.52723341150037
"3572",52.0897945335596
"3573",13.016918932835
"3574",18.8792894240184
"3575",40.447362177993
"3576",9.16497181900982
"3577",24.4015212753883
"3578",7.48027932761984
"3579",62.6049531898398
"3580",2.19241028737396
"3581",71.1027682543282
"3582",9.99315888262028
"3583",28.8505505353526
"3584",4.95434778127975
"3585",27.9974128666706
"3586",47.551320025532
"3587",12.9428329167709
"3588",37.6134736150253
"3589",76.8138800619696
"3590",35.9851014571465
"3591",7.5387757803533
"3592",126.752946681528
"3593",39.7728844221722
"3594",0.395650382567786
"3595",75.4634671138442
"3596",5.65510713824582
"3597",3.89859182291749
"3598",16.7040611210791
"3599",22.6123194367465
"3600",47.7614005746779
"3601",12.8324788808597
"3602",11.5841952247198
"3603",22.5642551935344
"3604",9.9470200418554
"3605",19.9437729783372
"3606",21.6372486514813
"3607",33.7971301872951
"3608",27.5521716696451
"3609",4.01593912188412
"3610",19.8916347638877
"3611",4.11180627965124
"3612",12.2963022267326
"3613",1.25655646975374
"3614",23.7327097292558
"3615",0.867815960916545
"3616",20.3920448077321
"3617",49.664322634265
"3618",79.6593774688741
"3619",33.921797405252
"3620",20.7074928749315
"3621",73.0287697947208
"3622",2.75334954047219
"3623",37.4496662657323
"3624",29.7125586305236
"3625",11.1545532710812
"3626",8.49133955963044
"3627",22.0763806911025
"3628",17.6150707844173
"3629",2.09661941029735
"3630",25.2322918435355
"3631",15.8611326130943
"3632",22.7049965678945
"3633",9.61744372624571
"3634",24.8634033452319
"3635",20.5926191726124
"3636",65.756064535822
"3637",34.1787409123076
"3638",59.3265455952168
"3639",16.9981306348297
"3640",18.2160828947721
"3641",2.66360084488888
"3642",68.2254241214821
"3643",44.0417113551318
"3644",9.79346639004882
"3645",59.7527420180367
"3646",9.16836212841843
"3647",23.3214485111321
"3648",3.26205473906988
"3649",67.1320873078137
"3650",17.4738238757312
"3651",43.2294487692322
"3652",17.8319346744325
"3653",22.364906280349
"3654",28.1911792068458
"3655",46.9214262739261
"3656",30.506915490517
"3657",8.84842991433583
"3658",25.526523107969
"3659",32.2729094617456
"3660",22.7700964385664
"3661",7.0735684697783
"3662",7.471720693926
"3663",17.8354491592973
"3664",21.027702205092
"3665",154.221740717237
"3666",7.86116886448062
"3667",26.7709012212516
"3668",5.14490343725499
"3669",22.858841278971
"3670",6.87197140702035
"3671",7.87076153633543
"3672",5.85444015721377
"3673",30.9315695005006
"3674",23.6071031329563
"3675",11.6909251419172
"3676",3.79422423618801
"3677",35.278526297637
"3678",6.41443782163844
"3679",15.8564483232498
"3680",33.501809939632
"3681",27.9934299681116
"3682",3.97511400967222
"3683",2.69996441599244
"3684",21.3485101715159
"3685",14.324497493231
"3686",12.4604087387465
"3687",30.0600336414341
"3688",11.4523724396696
"3689",43.9085731538321
"3690",64.1991566181019
"3691",141.025645555054
"3692",19.2457814408446
"3693",19.5845476315286
"3694",23.7405744499786
"3695",41.7243464469413
"3696",23.3981927215507
"3697",61.273371768302
"3698",9.07131063851603
"3699",3.67347924941492
"3700",14.471663531535
"3701",2.3384559484948
"3702",29.3278766121199
"3703",27.1578088675421
"3704",29.2728978085895
"3705",12.9313038465347
"3706",4.77922537674379
"3707",17.1488171231754
"3708",21.1839041435642
"3709",46.2810884915952
"3710",11.7698041138721
"3711",1.12592428499081
"3712",14.9277560284746
"3713",29.967520283997
"3714",56.0726308174667
"3715",3.68197378370831
"3716",15.6992405339457
"3717",58.6981753115926
"3718",54.2609312378781
"3719",59.7541787351838
"3720",19.2769079035764
"3721",8.57067605948331
"3722",22.9633214903424
"3723",7.97713901430845
"3724",24.6009975552059
"3725",12.4830335094833
"3726",16.9712061430609
"3727",27.6252654074312
"3728",1.80895717956756
"3729",79.8770211395687
"3730",10.7982859646345
"3731",58.7595180487376
"3732",9.98011358649825
"3733",3.21144363007413
"3734",2.38545201490153
"3735",14.6655597523622
"3736",13.0835443739612
"3737",39.1582327803558
"3738",17.5827175584088
"3739",40.7584670452517
"3740",60.4423906743248
"3741",87.3615560235567
"3742",14.869531515952
"3743",26.5212896042268
"3744",2.80449750789572
"3745",14.9930401693522
"3746",21.3675193505115
"3747",7.62237785934037
"3748",9.55492509242924
"3749",11.7636962899809
"3750",11.2570135001057
"3751",14.7474010212834
"3752",43.388342631283
"3753",2.56656748064213
"3754",19.0145793196121
"3755",11.1710046367234
"3756",6.70652462380442
"3757",44.0618262096954
"3758",97.186604801078
"3759",9.2298309065805
"3760",6.7643956990118
"3761",49.8121927264687
"3762",1.17876209069981
"3763",22.1984476462171
"3764",9.0625243018506
"3765",4.82777515102398
"3766",41.1934939352473
"3767",116.958152723458
"3768",10.6328765959971
"3769",9.05318029845882
"3770",3.53643230369256
"3771",16.9734979128328
"3772",3.05428258454911
"3773",15.9772728673262
"3774",19.7912689717369
"3775",38.4506309308022
"3776",20.3285305625467
"3777",12.216114584731
"3778",2.58761836202253
"3779",58.0011369659302
"3780",1.20241564568014
"3781",6.79053725574589
"3782",6.28466784059322
"3783",79.0271054592918
"3784",2.59184111520262
"3785",38.5569655603241
"3786",59.9163451995829
"3787",10.9680580626812
"3788",8.7061963998863
"3789",8.21303688912605
"3790",35.9248232107224
"3791",24.7809007165348
"3792",16.6450372433898
"3793",6.44793938983524
"3794",9.75032569557769
"3795",20.1230663254723
"3796",2.15896542129727
"3797",8.54706012599961
"3798",8.13046619039943
"3799",0.639571108661972
"3800",42.9257405134309
"3801",6.84478837204363
"3802",31.4655001256866
"3803",17.4901683422611
"3804",40.5362991095041
"3805",1.22495746690863
"3806",6.02141013033194
"3807",6.38024683276971
"3808",45.5830915777369
"3809",75.1286817662939
"3810",20.0590611195664
"3811",60.6171790745359
"3812",14.9541491021773
"3813",71.6927819812956
"3814",4.94272184291743
"3815",1.67736104566859
"3816",28.1154643007042
"3817",13.124850479167
"3818",2.65266735115963
"3819",10.1982528461842
"3820",17.2613164725228
"3821",1.57024144392342
"3822",6.69879452053634
"3823",34.136662092889
"3824",12.5213621986054
"3825",29.1291481622764
"3826",35.7340836299311
"3827",10.051199133324
"3828",1.49035261431305
"3829",9.39996449628892
"3830",19.5830825137915
"3831",17.4721062526551
"3832",21.9073157065176
"3833",15.9156237448294
"3834",20.8315714229951
"3835",16.266885583343
"3836",11.0010929559608
"3837",32.5543843366907
"3838",19.1746603482645
"3839",36.9982783288895
"3840",2.24523089886386
"3841",43.1289447529832
"3842",18.9980067404309
"3843",6.84208040138892
"3844",6.68673391922333
"3845",23.0776816174778
"3846",6.10494929110772
"3847",23.3650225002756
"3848",29.7224695929915
"3849",3.88834294439546
"3850",2.84211839075647
"3851",12.3755757698945
"3852",2.93636816129882
"3853",32.5630838659478
"3854",11.2298099415871
"3855",51.99003348003
"3856",14.5316441379597
"3857",47.3219607118661
"3858",8.11919377003051
"3859",19.6405417864977
"3860",34.8495676742724
"3861",35.3913244438442
"3862",40.1589824452757
"3863",29.164787907421
"3864",4.314199088529
"3865",92.4075744834882
"3866",28.6352044755009
"3867",3.30572670506984
"3868",25.1839220711166
"3869",8.47003263768708
"3870",3.78584094817801
"3871",32.954828560573
"3872",22.8538407579989
"3873",23.2072735307513
"3874",11.391430824102
"3875",9.65883944117266
"3876",8.96798896581562
"3877",19.3773839544891
"3878",99.3227775227479
"3879",42.5219062954669
"3880",51.8797671021328
"3881",72.1009903269229
"3882",12.9040963667313
"3883",13.8734207051964
"3884",0.322877991315143
"3885",112.230920290031
"3886",17.2878994686437
"3887",74.7580609739224
"3888",16.8730062892969
"3889",9.2105145047092
"3890",16.5093679343228
"3891",55.2228611595603
"3892",10.5077957639425
"3893",66.5466848182053
"3894",14.1369294504637
"3895",19.0643422315791
"3896",2.62251749108734
"3897",25.4370896974621
"3898",3.41078022308574
"3899",10.7674820909591
"3900",9.99930295777663
"3901",20.1399982420619
"3902",32.8258604722065
"3903",32.1783887840551
"3904",25.8895064228369
"3905",20.5617841798321
"3906",11.0617927636672
"3907",4.65837470365183
"3908",48.5133173518235
"3909",18.8180330109354
"3910",40.1683120232661
"3911",2.19083460313597
"3912",4.97994472753809
"3913",14.3231474181821
"3914",55.0906488042227
"3915",66.9194411447425
"3916",89.6738166889865
"3917",85.6615821503682
"3918",17.8055737724903
"3919",42.7887238777575
"3920",31.9576856921137
"3921",4.85189749325303
"3922",23.6068905723492
"3923",20.3762101948264
"3924",6.99861527644779
"3925",50.601544048003
"3926",19.008587364615
"3927",12.2156760829304
"3928",62.0073300677644
"3929",81.1854879781095
"3930",54.7410997204164
"3931",1.89123954285399
"3932",9.40942435991074
"3933",59.3609915959398
"3934",60.8614717437823
"3935",38.6736598041953
"3936",8.38238088867485
"3937",1.77433611574438
"3938",13.1025328044354
"3939",15.0245753769322
"3940",55.7144128799806
"3941",2.23351530925959
"3942",29.3464622000938
"3943",9.34472941814406
"3944",23.7403559004492
"3945",17.1736333107872
"3946",12.4510457961722
"3947",1.53838033052308
"3948",5.76590024685844
"3949",19.8247388120307
"3950",6.30465249238558
"3951",1.84154189545865
"3952",23.799411012271
"3953",3.92675556131894
"3954",15.4050357256118
"3955",59.7803048863486
"3956",38.269762491624
"3957",72.021900778414
"3958",2.20455488745174
"3959",28.1839799569724
"3960",5.25074784261094
"3961",37.1643151352515
"3962",0.757168730040929
"3963",4.67396844653032
"3964",6.77347268668387
"3965",52.4943499418508
"3966",29.6302921977242
"3967",135.151617347564
"3968",69.2277330423189
"3969",10.3104469419223
"3970",31.1193179778859
"3971",0.518291942536279
"3972",55.4873103523388
"3973",47.8056769334462
"3974",75.0819024287651
"3975",1.83739965835167
"3976",71.3544192849142
"3977",108.063029839233
"3978",40.4115592232603
"3979",43.9477130874583
"3980",11.7391852650676
"3981",19.2889297063459
"3982",51.5835787387608
"3983",7.53914744735905
"3984",31.4310703151139
"3985",8.59842118906489
"3986",47.5446219584496
"3987",53.2139416639347
"3988",15.0395247908594
"3989",44.6895587364887
"3990",71.3706139731263
"3991",65.6717382493639
"3992",7.67554401004359
"3993",88.1839551942888
"3994",15.262546720453
"3995",77.0270294150297
"3996",17.1544889633892
"3997",9.34713815697832
"3998",8.86972838559282
"3999",22.7650924236318
"4000",39.0559298850891
"4001",1.01280000260619
"4002",43.3257118824742
"4003",28.6222787937757
"4004",4.54448244364654
"4005",27.0438556366039
"4006",49.8801335602836
"4007",45.8583955405915
"4008",33.833485457079
"4009",16.1075804735143
"4010",44.0153576546944
"4011",6.87156446949164
"4012",9.45353535602411
"4013",8.30318137455211
"4014",35.248102981192
"4015",20.8756123651786
"4016",13.8040084287802
"4017",2.25934361391203
"4018",20.7724505011847
"4019",9.67264622181275
"4020",4.50581199562474
"4021",61.5410328327927
"4022",55.4100082791933
"4023",24.1260210474059
"4024",53.7926029088749
"4025",94.3498787534048
"4026",31.3424283035786
"4027",56.7829673884382
"4028",13.7470646814692
"4029",64.3644733214661
"4030",50.0751793437653
"4031",5.46795031938274
"4032",56.8371432729015
"4033",42.5715633959175
"4034",9.88480393105113
"4035",61.2620321696816
"4036",27.4273099050084
"4037",95.1496638417859
"4038",12.7665231799778
"4039",26.9479529283588
"4040",5.01997204292504
"4041",30.6337255439758
"4042",10.1606523044374
"4043",3.43209329073133
"4044",89.4675912391446
"4045",11.4314475225794
"4046",64.7296006141729
"4047",120.147505257639
"4048",26.4674570708165
"4049",141.874333069578
"4050",35.931339352054
"4051",25.0419311526529
"4052",57.4824446382825
"4053",59.4047089031183
"4054",4.44695289705466
"4055",31.3401470031662
"4056",102.650705715638
"4057",15.2855517418264
"4058",21.3440767099226
"4059",2.30651542900054
"4060",12.7017802397611
"4061",12.4715156152096
"4062",9.08713636584172
"4063",12.8478673671134
"4064",7.84856565169296
"4065",23.5264771563409
"4066",10.3708304005551
"4067",35.987246621523
"4068",18.2257205682556
"4069",8.81799436647608
"4070",1.97660855802126
"4071",97.5166428524559
"4072",7.27765581994884
"4073",47.8112003278898
"4074",9.11812124281339
"4075",4.92744161761627
"4076",11.6135082501862
"4077",3.77539831573501
"4078",33.1902719959543
"4079",6.70579178460309
"4080",11.5086377091445
"4081",26.9135345357764
"4082",24.1566561627416
"4083",43.3885552442762
"4084",29.7216420962424
"4085",2.94734834565826
"4086",99.2113072967604
"4087",44.8346544538767
"4088",3.33732838328849
"4089",42.1820245329359
"4090",27.2171080023175
"4091",11.8968054437986
"4092",4.17565413407716
"4093",10.3906045328769
"4094",10.7897808901774
"4095",62.0851377432797
"4096",8.14457768637159
"4097",63.3949017043526
"4098",69.1114780228632
"4099",13.665761673933
"4100",30.281933489827
"4101",2.56375752596646
"4102",14.3272584451303
"4103",8.03216312132345
"4104",2.52683808684328
"4105",13.6645747681615
"4106",22.3755462218265
"4107",17.782705536035
"4108",25.9667781834459
"4109",79.7284477875692
"4110",5.66971698913673
"4111",70.7684526297653
"4112",40.5620565606485
"4113",15.9522640796069
"4114",11.9139285864786
"4115",15.0783021229607
"4116",16.0548631345537
"4117",11.570662437049
"4118",24.0223800722059
"4119",48.3201913780882
"4120",44.2653912873308
"4121",7.73883570885055
"4122",6.82776734307077
"4123",6.14132624855439
"4124",3.54765956177918
"4125",33.2992893157284
"4126",2.40064170725515
"4127",4.73124205763282
"4128",10.7323388192154
"4129",11.4976986564422
"4130",49.9270865515757
"4131",21.7389831480414
"4132",47.5808169190183
"4133",28.9436497134743
"4134",55.0144698901466
"4135",14.7151997526696
"4136",18.3956501274053
"4137",36.6528718486196
"4138",25.8568049933799
"4139",2.30005339639708
"4140",13.2082884316598
"4141",19.6366644285375
"4142",10.8091950382824
"4143",57.7326624924591
"4144",4.46333938014357
"4145",8.20570334824691
"4146",7.33909690108594
"4147",31.906356682146
"4148",7.82795297233482
"4149",3.15563203362002
"4150",23.6691467513469
"4151",11.7938692362335
"4152",4.69694557371119
"4153",2.61506138689797
"4154",10.22306672084
"4155",16.4838865473337
"4156",22.907788229761
"4157",15.131557467503
"4158",18.2052761963953
"4159",57.9542372571424
"4160",54.2058191737923
"4161",40.9520778999449
"4162",13.2761139349769
"4163",57.965782549837
"4164",9.92402017126395
"4165",26.6662500355172
"4166",5.28138845509339
"4167",6.15326148155995
"4168",73.4459201228443
"4169",60.0800434784364
"4170",60.8762760196735
"4171",49.3385180711995
"4172",82.9733546895923
"4173",11.645806203006
"4174",4.2824057103745
"4175",33.4997461812225
"4176",1.06227858176503
"4177",63.7167811525424
"4178",19.7483668116355
"4179",4.60846724400412
"4180",30.6014691136782
"4181",12.3306731744939
"4182",74.328327553488
"4183",6.39593706452618
"4184",7.20516536512432
"4185",43.5888791928482
"4186",70.0997330608265
"4187",30.4008869660624
"4188",141.769522289853
"4189",2.78921322538454
"4190",27.0730344843425
"4191",67.7531067931172
"4192",38.2237453006952
"4193",15.2697091635613
"4194",7.23182028357199
"4195",4.93327639036728
"4196",22.6018468364034
"4197",3.49419106423569
"4198",7.09142191361085
"4199",30.3489987728013
"4200",38.4558870475153
"4201",35.4072582552838
"4202",45.0787564087448
"4203",24.854574535277
"4204",37.1655121819597
"4205",7.03239066771751
"4206",160.641765314067
"4207",8.22930006502783
"4208",19.6358324771431
"4209",18.5333685679783
"4210",13.0393654618883
"4211",13.7210398614022
"4212",0.681763354762337
"4213",2.12564227898419
"4214",10.7782566073593
"4215",32.0001954825906
"4216",5.33902624327247
"4217",0.919391819598073
"4218",20.3318561910741
"4219",24.7069886025033
"4220",27.4440369674163
"4221",50.6190472079491
"4222",71.713090160694
"4223",58.6383548494383
"4224",37.0757040838246
"4225",46.7406405607502
"4226",23.8275379351576
"4227",3.29229710532194
"4228",45.0105581649122
"4229",33.3638761138001
"4230",28.1488198637814
"4231",2.64579844110523
"4232",15.4914175434467
"4233",1.93821359441018
"4234",6.09396004728115
"4235",26.1130950861511
"4236",34.9121980253335
"4237",30.8863663052853
"4238",5.49225859158823
"4239",52.1707221905937
"4240",68.2529779183985
"4241",36.1376081883657
"4242",3.37471475538539
"4243",23.3828534059284
"4244",62.9729812042223
"4245",27.5089864318364
"4246",23.0635623758028
"4247",28.5239633631484
"4248",23.592813979354
"4249",7.97252480685656
"4250",76.2419939792599
"4251",13.6549579325738
"4252",14.7419244043446
"4253",34.6940988233666
"4254",6.13172013499015
"4255",23.6049177724383
"4256",21.1993446742651
"4257",30.5421235597579
"4258",18.0998813031412
"4259",9.18039438773741
"4260",41.3557190592642
"4261",18.3969580174673
"4262",11.7525242553275
"4263",4.20356245975544
"4264",10.2321766350473
"4265",23.6521068113744
"4266",12.3332140011135
"4267",119.194552795823
"4268",19.5583764791615
"4269",7.34660737650054
"4270",12.9128554604201
"4271",40.0305662393967
"4272",18.5086348907918
"4273",24.9311800710809
"4274",26.985004961269
"4275",8.94442743145308
"4276",32.423333902354
"4277",12.1330002020672
"4278",3.01087743006048
"4279",106.633080233923
"4280",15.7268215842889
"4281",6.68911982217109
"4282",20.6195018853157
"4283",6.94791287849487
"4284",11.8479973395035
"4285",25.9791535875851
"4286",4.59745267496109
"4287",190.032433488097
"4288",11.8274217016525
"4289",136.248600507385
"4290",14.0373558608025
"4291",29.4105850348053
"4292",74.2184809245541
"4293",8.60912116787928
"4294",16.580452608128
"4295",15.2546200333408
"4296",26.2172616920804
"4297",4.69746211008754
"4298",17.5981670339722
"4299",62.4729345590128
"4300",50.6003754717267
"4301",14.4600747901572
"4302",7.92651648178443
"4303",28.6139222345999
"4304",56.0492368588241
"4305",12.8221833886708
"4306",0.7578210789214
"4307",27.3222266368082
"4308",5.54608209740235
"4309",1.12367389295164
"4310",9.47068025527264
"4311",3.09312226493713
"4312",10.0695460410942
"4313",46.145036119867
"4314",6.1818221216369
"4315",20.4869592809757
"4316",12.3439540747296
"4317",9.52458145717755
"4318",19.458618088022
"4319",37.188084151367
"4320",23.5448923010342
"4321",134.818527764901
"4322",10.4238505326336
"4323",8.81938623564434
"4324",17.2405575830184
"4325",25.4188774832536
"4326",18.5041127719847
"4327",59.4370259169795
"4328",54.2008159981796
"4329",55.2985207517568
"4330",90.1569624212624
"4331",86.0612621605942
"4332",17.7670883947158
"4333",70.6783630160777
"4334",38.6882102185941
"4335",8.90988287326091
"4336",4.35906206057533
"4337",32.5501616359064
"4338",84.6991685776045
"4339",32.6122818100869
"4340",14.1326425352285
"4341",9.97396605754281
"4342",1.03055272805908
"4343",37.0159523937936
"4344",3.45018744797841
"4345",44.7781032466472
"4346",1.83264481717396
"4347",13.9769778402871
"4348",6.2718379194179
"4349",2.24289227278016
"4350",14.5143123891334
"4351",44.0973733643848
"4352",19.4339161944138
"4353",8.39343580465552
"4354",29.4854784742883
"4355",74.0414168858615
"4356",2.38521793727552
"4357",27.3686042593268
"4358",5.74814766721589
"4359",121.83593907274
"4360",67.6095931376743
"4361",25.5804518361768
"4362",3.61115997207932
"4363",35.0502553173948
"4364",4.27431598284196
"4365",29.1064811301263
"4366",15.2935625036997
"4367",12.7278594210702
"4368",38.3934133014792
"4369",10.8635226660385
"4370",15.3262941936368
"4371",9.68676369659598
"4372",22.2334109067015
"4373",45.2298098230571
"4374",19.587839204549
"4375",19.7923745248339
"4376",77.0024920822345
"4377",31.1686176792456
"4378",10.7847373765116
"4379",7.37861234992381
"4380",41.671876897847
"4381",14.0105965261694
"4382",69.8760098554024
"4383",3.12823027690761
"4384",7.63487579215571
"4385",22.3679896474767
"4386",43.3727063677008
"4387",29.8016671800481
"4388",6.48244584115931
"4389",30.108189385952
"4390",86.1035231705792
"4391",19.6752594372592
"4392",32.5072570148673
"4393",2.99336373433336
"4394",21.6665848928808
"4395",10.1427225840744
"4396",25.5656964379685
"4397",35.6379280512916
"4398",0.767310217611184
"4399",11.1686642968292
"4400",35.1436216842357
"4401",25.9183703254387
"4402",14.3528969430008
"4403",29.3608065744312
"4404",23.3056778446437
"4405",14.1078892683183
"4406",45.2727623572582
"4407",1.91178057157009
"4408",71.0785017234092
"4409",8.95020821132858
"4410",22.987674379047
"4411",31.1319579809334
"4412",33.9831519168497
"4413",15.0374246944308
"4414",12.5811984926962
"4415",6.38986771646366
"4416",7.15759999126638
"4417",66.115699874495
"4418",10.0032998541536
"4419",5.59352967353581
"4420",2.00977818490552
"4421",19.2747420661844
"4422",97.020303002682
"4423",38.0790798583979
"4424",23.5555042821763
"4425",13.0730259939142
"4426",17.6707822556411
"4427",4.2257151439772
"4428",11.3869725197172
"4429",59.3309561773656
"4430",38.5853243388446
"4431",28.0286413946628
"4432",41.9682278695758
"4433",10.6703858658725
"4434",70.1122691446013
"4435",74.7012869362595
"4436",40.8838556819509
"4437",55.5338275985109
"4438",30.9470240735434
"4439",6.83319631289947
"4440",50.0147065499847
"4441",11.1254315643516
"4442",5.3335192376275
"4443",33.5282396247739
"4444",24.0925466804498
"4445",10.7484166804091
"4446",11.9672401303239
"4447",36.7991431843086
"4448",8.26895106370506
"4449",23.5726138739498
"4450",4.26574694836141
"4451",16.3937414435532
"4452",1.80810776771691
"4453",18.006193306416
"4454",29.9181343393248
"4455",7.62003937205441
"4456",59.4803741510591
"4457",51.0403447520312
"4458",59.0105548801542
"4459",11.7473456263338
"4460",22.0221410703144
"4461",24.1809896684958
"4462",56.2186989005279
"4463",3.77783713003128
"4464",39.9832549431054
"4465",11.5783900686567
"4466",34.0093726292376
"4467",27.2067120094047
"4468",4.84857413589895
"4469",6.76187890076495
"4470",14.0480471337596
"4471",13.1490316588769
"4472",46.4519558238238
"4473",58.4679179634436
"4474",16.7424383367935
"4475",60.5685446101386
"4476",67.3318233939427
"4477",8.01369997827114
"4478",5.81994011308873
"4479",153.20551720228
"4480",22.2130038596823
"4481",35.9060008679636
"4482",18.4529049278081
"4483",35.6566109489458
"4484",50.5518860424874
"4485",7.12359333312231
"4486",8.36306012057173
"4487",2.46151566243925
"4488",10.1045073452922
"4489",6.77406770739084
"4490",13.0513310690863
"4491",6.83050303004663
"4492",20.5356951863256
"4493",5.08378900974524
"4494",22.0124982334063
"4495",27.8747116208242
"4496",2.53446648849788
"4497",26.5033021106181
"4498",15.9313428116731
"4499",8.32108183813685
"4500",23.4471495689718
"4501",23.3927979245981
"4502",19.9297688494269
"4503",60.6868298491673
"4504",11.1828983899672
"4505",36.3731404945009
"4506",26.5481847518331
"4507",19.540198079561
"4508",42.3877190299872
"4509",113.459056469625
"4510",14.89283696779
"4511",7.96126122065281
"4512",32.9112993770615
"4513",13.460028410146
"4514",32.562969177819
"4515",34.311624573138
"4516",3.92755375443156
"4517",41.4642421063192
"4518",19.9057018781525
"4519",13.5732146532116
"4520",2.45564249790789
"4521",10.2949307322421
"4522",18.7794823097805
"4523",31.0050654954234
"4524",40.8675873576103
"4525",13.2951243536054
"4526",5.17333416244515
"4527",45.3500769068327
"4528",2.61446383438304
"4529",49.1725526525305
"4530",11.5868926114298
"4531",2.49347082779608
"4532",1.7108219211987
"4533",22.4588599946234
"4534",7.98985299780277
"4535",33.240804602286
"4536",5.78470754530055
"4537",17.9544233281054
"4538",6.86645118976058
"4539",32.7999738253352
"4540",30.4235835558486
"4541",11.1045003520555
"4542",31.5959750512735
"4543",8.00961286773228
"4544",5.78538146008253
"4545",57.9619980453265
"4546",3.96704585230628
"4547",24.5026105147706
"4548",3.68217750730533
"4549",37.7883807573996
"4550",52.4960050962313
"4551",24.1849180207354
"4552",35.1584377300345
"4553",3.70739814047186
"4554",8.3511705243347
"4555",63.224425791585
"4556",48.0591511478827
"4557",55.0284849626944
"4558",5.44661925854595
"4559",18.2049242552325
"4560",10.6370717759373
"4561",9.778208700379
"4562",3.459574515544
"4563",18.024223568438
"4564",19.8566910412437
"4565",34.1879989612912
"4566",143.573249438645
"4567",69.456724958919
"4568",58.9903802100485
"4569",3.5393294964127
"4570",47.0929100422744
"4571",1.79277223416935
"4572",8.54272396884739
"4573",87.7304054597415
"4574",39.088908951993
"4575",19.6031409023118
"4576",57.8445569955655
"4577",57.7417206725603
"4578",12.7934862402653
"4579",26.9758454366704
"4580",8.35240571082547
"4581",4.97375031472557
"4582",40.9093276735941
"4583",19.1474403907194
"4584",6.19194836445049
"4585",49.3521007894975
"4586",42.2054344250406
"4587",36.8202412399043
"4588",49.2966103196113
"4589",18.1691637059419
"4590",14.434361235592
"4591",21.3647773263837
"4592",12.9687986594783
"4593",9.17055331191898
"4594",10.9436951376147
"4595",22.2410607627929
"4596",18.214961205982
"4597",10.1231383478987
"4598",18.9732518120612
"4599",51.3331101167402
"4600",9.82935680773369
"4601",5.70540114979313
"4602",29.8492453219482
"4603",4.08884536139628
"4604",12.739841249156
"4605",34.0058881663194
"4606",19.7861171332151
"4607",3.80933027133105
"4608",4.4806021325254
"4609",6.41083657769543
"4610",6.3973942740893
"4611",20.2440369557982
"4612",8.79151983436859
"4613",6.99996018360266
"4614",19.9396858140816
"4615",19.3810927012303
"4616",80.9939076224567
"4617",31.1220755001942
"4618",10.9225405060283
"4619",10.3285891846147
"4620",1.446098077668
"4621",45.0002071697935
"4622",4.02964675242599
"4623",79.1449045298302
"4624",43.4547622319304
"4625",40.6794851648794
"4626",40.4100699981118
"4627",24.6633644386165
"4628",15.7473183064215
"4629",31.550044540517
"4630",40.9423241065539
"4631",46.7586589020812
"4632",30.5467786787162
"4633",3.28003635719211
"4634",1.56430924180364
"4635",22.4159762323388
"4636",21.829112661631
"4637",31.3549052873092
"4638",5.48642567023856
"4639",39.6299497722941
"4640",13.8547910592834
"4641",13.9308917383083
"4642",11.9083738414334
"4643",5.05729177563664
"4644",14.3308233614362
"4645",61.0387648346912
"4646",6.39554272420673
"4647",17.1304529202279
"4648",43.6865843098215
"4649",2.8360709023955
"4650",4.72170779766159
"4651",25.122025127356
"4652",21.1394674586915
"4653",20.0842451060577
"4654",10.7976197523136
"4655",30.1897268349809
"4656",1.81840182428558
"4657",47.6890486956306
"4658",15.3085068482823
"4659",37.2483390303543
"4660",3.64490379425308
"4661",8.17783234086743
"4662",9.72069020468856
"4663",61.504037079011
"4664",34.0075157897333
"4665",91.481335909328
"4666",27.8552515117576
"4667",11.1071871044962
"4668",19.5484830554459
"4669",30.4266892857297
"4670",3.99731392462859
"4671",17.1497740064593
"4672",19.8610290602783
"4673",47.1387919258594
"4674",25.9479257707908
"4675",44.6335275160823
"4676",24.7984133727581
"4677",7.22605855653598
"4678",108.573013937673
"4679",11.7613623412561
"4680",3.18668407568719
"4681",35.9491160192501
"4682",33.0366721619604
"4683",30.637732692944
"4684",24.1391023985095
"4685",40.1513887677029
"4686",17.4623719964555
"4687",47.2560456457627
"4688",13.4316148880145
"4689",5.86541938249954
"4690",17.849526640006
"4691",10.1740934645564
"4692",32.2915955843297
"4693",13.5344460318078
"4694",116.415559530733
"4695",25.1451663327244
"4696",26.2467786678232
"4697",60.4298180943472
"4698",40.5129497481277
"4699",30.4112484566682
"4700",36.216741237235
"4701",3.45045357706353
"4702",17.6417714999389
"4703",20.8232061882729
"4704",15.6142583401066
"4705",18.9401289296176
"4706",7.10835316006884
"4707",15.4652509754027
"4708",112.698983108786
"4709",13.8657742347114
"4710",17.4440447857164
"4711",4.3060659438048
"4712",71.8185842829942
"4713",5.2635109911765
"4714",33.606140570584
"4715",3.71060049690921
"4716",23.6201212714856
"4717",15.241997952208
"4718",35.2852536867842
"4719",11.1891067774845
"4720",191.283604745374
"4721",22.9734006496363
"4722",10.0246395663561
"4723",31.0306630207934
"4724",11.9459344813205
"4725",20.1414535082092
"4726",17.2987522613269
"4727",67.8483920624112
"4728",48.0259094980786
"4729",72.2573286268384
"4730",59.1065121951858
"4731",50.053767613442
"4732",17.1344937076383
"4733",11.7679836460767
"4734",25.1419552950259
"4735",2.90032155636909
"4736",52.8743590163157
"4737",12.7283427886628
"4738",154.247748494344
"4739",4.04659309489838
"4740",30.8936147155719
"4741",19.1424342897349
"4742",36.6490718624965
"4743",10.0565179717157
"4744",7.14017838334792
"4745",46.226456671675
"4746",5.8240099352317
"4747",1.22087923222931
"4748",6.24528346398744
"4749",4.39752461773487
"4750",1.63923176064359
"4751",99.0581071022599
"4752",33.3714605122708
"4753",38.9858738188132
"4754",13.9449414100362
"4755",3.83598414831985
"4756",15.8927736856274
"4757",29.3932057047001
"4758",27.5288159422313
"4759",21.2847938145896
"4760",31.6686341237646
"4761",42.3879844999484
"4762",22.0699010244748
"4763",10.7180253570314
"4764",40.6292916718254
"4765",32.6540360622789
"4766",26.9058276996253
"4767",4.74172402356668
"4768",3.5659308549863
"4769",2.55455132249155
"4770",50.7124638673169
"4771",3.83025012989475
"4772",17.4253271734278
"4773",34.7415150252907
"4774",19.2860495317395
"4775",48.0510271505043
"4776",23.0149213236931
"4777",5.84712444445506
"4778",14.7024239577628
"4779",3.93843393252307
"4780",6.8904884902536
"4781",4.49149158413389
"4782",13.8214873471686
"4783",26.476793276731
"4784",80.9860269400472
"4785",145.14841405875
"4786",7.8037906097112
"4787",11.0184363195953
"4788",58.0868222816871
"4789",93.8013880625642
"4790",2.53023125683627
"4791",10.8036291713698
"4792",4.60965481503323
"4793",40.8887076267082
"4794",42.8343175744633
"4795",8.66226389105677
"4796",50.5438004506048
"4797",27.5861468048707
"4798",32.5674375582924
"4799",32.5490125997048
"4800",3.36103214713617
"4801",29.3179467972044
"4802",86.176624489137
"4803",40.6998863258994
"4804",4.30021185962751
"4805",5.30986344157979
"4806",8.20026351491623
"4807",9.12675583380023
"4808",2.81191702437625
"4809",3.03313003583209
"4810",15.6075559337743
"4811",16.0995086078815
"4812",7.05982780375484
"4813",31.5053296264395
"4814",30.0853526569722
"4815",14.1202450240658
"4816",66.370970961078
"4817",16.2635707356232
"4818",56.7063403688799
"4819",5.34482846042862
"4820",26.2663356962929
"4821",2.99512220060309
"4822",50.9942828122686
"4823",14.0754000460815
"4824",33.9108620680423
"4825",8.44032426429804
"4826",48.2013778614974
"4827",2.24487347798056
"4828",34.5168525649737
"4829",33.2021350227617
"4830",39.6677468202425
"4831",24.7824822031394
"4832",41.3655806077587
"4833",31.9854169425337
"4834",35.1191002344277
"4835",5.46484095800261
"4836",3.92490608069805
"4837",8.32053896687251
"4838",64.5621488679798
"4839",26.5574761717121
"4840",13.9298083581129
"4841",4.46097136585659
"4842",9.22319543632077
"4843",87.1371998735997
"4844",23.3335032820463
"4845",6.07354732417594
"4846",4.90256347273546
"4847",133.840916969067
"4848",59.1180645683745
"4849",7.25568897622814
"4850",27.2134606511883
"4851",12.5453716577785
"4852",49.5044070087417
"4853",19.0734865136226
"4854",31.0440712479855
"4855",3.09890576027313
"4856",7.01001004780243
"4857",22.239145121353
"4858",37.0750385296717
"4859",29.6855046114662
"4860",7.7533263523495
"4861",62.4394171979324
"4862",105.40396741108
"4863",17.6763227636529
"4864",44.9355485319057
"4865",7.80669832515313
"4866",58.2908656376653
"4867",23.4964735310036
"4868",3.91883473671868
"4869",4.66949126182596
"4870",12.4855946948763
"4871",8.29909703991299
"4872",38.6405128694946
"4873",2.72435612594478
"4874",7.13034123022459
"4875",25.100236436296
"4876",7.1853265166276
"4877",7.16359200266559
"4878",35.7399315608205
"4879",35.8776176767611
"4880",42.1024880465497
"4881",46.569135110795
"4882",45.8034882520554
"4883",1.9322265803925
"4884",37.5533506608769
"4885",60.3622670226935
"4886",25.5552691075973
"4887",13.0047768763718
"4888",21.166344769776
"4889",34.3138400837119
"4890",18.1771759135569
"4891",32.6675341011767
"4892",33.8960456178443
"4893",34.2654970131328
"4894",33.4000435431764
"4895",1.70992662235505
"4896",70.8761466937621
"4897",33.6491581287528
"4898",80.633915712323
"4899",22.6087834434917
"4900",34.3942615080339
"4901",83.7154580142179
"4902",24.7937480870586
"4903",6.1792740980863
"4904",26.3831262190582
"4905",35.7098908798844
"4906",13.5392740710835
"4907",9.3168774648394
"4908",13.3547318459573
"4909",18.9645477645699
"4910",4.67421783951506
"4911",46.5997921227843
"4912",17.4114251382413
"4913",4.4128260873929
"4914",1.23918458556975
"4915",39.7157442776009
"4916",6.35192205835244
"4917",49.7441550617528
"4918",4.77529514593792
"4919",36.3449542521516
"4920",2.22758931580254
"4921",27.8068274630444
"4922",48.7089071345453
"4923",33.7741960475079
"4924",61.0286234298048
"4925",6.78932657312084
"4926",26.853879923888
"4927",52.6791387234452
"4928",11.1196599710425
"4929",41.49066675751
"4930",8.38672782985614
"4931",12.7314438732528
"4932",10.3806845694002
"4933",3.78079091447382
"4934",11.4749611113184
"4935",10.937000301095
"4936",9.21867936494746
"4937",47.588731601919
"4938",26.2258187706695
"4939",4.11276534682241
"4940",15.4709480691488
"4941",35.551764021166
"4942",15.1391887132985
"4943",5.09172535657834
"4944",8.9114815718176
"4945",37.305141033192
"4946",4.9857509459034
"4947",21.5696657685414
"4948",45.9505021184618
"4949",11.8697195129463
"4950",41.6840972234152
"4951",41.2715094137747
"4952",20.1030214319396
"4953",24.0810397664419
"4954",4.23215615238482
"4955",12.1493838465324
"4956",41.9205629302226
"4957",27.4468890012359
"4958",65.0802461656902
"4959",48.6104222383685
"4960",33.1126932249434
"4961",50.1401945358589
"4962",7.02753104173538
"4963",31.7154686435594
"4964",18.1898041462692
"4965",60.1255838935319
"4966",9.888452456483
"4967",9.37191265860916
"4968",39.2565173445255
"4969",34.5149625588911
"4970",55.7160803883191
"4971",14.0999999242341
"4972",43.0379834479615
"4973",12.1829306659164
"4974",32.6917733181155
"4975",23.2591706528812
"4976",10.3552830112056
"4977",8.29531992984496
"4978",10.2294134238131
"4979",13.551700670263
"4980",30.7786330757128
"4981",1.04429058437623
"4982",69.0843354153541
"4983",28.8658964428712
"4984",5.70785644770082
"4985",2.88370714043233
"4986",29.0986058325112
"4987",6.86147106648619
"4988",51.3667077544659
"4989",2.62033391297242
"4990",28.0261934492918
"4991",52.3203337859447
"4992",21.4502466058558
"4993",70.3619119545775
"4994",28.0689685871903
"4995",36.5230929727556
"4996",36.2180802980934
"4997",31.0853688124103
"4998",10.9076351452567
"4999",22.4725696735177
"5000",1.82011526638233
"5001",39.8838111336442
"5002",24.6479379994876
"5003",16.8415832014741
"5004",10.3575173558984
"5005",7.59802229878258
"5006",25.3882902735371
"5007",28.1618283597019
"5008",25.3630225276878
"5009",1.67346849954738
"5010",13.0403255691697
"5011",8.04135917722084
"5012",4.711456130813
"5013",31.9507023031339
"5014",40.4494075764354
"5015",42.1107412224719
"5016",32.4084397932808
"5017",19.117519451781
"5018",48.5208189797955
"5019",18.5187011038664
"5020",4.82383945434678
"5021",12.2951509479683
"5022",5.00238182796321
"5023",11.7698204330375
"5024",34.1653834373808
"5025",115.675329842203
"5026",24.8113518480308
"5027",23.6914457202018
"5028",40.5855075058932
"5029",47.911560303473
"5030",14.4892648823191
"5031",19.5123467645962
"5032",26.7201391001197
"5033",13.2959283376805
"5034",85.3530369545453
"5035",11.5902014520463
"5036",115.700622488655
"5037",37.4492477182626
"5038",2.44385977675535
"5039",6.57911740731467
"5040",7.70730842990707
"5041",10.0339639982935
"5042",4.29021233114429
"5043",6.31267619536459
"5044",5.67481158827263
"5045",9.41708614031914
"5046",38.8059430511691
"5047",17.0097371647087
"5048",68.0302902903684
"5049",7.67649639252404
"5050",51.807609243054
"5051",36.1406377429036
"5052",35.4878148275917
"5053",23.2997941073853
"5054",16.5475252309665
"5055",20.8246946435781
"5056",11.4925734278846
"5057",88.2584912481009
"5058",96.1440661933561
"5059",13.3621597804412
"5060",13.4321658808615
"5061",4.34346959416709
"5062",32.7670787618001
"5063",3.61081852745253
"5064",40.0960104931362
"5065",1.0544488483648
"5066",14.4503452827668
"5067",51.280636401895
"5068",15.6326873696983
"5069",109.204845690075
"5070",8.0618451425461
"5071",31.6131414768636
"5072",7.60224925209164
"5073",35.3418237883611
"5074",3.46638522119579
"5075",102.477957710919
"5076",7.00072788772149
"5077",31.6297996215478
"5078",42.1237117377571
"5079",11.3475051646186
"5080",3.71773143609227
"5081",0.688738824392718
"5082",46.960117204567
"5083",13.0543810225219
"5084",24.7781893160409
"5085",13.7498559804361
"5086",57.6307427909533
"5087",2.36808232013477
"5088",14.7923254260439
"5089",2.01742281114463
"5090",2.4548471546953
"5091",1.89999894284222
"5092",136.367259220735
"5093",27.0698433990384
"5094",10.6927484246673
"5095",28.7195651845681
"5096",25.9707419613168
"5097",32.262002824637
"5098",19.0702000573788
"5099",14.0730107197576
"5100",20.1350989183096
"5101",38.2663737127374
"5102",58.2290223781186
"5103",4.14190178186475
"5104",0.806953792604196
"5105",12.1943011174732
"5106",31.5891014227637
"5107",24.5154691865763
"5108",37.8500215418018
"5109",12.8365482441548
"5110",5.6319702681197
"5111",3.33725640113522
"5112",18.4030800755374
"5113",13.2920168092043
"5114",41.8751273205763
"5115",8.40019681839532
"5116",60.9388467429133
"5117",12.8004361404604
"5118",5.32520621856
"5119",12.0948372741294
"5120",17.8194551640834
"5121",21.601359026154
"5122",6.75728898117845
"5123",13.0933848217027
"5124",31.90607251659
"5125",21.535202047066
"5126",29.3946111814846
"5127",9.1846634739044
"5128",6.8259476058556
"5129",43.7388020042158
"5130",21.0235765447056
"5131",27.0072692582706
"5132",40.7526865224141
"5133",24.9708333830109
"5134",34.6170137078453
"5135",34.8065117232865
"5136",1.90617923190947
"5137",20.6222623685642
"5138",14.2063064664128
"5139",5.68735625679455
"5140",26.7220502683242
"5141",16.0371249466731
"5142",5.78520526773523
"5143",3.32798348159828
"5144",82.6940042197225
"5145",45.4501907771985
"5146",43.010453715273
"5147",9.07130739274247
"5148",17.369324271041
"5149",46.6706893047858
"5150",1.97203590194511
"5151",41.2001583712074
"5152",34.3959715131128
"5153",18.6503394365045
"5154",11.5336671571118
"5155",62.9190771555408
"5156",4.72916544755654
"5157",5.25728348389067
"5158",2.9942737303412
"5159",7.22206254052119
"5160",61.3193955419613
"5161",21.6936878028959
"5162",15.2892811694024
"5163",3.89114204373197
"5164",3.11767298509981
"5165",18.3026172494681
"5166",4.92319789862979
"5167",51.5989418177364
"5168",15.2951436522569
"5169",40.2949032835562
"5170",6.02461258058705
"5171",5.39773526499208
"5172",20.7743784407759
"5173",19.222572267225
"5174",47.9359996697536
"5175",27.1001096105705
"5176",51.2957551804681
"5177",67.1920745587602
"5178",20.5652588012041
"5179",22.8384587956915
"5180",14.1289101351821
"5181",19.9300678847174
"5182",21.5664746868213
"5183",1.61283325166879
"5184",2.31069135083366
"5185",3.80942946610712
"5186",15.0038595891624
"5187",27.8145668237159
"5188",3.25601083678304
"5189",38.823574349254
"5190",9.38359051818579
"5191",8.4305791594034
"5192",16.0898123943596
"5193",20.6852581533611
"5194",17.0348159659855
"5195",60.9910366682883
"5196",8.94775460851518
"5197",26.0869350696428
"5198",15.3763407829048
"5199",71.8281278365652
"5200",107.355970101501
"5201",79.0761779847302
"5202",17.129405036618
"5203",12.9934883037941
"5204",10.765709462065
"5205",69.2376139829912
"5206",11.7881869011303
"5207",29.9225044239934
"5208",10.9233227772196
"5209",14.212224579284
"5210",2.14636333875426
"5211",4.55743779005636
"5212",3.4898289403507
"5213",4.09193626138415
"5214",11.2875791221608
"5215",2.02474222450331
"5216",19.4721730448427
"5217",19.7153853124683
"5218",22.4810830489823
"5219",2.33207209799484
"5220",23.1286801998971
"5221",34.6448585466375
"5222",86.5378878252513
"5223",61.1614055850004
"5224",1.08041267575072
"5225",19.4211649739533
"5226",28.5962237901471
"5227",12.8165714689832
"5228",26.690171253161
"5229",14.1105118648958
"5230",78.5973010032126
"5231",19.2805815357373
"5232",4.04635527102196
"5233",31.357933815239
"5234",6.89881291612686
"5235",10.9447354953055
"5236",21.9726133447557
"5237",6.21433918241296
"5238",5.38997094236291
"5239",15.3968697769678
"5240",4.51612267361381
"5241",13.0142314886295
"5242",17.7400177217232
"5243",19.2613665891177
"5244",1.55770304406918
"5245",19.6097802591042
"5246",19.2578290020006
"5247",6.86374495648873
"5248",99.981264566519
"5249",21.1061484359271
"5250",36.3546108479307
"5251",2.67485073316335
"5252",17.962985189669
"5253",71.7501706481805
"5254",36.9960385690476
"5255",3.38409216864816
"5256",24.403785131465
"5257",17.3158583990831
"5258",7.9782707328259
"5259",22.3804451142481
"5260",2.80575664789384
"5261",11.0504797758239
"5262",92.5172716315071
"5263",57.3284730765119
"5264",10.3178709651609
"5265",55.1371970877314
"5266",7.62035886913383
"5267",69.5120153818067
"5268",2.42012107372135
"5269",90.5249448213628
"5270",78.9330999794331
"5271",24.772034298191
"5272",19.3873215114979
"5273",4.06967267631287
"5274",5.46712136945977
"5275",8.32217014325743
"5276",34.2984453928224
"5277",8.7973902471126
"5278",29.6439157626994
"5279",3.23516034764218
"5280",26.3585080929797
"5281",14.2699224239972
"5282",2.60729142663043
"5283",6.86554394293119
"5284",53.1933291627554
"5285",5.93724298497837
"5286",30.9316807803077
"5287",41.3325481164302
"5288",43.0264379176038
"5289",38.4361407056287
"5290",26.7403056845842
"5291",9.52951063392384
"5292",50.516381814024
"5293",6.37574276748286
"5294",26.3349401897625
"5295",21.7786065349019
"5296",48.0997199268244
"5297",8.22867260095309
"5298",2.79493745899591
"5299",149.318607603405
"5300",44.0753114936121
"5301",13.349675236375
"5302",2.54985466163254
"5303",17.4789820110725
"5304",1.68982218102841
"5305",18.6000881894653
"5306",28.7996940792165
"5307",2.70801886942961
"5308",38.4842080439748
"5309",2.99296990211409
"5310",25.6759767034136
"5311",47.7514288110977
"5312",33.801022270411
"5313",35.5818146320061
"5314",29.5809266615562
"5315",22.1778716276506
"5316",44.6434301228878
"5317",29.9349193260816
"5318",28.1187531794673
"5319",34.8810895942951
"5320",35.800984872279
"5321",24.208508722622
"5322",27.8458678855174
"5323",4.49028476434861
"5324",5.86483746515546
"5325",20.7709030612761
"5326",102.6918118549
"5327",14.3924075879802
"5328",97.5303297950283
"5329",16.0274577768073
"5330",16.2422387503522
"5331",35.0079127719987
"5332",12.5045957147661
"5333",21.744567148948
"5334",34.4595838655806
"5335",15.9064357736467
"5336",33.7174168298071
"5337",13.6502914145921
"5338",8.71330332711672
"5339",10.918510655138
"5340",49.0258077610992
"5341",23.5386781885269
"5342",11.2226276345754
"5343",19.5144330123911
"5344",2.04983190323085
"5345",8.46106541200599
"5346",38.3176528596365
"5347",42.270442808798
"5348",9.34470786642919
"5349",1.06648754342237
"5350",50.6845586543084
"5351",5.31578401240759
"5352",89.4707175819368
"5353",43.4953888251358
"5354",74.1986335890383
"5355",34.359546101491
"5356",53.0282797545818
"5357",10.3766457868972
"5358",33.5587189487935
"5359",30.60195402597
"5360",51.6897750478961
"5361",9.75687273670571
"5362",11.1227109223
"5363",10.6325155340609
"5364",41.1413705316507
"5365",58.898711221074
"5366",31.6232912319244
"5367",48.4474598403809
"5368",3.81531728890565
"5369",34.9763469996752
"5370",24.4855317027396
"5371",9.08913659217717
"5372",3.91411581570943
"5373",16.7689204233506
"5374",81.0674551307858
"5375",2.35240363356299
"5376",30.9459873441162
"5377",63.7211934180504
"5378",24.3688050347434
"5379",11.5696869130398
"5380",32.0345635203546
"5381",95.0814595852919
"5382",19.4038581132405
"5383",19.5529068608618
"5384",276.011219399081
"5385",23.4505091206761
"5386",12.2704131852036
"5387",22.5611282537179
"5388",58.5743296519056
"5389",9.08981304478777
"5390",23.3349558166352
"5391",1.03534139430355
"5392",26.6463010658676
"5393",9.73822050448014
"5394",86.8089903610085
"5395",13.5139643968328
"5396",3.57937871764334
"5397",15.3564952496958
"5398",18.6576497918937
"5399",56.2085823964114
"5400",10.9663642860151
"5401",47.9771578883136
"5402",15.5689972382205
"5403",20.0223915149164
"5404",25.9867501077032
"5405",23.8174092615821
"5406",51.7313202362072
"5407",5.17559232131235
"5408",11.4101610468169
"5409",17.368513715139
"5410",82.5283644373313
"5411",6.87137254419515
"5412",22.6900787511433
"5413",11.5301348838677
"5414",14.1856310437431
"5415",43.7330619919903
"5416",10.7810632014711
"5417",29.5830463047543
"5418",17.3454644146979
"5419",0.547161519323373
"5420",0.840025305564787
"5421",30.990641866222
"5422",0.889190826280782
"5423",16.7488673882019
"5424",5.09881123930008
"5425",24.8206309697588
"5426",9.03060383104945
"5427",8.40944898738039
"5428",24.7502162091781
"5429",31.1833331726505
"5430",41.7329156910302
"5431",20.9927793722016
"5432",0.966369937484666
"5433",13.9831076568564
"5434",31.1558072948559
"5435",35.1570348041561
"5436",73.0945696421049
"5437",9.53883731550579
"5438",33.0231172940985
"5439",33.0778879879154
"5440",3.23973271868833
"5441",27.0915386216208
"5442",90.6828432940083
"5443",9.85677382625556
"5444",38.9580942838074
"5445",22.7479251022696
"5446",11.4756089994327
"5447",108.484257144821
"5448",15.7489496821882
"5449",3.37027728744211
"5450",33.6631942158533
"5451",71.4277198785958
"5452",101.184076005336
"5453",1.83384554293649
"5454",5.94171754298445
"5455",59.3075658913285
"5456",56.5051429207436
"5457",65.6928867381971
"5458",39.9541186970157
"5459",38.5177730476674
"5460",48.526379194844
"5461",17.7678622558077
"5462",13.7426002111234
"5463",14.3278450985308
"5464",16.2220051607188
"5465",34.893848513543
"5466",6.43355696341435
"5467",67.1657329085007
"5468",0.897070378748308
"5469",5.91946296055228
"5470",5.94823929936254
"5471",82.7657218903739
"5472",45.2960949477733
"5473",40.2754244555994
"5474",12.8698216276173
"5475",62.2069083373992
"5476",90.1732407303304
"5477",59.6294739826708
"5478",40.959202682592
"5479",18.6154284295633
"5480",38.8252450600093
"5481",7.23688320021724
"5482",91.4076096913133
"5483",79.1984375730972
"5484",51.1928908897693
"5485",15.2066469076509
"5486",61.3766641274224
"5487",20.6415492566856
"5488",3.26098903769526
"5489",2.73159478146306
"5490",30.2194420344268
"5491",8.99259386207322
"5492",21.2524892987493
"5493",26.7332827717397
"5494",4.10871759506684
"5495",25.1357924411716
"5496",21.8721838105722
"5497",4.36861872893304
"5498",31.8159943232475
"5499",5.27246832406885
"5500",30.1782292771627
"5501",8.43387577306456
"5502",8.36695547823692
"5503",24.5844990245618
"5504",2.8255611145053
"5505",16.271860873484
"5506",33.3775264099874
"5507",8.80551806772116
"5508",2.33175710321444
"5509",41.4311485781949
"5510",18.7591232986754
"5511",49.3443325984596
"5512",9.2848308841515
"5513",2.53216836218674
"5514",22.4279685208837
"5515",3.71674667087365
"5516",15.4166868399879
"5517",82.4162548077879
"5518",4.6353858744504
"5519",28.2727146452106
"5520",26.6178061712913
"5521",22.9644526502404
"5522",12.2616069958839
"5523",5.86988481065882
"5524",70.4316197041533
"5525",10.0656464883441
"5526",14.6712306241678
"5527",23.0213882898123
"5528",17.6837971786198
"5529",10.5001044432696
"5530",26.7121979350306
"5531",69.1318359920194
"5532",12.0883477964502
"5533",19.872994164381
"5534",44.7959977853018
"5535",26.6718053399889
"5536",50.281864045576
"5537",9.39050204905257
"5538",21.0170155041703
"5539",7.32384685633872
"5540",57.559213518645
"5541",10.6612774073487
"5542",45.7497901546824
"5543",6.64186822002669
"5544",6.9228896352456
"5545",1.89495235026326
"5546",26.4914446651482
"5547",33.6236377235291
"5548",16.6247175984716
"5549",39.7318149776332
"5550",40.4951448746397
"5551",66.8028132311653
"5552",9.71273820712922
"5553",32.1876278328341
"5554",52.765805155091
"5555",24.8220336509345
"5556",66.8353918350974
"5557",33.00561260202
"5558",15.8761435529262
"5559",42.6124492306892
"5560",20.5702635227404
"5561",43.1958241341606
"5562",23.1358796751026
"5563",5.03337031674113
"5564",16.554000305688
"5565",33.7563491573417
"5566",78.0681750922709
"5567",53.8533953485409
"5568",5.72403447776538
"5569",12.7624007795455
"5570",7.12220388589119
"5571",24.6634661183183
"5572",7.9856582613924
"5573",6.0913082786925
"5574",18.8704934227419
"5575",15.5181704214521
"5576",0.50479143880618
"5577",131.097986163857
"5578",14.849954814205
"5579",55.8724130274025
"5580",52.066339305315
"5581",76.1439040218449
"5582",10.9156084732307
"5583",45.7575509098519
"5584",38.5688401418708
"5585",4.43877860222749
"5586",42.2892163772942
"5587",39.5736311256821
"5588",6.79434104300136
"5589",39.6854975086598
"5590",44.4285428753043
"5591",20.2615921751063
"5592",4.24260875954356
"5593",141.326490503977
"5594",21.4343229934171
"5595",4.73514050828573
"5596",4.09680346506501
"5597",22.1631616836485
"5598",7.08673952077968
"5599",14.2445249840394
"5600",9.70554573121529
"5601",41.4472604708166
"5602",23.1918282451596
"5603",9.14142664213936
"5604",29.9252869679535
"5605",97.3634812190591
"5606",18.290800357648
"5607",28.9256805963741
"5608",38.661832712499
"5609",21.2512205359173
"5610",3.20038549885645
"5611",27.2085369817099
"5612",8.12028902519288
"5613",12.5725054603684
"5614",56.1356212074001
"5615",2.21121477417109
"5616",50.0397925863348
"5617",27.2744399268286
"5618",9.26084241592719
"5619",13.8371120747726
"5620",105.13009030548
"5621",98.0835422560074
"5622",18.2041829728183
"5623",22.8498018534548
"5624",2.52797850731589
"5625",1.73243484623705
"5626",20.8772802976544
"5627",15.4796945526742
"5628",32.771378604687
"5629",44.1501422865823
"5630",40.413099902058
"5631",42.6250619193923
"5632",67.3230716988193
"5633",48.2270066568491
"5634",3.85092413810482
"5635",39.4371472849524
"5636",65.8580410848675
"5637",13.2303454287814
"5638",8.73530141027316
"5639",2.2457058442997
"5640",59.6613345012837
"5641",3.90714041833131
"5642",29.6053516750533
"5643",20.4578131320355
"5644",27.7998696653188
"5645",21.216372084952
"5646",53.9961794355939
"5647",8.86669878854157
"5648",8.95977920990078
"5649",6.34223724059982
"5650",70.3677730482906
"5651",75.8697900321926
"5652",116.849895508315
"5653",16.930195430041
"5654",16.7707150846838
"5655",38.0435265632972
"5656",52.0265237704947
"5657",2.8727051595901
"5658",41.4608573925997
"5659",4.6234920403173
"5660",20.6193901096352
"5661",86.5642672158595
"5662",61.2068007702756
"5663",38.1350091650651
"5664",2.77238469659071
"5665",6.82344120813442
"5666",5.28375987081048
"5667",2.24802196616812
"5668",17.4971940148738
"5669",33.6751446960603
"5670",10.1624016977498
"5671",43.9246695500371
"5672",7.32764010404356
"5673",1.32083744125782
"5674",4.24297201457274
"5675",26.7384402735869
"5676",3.2061451744568
"5677",103.551591086137
"5678",29.0349496074278
"5679",59.1803587476787
"5680",3.65256547505055
"5681",28.577940850856
"5682",6.62120147785276
"5683",89.8022529683634
"5684",48.3140726051673
"5685",6.81877096015014
"5686",73.6719594227448
"5687",21.5630367492802
"5688",14.2766434738803
"5689",3.21575761016722
"5690",71.5370022614513
"5691",5.87308336932548
"5692",13.2665943314514
"5693",9.6091196639289
"5694",85.7118516318981
"5695",38.0796364347964
"5696",31.2540888863641
"5697",51.8836899946788
"5698",15.728928132913
"5699",3.89745236265044
"5700",22.0259701901356
"5701",33.5407563599063
"5702",8.94927115220697
"5703",51.0453615711246
"5704",34.711180587394
"5705",2.31342942430049
"5706",44.1197301333581
"5707",10.3524681459921
"5708",19.589525116749
"5709",20.5290950735886
"5710",59.0755797816251
"5711",54.4140065768369
"5712",1.57525806123188
"5713",4.32993134557357
"5714",55.1227637212823
"5715",36.6953683683081
"5716",19.9085788937394
"5717",34.1751796016525
"5718",20.2023096176672
"5719",9.2584083489145
"5720",18.0417227436911
"5721",88.8283685958988
"5722",50.0373896349733
"5723",56.7727282057788
"5724",20.4432336675045
"5725",80.4503115967068
"5726",15.8590556090672
"5727",39.5951492437929
"5728",32.6703776415841
"5729",4.04585034366465
"5730",1.89999865246699
"5731",18.4181472646393
"5732",68.9454826103711
"5733",16.352043267666
"5734",65.0106234621441
"5735",1.33871732181602
"5736",5.70017008335028
"5737",18.275188182944
"5738",24.618427035388
"5739",62.4158535616466
"5740",18.4179617668301
"5741",29.8312451146308
"5742",34.3353876563808
"5743",18.9678786174204
"5744",3.00620695511047
"5745",39.7606989626272
"5746",6.76956024789151
"5747",4.69457296942586
"5748",13.4774424308566
"5749",2.12899894803914
"5750",6.16926596159785
"5751",24.3864622847274
"5752",2.89952904363193
"5753",46.2061980091608
"5754",37.7208903680388
"5755",10.1025670342562
"5756",3.97566764051737
"5757",2.50185603891758
"5758",55.330147607424
"5759",36.3102696996157
"5760",3.03171785991815
"5761",9.1394621123475
"5762",6.15144074118389
"5763",24.1350266341387
"5764",60.8985567358354
"5765",47.6036012694484
"5766",17.4695277075834
"5767",20.5387484028048
"5768",9.60162592869779
"5769",21.2873232302605
"5770",24.6938271426271
"5771",11.5001977648114
"5772",39.8990880763018
"5773",12.8944097531706
"5774",20.6642161986607
"5775",56.2063306127571
"5776",40.7875517776868
"5777",8.20875577483867
"5778",34.7149027935139
"5779",15.5282575537181
"5780",46.0453933993862
"5781",20.4906606385869
"5782",20.2600085208294
"5783",50.1330361507467
"5784",14.823908749195
"5785",41.3783499182783
"5786",110.319049155115
"5787",29.0639700665514
"5788",5.50499476458049
"5789",8.31098902839936
"5790",15.5545889661165
"5791",50.3678688565189
"5792",7.429156541651
"5793",14.0661858286171
"5794",38.8745735289554
"5795",9.36965609161702
"5796",42.0090173258128
"5797",58.1170973628253
"5798",7.4874404099293
"5799",24.699955706809
"5800",20.7737478063034
"5801",7.13213217141539
"5802",28.1739181161163
"5803",54.8412349717772
"5804",6.0482449440871
"5805",4.12213636555069
"5806",17.8169831320465
"5807",7.67655536231138
"5808",2.15155790407894
"5809",70.1810668440903
"5810",80.6127786687806
"5811",31.2203124223408
"5812",46.848748841642
"5813",46.1110945101135
"5814",8.16419927132284
"5815",37.7395144035151
"5816",15.0556872552046
"5817",108.930754687418
"5818",15.5842611240155
"5819",59.425034611643
"5820",30.6168864674627
"5821",12.3707952597181
"5822",34.2852717349501
"5823",6.0721769850487
"5824",11.198785108109
"5825",40.4935463439993
"5826",40.5215424497602
"5827",13.9829452176692
"5828",45.1258174400455
"5829",4.42195650328509
"5830",58.98153571642
"5831",1.92181020707329
"5832",128.498674241538
"5833",10.8168435175851
"5834",36.9552458449565
"5835",4.04642640226343
"5836",5.15023298979398
"5837",5.35391478971093
"5838",15.8193171865963
"5839",39.6359038769308
"5840",9.96204878769525
"5841",13.0655361317147
"5842",2.83900057560741
"5843",35.4006606382079
"5844",2.41025473743457
"5845",2.10154322710413
"5846",47.304177384125
"5847",7.14743667823846
"5848",30.5416107775541
"5849",21.4854782030935
"5850",22.4247553717677
"5851",78.6334575210588
"5852",42.3333888989193
"5853",6.55745419409813
"5854",36.1980928252184
"5855",5.09790634364494
"5856",2.94629444802157
"5857",24.2885432515833
"5858",16.6653433162648
"5859",20.9436157887215
"5860",21.5544283578222
"5861",14.3603264516788
"5862",38.6252556080431
"5863",10.8957255756044
"5864",15.3043916286053
"5865",39.0612049915297
"5866",8.00174058553435
"5867",38.8873355775925
"5868",62.8752816257005
"5869",13.3273524814924
"5870",17.0722747304599
"5871",26.4697331793646
"5872",24.6844901382862
"5873",5.49446075914822
"5874",6.78016390869414
"5875",1.00354380192924
"5876",40.4736966400895
"5877",35.0704394896555
"5878",30.4236030759591
"5879",79.2895134831318
"5880",3.54370140189347
"5881",21.8814157435075
"5882",28.6859196333101
"5883",3.48509877641739
"5884",34.1897095319581
"5885",6.18229082701329
"5886",1.94008911589169
"5887",46.5333566364314
"5888",43.3759468522863
"5889",48.5165836108079
"5890",38.5882146598736
"5891",11.6682773870299
"5892",23.1392196519834
"5893",17.4065298874984
"5894",10.0798100631011
"5895",29.2029069813773
"5896",3.03445976990467
"5897",9.69891134560727
"5898",17.7114221327485
"5899",23.8765498037615
"5900",32.0007486486455
"5901",50.7324355075473
"5902",1.94143321239435
"5903",21.9286092214841
"5904",11.5010967669665
"5905",11.8356828173103
"5906",32.2953495709242
"5907",45.7621956319971
"5908",11.2005040747736
"5909",86.5995319656067
"5910",2.36233959257899
"5911",56.5862279450454
"5912",5.78344914752298
"5913",44.503346354319
"5914",129.11827247478
"5915",20.050663312426
"5916",33.85797982931
"5917",4.0016031763878
"5918",35.8462968834557
"5919",8.93888057688709
"5920",16.8731148222622
"5921",9.06665788868813
"5922",7.43176503051758
"5923",14.0261595037061
"5924",35.3203164932381
"5925",26.9829500816919
"5926",6.96765681070842
"5927",16.2037635995056
"5928",34.7073226842837
"5929",19.8909554831814
"5930",31.3569925395041
"5931",3.04048464348632
"5932",17.3479755874201
"5933",6.22599790213365
"5934",4.5889153187414
"5935",32.0602550505005
"5936",26.3046807081895
"5937",79.8358952491593
"5938",10.2925215278077
"5939",35.0426316507195
"5940",39.8364004589648
"5941",16.8363926850987
"5942",7.2647844433239
"5943",84.552423023041
"5944",53.4126333594756
"5945",17.8250714522229
"5946",3.4493502924195
"5947",12.5033811779991
"5948",3.2287260513818
"5949",84.127962638958
"5950",5.73110078901673
"5951",15.7210018076403
"5952",11.1113793918003
"5953",18.5222514172481
"5954",37.6491452781549
"5955",33.0004372325223
"5956",62.2995903880722
"5957",13.0402851292126
"5958",70.1094535612355
"5959",6.92849044804321
"5960",10.8536606535608
"5961",18.183017121956
"5962",9.36522121439808
"5963",100.149058022392
"5964",21.1935837084655
"5965",86.3839007659929
"5966",14.8739646132768
"5967",40.3022094107383
"5968",31.7304871283336
"5969",14.6331374480592
"5970",11.982247623834
"5971",7.00864792395027
"5972",18.9611497772502
"5973",18.6052417783564
"5974",29.5821950842117
"5975",19.4877548517303
"5976",21.9586976725542
"5977",10.1962524755389
"5978",47.0644517252539
"5979",12.3779064572193
"5980",15.7778543384217
"5981",36.2829892357345
"5982",44.843263410289
"5983",45.1073013740613
"5984",23.9638923850794
"5985",98.8715457150461
"5986",15.5544481151817
"5987",12.0942608462446
"5988",4.10681083152654
"5989",6.88390064316014
"5990",11.3368407256779
"5991",4.79151779666107
"5992",18.0557438378334
"5993",40.3369322709665
"5994",18.2763824700816
"5995",15.3474423742196
"5996",1.82955055053793
"5997",14.4060675233508
"5998",19.2561340146517
"5999",2.15382541843599
"6000",30.7551248174163
"6001",29.9632306449762
"6002",38.5121186690217
"6003",19.9310001794393
"6004",4.19431532694113
"6005",60.8058371763753
"6006",24.2121747342192
"6007",55.3223961370416
"6008",80.2398421052041
"6009",33.7906911809956
"6010",25.674793345639
"6011",16.3787065543367
"6012",14.3936627800677
"6013",58.9840611162795
"6014",12.4525945250874
"6015",2.14094467916097
"6016",25.7115366426715
"6017",8.83140719201538
"6018",5.87724652638951
"6019",31.1499813755783
"6020",54.696062169368
"6021",32.4780469898429
"6022",11.1580511156536
"6023",55.0277674818629
"6024",27.7954170725558
"6025",24.2039973484653
"6026",47.6310535905623
"6027",25.8454858627079
"6028",26.376290899611
"6029",30.5068560924203
"6030",7.54844780485132
"6031",50.4127553597303
"6032",10.9725591749178
"6033",11.9467890384336
"6034",13.8357273142637
"6035",38.663417337678
"6036",6.90766800065424
"6037",22.9337598244141
"6038",11.462194943503
"6039",65.9573337368218
"6040",8.0467300862579
"6041",72.6042817577045
"6042",41.8448724779145
"6043",4.58480120861794
"6044",10.8340281873487
"6045",8.45241898703431
"6046",27.801020628103
"6047",49.0302093159212
"6048",46.6206777222551
"6049",3.10192227755854
"6050",3.26784473275757
"6051",13.7007416215289
"6052",3.44840846594965
"6053",10.6765165400019
"6054",10.1259966272657
"6055",8.00918757070709
"6056",26.7702854387142
"6057",18.5621555248557
"6058",40.1431093199721
"6059",42.8150422078527
"6060",40.3628303860553
"6061",20.8550648080624
"6062",16.1970563751922
"6063",17.1794987632534
"6064",18.7323341503058
"6065",11.8429676253416
"6066",43.6470496833493
"6067",25.7326999481081
"6068",25.3939531252172
"6069",61.1243468935215
"6070",2.75192661341177
"6071",13.1014442765857
"6072",37.0615152474128
"6073",1.15948423172306
"6074",2.99556729768372
"6075",13.545397393185
"6076",63.711347307022
"6077",19.7208542468449
"6078",32.2417808778931
"6079",19.515182205117
"6080",26.6589990809846
"6081",99.5173586134464
"6082",12.2684343111004
"6083",13.1541093942067
"6084",56.4137131310061
"6085",32.557028874856
"6086",23.0407362012288
"6087",49.0759428168774
"6088",21.2387759397072
"6089",6.60047622574977
"6090",22.3549056939509
"6091",45.5144659348253
"6092",23.3111923931426
"6093",19.5732836765347
"6094",104.13823339691
"6095",8.55038908829235
"6096",15.7623595369357
"6097",6.57827024958193
"6098",77.0539800119128
"6099",1.95235959456789
"6100",5.69609062530952
"6101",11.7494972316112
"6102",34.5246492417559
"6103",2.18387806606493
"6104",24.1758482572421
"6105",62.7156805631223
"6106",17.7526451539185
"6107",5.00235644480728
"6108",5.19975623293101
"6109",11.6304978626878
"6110",40.1131958469533
"6111",1.77187747489803
"6112",105.477456414387
"6113",12.6357384421226
"6114",23.2560906930775
"6115",7.30441357262209
"6116",33.9588562343826
"6117",35.992555776957
"6118",29.2820888718099
"6119",7.98038113471837
"6120",3.63190762638639
"6121",114.155097845186
"6122",84.1301359979132
"6123",33.2844395214719
"6124",55.4169786005317
"6125",25.3256190600927
"6126",30.8221218958216
"6127",19.8617829282565
"6128",18.1799905489823
"6129",10.8167662047789
"6130",18.230226837316
"6131",1.56106515427654
"6132",6.26786418468818
"6133",3.30997452863395
"6134",1.80535769428279
"6135",30.9109994171427
"6136",11.6578229356843
"6137",38.7658297610518
"6138",1.03157019344214
"6139",31.3119796970089
"6140",29.309627138216
"6141",64.3671063157015
"6142",63.3146113208604
"6143",18.817475336157
"6144",26.6213183502964
"6145",1.7830117329253
"6146",12.1891014596349
"6147",10.2072074813811
"6148",69.0027525643056
"6149",47.3101819730333
"6150",29.9233251160979
"6151",9.5913599628061
"6152",31.7075039791978
"6153",20.283582947585
"6154",57.2172167868058
"6155",4.11503761831522
"6156",23.5163078671667
"6157",6.45954395244802
"6158",20.4020324581314
"6159",46.9979396313891
"6160",95.9912970886664
"6161",4.78905110184072
"6162",10.9042166823128
"6163",79.1434115489067
"6164",16.5271628312922
"6165",10.2610186205995
"6166",31.1515687960472
"6167",22.4511106336661
"6168",17.317176878776
"6169",1.05391000538096
"6170",20.9056070171693
"6171",60.4948290545368
"6172",0.957634653810221
"6173",16.3197596332864
"6174",38.6276340706749
"6175",67.8323928886351
"6176",54.4818378821553
"6177",80.4102131959221
"6178",42.9559197485652
"6179",66.9775506302286
"6180",12.0641063216075
"6181",14.0846019755699
"6182",95.43474618966
"6183",15.1210435673951
"6184",36.0350770165267
"6185",28.2731841432857
"6186",29.6379721275109
"6187",1.97902752373818
"6188",13.2167483024378
"6189",35.3504940948637
"6190",13.1696459888729
"6191",16.832749366299
"6192",6.3744365584408
"6193",64.4296809729166
"6194",45.9986341453964
"6195",16.1272747993622
"6196",9.23368085098311
"6197",32.1965404321775
"6198",5.45436693354166
"6199",18.8014304937991
"6200",2.57189487128169
"6201",9.51260888182951
"6202",11.8844414049568
"6203",0.435023732005628
"6204",14.5922475675957
"6205",13.3754402142173
"6206",48.1650061250721
"6207",51.6195208474629
"6208",61.1269292259446
"6209",4.1529658088417
"6210",17.353300511846
"6211",12.1717307867939
"6212",0.880307107358451
"6213",32.8678038149838
"6214",23.0272004332757
"6215",1.88837747255472
"6216",8.46896891465434
"6217",109.596176130859
"6218",21.5889038497052
"6219",41.7343393978805
"6220",14.7286649269467
"6221",4.59551307320935
"6222",24.5286563805284
"6223",3.70264806422236
"6224",31.7642507466955
"6225",34.3290498580742
"6226",18.3480942305681
"6227",39.0197118415023
"6228",14.7852546813804
"6229",34.4875785801271
"6230",33.8453724094427
"6231",6.78797365599769
"6232",72.3107623339962
"6233",23.546140576907
"6234",13.8189758912663
"6235",2.68771486355217
"6236",45.1981099305892
"6237",48.4809029904596
"6238",45.6094151641756
"6239",4.86171430547462
"6240",29.9133559460291
"6241",10.1689009728101
"6242",16.9601972355983
"6243",28.8389612297444
"6244",8.5652754414512
"6245",119.04667277344
"6246",18.2952480203006
"6247",1.65287551441764
"6248",2.26937599001521
"6249",24.9519188075739
"6250",33.3650714717313
"6251",22.5850747869383
"6252",49.8669376044586
"6253",48.1955602765048
"6254",30.0004638115418
"6255",43.0205156841256
"6256",1.43737162781794
"6257",23.4017164015321
"6258",31.5397076010141
"6259",8.46626498114108
"6260",31.5263553283352
"6261",21.6435960337237
"6262",54.7988485748302
"6263",14.1230549697978
"6264",8.12037751681616
"6265",23.493873452064
"6266",16.2247879783217
"6267",9.09191466646621
"6268",26.9481290084487
"6269",5.22289311658546
"6270",82.6024908684038
"6271",65.4032714891293
"6272",82.2972010522067
"6273",9.68398903670127
"6274",4.87732492780309
"6275",63.4752446182739
"6276",7.63679521819653
"6277",11.3442284033954
"6278",33.3731509541839
"6279",41.9758382993659
"6280",14.67544076442
"6281",3.01095239917493
"6282",26.138938387224
"6283",34.0897643772618
"6284",27.0661460614402
"6285",26.0782533612976
"6286",12.8653931105913
"6287",40.5010652535729
"6288",22.723045227492
"6289",4.27616484472777
"6290",24.0235362079827
"6291",4.31383743342548
"6292",59.647063151988
"6293",24.2789120305476
"6294",83.039266463518
"6295",13.0292255995692
"6296",34.2702564003804
"6297",16.0360380352056
"6298",19.7360314203221
"6299",83.9950355324633
"6300",6.63846002116061
"6301",22.717826826109
"6302",59.3518135940946
"6303",23.5232653452917
"6304",1.77803912020594
"6305",20.7195005270996
"6306",10.6935536587826
"6307",12.6675998832789
"6308",8.85868148255218
"6309",18.679882445141
"6310",5.47617745375335
"6311",14.7480428116353
"6312",55.4116089444145
"6313",5.73005385982176
"6314",2.67145246757345
"6315",126.14143362902
"6316",34.4909611816117
"6317",27.8936052700171
"6318",27.6391368367037
"6319",4.7819490155358
"6320",3.72323475816609
"6321",1.13053179573032
"6322",5.45218085734878
"6323",41.9375556276346
"6324",35.8124737060495
"6325",57.8123913645888
"6326",4.81041718676141
"6327",32.631882437179
"6328",1.96005169857366
"6329",30.0011039505027
"6330",8.78571760031119
"6331",3.16028015551408
"6332",23.9265120031273
"6333",12.5962511771637
"6334",8.52828154196267
"6335",102.338605052396
"6336",27.3613757475232
"6337",3.80972418674172
"6338",31.4600447537959
"6339",22.5923300443209
"6340",7.94466312373453
"6341",13.8878492635936
"6342",53.6309570724997
"6343",41.0113086497515
"6344",28.0355599390456
"6345",1.20479487052761
"6346",9.31064733916751
"6347",84.9526684930744
"6348",3.15946508647879
"6349",22.5859656010685
"6350",11.0569552081396
"6351",14.0265446418481
"6352",37.9013554086478
"6353",7.41051539391179
"6354",3.11352769890047
"6355",11.4998423017036
"6356",28.8173467569641
"6357",0.795978560075067
"6358",20.9868613994544
"6359",10.5675566365466
"6360",33.5132742139623
"6361",30.1727905507622
"6362",90.7312719754449
"6363",10.6767932145221
"6364",32.8665887170954
"6365",7.77684134617241
"6366",32.9615877571117
"6367",52.7239175772878
"6368",117.125105939361
"6369",19.0762049954665
"6370",26.0183892238254
"6371",38.4097929937996
"6372",24.4239067664275
"6373",12.2041839862493
"6374",22.8344619195263
"6375",11.0557482488062
"6376",40.5718755961358
"6377",9.92406464885966
"6378",12.3026462935044
"6379",3.25789101223951
"6380",5.11117941468693
"6381",22.4239357788912
"6382",10.1615537839853
"6383",43.7917791538723
"6384",39.9103634828548
"6385",13.7464108488116
"6386",10.4233222508928
"6387",18.3410730440848
"6388",3.45490110580397
"6389",8.75790421989201
"6390",4.09596154339226
"6391",6.13307501229822
"6392",3.80441267190004
"6393",26.7733611692475
"6394",58.8396750215418
"6395",46.2204694253449
"6396",41.7528580254374
"6397",13.4491466680516
"6398",15.4144242195468
"6399",10.5314681723135
"6400",20.9848739902077
"6401",11.5348790225596
"6402",33.5710805551726
"6403",36.3989820806748
"6404",6.57069475341525
"6405",64.8237402760453
"6406",8.79217497309681
"6407",60.9325081958778
"6408",97.5000309983075
"6409",53.7687494801975
"6410",52.1765679082677
"6411",24.4120465141126
"6412",25.0763516145037
"6413",48.2183306133611
"6414",5.37625966285349
"6415",82.4243714946464
"6416",9.33098745662387
"6417",2.59915863857961
"6418",6.10482507241784
"6419",1.81896147737755
"6420",13.3449786466917
"6421",61.6937243368122
"6422",13.0589204318751
"6423",3.46119460359037
"6424",13.2832904585998
"6425",40.8304311205519
"6426",27.4740603518582
"6427",29.2999310058293
"6428",20.578492635168
"6429",3.77537518631922
"6430",4.37746996833969
"6431",25.7119592308436
"6432",19.5663616799006
"6433",86.1335873770684
"6434",4.95664668049816
"6435",6.86828208801031
"6436",2.63466436980326
"6437",19.1547613009603
"6438",25.8267466639402
"6439",60.5550375363331
"6440",9.86825451674626
"6441",14.9488533634049
"6442",4.51888266954425
"6443",1.5995738107381
"6444",41.2962950172921
"6445",0.929030467800315
"6446",4.14126040159044
"6447",19.0615951531161
"6448",7.44842759594883
"6449",32.383598880446
"6450",2.73027081676879
"6451",0.83235916325594
"6452",26.6418301375143
"6453",72.6930641744012
"6454",5.27958544435601
"6455",20.370034736408
"6456",31.909851349883
"6457",30.1114664119347
"6458",44.0228907731582
"6459",17.1554614053654
"6460",30.9629173328616
"6461",7.91282193442999
"6462",12.9861609097761
"6463",0.995713510714809
"6464",21.4504468467196
"6465",9.3685600674582
"6466",46.8850572057147
"6467",62.794613565644
"6468",18.7491155633152
"6469",21.6974487295726
"6470",38.3471189856696
"6471",43.9998146560029
"6472",9.84374464055027
"6473",33.9886935591908
"6474",18.6984999189354
"6475",53.428124705781
"6476",2.12186641113026
"6477",52.6134938176423
"6478",30.5145008439162
"6479",23.1535920357258
"6480",7.8535573685365
"6481",16.4710103886075
"6482",117.183583097053
"6483",45.8501513941848
"6484",32.7842998821788
"6485",28.7068810772021
"6486",31.0977114992249
"6487",8.35649784305476
"6488",39.8809458208392
"6489",16.0894469570077
"6490",4.49275647353311
"6491",22.6945758488351
"6492",28.4132212036838
"6493",22.1564911110013
"6494",14.2921823332673
"6495",17.7732194832434
"6496",28.1415675995976
"6497",22.288160271598
"6498",41.8293290511483
"6499",2.18690431911478
"6500",37.708327783554
"6501",3.09108780216904
"6502",47.4133873247782
"6503",1.60846860644402
"6504",3.34763254733852
"6505",36.303367390699
"6506",39.3386830747797
"6507",6.48868222852541
"6508",2.1205799803578
"6509",45.500145466043
"6510",25.5308395283313
"6511",43.6842453618951
"6512",11.1254997566348
"6513",29.6501313202557
"6514",32.6474527157221
"6515",48.3019749728464
"6516",13.6972387824936
"6517",3.83232765936293
"6518",17.841922272826
"6519",32.5107514095899
"6520",6.65870482251784
"6521",25.6412912596979
"6522",20.7617254933151
"6523",41.6470866832537
"6524",20.5939929464778
"6525",3.56670592314717
"6526",17.5859722788636
"6527",12.0116588174751
"6528",3.66147156587315
"6529",21.3682664509905
"6530",21.081506814212
"6531",54.7556907301349
"6532",3.59804632128475
"6533",22.5441785370557
"6534",25.8354496083856
"6535",17.6240336689189
"6536",5.16074868539309
"6537",28.5117285018944
"6538",16.7674234444735
"6539",5.52244153588954
"6540",3.12246587516334
"6541",15.1133014198751
"6542",15.0534184661598
"6543",48.1907089633002
"6544",24.2402189316391
"6545",14.6606426950106
"6546",18.4155333333296
"6547",24.8774053629245
"6548",23.547424769455
"6549",36.010243265262
"6550",11.2945582761266
"6551",7.59517438044758
"6552",21.3618520077723
"6553",9.09232283530792
"6554",17.0588966176799
"6555",78.8411556790982
"6556",4.30966403102098
"6557",10.0936435972989
"6558",12.0710600233244
"6559",26.0482326507221
"6560",13.0570627312571
"6561",4.96078231505717
"6562",43.301430281213
"6563",45.8815126231008
"6564",67.204579980875
"6565",8.01972756756339
"6566",5.14033235867898
"6567",39.6575604534664
"6568",71.3625101979571
"6569",17.3780878748083
"6570",50.7286834401184
"6571",10.2918462487387
"6572",12.8864968164346
"6573",70.486961413524
"6574",57.9685775966221
"6575",61.0791496824973
"6576",8.50255124644592
"6577",1.985920355908
"6578",21.4504535353713
"6579",21.0545310621319
"6580",14.8797806755262
"6581",44.267706674571
"6582",28.3790815395509
"6583",11.9259360465053
"6584",3.84495097687968
"6585",47.2835992977297
"6586",36.5986052018674
"6587",11.5508881894604
"6588",46.6163754551317
"6589",41.435807270847
"6590",5.13413259093967
"6591",109.23847893866
"6592",3.05497282397808
"6593",57.9973645974543
"6594",18.5569163620923
"6595",43.9755884402016
"6596",23.9241102432345
"6597",16.7074434561698
"6598",5.24338013148174
"6599",16.5305520314966
"6600",37.8973206315287
"6601",6.22718598354828
"6602",7.70738336330688
"6603",17.7357055663376
"6604",42.9295846169691
"6605",45.5978328671829
"6606",28.4706564622276
"6607",7.26601126830999
"6608",17.691073823337
"6609",7.54580597161483
"6610",15.8798362681362
"6611",11.4520430285545
"6612",9.540279129055
"6613",18.1286478832951
"6614",100.638294940558
"6615",38.3703244158239
"6616",20.5805123256053
"6617",78.4047192960916
"6618",0.750570485492383
"6619",11.5679645778427
"6620",14.1024011135921
"6621",18.1427699528816
"6622",40.3334322355514
"6623",4.1833595196969
"6624",31.8634136126655
"6625",22.8424692435433
"6626",14.3288094386612
"6627",27.0470212073595
"6628",39.5571978950285
"6629",25.410327985289
"6630",12.3697367720836
"6631",56.9521004954066
"6632",28.3272404565926
"6633",32.8921574152136
"6634",5.46981056777342
"6635",21.2385008310203
"6636",5.13432612534217
"6637",4.01476704899786
"6638",5.68516921466481
"6639",54.9752414757012
"6640",22.1464151988995
"6641",32.0104298512195
"6642",14.9101740301814
"6643",23.559738643267
"6644",58.7352739744142
"6645",3.58814246124365
"6646",11.7082366061293
"6647",44.3768009346562
"6648",34.8387944553775
"6649",26.389173400938
"6650",3.49363813027507
"6651",6.29291527653355
"6652",6.89039665087135
"6653",124.255508914958
"6654",16.367127066192
"6655",69.0694440529155
"6656",37.1767021924592
"6657",16.7440706722969
"6658",28.5633457732188
"6659",1.56940542470273
"6660",16.1615387312595
"6661",9.56563534536098
"6662",95.2375256448658
"6663",1.95163590435323
"6664",30.4652431191755
"6665",37.4001401694607
"6666",57.8229289193917
"6667",11.2497936453738
"6668",15.7830233751526
"6669",49.3519123956156
"6670",21.0577091522348
"6671",35.8808367364641
"6672",8.8661157873308
"6673",5.60530080162652
"6674",2.16518903904675
"6675",43.4407007957025
"6676",40.6071125386864
"6677",21.6526407270332
"6678",83.8137551659615
"6679",12.7233167867214
"6680",7.96525465511165
"6681",30.9539922369095
"6682",6.66840853021232
"6683",3.65312794395875
"6684",33.9302029469326
"6685",14.3824133951306
"6686",54.4110700280096
"6687",10.822964241844
"6688",32.4232749387839
"6689",37.8291797981392
"6690",45.1271879415064
"6691",62.7377152076329
"6692",34.0821237391292
"6693",4.16894685883134
"6694",7.43994388115355
"6695",4.36066021519588
"6696",24.4287043545748
"6697",11.875758417314
"6698",66.5132759273868
"6699",2.36192644568574
"6700",15.2762672568761
"6701",47.586410488907
"6702",83.8062505891471
"6703",18.9974716842336
"6704",19.3362616920695
"6705",15.02943889119
"6706",3.27841144924837
"6707",14.1861611213009
"6708",2.24866687850574
"6709",122.994704143253
"6710",31.2151120754097
"6711",1.25098888171758
"6712",208.650849818727
"6713",14.157693522424
"6714",14.0125324636371
"6715",37.659679027195
"6716",30.7500078456577
"6717",8.1785049453718
"6718",1.04012931193275
"6719",8.87023677838449
"6720",31.9920410212506
"6721",10.2221154857414
"6722",4.7461673901025
"6723",39.6469291974253
"6724",10.2646561322873
"6725",38.7810684583423
"6726",10.9376437364705
"6727",22.4807849112903
"6728",40.3752487969067
"6729",31.8620079200398
"6730",102.990430264894
"6731",2.99309501105188
"6732",2.04531278595392
"6733",2.75382293693715
"6734",53.8262106822419
"6735",45.0589066423191
"6736",34.8192045021511
"6737",7.45476486315114
"6738",48.622682693371
"6739",14.9565583029327
"6740",106.222720907033
"6741",28.6349008556443
"6742",165.895455713964
"6743",59.0432160540291
"6744",25.4209496459581
"6745",62.3326063977116
"6746",12.1311132193542
"6747",22.6194471033286
"6748",17.4959385879093
"6749",13.644109615861
"6750",15.8200353039422
"6751",2.57207265129589
"6752",60.11048430547
"6753",30.2454161100706
"6754",14.42685559504
"6755",9.42525613353873
"6756",26.1746318992781
"6757",61.2922622404113
"6758",24.6888882641069
"6759",45.5709604627966
"6760",21.3629896922403
"6761",8.09031046987576
"6762",27.5543857876432
"6763",16.3906694604517
"6764",13.1296973455272
"6765",33.6238934338794
"6766",47.8028990872469
"6767",41.7894775233846
"6768",29.545769498999
"6769",40.6152764700118
"6770",130.861447284692
"6771",18.4185619368869
"6772",65.8836408741898
"6773",44.4113963146645
"6774",11.9728145762616
"6775",13.2808142617401
"6776",13.6206857751147
"6777",2.96088398565954
"6778",44.5736276931681
"6779",20.1221849787062
"6780",11.428167801842
"6781",27.9333337390926
"6782",49.6328249010544
"6783",21.6827647745785
"6784",15.5013735834107
"6785",34.2857968617142
"6786",6.63239241913002
"6787",40.0537831043107
"6788",21.2616454672503
"6789",1.81976064154772
"6790",8.47136258693226
"6791",5.72851634098422
"6792",17.230522848366
"6793",5.0746012106861
"6794",9.41724123987857
"6795",16.1532687465494
"6796",39.0580300254193
"6797",42.7036672484839
"6798",20.0541692634336
"6799",6.11238087306705
"6800",31.7417149019987
"6801",67.8913259772638
"6802",0.400295901079535
"6803",18.9847469798896
"6804",16.4571728002503
"6805",39.8878320396039
"6806",25.4313038499973
"6807",75.1123468499576
"6808",26.8998055712635
"6809",23.6546849188816
"6810",50.5901173740635
"6811",16.3460216762977
"6812",31.5736483914854
"6813",17.6564077566851
"6814",8.77484492351517
"6815",85.8822340320581
"6816",16.6303010357946
"6817",43.6696045863664
"6818",44.6552836567317
"6819",3.20490642026819
"6820",1.35946146404038
"6821",42.2782409653378
"6822",5.94719931587488
"6823",36.3366253824443
"6824",37.6375017388895
"6825",11.0459536702025
"6826",6.9220019652489
"6827",40.6095697210171
"6828",21.6865532492878
"6829",1.67543529549245
"6830",17.6199629666988
"6831",60.0697683581273
"6832",35.3381998766726
"6833",1.68969952291186
"6834",3.65441116234008
"6835",23.4007354671969
"6836",40.3415254990731
"6837",63.6285056310707
"6838",9.28432565276913
"6839",12.8380949487802
"6840",1.63058200040191
"6841",21.9657804783768
"6842",23.5567310418081
"6843",29.7696477026642
"6844",43.6031598276545
"6845",33.0544832330969
"6846",48.324230523309
"6847",19.3023438586264
"6848",48.916773971498
"6849",20.0359328673171
"6850",35.3147324040829
"6851",3.85458155576093
"6852",36.2417700449316
"6853",12.87366411365
"6854",4.0411437113549
"6855",29.2513081590998
"6856",23.5729943558417
"6857",34.7736449799708
"6858",18.0071586636781
"6859",2.00266096290531
"6860",32.7761075703096
"6861",23.6694162760402
"6862",21.0511835518565
"6863",54.7564302895006
"6864",12.3166039369542
"6865",20.6275291853401
"6866",1.12502050125418
"6867",10.237060668023
"6868",17.4737003838004
"6869",122.995401920999
"6870",6.4909011516329
"6871",79.4040525140418
"6872",15.4676925209122
"6873",11.5789284760617
"6874",18.3932285111033
"6875",8.47600130789916
"6876",35.3710511712895
"6877",19.4638627790619
"6878",6.75494618628451
"6879",14.8875760226196
"6880",2.40445335350585
"6881",26.5556149250331
"6882",2.75043697873986
"6883",3.54614878750562
"6884",24.8863512549998
"6885",6.83626062524135
"6886",57.4248970669927
"6887",18.299359914944
"6888",37.0417102872556
"6889",7.2425067339784
"6890",2.43863404343152
"6891",8.38246003424383
"6892",12.9946173693387
"6893",15.549125166419
"6894",46.7291817602284
"6895",56.3665441953913
"6896",24.4788643089992
"6897",14.1601412275332
"6898",7.20488766385743
"6899",28.324241918224
"6900",32.9437572824276
"6901",12.6062811988403
"6902",15.1267467264865
"6903",6.82039801185423
"6904",21.2398665379404
"6905",4.07572783319645
"6906",9.56863574708371
"6907",19.712287211063
"6908",2.9838478952103
"6909",59.5470733114794
"6910",15.5781796548381
"6911",7.09577241202858
"6912",18.9370084821182
"6913",41.0264873576878
"6914",0.495101862322029
"6915",2.38874104258864
"6916",27.4326445418194
"6917",21.5993723320407
"6918",30.9616069815422
"6919",5.29661521016017
"6920",22.436465595266
"6921",8.32604594117099
"6922",3.8293564001361
"6923",6.48094292646625
"6924",14.1970889861644
"6925",15.0049349877069
"6926",11.9810423062525
"6927",1.58139976273644
"6928",8.16250693537294
"6929",8.58846406076685
"6930",7.40605313380955
"6931",22.7778637596712
"6932",7.4329253037931
"6933",66.9156546176178
"6934",65.777380156456
"6935",5.35200051511377
"6936",37.5314934424967
"6937",75.9777515752047
"6938",7.61145838131594
"6939",0.841432435924913
"6940",13.2096895765073
"6941",4.36956387456712
"6942",16.2614008108196
"6943",32.3056331636243
"6944",143.023062558491
"6945",75.5602102925708
"6946",24.5567474769629
"6947",1.31627058067638
"6948",15.8152101152309
"6949",3.95183979726091
"6950",3.23174657095762
"6951",14.314541390023
"6952",76.7598211080563
"6953",5.9520312695135
"6954",42.3498203409259
"6955",3.5604283098927
"6956",22.3910512087628
"6957",38.4309376524634
"6958",27.8211528906747
"6959",78.5968281552782
"6960",135.511611445833
"6961",42.0925310969881
"6962",2.97873677402048
"6963",11.6058256785807
"6964",3.43693195974542
"6965",5.25306339625284
"6966",29.6956130938775
"6967",12.5337720779705
"6968",12.3386957496491
"6969",5.54734860002556
"6970",12.6182078508822
"6971",15.4967957670369
"6972",39.9363766902751
"6973",53.2465418963471
"6974",64.9048452954873
"6975",11.6120115312225
"6976",4.81762086500389
"6977",12.3615484986292
"6978",55.4228713415825
"6979",57.5118963281667
"6980",39.4186964401063
"6981",3.66860950271278
"6982",38.8484961751215
"6983",17.7406948767305
"6984",16.1431664322962
"6985",14.1279635930853
"6986",38.1075367030489
"6987",5.04701997335123
"6988",21.9123578468445
"6989",42.5052029282839
"6990",24.0338515841534
"6991",9.81874074621011
"6992",36.3407576889086
"6993",9.39378794538272
"6994",85.5568566251839
"6995",36.684824705992
"6996",37.2912547528774
"6997",24.8526068016126
"6998",52.1329789516619
"6999",62.5649682299445
"7000",113.29350324569
"7001",26.4084212625285
"7002",8.20365772881627
"7003",20.8472711276018
"7004",9.98168184594863
"7005",3.92839359987334
"7006",64.826449591853
"7007",42.6704259023739
"7008",9.92766790380801
"7009",16.0922404051753
"7010",2.30538280837421
"7011",25.6843472466372
"7012",21.1495520585602
"7013",1.71646151642747
"7014",16.5121906836736
"7015",8.16809667087049
"7016",36.2155688922617
"7017",11.969139597031
"7018",15.0967172077661
"7019",46.5537685462887
"7020",41.2292658362333
"7021",9.10411708490749
"7022",40.2717004097912
"7023",12.6965079219488
"7024",12.9907923941703
"7025",9.87997512472709
"7026",58.0494662084936
"7027",29.8096740263606
"7028",28.9581871931194
"7029",29.6221971415471
"7030",45.4219017636249
"7031",27.1289066863287
"7032",36.9201506069342
"7033",22.2406566214028
"7034",8.23964844437195
"7035",28.3171740182186
"7036",38.8830140759879
"7037",62.7279886518397
"7038",48.8683230783488
"7039",40.0773959309197
"7040",7.76503740753953
"7041",15.3838904904175
"7042",3.0455581013562
"7043",21.2142544640839
"7044",19.3633278109546
"7045",22.8741085588213
"7046",61.5739780705606
"7047",15.3763278476292
"7048",33.8540776117921
"7049",7.924967645137
"7050",40.3630044324831
"7051",57.70215229774
"7052",62.7305062422017
"7053",4.80386165581729
"7054",16.9221145180545
"7055",3.25552704410814
"7056",5.11207443881836
"7057",13.5047040946452
"7058",9.96409188291347
"7059",0.864275792571317
"7060",38.5382597657494
"7061",39.3836476125681
"7062",25.6134989751193
"7063",18.2007350431222
"7064",26.7258016970784
"7065",11.4635956879813
"7066",16.0836383958548
"7067",30.9492437552427
"7068",25.3640892164396
"7069",60.5759382317269
"7070",14.3971878737522
"7071",8.95353906116655
"7072",16.670957249585
"7073",19.5006293741059
"7074",29.0688667757196
"7075",24.969034402533
"7076",14.0520608480332
"7077",72.5268584583798
"7078",15.0853305345906
"7079",48.0956826057145
"7080",63.6557480825695
"7081",1.75021975968267
"7082",7.39399574084968
"7083",6.25061851001465
"7084",54.7349492817771
"7085",55.4453592145174
"7086",20.4518375976594
"7087",10.1181399192075
"7088",10.7950562786299
"7089",64.5328170081029
"7090",19.9031768478579
"7091",16.0489032851758
"7092",9.00950957885314
"7093",3.11515776699209
"7094",18.1717820516248
"7095",21.1598564334779
"7096",4.22367926927205
"7097",41.1290507277219
"7098",33.0691500081679
"7099",3.11288376764662
"7100",30.5910461850697
"7101",18.0434103180303
"7102",10.7913153264391
"7103",10.8516740686721
"7104",6.13730792149464
"7105",33.6476210392188
"7106",11.284521728589
"7107",8.60294759815107
"7108",21.6622436877317
"7109",16.1289189397648
"7110",5.6859267166814
"7111",25.0585400419225
"7112",45.6104761819463
"7113",29.2402374752347
"7114",2.61900564073118
"7115",3.50684802787888
"7116",7.39879900663188
"7117",66.2230455875751
"7118",27.005209758011
"7119",1.47163206932434
"7120",10.709607483803
"7121",39.1495131647716
"7122",25.8110227926133
"7123",9.23865589276172
"7124",13.5152556774628
"7125",7.24557986271403
"7126",16.8130115355319
"7127",10.0054592480561
"7128",7.8349490246945
"7129",10.8343293604622
"7130",18.4957459509089
"7131",9.77309868097176
"7132",10.56263096652
"7133",59.8824867286895
"7134",6.02183338112008
"7135",47.119333042496
"7136",58.4820903142929
"7137",27.4092830451519
"7138",12.3379726027904
"7139",72.694934169379
"7140",6.11718121308488
"7141",26.5203209602727
"7142",17.8694384845404
"7143",1.82160335237845
"7144",11.3881100333837
"7145",13.086961838303
"7146",61.2844624351123
"7147",19.301431192089
"7148",3.48100028078226
"7149",13.9878691905314
"7150",66.6857794312865
"7151",88.9755798995273
"7152",21.7646708587523
"7153",19.7086426804698
"7154",14.2159382014327
"7155",61.3016387241512
"7156",26.8303798175155
"7157",3.55963200295107
"7158",2.62765467155435
"7159",15.0480322010165
"7160",30.4294113668806
"7161",21.813858569376
"7162",9.63280156008993
"7163",38.2343130913864
"7164",17.5343703856934
"7165",4.85953822417611
"7166",44.0261334243123
"7167",35.8154615411942
"7168",13.5972741618324
"7169",42.5473760015767
"7170",15.9854304725325
"7171",47.1063415449874
"7172",149.711393987333
"7173",10.8916103951206
"7174",2.57603261556259
"7175",6.26319016665411
"7176",32.8267480311148
"7177",7.79418719599543
"7178",20.2501662770903
"7179",4.87791366667901
"7180",2.27292583293591
"7181",18.5013633016478
"7182",32.7756043021513
"7183",6.30422308285301
"7184",19.3877757940892
"7185",8.19927514092491
"7186",21.4428215515332
"7187",8.54194921084053
"7188",12.1606375884548
"7189",42.0116131793675
"7190",24.0828912973473
"7191",15.7292736274322
"7192",27.8496154622969
"7193",33.202113557615
"7194",17.7585744706084
"7195",48.3936151949473
"7196",9.50615319842485
"7197",35.1599001955037
"7198",85.0000810118111
"7199",23.6080879058167
"7200",21.5654153041542
"7201",17.9152920262959
"7202",12.8040799234039
"7203",22.3142349390832
"7204",9.51354305266501
"7205",16.0126452074591
"7206",6.46019046589054
"7207",45.7658000243406
"7208",11.3437524461995
"7209",4.98138506902786
"7210",30.5808975624947
"7211",33.5551598577609
"7212",2.14045222546397
"7213",29.5379967228211
"7214",25.4399179503503
"7215",65.7645296060933
"7216",48.0485854646887
"7217",9.95444897042774
"7218",58.0036701898663
"7219",10.7724647579167
"7220",31.7630239544404
"7221",14.5135440586155
"7222",9.95251494344081
"7223",5.59724524072068
"7224",6.41947370248542
"7225",20.6973020077764
"7226",13.8947019066035
"7227",62.1937191389976
"7228",9.98195077742248
"7229",8.63908726904655
"7230",73.2203774090932
"7231",42.7680004158957
"7232",4.60682054297485
"7233",6.51213285005752
"7234",4.92596100330416
"7235",60.8891185165811
"7236",3.38691039509738
"7237",16.9293904579742
"7238",37.1783936888144
"7239",1.31955450202557
"7240",23.6560916952959
"7241",37.492711268746
"7242",49.3900957823547
"7243",9.01714136394602
"7244",28.6828691784345
"7245",23.3677885112055
"7246",55.1011591898136
"7247",27.9580369600251
"7248",90.1480904434751
"7249",5.37548632211518
"7250",18.5860352984652
"7251",11.1771097129327
"7252",1.7584788826946
"7253",23.9513575753107
"7254",128.15395007862
"7255",8.69938347263488
"7256",1.77543345116516
"7257",32.9349584771213
"7258",95.3253830371393
"7259",10.1009434309527
"7260",15.2878265761629
"7261",22.7315628258406
"7262",3.75831280435688
"7263",41.1521610188335
"7264",19.8425945174269
"7265",19.9654930717983
"7266",39.6145608309284
"7267",19.6917913971655
"7268",25.0821461167521
"7269",54.3130136657265
"7270",3.87800663731986
"7271",13.6291470542258
"7272",23.3695742636272
"7273",23.3507628433295
"7274",17.2663710368774
"7275",14.6968618620558
"7276",32.8838468201649
"7277",6.06600435562239
"7278",52.4210612180734
"7279",52.8514611932541
"7280",79.1668647615072
"7281",24.2859107957089
"7282",8.80602373643644
"7283",30.0772058193651
"7284",41.5705338878038
"7285",3.56298113519926
"7286",13.6925678410877
"7287",23.7978461693167
"7288",12.0758664413971
"7289",2.80325907253301
"7290",38.5671349406075
"7291",5.16005612191519
"7292",36.000275807232
"7293",73.9370006546356
"7294",8.42356837211669
"7295",75.0629091931645
"7296",11.2088263449037
"7297",9.2616787007317
"7298",13.1998703068672
"7299",44.5018151756488
"7300",13.0869762966758
"7301",81.6444984144392
"7302",73.7335819115907
"7303",10.0639096937501
"7304",25.6432049769311
"7305",5.51095908924239
"7306",1.95113698544688
"7307",9.1261924276393
"7308",2.0491433888651
"7309",7.44145697197493
"7310",10.9045416208822
"7311",47.4641480407472
"7312",7.26573986323426
"7313",4.19109148103979
"7314",24.994754536644
"7315",5.95180607343683
"7316",27.4641280601656
"7317",84.8049578382603
"7318",2.94615033644725
"7319",1.86432884719199
"7320",3.93836978935698
"7321",3.18918198389306
"7322",3.48233704575592
"7323",67.1996070472417
"7324",69.0728974114314
"7325",14.1047317239547
"7326",12.0042971733175
"7327",3.88136067365594
"7328",5.94428774718359
"7329",42.10211543496
"7330",1.9526948238983
"7331",2.23020097420768
"7332",42.8855485229744
"7333",39.4585709209357
"7334",21.5803173428575
"7335",15.5636091013474
"7336",45.9498002793384
"7337",6.60027832456756
"7338",7.43676201747816
"7339",5.05908486613443
"7340",28.9501095095486
"7341",19.2714145947545
"7342",50.7623622045814
"7343",28.9784279912898
"7344",14.229185964704
"7345",5.88668709189849
"7346",18.8457252626246
"7347",35.9410000542079
"7348",2.4353895369335
"7349",21.7199933400263
"7350",17.2241183775134
"7351",10.8864709067128
"7352",27.1814999750457
"7353",42.9338450794483
"7354",9.51683471761323
"7355",72.8282954688366
"7356",71.0531751543496
"7357",10.4903161287732
"7358",8.15716336789881
"7359",8.87005243437711
"7360",31.041922436101
"7361",16.7508600836071
"7362",10.3611089499712
"7363",32.2045894271811
"7364",44.6182280039115
"7365",88.5889988432451
"7366",17.1441089501576
"7367",9.41061707129865
"7368",26.8555295539817
"7369",41.1346911298693
"7370",43.683490497471
"7371",70.857904100268
"7372",22.4266440360017
"7373",22.2578256339472
"7374",9.973687394861
"7375",4.31306409859322
"7376",49.1767492478916
"7377",8.32304080279471
"7378",1.87827579824899
"7379",13.1359851910385
"7380",4.74183377326154
"7381",41.0814564197425
"7382",59.1538404338634
"7383",23.2314464755308
"7384",161.593266974253
"7385",24.2065203967434
"7386",18.3363074412942
"7387",7.85972434643018
"7388",3.58993630144669
"7389",77.1340664297526
"7390",22.1061225182917
"7391",10.9068451214403
"7392",10.7109018002232
"7393",18.1900002257596
"7394",1.56436227102913
"7395",34.9097234056097
"7396",64.6748192292551
"7397",80.5584423638475
"7398",1.0640874081921
"7399",4.71970584663825
"7400",21.5031155027582
"7401",23.6475846960433
"7402",11.4132970936149
"7403",8.25057862587075
"7404",2.66359457736519
"7405",19.8055008079109
"7406",27.4733920819717
"7407",11.7520743469434
"7408",1.68920030759515
"7409",69.9949362638317
"7410",24.9879698666509
"7411",33.1647328608081
"7412",62.1660089342005
"7413",43.4648280566467
"7414",13.4408709587996
"7415",48.1210779301345
"7416",11.9830361143307
"7417",30.7565066054564
"7418",27.9794372257055
"7419",57.3769654785923
"7420",15.6300460392845
"7421",4.61876218409275
"7422",15.9737804820013
"7423",33.5519955708143
"7424",62.532966767903
"7425",17.7105465419062
"7426",36.9343122677792
"7427",7.18892523018295
"7428",140.156280202125
"7429",14.6860739145933
"7430",26.3291829020748
"7431",54.0525849862063
"7432",10.0196561728989
"7433",26.6344989553745
"7434",16.1892765920416
"7435",5.66143600435852
"7436",14.4943790716763
"7437",11.5117040184045
"7438",4.4841897917156
"7439",17.4869221925937
"7440",10.9337961486977
"7441",19.7636410659139
"7442",14.2519407131513
"7443",42.5496170742845
"7444",16.4268148437441
"7445",15.5038552460982
"7446",49.3825240946872
"7447",44.1752506714407
"7448",82.1695356507723
"7449",32.6394606325117
"7450",30.2605728871141
"7451",10.1070764372502
"7452",15.7654434831605
"7453",21.2083231560499
"7454",32.3699582341961
"7455",37.5910189151159
"7456",5.55107447614981
"7457",7.58441053380457
"7458",9.35945293281233
"7459",51.7348669044702
"7460",92.7355867861268
"7461",46.8875849750205
"7462",45.5107786113458
"7463",25.1796996902715
"7464",76.7937048380455
"7465",12.641068967949
"7466",7.4222166521422
"7467",44.3106289521223
"7468",51.0646852748931
"7469",18.7990489851606
"7470",45.3420040255286
"7471",10.9999813350509
"7472",24.5440962900025
"7473",33.8138651078911
"7474",5.99824291932264
"7475",35.2255567389531
"7476",10.9941594383053
"7477",4.05935279400625
"7478",37.3277288476701
"7479",2.87025856319755
"7480",9.53270743167426
"7481",39.7246358025298
"7482",13.751153971123
"7483",5.37009385035563
"7484",26.2978231845395
"7485",12.1168654661782
"7486",22.4432954447101
"7487",111.276535971385
"7488",75.2761274169022
"7489",35.9477209169713
"7490",31.1868941456179
"7491",1.70952621567049
"7492",1.77150243605537
"7493",10.2737029131266
"7494",74.3846146632827
"7495",31.2127951081761
"7496",86.6486210397757
"7497",22.0591232910749
"7498",31.6153251751463
"7499",8.79407479103925
"7500",4.16909234051765
"7501",15.6897013477741
"7502",4.12327962060065
"7503",43.8790026263366
"7504",65.0483077897935
"7505",29.9862043992699
"7506",144.0033146963
"7507",7.39468332836923
"7508",19.2861096049894
"7509",7.46028284422948
"7510",4.66472531516639
"7511",15.6305523190948
"7512",21.6071583772805
"7513",69.81814742173
"7514",18.3268582439567
"7515",60.5729953066866
"7516",7.30686527011098
"7517",25.6380172462637
"7518",0.698824099051383
"7519",47.9051612781118
"7520",27.1938694535487
"7521",32.3394299217051
"7522",25.4203792519754
"7523",80.2833600046202
"7524",15.6309843524802
"7525",47.3985225591451
"7526",9.30647066216248
"7527",6.09564184351784
"7528",17.2790797430495
"7529",7.21935679906704
"7530",45.8595213742186
"7531",64.1438929968411
"7532",19.6177928734572
"7533",5.72590477213285
"7534",1.56718685513747
"7535",22.3878784114702
"7536",17.0776189936672
"7537",16.6474843374852
"7538",7.76907427309092
"7539",34.2946578939574
"7540",5.09064813712466
"7541",6.94335506474038
"7542",36.7969787473328
"7543",18.2216258068495
"7544",82.1703678774542
"7545",29.797127704244
"7546",84.8412045197658
"7547",29.5898391765914
"7548",20.1287656125363
"7549",40.822269960618
"7550",6.37105570217543
"7551",36.3390766831607
"7552",48.8416406559206
"7553",12.9345638714302
"7554",0.872170873589208
"7555",20.0857433391654
"7556",13.8206502140128
"7557",71.2280991293133
"7558",3.2908128859441
"7559",23.7576240117615
"7560",2.14941594771252
"7561",61.9837946958454
"7562",23.4906613490655
"7563",18.4762592656752
"7564",20.6073260634081
"7565",42.956120040908
"7566",64.9664942344138
"7567",35.2289844060768
"7568",22.0824496480964
"7569",49.1928168855539
"7570",28.4617126603098
"7571",7.92499819885981
"7572",65.9075118814412
"7573",9.27360816493719
"7574",4.30492414310045
"7575",4.71980112681664
"7576",7.97743839619906
"7577",22.3302330982227
"7578",17.2606737870077
"7579",10.4047723075135
"7580",32.9942727159775
"7581",15.1225714568717
"7582",3.16112941450785
"7583",10.1267356355206
"7584",8.43245986961558
"7585",25.7393403484349
"7586",27.7269759919409
"7587",15.8530438255606
"7588",30.0711025479693
"7589",22.1930460351601
"7590",40.031105753709
"7591",15.2210538154857
"7592",9.89233459617803
"7593",24.0634056327647
"7594",9.39201410849136
"7595",7.2358532602734
"7596",41.7667004849811
"7597",11.3665055723665
"7598",13.7284782737239
"7599",7.08072747160271
"7600",28.4149921383981
"7601",29.5051152769643
"7602",78.6458264550609
"7603",8.76271036481311
"7604",3.08296168805266
"7605",27.4606154968933
"7606",27.322874140508
"7607",30.0189911694154
"7608",92.3257954309088
"7609",44.0485305170313
"7610",10.1658033512413
"7611",8.35852288136092
"7612",96.5380529573885
"7613",68.4779459771641
"7614",7.38138237531145
"7615",2.29740043018748
"7616",8.51217637375044
"7617",18.9770654676285
"7618",19.6230872567687
"7619",29.7694413788911
"7620",20.0177089220611
"7621",4.60231053282188
"7622",8.67821921267407
"7623",66.9384137734038
"7624",4.59993739409126
"7625",52.7039995048906
"7626",5.32484723359752
"7627",4.75940819783814
"7628",37.8435528868747
"7629",4.23742124371824
"7630",35.2430337344871
"7631",33.1411080752392
"7632",51.9878142223847
"7633",13.7846521743711
"7634",1.7011881751306
"7635",14.4977586962071
"7636",10.6842787529419
"7637",18.369769495755
"7638",2.18823070477339
"7639",56.2443210717792
"7640",22.5223365841328
"7641",26.4502861509104
"7642",8.074722067253
"7643",4.28424643317797
"7644",35.6742954178416
"7645",76.3803701180428
"7646",35.9144488010196
"7647",0.594710198555796
"7648",22.1882543631075
"7649",20.3678343905933
"7650",98.3798679000911
"7651",57.4886020602979
"7652",19.675482985647
"7653",27.3872353290785
"7654",48.174288837118
"7655",15.7155341337322
"7656",16.91690763519
"7657",19.0330897370466
"7658",10.8248430686991
"7659",0.434491381085145
"7660",9.96615947553643
"7661",11.3082136453949
"7662",109.940153896506
"7663",55.2021475952321
"7664",8.56128215060922
"7665",34.9627546609792
"7666",6.60619244915426
"7667",5.76887241706212
"7668",2.44327313854373
"7669",17.8118204773628
"7670",14.0121422547615
"7671",67.7970895180605
"7672",12.3737387931963
"7673",93.1181325467563
"7674",10.2546695843058
"7675",92.3728329579161
"7676",38.217757486008
"7677",37.7975425675613
"7678",11.1567956100867
"7679",26.3883864840438
"7680",34.953141031679
"7681",26.2339307422346
"7682",43.0621200812019
"7683",32.8870011428986
"7684",66.2277088297272
"7685",1.62403398236879
"7686",8.86514432328398
"7687",5.73645784339928
"7688",50.23680991116
"7689",73.3031205742203
"7690",39.7778100768933
"7691",2.2616153822438
"7692",2.89925408652754
"7693",58.998681029033
"7694",30.0582431937504
"7695",40.6860122117014
"7696",21.7420523787308
"7697",6.69668407852115
"7698",16.5354277509511
"7699",29.7429118071633
"7700",26.7510740051531
"7701",4.09457412852383
"7702",22.073894578997
"7703",45.5701179603955
"7704",2.57492423653397
"7705",9.28570634766016
"7706",18.1475195595174
"7707",58.8587094483451
"7708",1.57654697671884
"7709",5.54203505051471
"7710",7.93589023916735
"7711",41.1902043839261
"7712",1.99505147107477
"7713",18.9996097792598
"7714",16.1214652202168
"7715",17.9044732593858
"7716",66.5167264006664
"7717",17.7695169090475
"7718",65.1356901377346
"7719",9.2226644963165
"7720",17.8757943646416
"7721",37.9518976832566
"7722",31.6186027318912
"7723",7.7002584087938
"7724",5.93091707362447
"7725",31.7032369284932
"7726",2.85163947682571
"7727",4.42760246558472
"7728",67.1146225407823
"7729",5.55435281548666
"7730",13.8684750455377
"7731",6.62703218870073
"7732",84.6637080570219
"7733",11.8952189690769
"7734",19.6123445025529
"7735",8.3846349636255
"7736",2.73090590501204
"7737",47.8716944886727
"7738",24.2826949092819
"7739",24.3238462719754
"7740",10.845744910889
"7741",14.3780351726359
"7742",49.0069618589662
"7743",6.41549774267629
"7744",2.47201590805233
"7745",2.36919919281458
"7746",31.0117851451156
"7747",29.318072000494
"7748",39.875157797451
"7749",27.8407625838752
"7750",110.1756218628
"7751",31.1038831260477
"7752",38.0025589104014
"7753",26.6450649790877
"7754",14.2660641662885
"7755",19.7009181825558
"7756",24.8985964825796
"7757",36.805570611488
"7758",26.8921907120923
"7759",15.381432936245
"7760",6.70582641761023
"7761",112.032071382834
"7762",58.9889388420855
"7763",7.27952527438018
"7764",40.8311942378567
"7765",2.45027574192651
"7766",10.6432095705996
"7767",13.8043533833568
"7768",68.384042477125
"7769",17.5614941195423
"7770",18.4937751910675
"7771",18.7955913213814
"7772",35.2737541725542
"7773",17.1587423497786
"7774",15.1548706026876
"7775",11.4986262389513
"7776",41.7433715245215
"7777",15.6442690841223
"7778",18.3434619521526
"7779",19.7263861097551
"7780",36.0759675555184
"7781",37.4093876921832
"7782",46.555466707833
"7783",3.16458108588897
"7784",17.144507773784
"7785",15.8819486661003
"7786",45.1670564062475
"7787",8.10272959520286
"7788",12.1364633273442
"7789",1.37449391928048
"7790",31.1983292954155
"7791",13.5698811258751
"7792",16.7744225181677
"7793",1.22482479838695
"7794",9.50251403319834
"7795",18.9474414238131
"7796",22.0152922299474
"7797",38.0434030281338
"7798",70.9660415371406
"7799",2.06650032636508
"7800",7.39543384968192
"7801",24.5362391113869
"7802",7.0502216469775
"7803",0.399951407882757
"7804",12.1665460545707
"7805",27.4092173571218
"7806",25.160841041319
"7807",10.5213738171115
"7808",63.3103644871008
"7809",26.9371599011166
"7810",62.5428671168716
"7811",68.9801165964543
"7812",22.8381234126734
"7813",23.2557030437795
"7814",15.6777625385548
"7815",6.94064586617681
"7816",64.0264462053091
"7817",48.074489845038
"7818",16.3100867057116
"7819",6.65522459723837
"7820",4.73961975521212
"7821",40.9154196784232
"7822",4.30647854117365
"7823",18.5818228843438
"7824",8.45891359184705
"7825",182.735021779908
"7826",85.6082457001189
"7827",4.88908712667414
"7828",2.41577039774564
"7829",15.8525570033962
"7830",12.3504703935489
"7831",17.7363958267287
"7832",1.44963738101075
"7833",19.8602399322431
"7834",7.04596344348263
"7835",3.21053993029864
"7836",22.3961941089408
"7837",3.89646915076988
"7838",7.8771752444467
"7839",6.17463060086491
"7840",72.8282645865146
"7841",55.1371391657022
"7842",13.9377833098269
"7843",25.0041305670347
"7844",22.3920328859593
"7845",16.807875923939
"7846",10.7590538052445
"7847",77.242270353909
"7848",144.971225214456
"7849",20.3610782059543
"7850",13.8801291385688
"7851",26.0711285806555
"7852",1.03481911160836
"7853",31.5884163645537
"7854",50.0958837202669
"7855",23.3269293383055
"7856",28.3336199150225
"7857",7.27843854044053
"7858",9.03249531266844
"7859",142.326092819562
"7860",38.7828287113418
"7861",1.43362523138241
"7862",2.38458774519627
"7863",33.1129352489343
"7864",108.260634633419
"7865",35.3755263066025
"7866",48.4917441321702
"7867",6.66795471614257
"7868",7.82049749530475
"7869",9.22537504397659
"7870",25.204099411564
"7871",141.267359069478
"7872",56.5223034223683
"7873",5.87660367433041
"7874",6.83634613197624
"7875",68.3917609931309
"7876",8.06122795337588
"7877",6.50498103798111
"7878",18.1562508718021
"7879",54.6955798563145
"7880",19.5566713685834
"7881",23.9379776173751
"7882",23.6544254061425
"7883",0.570940731333402
"7884",4.94896350116128
"7885",12.6563682613167
"7886",14.1078062307929
"7887",14.968809625126
"7888",20.1342472252255
"7889",28.5029714686689
"7890",63.503128598598
"7891",82.2313560637015
"7892",9.79434695908809
"7893",3.21025676183487
"7894",7.97782093033108
"7895",8.00314253804406
"7896",43.7233390123529
"7897",23.4237056473445
"7898",25.0040869794966
"7899",56.9053378399759
"7900",38.0687000335295
"7901",1.07929435495675
"7902",65.7877173938507
"7903",12.3057816770635
"7904",92.4442249670151
"7905",76.4635688200722
"7906",9.25936785255749
"7907",57.653203190182
"7908",42.2378011207973
"7909",29.5829959360528
"7910",2.00771952412765
"7911",21.9165662111594
"7912",9.63180030804106
"7913",11.2374970539137
"7914",39.3365775947439
"7915",13.5419726453229
"7916",56.5143335102744
"7917",12.6444391067797
"7918",30.9043989616228
"7919",57.3188622499509
"7920",35.7573028328247
"7921",49.3687273024248
"7922",20.1394360631399
"7923",7.92099351551056
"7924",26.5065386464286
"7925",7.1394555962082
"7926",19.8147009903562
"7927",19.6251645354792
"7928",25.5317192121986
"7929",45.1899730376244
"7930",19.8412312066052
"7931",10.5162220242529
"7932",17.3717048602838
"7933",91.5459665703257
"7934",29.9857244501094
"7935",36.4938528044578
"7936",14.3631833301779
"7937",71.2021294566864
"7938",12.3963716302503
"7939",12.1611054680338
"7940",2.03732663759118
"7941",23.8479183096642
"7942",1.98787208652076
"7943",70.7457316947186
"7944",13.1632072262107
"7945",1.08638810364544
"7946",21.1712006304065
"7947",58.9322612330001
"7948",14.970971521194
"7949",33.7956328566185
"7950",5.56721358865935
"7951",8.86753220133064
"7952",3.71927678456859
"7953",6.59663757087311
"7954",4.95833137029785
"7955",13.4774488262261
"7956",26.1307147551455
"7957",17.098075830738
"7958",56.7793440846235
"7959",18.1129523268011
"7960",38.502482663844
"7961",16.338180161924
"7962",5.09862702519784
"7963",21.7842658802068
"7964",10.2905143935231
"7965",25.3521118015965
"7966",31.1853291120359
"7967",34.6247990922538
"7968",17.7137791465965
"7969",0.403774187901194
"7970",10.258649933655
"7971",7.39748321963198
"7972",2.34710852450684
"7973",2.0491571003575
"7974",33.2972828815642
"7975",5.37688203013788
"7976",51.679531706638
"7977",4.70870427080882
"7978",6.10709193171298
"7979",23.5820121155962
"7980",19.0582768489346
"7981",8.44868885447246
"7982",4.99076953239373
"7983",52.6899740152568
"7984",41.0874708773714
"7985",3.85297088914411
"7986",12.8754011092637
"7987",7.88581453576233
"7988",2.62750538629648
"7989",2.55937407124425
"7990",5.67209161353496
"7991",25.6966440930994
"7992",45.1489700793766
"7993",12.4522651215163
"7994",20.3089234286908
"7995",21.840356997153
"7996",2.82332160324163
"7997",22.4351114471186
"7998",27.1311432127954
"7999",25.5715896721227
"8000",43.8165388275833
"8001",14.821743777202
"8002",1.91628125157533
"8003",9.00321148715989
"8004",24.8560462687912
"8005",6.0176977052385
"8006",63.7098303141311
"8007",44.8140991435181
"8008",13.3681103379685
"8009",91.6425503578912
"8010",12.2029604885839
"8011",11.7705267048794
"8012",30.0943850269342
"8013",76.5371058188284
"8014",39.6819950813271
"8015",15.5227399319791
"8016",115.817554541837
"8017",7.14724746768994
"8018",4.12871384410858
"8019",17.4065835164106
"8020",29.0325752712411
"8021",16.7642343166402
"8022",4.6242385104878
"8023",102.839342397961
"8024",19.210136529777
"8025",9.80992950720101
"8026",27.3939377126354
"8027",15.043179108352
"8028",22.2134937867465
"8029",43.083018304248
"8030",55.7097594385539
"8031",54.1769547677405
"8032",21.529050637164
"8033",89.5299638777161
"8034",51.5915895706537
"8035",21.7948503737678
"8036",44.2050985268831
"8037",2.73073752077794
"8038",6.58725185582286
"8039",7.78036386523278
"8040",17.859136776096
"8041",49.1499763674561
"8042",1.80846858142915
"8043",6.77501524457109
"8044",3.21659738147845
"8045",108.459667610189
"8046",36.9608858702594
"8047",6.4241869647621
"8048",3.24529879056636
"8049",66.2092667127345
"8050",7.17603844717458
"8051",47.9686075996743
"8052",40.7102995334083
"8053",11.3731855865393
"8054",31.407105713813
"8055",25.7378735259044
"8056",34.5122513465387
"8057",61.028570618491
"8058",4.0796567212806
"8059",64.8917619286106
"8060",11.5671758203988
"8061",41.4702224720482
"8062",29.8993444323521
"8063",2.33103810505314
"8064",35.713016494006
"8065",31.2676943352651
"8066",8.53093295543659
"8067",2.23546483035447
"8068",16.9123868908508
"8069",146.547431806538
"8070",25.9009146131345
"8071",6.71618447842439
"8072",42.5340057205198
"8073",6.30317392015196
"8074",1.50997673789712
"8075",18.6394539556356
"8076",24.1449123122844
"8077",7.34962169368973
"8078",16.1121408138676
"8079",6.25045307128201
"8080",6.81336930805115
"8081",4.61719465939433
"8082",20.3335113171252
"8083",18.1611674232721
"8084",12.2957985159756
"8085",44.2748478146958
"8086",0.988024141847373
"8087",34.9631423369479
"8088",28.7491450861553
"8089",3.96099385529503
"8090",40.2140444267738
"8091",0.715993516128954
"8092",43.0032255272495
"8093",116.896078915338
"8094",12.3958163506504
"8095",75.8999985582727
"8096",2.75264869116072
"8097",8.84351127930236
"8098",63.2556608763457
"8099",13.4129225910754
"8100",9.80036349712508
"8101",14.4785091092898
"8102",8.25769481041925
"8103",22.1114608795903
"8104",56.9136582558337
"8105",68.0896590449938
"8106",41.8657446687863
"8107",112.968799630419
"8108",14.908718997138
"8109",61.1345802267428
"8110",6.85553664831819
"8111",21.1963383305345
"8112",60.0699071432633
"8113",26.4635251465784
"8114",16.3914815887451
"8115",27.5836900947113
"8116",24.4359612750421
"8117",12.1212676607743
"8118",75.1235432232261
"8119",39.4969383286811
"8120",9.67025212118675
"8121",30.9184542372947
"8122",148.077536427775
"8123",25.628507473847
"8124",25.0729688808115
"8125",14.7212873468299
"8126",18.845155931516
"8127",18.013638393323
"8128",33.5015783741171
"8129",0.466466572133168
"8130",3.18703627925641
"8131",35.8117502819561
"8132",8.60729077154712
"8133",21.512017644111
"8134",13.2852343502517
"8135",12.3329144218205
"8136",11.2395927616727
"8137",33.0681073862208
"8138",4.02977626494315
"8139",33.6886664186668
"8140",20.0481572017247
"8141",2.53223892779749
"8142",4.62261060519559
"8143",52.694106767774
"8144",2.04723836945798
"8145",72.5685792216558
"8146",93.2108780779071
"8147",50.2585623887041
"8148",78.3904032878076
"8149",28.0820688562786
"8150",8.22193439369302
"8151",14.0100796354612
"8152",6.40527763315378
"8153",4.79819029123793
"8154",57.2427786476515
"8155",47.1820101655448
"8156",3.33466051139338
"8157",5.67221922339421
"8158",26.5845340572171
"8159",14.5069014528642
"8160",11.9754662623461
"8161",120.880947480896
"8162",18.4910385274469
"8163",32.9807602339105
"8164",9.88900490767653
"8165",35.2468912450314
"8166",9.72203026522518
"8167",10.3417196836897
"8168",10.0927347978425
"8169",13.0859002128738
"8170",55.7322469629043
"8171",1.77906820707353
"8172",1.54396234491177
"8173",6.30997792293232
"8174",4.2511961988295
"8175",38.6129112319795
"8176",78.6144379662937
"8177",4.50427148867683
"8178",68.9672530141063
"8179",34.9437259891925
"8180",57.4396173035745
"8181",7.65346917470235
"8182",15.3838929266524
"8183",20.4990824342316
"8184",8.28383896115569
"8185",27.7979077761636
"8186",42.1945946100968
"8187",16.9709872496489
"8188",45.775675689954
"8189",10.8357042047803
"8190",57.8291687935782
"8191",13.5146804146543
"8192",37.3506230982875
"8193",3.47944958059545
"8194",6.54390197890576
"8195",43.1461680138601
"8196",4.71648719612882
"8197",24.7993626198304
"8198",39.2725348810111
"8199",36.3129214356565
"8200",83.7059606777551
"8201",39.0252983036405
"8202",8.93339521642592
"8203",21.1344741364366
"8204",22.7509100352835
"8205",7.12260139623204
"8206",7.52333238827751
"8207",69.6445218466452
"8208",62.9608343056837
"8209",2.50346630299637
"8210",35.0233559620335
"8211",17.0531955503237
"8212",8.53412470192665
"8213",1.81820768861542
"8214",27.5431191578783
"8215",41.379275202849
"8216",20.493538996308
"8217",9.24092375368605
"8218",32.5750788968427
"8219",31.5149600863151
"8220",51.4768169249344
"8221",43.9067732607192
"8222",3.06699004199236
"8223",26.4167444098998
"8224",107.440259738576
"8225",5.75058558643509
"8226",28.1866057844795
"8227",30.3812663136079
"8228",50.1254405670349
"8229",6.79266755623442
"8230",9.17310051733557
"8231",27.1948822942289
"8232",5.02789763896135
"8233",8.30468448373229
"8234",13.7034807401464
"8235",73.4230737970945
"8236",2.22359794679848
"8237",1.17264110294849
"8238",11.7849641139527
"8239",45.5154885598964
"8240",46.2904679599532
"8241",11.3582498253065
"8242",30.3578417226071
"8243",25.0765180503613
"8244",58.7960917233258
"8245",21.930052185677
"8246",97.1463598303083
"8247",24.3814919068814
"8248",25.2508462906017
"8249",76.4325211496167
"8250",126.801224922962
"8251",47.0973105091001
"8252",115.901673732041
"8253",39.6518694649899
"8254",64.8757768715148
"8255",7.17813776017434
"8256",1.82953564031022
"8257",51.1180580689687
"8258",13.8977236025873
"8259",24.2416715884028
"8260",10.6247327273122
"8261",12.8787851189228
"8262",27.4511868884071
"8263",42.1844519209212
"8264",24.6073842246018
"8265",70.7324128367395
"8266",46.1748845044845
"8267",21.6689286896947
"8268",7.97540582607187
"8269",2.22897052611654
"8270",27.2823875031173
"8271",31.3378023606305
"8272",55.0719785022667
"8273",3.76730656500312
"8274",62.0924976242536
"8275",28.7754446925965
"8276",51.3884814225106
"8277",24.9238818275086
"8278",15.4708342803273
"8279",6.36746640485848
"8280",37.3750104755156
"8281",3.99332547727753
"8282",14.2038221173725
"8283",6.24252758501541
"8284",11.8561941462769
"8285",23.6789772565904
"8286",12.0897498169084
"8287",46.0032583021422
"8288",1.63210811246442
"8289",99.4389630400041
"8290",15.7662416763675
"8291",3.55143609355339
"8292",9.26477983031107
"8293",3.39811183719201
"8294",56.4767508731277
"8295",138.638994719542
"8296",176.729051877648
"8297",12.8640488395453
"8298",7.64686555232075
"8299",11.9603626636788
"8300",53.0709269090572
"8301",34.3210442254438
"8302",11.2112758067073
"8303",24.2628357925933
"8304",30.2382171320037
"8305",45.9328512343135
"8306",2.06078534024968
"8307",11.3704988602959
"8308",79.144550762268
"8309",24.4775274951527
"8310",47.0751151008468
"8311",1.70238851910808
"8312",29.299810443758
"8313",6.36338725797552
"8314",6.20306286345829
"8315",112.590161281728
"8316",30.4329113920193
"8317",14.1882462257252
"8318",38.7993581902467
"8319",29.8042136837051
"8320",38.2793876105897
"8321",36.1993388776774
"8322",30.2471523652464
"8323",13.5179647529124
"8324",10.3273157973933
"8325",69.3583382729426
"8326",54.4697295593062
"8327",24.908672706024
"8328",69.785124461579
"8329",35.0490236665184
"8330",4.47789192761013
"8331",21.1651622784715
"8332",26.7434301809752
"8333",6.15896593496874
"8334",50.032304213434
"8335",36.2940378361591
"8336",7.94445887923398
"8337",26.0101308703688
"8338",43.6670361798026
"8339",59.8416640770838
"8340",33.6505238066876
"8341",46.2569660812171
"8342",10.1112207406453
"8343",13.0445400485462
"8344",38.4643334056487
"8345",1.43380467730852
"8346",22.398957440071
"8347",7.03080806590911
"8348",28.3259594548263
"8349",9.43157393864651
"8350",73.7743961019523
"8351",9.95262175690021
"8352",141.532272969203
"8353",8.09756839307052
"8354",36.9559333179452
"8355",4.08480662255621
"8356",15.1419814023678
"8357",5.03335456260171
"8358",13.3296629781664
"8359",33.485741724747
"8360",64.3339917389058
"8361",44.5397003646662
"8362",21.46346955722
"8363",35.5711452307702
"8364",5.66520498143618
"8365",19.2349298106226
"8366",14.0808231468176
"8367",2.62210443660874
"8368",54.8722539624981
"8369",17.5309935615289
"8370",49.2876299826409
"8371",27.3949433880848
"8372",13.6253170463146
"8373",17.5076182651569
"8374",8.76355369812745
"8375",24.2587813773442
"8376",38.8436030208113
"8377",75.7716921242028
"8378",6.26845815953941
"8379",10.5350312290738
"8380",13.8817423166873
"8381",8.35164621707821
"8382",41.0442641597735
"8383",48.6351463264432
"8384",4.71610818799163
"8385",8.79043363381971
"8386",10.6635131264853
"8387",6.34034822220527
"8388",4.95150759443493
"8389",28.0661850308729
"8390",4.61216032766967
"8391",87.3871727434091
"8392",1.54199117502589
"8393",51.155417413077
"8394",46.3685893355927
"8395",22.6569005761991
"8396",24.1306031747207
"8397",9.27654530570518
"8398",23.6855069097506
"8399",2.63586466989714
"8400",21.7151213526994
"8401",7.97116238639588
"8402",1.59503741222393
"8403",7.00292296023609
"8404",1.88280070044654
"8405",17.601855073609
"8406",15.5486135130622
"8407",30.375639331809
"8408",24.288206907091
"8409",20.8693750476195
"8410",15.4545308752625
"8411",18.7715440845154
"8412",29.7419944901947
"8413",21.2715510115802
"8414",41.2403258545818
"8415",2.58417533901876
"8416",9.67216042040083
"8417",2.5340182967928
"8418",22.1265352249767
"8419",51.5211870874613
"8420",101.661938949844
"8421",28.7793956904205
"8422",26.0437598954574
"8423",64.5555710512292
"8424",8.427499789062
"8425",33.2143887082083
"8426",7.24521581847037
"8427",82.8015407903789
"8428",71.9978180264299
"8429",18.6878069432172
"8430",0.800805880715345
"8431",52.6837098190721
"8432",16.743348651041
"8433",28.7437434710408
"8434",43.4847627884773
"8435",75.8829181774739
"8436",7.01090844528494
"8437",10.3994522033667
"8438",9.080873228092
"8439",33.8495073648
"8440",32.1095063872555
"8441",8.36564358782693
"8442",43.0678439418308
"8443",73.9481197558787
"8444",39.1143526143112
"8445",10.987503456364
"8446",22.0428348402593
"8447",3.58367494212626
"8448",21.2910486956119
"8449",7.20100894809291
"8450",60.9040494751028
"8451",18.9904406600263
"8452",9.82622166053591
"8453",19.6188279117652
"8454",20.28483635149
"8455",4.14353953680443
"8456",47.4079840382054
"8457",3.69457396450982
"8458",31.5469539572675
"8459",16.7565480172959
"8460",15.9081046073442
"8461",22.8823725601575
"8462",59.273354859852
"8463",22.1492105405243
"8464",2.84140365441713
"8465",74.6055584134775
"8466",19.9214740212615
"8467",115.88995407788
"8468",4.32098868525239
"8469",5.00339169362805
"8470",4.59876101712699
"8471",10.35092377489
"8472",25.1210542580353
"8473",4.00232586501987
"8474",5.37705465351598
"8475",17.0723041351198
"8476",10.8604233376801
"8477",8.01282761505074
"8478",81.7334230580754
"8479",16.3566658982259
"8480",22.4122439297745
"8481",17.7428682700438
"8482",63.5164830532322
"8483",5.88169150938149
"8484",55.9422760530117
"8485",33.2691904853104
"8486",33.8568693031957
"8487",2.64696113089353
"8488",32.9949340189327
"8489",2.54762455386289
"8490",88.042693536475
"8491",16.8500822734421
"8492",13.5854103886296
"8493",20.6705936050531
"8494",51.3880129805624
"8495",50.9303177075754
"8496",66.8349342773738
"8497",4.83348280594917
"8498",30.2743429988224
"8499",7.4421532454412
"8500",10.1835729232922
"8501",13.9532616783352
"8502",21.1186605395085
"8503",12.5092288738697
"8504",5.13426645055852
"8505",12.3185504868031
"8506",15.9222724131112
"8507",7.60553824523422
"8508",5.98613344975706
"8509",2.29980624538342
"8510",86.1167017231615
"8511",104.800410746921
"8512",13.2779314341677
"8513",25.6301343439691
"8514",42.605343696077
"8515",8.81432890320181
"8516",43.7350062651775
"8517",5.69317904925635
"8518",114.790687873904
"8519",58.7761786955671
"8520",19.752135059502
"8521",2.64988161293948
"8522",8.32721937778422
"8523",2.46019644211023
"8524",18.1689810079283
"8525",61.7656820091947
"8526",10.7355523437781
"8527",60.8661353500134
"8528",65.8695409555686
"8529",30.238864887307
"8530",12.1371417491951
"8531",82.454031361255
"8532",37.1340333531261
"8533",35.1402547734918
"8534",45.4677738765904
"8535",20.0792577070179
"8536",32.5208266525992
"8537",27.004532304488
"8538",18.6488819889487
"8539",13.0004962792195
"8540",9.41057225316326
"8541",10.9478228895147
"8542",38.8367980083462
"8543",10.0847858550897
"8544",13.1338072856497
"8545",142.996605915027
"8546",15.3100057200588
"8547",21.5755648783146
"8548",5.50248048109722
"8549",17.8689834214577
"8550",43.6459985253275
"8551",8.2105901217076
"8552",47.0319059090866
"8553",30.3930698623226
"8554",15.226925799176
"8555",31.2498959746345
"8556",22.7475694059689
"8557",9.21252331637404
"8558",4.16243518074473
"8559",17.6482290440764
"8560",73.2818167744096
"8561",53.6355147039338
"8562",6.83425728799788
"8563",117.394311545144
"8564",14.3837189125926
"8565",28.0294159124635
"8566",41.741593561596
"8567",49.4659218050769
"8568",14.4026751395749
"8569",5.57709926760265
"8570",11.8038914744378
"8571",24.7359512831865
"8572",48.6504954238821
"8573",40.8432761455901
"8574",17.9512113144224
"8575",26.1312685910693
"8576",15.7205226533904
"8577",5.18434153522272
"8578",13.1883334400832
"8579",21.0482268699057
"8580",56.1570579855251
"8581",4.93309985025655
"8582",94.8855889454136
"8583",4.80405118006542
"8584",11.7917670921298
"8585",1.70658810364138
"8586",1.11378074703917
"8587",30.0424272302969
"8588",5.9871988549191
"8589",24.6754372485723
"8590",21.1566227631711
"8591",35.4117187816401
"8592",3.73797461132219
"8593",51.2364957007122
"8594",64.640410614057
"8595",35.3276849003623
"8596",46.4733683936601
"8597",7.3231591075844
"8598",8.31324292374583
"8599",6.98543993270707
"8600",7.38019095164719
"8601",58.0311280529504
"8602",135.385351415231
"8603",30.1995453206221
"8604",15.4373938676983
"8605",10.7334414964014
"8606",33.8647773584729
"8607",21.344398241393
"8608",66.4741049548828
"8609",11.6767364753326
"8610",9.09091201174788
"8611",102.099687063238
"8612",2.69978545288976
"8613",114.507821598228
"8614",80.546634126432
"8615",18.4720281952129
"8616",58.6642323064233
"8617",37.8995257534437
"8618",25.2673394273384
"8619",24.7889944053826
"8620",14.0881262616963
"8621",48.4869860205322
"8622",19.1377595390156
"8623",19.7571380035555
"8624",10.7851589938533
"8625",56.035362211258
"8626",34.9678100343133
"8627",2.86025308617288
"8628",19.747875167195
"8629",85.9316568534497
"8630",38.1660990059245
"8631",5.33287584582144
"8632",81.5967549771812
"8633",46.3918402283221
"8634",46.2907979436691
"8635",10.8990430884478
"8636",29.6934071900828
"8637",59.2176183757678
"8638",8.42248487850428
"8639",5.60619589907891
"8640",19.215405799768
"8641",62.6872067567239
"8642",9.73483843709585
"8643",48.716670874686
"8644",8.52507887537426
"8645",45.0447166907792
"8646",23.6238650749174
"8647",13.6143842014292
"8648",17.7451821812875
"8649",2.33124161181233
"8650",35.2617692106262
"8651",3.56082919176159
"8652",4.4809877858468
"8653",35.6333030241315
"8654",90.2165582733223
"8655",16.8287098062328
"8656",13.5096675182976
"8657",21.7034838152287
"8658",17.1715003237256
"8659",57.904045612534
"8660",132.956739847163
"8661",28.5653239690527
"8662",194.179089115102
"8663",4.75702242481364
"8664",48.0331900294313
"8665",23.5205572773801
"8666",3.02988645838957
"8667",42.0646447672185
"8668",8.81374803393975
"8669",11.8912603503673
"8670",137.909321382026
"8671",20.4808674628318
"8672",32.5327201402954
"8673",2.41224156838418
"8674",38.2496012926534
"8675",4.3677882804242
"8676",10.6925406744493
"8677",0.665456685691613
"8678",35.209763375066
"8679",5.24794757964234
"8680",5.42949213947072
"8681",33.7907740779429
"8682",4.72958401584973
"8683",62.1892131850923
"8684",1.91659633054731
"8685",52.916415180156
"8686",61.4303994468088
"8687",101.939652749805
"8688",25.1387963501352
"8689",45.2312508015908
"8690",31.6917697369759
"8691",5.65841081208581
"8692",120.338997423395
"8693",9.81822627126263
"8694",25.2638207981563
"8695",40.5704400743172
"8696",58.4420287810574
"8697",59.4582084611922
"8698",59.6187791128092
"8699",15.0448687149032
"8700",15.6725484561066
"8701",7.05261707567531
"8702",39.1162261553413
"8703",0.983091013214181
"8704",5.69180479351025
"8705",18.5412691822846
"8706",29.7853607989586
"8707",73.1246064712037
"8708",39.6849781813795
"8709",41.5368131867328
"8710",34.8181953723839
"8711",2.34369117544717
"8712",23.5428481800709
"8713",5.96727311539913
"8714",5.43584590125752
"8715",4.27739015709776
"8716",9.96771744126575
"8717",11.6911971875705
"8718",12.2689054050245
"8719",34.7050303251091
"8720",58.0325647648691
"8721",15.7327654687854
"8722",10.1121217118004
"8723",21.8429326032117
"8724",7.47920138882597
"8725",43.1449797934479
"8726",12.4670506602592
"8727",31.2951299122733
"8728",24.186702258317
"8729",12.6916181741265
"8730",5.0748090990625
"8731",4.13854416909723
"8732",6.97880884772528
"8733",26.076993461753
"8734",32.2652592093752
"8735",7.96888890296168
"8736",30.8757889082129
"8737",51.138250652489
"8738",46.3703048725429
"8739",4.33040907737897
"8740",3.43535810378795
"8741",57.7408443453692
"8742",25.3052851779188
"8743",1.57285852080083
"8744",12.9830794332875
"8745",20.2691104327022
"8746",5.22962278732387
"8747",5.95444733684943
"8748",5.71467170887045
"8749",63.9422426577695
"8750",21.6848251479785
"8751",19.845286372699
"8752",5.64837915245323
"8753",12.2305323363766
"8754",19.7636753034681
"8755",16.4961269334317
"8756",36.0235148826219
"8757",29.5749837207701
"8758",1.79587006638266
"8759",85.5456759096441
"8760",30.2074341674222
"8761",32.798241986372
"8762",11.6423680788084
"8763",88.7619006762422
"8764",12.0091362186499
"8765",9.93373200772137
"8766",84.7588204488321
"8767",20.5401749149289
"8768",1.85380322060807
"8769",124.288929670872
"8770",4.50753011253711
"8771",40.8519009789871
"8772",7.57499918203761
"8773",55.0089848064684
"8774",34.8127917942071
"8775",3.46847414212271
"8776",24.4903133054494
"8777",11.2712015487429
"8778",19.9729719095449
"8779",45.2913761106974
"8780",6.0288983370391
"8781",67.0072230774645
"8782",8.44937874792188
"8783",3.40412966575524
"8784",29.6127907189198
"8785",76.9547904311567
"8786",3.33245107622604
"8787",27.0706817342431
"8788",9.5068239152219
"8789",26.2917907938522
"8790",23.1169232884932
"8791",22.3806875782811
"8792",13.1949438016241
"8793",24.2861304299048
"8794",23.2368099338888
"8795",4.82408678413429
"8796",45.872147083372
"8797",0.969966482270234
"8798",21.5819935242196
"8799",18.4645311285166
"8800",20.9533033798853
"8801",12.841010849682
"8802",3.87232135392517
"8803",10.77273769464
"8804",9.16709891275477
"8805",13.9163776295389
"8806",62.3486032884637
"8807",14.784845980417
"8808",98.6395588121835
"8809",52.0281588048193
"8810",15.4908078192826
"8811",69.4588913173088
"8812",21.5419438848122
"8813",14.4179474921778
"8814",87.3900189431099
"8815",22.0734375731847
"8816",103.6622163024
"8817",4.77321391827316
"8818",108.466408353933
"8819",21.8015128128575
"8820",30.9428054948684
"8821",38.2395204279706
"8822",8.48260355492362
"8823",31.1226091411715
"8824",22.8977236849121
"8825",17.220838700492
"8826",26.0378525912158
"8827",30.8201002059829
"8828",5.79423440325988
"8829",8.98428032293393
"8830",2.88145673187077
"8831",11.7845780078063
"8832",30.0487730788697
"8833",45.5342905612173
"8834",6.4004232113539
"8835",8.38465877730633
"8836",16.5487138597301
"8837",11.3785794592521
"8838",3.67539910332531
"8839",39.4167400546344
"8840",1.87854257414433
"8841",6.33773295151761
"8842",82.1205693384014
"8843",8.49428379903791
"8844",76.073079683927
"8845",8.74519417990471
"8846",31.5734588862934
"8847",32.0942274040135
"8848",2.81777705375159
"8849",20.0175818869355
"8850",58.0728367057286
"8851",21.8853936054415
"8852",24.8183846863655
"8853",57.2927090141717
"8854",40.2227354080682
"8855",27.5190453084812
"8856",29.7856647037688
"8857",19.7594320316273
"8858",13.3088983616546
"8859",49.9460840501635
"8860",48.6684360074914
"8861",23.9385485062136
"8862",1.29465334657397
"8863",9.12643729704451
"8864",29.6672202470006
"8865",40.608917239271
"8866",0.986660879237357
"8867",14.0821436033272
"8868",62.4229738406945
"8869",23.7443891876178
"8870",8.13286384806207
"8871",9.00668130546031
"8872",32.0885291592592
"8873",33.2170185399548
"8874",36.2345140230798
"8875",25.8903793513325
"8876",19.6080326495901
"8877",41.620286401033
"8878",64.0200613902478
"8879",47.4387476002882
"8880",6.33703906937404
"8881",48.7083398129094
"8882",17.860673210041
"8883",0.475555419589032
"8884",4.19457205707294
"8885",39.6712841877646
"8886",34.3397961371996
"8887",19.6139398891
"8888",70.8079356153277
"8889",117.896113022499
"8890",4.41491872417439
"8891",14.2790059372673
"8892",33.067312808529
"8893",32.8292425156605
"8894",75.045063105953
"8895",27.3238009839048
"8896",3.61707542004352
"8897",78.5510593784715
"8898",76.6066144222033
"8899",8.52877864259766
"8900",12.9993242209699
"8901",9.70110344078167
"8902",64.7034883422626
"8903",37.1419735248965
"8904",19.7249108178444
"8905",4.37548384606844
"8906",14.3501850685103
"8907",52.454891820279
"8908",31.1401044665848
"8909",8.51739347681623
"8910",42.2123015160865
"8911",2.12368632898749
"8912",1.58552471879295
"8913",33.4078124672891
"8914",7.25229415777715
"8915",20.7131346991498
"8916",86.533077297084
"8917",5.74952327569237
"8918",16.1240955816489
"8919",25.1724870292181
"8920",6.18469014047205
"8921",54.3491979119108
"8922",15.9241433164237
"8923",42.6935608320997
"8924",7.9193215454757
"8925",41.264199698978
"8926",29.2360713810297
"8927",18.9117575596586
"8928",133.361139627668
"8929",21.7014966527751
"8930",13.1566255617008
"8931",7.63378837045794
"8932",73.3899828091986
"8933",4.9818024022364
"8934",14.1394831815259
"8935",36.2103040748265
"8936",1.50364417506215
"8937",7.87328657445564
"8938",21.3746002173671
"8939",12.1009276277818
"8940",7.31851815185689
"8941",22.6205410342094
"8942",2.92298030353469
"8943",47.5964583462781
"8944",8.71255721406026
"8945",39.5869389963619
"8946",45.0348423498225
"8947",11.3799394791009
"8948",7.80101501628846
"8949",18.4520754884566
"8950",17.610005523119
"8951",41.878753877938
"8952",14.2103160319465
"8953",68.3616785234218
"8954",44.5490841811809
"8955",34.3086294079855
"8956",13.7635816106321
"8957",14.4608280011346
"8958",1.42492872502574
"8959",7.99652392210001
"8960",18.604776543735
"8961",53.6772663307214
"8962",0.7529323727891
"8963",15.705671819742
"8964",63.0389415557374
"8965",12.0567896169422
"8966",7.63299804862671
"8967",6.98558389288861
"8968",13.4175627422382
"8969",31.4697416464685
"8970",69.7610245531527
"8971",16.1584604992636
"8972",3.58086206578598
"8973",9.68982529933573
"8974",9.68313549548196
"8975",11.6835245998452
"8976",22.6198205996284
"8977",33.3079062030668
"8978",16.1957008823692
"8979",49.8451390966481
"8980",70.3422164254848
"8981",25.5236459349706
"8982",17.2573428299367
"8983",34.6562528978615
"8984",16.8219662638157
"8985",17.7561662976245
"8986",25.9679623217629
"8987",84.8855552820989
"8988",2.06766470897174
"8989",36.3167928301696
"8990",56.5888139831053
"8991",3.23411985259254
"8992",27.5840979164892
"8993",3.84014227875809
"8994",15.0030539723015
"8995",0.679353473808022
"8996",18.0736531323548
"8997",20.5091961476903
"8998",32.8211774070552
"8999",1.181901920577
"9000",21.4178192449601
"9001",26.0667527514967
"9002",30.629677773952
"9003",17.4351821529023
"9004",10.7125652254286
"9005",38.8501718212468
"9006",3.0424895358181
"9007",17.6971428689784
"9008",7.30585316138671
"9009",9.85681298579383
"9010",7.47684205878654
"9011",57.533833134339
"9012",36.5182160644175
"9013",77.6951068557841
"9014",109.253172160271
"9015",28.8335997186961
"9016",3.77823243308725
"9017",53.3458854751229
"9018",28.067753909429
"9019",6.75775380937582
"9020",6.23047516312005
"9021",61.2423647809958
"9022",23.8857339149326
"9023",4.37006550402609
"9024",1.35475358014488
"9025",19.9756259096003
"9026",3.29034738678872
"9027",10.9989547283084
"9028",53.3625510494428
"9029",10.2109121106604
"9030",9.26919782640764
"9031",40.0572306928298
"9032",8.07500216321397
"9033",26.1769973476684
"9034",1.92403109703707
"9035",15.8884649080961
"9036",5.74786804259983
"9037",113.196202918943
"9038",12.3222491621192
"9039",1.298769739451
"9040",19.3807477502456
"9041",65.6753202295515
"9042",2.17287704911894
"9043",21.5329438774037
"9044",28.4222537849101
"9045",21.4334655685208
"9046",29.6225624784889
"9047",28.7845307069262
"9048",49.3860415154228
"9049",3.09918691090331
"9050",11.6051140162779
"9051",25.1099417975611
"9052",15.5570713360409
"9053",84.14754120168
"9054",26.0101911721202
"9055",9.56496249454264
"9056",40.5459183812705
"9057",13.3215132223586
"9058",3.94027108448308
"9059",6.67939498429252
"9060",19.8666707861933
"9061",33.1869675420898
"9062",78.7014576716573
"9063",29.3857564068463
"9064",4.11530136621911
"9065",3.10646440195933
"9066",12.2363028138286
"9067",6.50019525341344
"9068",3.05905461639906
"9069",7.95882904606887
"9070",44.8174429601794
"9071",32.3286345900051
"9072",20.0897975078721
"9073",20.7491788837871
"9074",9.19110032100306
"9075",22.1745853982552
"9076",18.3732227239481
"9077",10.9819884014472
"9078",11.7205451610059
"9079",32.2007781693124
"9080",3.2295103427645
"9081",19.9978804579962
"9082",40.2497631544153
"9083",9.16233889007184
"9084",24.5309143064227
"9085",10.3417044535262
"9086",29.0778725931946
"9087",8.67580855994617
"9088",43.307668853109
"9089",72.5581535870335
"9090",10.2321761825756
"9091",3.93086482065717
"9092",70.8046238463456
"9093",36.0107740576497
"9094",102.833759561418
"9095",63.4989252417971
"9096",16.5028139520886
"9097",5.16498611910421
"9098",9.70255327228804
"9099",13.3970275394011
"9100",117.224300882524
"9101",111.395548083389
"9102",3.29417226324319
"9103",29.6888356238132
"9104",11.8841232279167
"9105",6.8105788078273
"9106",17.1301156495079
"9107",21.1947451915466
"9108",6.47199346068441
"9109",13.2875841301421
"9110",2.03973061559607
"9111",0.792042892682972
"9112",33.9158814935039
"9113",0.946212510858729
"9114",4.08951349745711
"9115",3.62834851154167
"9116",5.47520803925051
"9117",30.8131692593682
"9118",6.82786094884368
"9119",10.7266509669715
"9120",4.42805589763308
"9121",88.6101003259106
"9122",7.01057301311337
"9123",24.6365442051464
"9124",55.8837126920387
"9125",17.0057846550033
"9126",22.9121013137516
"9127",4.02086945154108
"9128",2.22554196800156
"9129",81.0904913507557
"9130",55.9429927557414
"9131",78.5096299005318
"9132",95.2704743214891
"9133",46.7681794105479
"9134",1.55032444657201
"9135",21.1123866059064
"9136",11.5544077977401
"9137",24.4666495136969
"9138",16.3730215712742
"9139",30.8228440386825
"9140",31.3510174771002
"9141",30.6274346315737
"9142",5.25578436560851
"9143",16.3220550474225
"9144",80.6782362461426
"9145",28.1957492811675
"9146",28.5425878431561
"9147",11.9783192236361
"9148",4.32822250170419
"9149",29.5738242773943
"9150",0.448193072272405
"9151",56.9641274283904
"9152",71.9577016090106
"9153",4.98663192821782
"9154",4.96714372373027
"9155",26.7011459312782
"9156",104.366061815753
"9157",11.9036814755048
"9158",17.0683915959927
"9159",10.3612469845964
"9160",1.29405747453074
"9161",45.6004314150792
"9162",15.0326301924899
"9163",23.8477136998381
"9164",21.1363907706728
"9165",6.24945797270134
"9166",13.3133562368752
"9167",36.9601528915728
"9168",3.9714687053674
"9169",12.0402976153609
"9170",31.390710738492
"9171",17.3105708425942
"9172",23.4629227655022
"9173",75.3139286378437
"9174",16.5459609338418
"9175",10.7948420870376
"9176",35.0017934986425
"9177",7.05227919091213
"9178",67.6878785669558
"9179",35.9149312278061
"9180",22.3256735035907
"9181",29.0976063369644
"9182",7.39463005852729
"9183",24.2932272444251
"9184",7.35140247146939
"9185",37.5675734622404
"9186",3.09692159997668
"9187",140.673234975117
"9188",39.2310165900541
"9189",21.4510297683287
"9190",26.8718594493972
"9191",22.605217474215
"9192",111.049986463101
"9193",45.236364577621
"9194",16.6524533955916
"9195",8.853585788493
"9196",23.5037316179527
"9197",34.1580365289712
"9198",8.109767857513
"9199",6.83094858953565
"9200",5.9218031890655
"9201",14.6349067594214
"9202",7.97354188695787
"9203",2.23708881208927
"9204",18.7904160519788
"9205",4.03353430438252
"9206",14.0679680783562
"9207",16.6279694770628
"9208",9.72822104789956
"9209",85.9228213086198
"9210",2.32226383101258
"9211",6.36731567143421
"9212",10.8196686736837
"9213",11.7268732638382
"9214",18.9658613527305
"9215",4.82524517333172
"9216",32.2954545479368
"9217",23.8544722073981
"9218",3.36117481059645
"9219",65.3300927190237
"9220",36.4681367705992
"9221",11.323181390641
"9222",6.61162573178801
"9223",23.7146309967645
"9224",33.8932185611605
"9225",13.4476727517574
"9226",17.5347063292289
"9227",19.4204276888409
"9228",7.25236146690471
"9229",19.0593431956097
"9230",37.6158237519785
"9231",30.5454958947242
"9232",108.997914581646
"9233",29.9047433524986
"9234",29.322131430132
"9235",38.6574681519407
"9236",171.666387508632
"9237",4.6167139617616
"9238",47.3353545490438
"9239",14.0405313067337
"9240",82.3731783911268
"9241",19.9905653313346
"9242",10.7262839604365
"9243",22.2435816897623
"9244",51.5900396589322
"9245",4.46538618145125
"9246",57.9546154190026
"9247",35.5089465249447
"9248",20.0561228518092
"9249",17.9996592566862
"9250",20.0210756452658
"9251",7.90103868064088
"9252",79.9377941264005
"9253",6.63543847165914
"9254",4.14821344937692
"9255",50.8654989136949
"9256",33.5628730848521
"9257",63.2902598221309
"9258",20.9482951337165
"9259",27.4226131195171
"9260",14.0965170857182
"9261",26.1619415946379
"9262",13.4545167010888
"9263",36.5167502471618
"9264",52.5185078279047
"9265",11.2083037995345
"9266",24.9566110145088
"9267",38.0479840389524
"9268",15.9949517636535
"9269",8.54938265987106
"9270",72.0415041097003
"9271",56.6139546162141
"9272",11.6012871083343
"9273",15.182604821367
"9274",29.2848936053718
"9275",2.05454974283161
"9276",25.3502070298678
"9277",1.88533660346426
"9278",2.30042450256364
"9279",10.7337157007225
"9280",58.5126803932418
"9281",43.6397168103515
"9282",11.9484989793523
"9283",37.3704445938708
"9284",31.5861596591799
"9285",23.8701029369808
"9286",56.5970037224528
"9287",11.636138603894
"9288",1.37679691105296
"9289",4.70752981245067
"9290",80.4244192550919
"9291",13.0782347871977
"9292",36.9345195560311
"9293",36.3185975036387
"9294",20.9873027242816
"9295",17.494614469503
"9296",41.7445331129281
"9297",84.8999742462761
"9298",4.12382705008807
"9299",20.6195033611808
"9300",41.9905073125185
"9301",15.5960707484236
"9302",2.49161133169268
"9303",16.9939803411871
"9304",27.4065334280673
"9305",3.83023220407955
"9306",12.2721539922042
"9307",8.39591532373399
"9308",8.03205927320658
"9309",101.258680844714
"9310",11.6738482940746
"9311",63.6793967952298
"9312",48.2985951823267
"9313",37.9535154939033
"9314",18.6213339348727
"9315",48.682170225798
"9316",37.6093270152014
"9317",2.75161294758873
"9318",55.3907039938248
"9319",11.838772975044
"9320",97.4370804047965
"9321",19.6640434710707
"9322",35.547165079812
"9323",8.25416448548084
"9324",16.6379783220916
"9325",2.24149871703685
"9326",35.9245525963824
"9327",124.319686285508
"9328",1.65386173112387
"9329",2.89932912549825
"9330",5.69262001731676
"9331",27.7076448263781
"9332",45.3583833294502
"9333",6.89289740400508
"9334",42.2207198471657
"9335",17.5062163716475
"9336",4.57654421044213
"9337",13.6833333253473
"9338",82.5963001917352
"9339",22.4420918490879
"9340",24.8537216291074
"9341",13.5806124464732
"9342",33.4215269141073
"9343",31.7510933203472
"9344",30.1289039762098
"9345",31.0965739705036
"9346",15.5229214717859
"9347",11.8284476800964
"9348",38.2842324927744
"9349",3.9385603342443
"9350",7.84847208054052
"9351",26.6888337323179
"9352",8.27265612135947
"9353",10.7332620093559
"9354",149.603409947683
"9355",22.4590419801515
"9356",62.0406915428437
"9357",17.1457312961442
"9358",4.50894599771119
"9359",1.50327397642384
"9360",19.8880260974123
"9361",2.91234423004962
"9362",60.4650905451531
"9363",4.15695732006197
"9364",24.8506426625899
"9365",21.959698545802
"9366",1.01882389938028
"9367",3.02050506272908
"9368",9.95420193429262
"9369",5.9562803882629
"9370",4.3066679943026
"9371",52.8889199834464
"9372",5.62541397084475
"9373",7.46019282350468
"9374",9.29711116445402
"9375",43.7409746366277
"9376",42.786969354703
"9377",19.6040987454687
"9378",35.6066260090728
"9379",2.31751495706144
"9380",3.4569523672995
"9381",45.1919438886326
"9382",121.185829969677
"9383",41.0761960663697
"9384",126.077935871742
"9385",84.9692004814367
"9386",12.7924366081646
"9387",4.63212714301349
"9388",19.3057883063088
"9389",67.1687153372289
"9390",25.319760706683
"9391",12.5498085181117
"9392",62.7577020377285
"9393",36.9825669250527
"9394",0.723712695772572
"9395",40.8317844011428
"9396",24.1780457297178
"9397",5.12908304176058
"9398",18.93335685654
"9399",7.48320664229822
"9400",33.2597946258905
"9401",52.4956827302335
"9402",41.5088679410953
"9403",7.56701996770838
"9404",17.7133836210736
"9405",7.44550690964355
"9406",41.2256636314429
"9407",21.8912145735031
"9408",22.1818548648014
"9409",14.6552324759092
"9410",10.8767172035891
"9411",23.1323466240587
"9412",3.272158956166
"9413",58.6471102079488
"9414",50.5835810386857
"9415",67.8237215180469
"9416",8.89738080838094
"9417",38.7238203806055
"9418",11.184562772288
"9419",10.1922305905048
"9420",7.49419638353168
"9421",84.7526323935696
"9422",18.5157144270677
"9423",19.7843595814031
"9424",2.05949688876273
"9425",12.1544129378727
"9426",2.6249184089978
"9427",20.6263607605963
"9428",4.82078830215403
"9429",53.3057147978353
"9430",80.518661812328
"9431",26.6387271946939
"9432",20.1378043901877
"9433",17.5840111858806
"9434",13.2526448983766
"9435",13.7881223385628
"9436",6.67481748955639
"9437",13.9274189019222
"9438",25.183199881806
"9439",12.4317757959206
"9440",8.48740024637404
"9441",115.286003927565
"9442",70.4288018775397
"9443",3.89327720808377
"9444",31.3449595033355
"9445",15.7365934503415
"9446",23.5151822996742
"9447",31.3678967164518
"9448",27.8618028342088
"9449",17.2212727467151
"9450",5.43440439686871
"9451",26.2142158953869
"9452",33.0237062922299
"9453",24.1562135649801
"9454",25.2929412776931
"9455",5.55060779063468
"9456",15.5825387274985
"9457",9.18286668344096
"9458",5.39001401825163
"9459",43.5229853736579
"9460",17.6093574303831
"9461",38.1137422741086
"9462",48.2728573915824
"9463",12.6820140916528
"9464",79.7007724799008
"9465",52.2301233851187
"9466",107.38519117194
"9467",47.5514518563637
"9468",5.88763513633164
"9469",50.6114860822277
"9470",73.7889843480227
"9471",50.452257770088
"9472",21.1238303056894
"9473",41.5657226470535
"9474",5.0941320607957
"9475",22.3493388641784
"9476",1.58698377372
"9477",45.2193557025067
"9478",18.4951862710896
"9479",13.3591203612677
"9480",18.868548612196
"9481",93.4455998926822
"9482",21.1236759630001
"9483",11.595309613376
"9484",6.63591218012203
"9485",41.6257081028167
"9486",20.8894894472719
"9487",4.56980213745024
"9488",7.7754216554946
"9489",34.245391525976
"9490",0.672856213056012
"9491",12.1575330843043
"9492",49.694548919099
"9493",28.4276902765134
"9494",2.2838028962868
"9495",6.79545427598573
"9496",20.2148838053863
"9497",7.54888148098988
"9498",2.72327424169169
"9499",19.6026295012463
"9500",2.41513969259591
"9501",6.61376218014584
"9502",68.2338585172924
"9503",12.2266210660595
"9504",3.40026916239682
"9505",1.13049906318339
"9506",29.0406964861059
"9507",60.9880827427903
"9508",16.7921535225811
"9509",22.3013978041161
"9510",10.5891473367103
"9511",112.326600339329
"9512",50.137291080274
"9513",26.5300691162869
"9514",11.0345430775957
"9515",4.30520483312697
"9516",7.38213718441235
"9517",9.42761974663137
"9518",8.41340438156358
"9519",9.91748922186393
"9520",10.5811178977872
"9521",22.8490431734031
"9522",71.7997842239959
"9523",7.96259422058039
"9524",3.3195138258392
"9525",46.7369732579245
"9526",45.4780002104174
"9527",6.61607270874533
"9528",8.3569523352278
"9529",15.989335731545
"9530",68.0905447380365
"9531",20.7201680213455
"9532",44.6188916490773
"9533",12.3765740726764
"9534",3.76438942624333
"9535",100.528192219306
"9536",33.637073516697
"9537",5.45328788238301
"9538",24.6382441279238
"9539",1.45102914402388
"9540",45.3577997848943
"9541",122.994789609907
"9542",36.7612332804085
"9543",13.5015427646046
"9544",33.8951237877554
"9545",41.7939337338956
"9546",33.6263062432102
"9547",81.7553152359725
"9548",53.5047089419052
"9549",24.5217144171207
"9550",13.2842767567569
"9551",24.6947620488936
"9552",46.8749124569487
"9553",38.9880678813172
"9554",5.22548952272515
"9555",33.1044517767095
"9556",4.65630487947007
"9557",4.37298563497906
"9558",23.5667046394491
"9559",11.4998954751669
"9560",10.1057073650171
"9561",4.32025803496245
"9562",50.4308971629824
"9563",24.3804044931878
"9564",29.146363553715
"9565",17.9908860814286
"9566",13.8820759071146
"9567",49.3843388113025
"9568",5.37258876944475
"9569",7.39511203839224
"9570",15.0495650453062
"9571",11.8275266876004
"9572",17.517325195457
"9573",3.55885258308324
"9574",53.8667604706486
"9575",80.8994080740647
"9576",33.5002135056627
"9577",3.34947007686526
"9578",7.52058672446723
"9579",1.40768661148101
"9580",14.3599980424276
"9581",15.6282366406035
"9582",44.7611208725969
"9583",57.8410842626699
"9584",96.3138237555717
"9585",5.77252299401707
"9586",2.06995173121972
"9587",29.7017407692102
"9588",18.4247877590431
"9589",9.05139953984888
"9590",17.3365087612322
"9591",28.2962589304146
"9592",50.7338193063529
"9593",41.6318248072137
"9594",19.8487032334989
"9595",45.8248670449641
"9596",18.71544131905
"9597",41.9857385008682
"9598",36.2519158103145
"9599",32.4249646853558
"9600",75.4505324190636
"9601",9.3241290781172
"9602",27.3710757215914
"9603",20.6487738919477
"9604",1.42307755752387
"9605",12.3462222974747
"9606",17.2559341418356
"9607",5.68424040206733
"9608",63.5012387826879
"9609",1.92921654471346
"9610",54.1217320446828
"9611",8.87949184105436
"9612",4.14751023845171
"9613",37.694642780126
"9614",23.7798697475939
"9615",42.906922293922
"9616",14.808065296858
"9617",8.53663637382377
"9618",29.9714376162021
"9619",11.4300977605092
"9620",1.29197620155169
"9621",9.56859750581916
"9622",11.3153039523458
"9623",55.673643559058
"9624",27.2725667696495
"9625",27.7043075415421
"9626",13.6367966723302
"9627",34.2275932364856
"9628",16.9894493039872
"9629",2.18947492035316
"9630",20.5213566936055
"9631",31.6873517021956
"9632",4.92525957757212
"9633",24.0901423710105
"9634",3.79597504187137
"9635",52.9661408670157
"9636",70.3222368967922
"9637",16.2750382178343
"9638",8.61444431568056
"9639",31.5685673580835
"9640",29.0335378016676
"9641",51.8642072006022
"9642",9.76049649722165
"9643",1.57852998805875
"9644",22.8361210185802
"9645",17.7618594693914
"9646",1.66705074099307
"9647",31.0213527373729
"9648",7.58419800489959
"9649",7.79456142066492
"9650",10.7291089023768
"9651",7.63416415806408
"9652",13.1349778883998
"9653",26.6105623865167
"9654",51.4642811211055
"9655",12.4396289881961
"9656",28.0169098181664
"9657",1.8097653888467
"9658",41.235976643797
"9659",2.1982740619253
"9660",8.01093509120387
"9661",8.05397175851882
"9662",6.72413109415059
"9663",15.3308373905889
"9664",6.61327779002682
"9665",8.18582471418943
"9666",65.0846811516692
"9667",21.1913400340346
"9668",65.023331987785
"9669",5.03263137361559
"9670",20.8419173555683
"9671",10.1629099188269
"9672",77.0286042709039
"9673",8.2485509284476
"9674",34.4646246655343
"9675",37.2448321342025
"9676",18.2591201663967
"9677",18.172324857867
"9678",4.32415703402981
"9679",43.2670527323521
"9680",70.4287844771206
"9681",20.629804268804
"9682",1.97364102009973
"9683",21.7418851939102
"9684",19.6544589454335
"9685",5.44185537355031
"9686",5.47708451542241
"9687",24.3754106317443
"9688",6.77553351966783
"9689",11.3405138017704
"9690",1.00046511409898
"9691",6.00929108040038
"9692",25.7301329455154
"9693",37.9934093413324
"9694",18.8918234150633
"9695",35.9648569931249
"9696",15.0549232219257
"9697",21.9546473849828
"9698",14.7762429647925
"9699",58.8324987374619
"9700",14.7291352516417
"9701",59.9124062045205
"9702",8.08208187400479
"9703",6.56440534909706
"9704",86.1095646403351
"9705",9.25540677220844
"9706",40.279158096024
"9707",27.9097614293397
"9708",20.7583129484599
"9709",57.5306357528229
"9710",19.1196776925559
"9711",35.1332689936646
"9712",17.9540019845964
"9713",73.608331523846
"9714",125.173253566878
"9715",8.43717646007341
"9716",27.2455571450299
"9717",2.03233509573506
"9718",23.5132085816616
"9719",6.51613665076768
"9720",17.9722184823688
"9721",21.5390062219455
"9722",38.2609627543322
"9723",32.0742554580235
"9724",23.5532467082057
"9725",40.0203671089859
"9726",12.1380912545242
"9727",80.6233372105617
"9728",10.0579196760866
"9729",39.8197977374054
"9730",35.4585911322168
"9731",13.1842343262742
"9732",57.4422965618766
"9733",19.2378711644764
"9734",3.43247885376762
"9735",43.0802043323072
"9736",51.4802400788704
"9737",11.3626782611152
"9738",16.1085377084743
"9739",34.5982210282598
"9740",15.8596333157709
"9741",53.26030275647
"9742",29.9913975604395
"9743",56.3077292060473
"9744",17.1426970682292
"9745",7.5529067135398
"9746",54.8748233621235
"9747",3.63880901032383
"9748",28.682122942847
"9749",12.9246046075869
"9750",14.0304523465005
"9751",55.0455782772761
"9752",141.281410225227
"9753",78.0858061331958
"9754",2.97744193222593
"9755",32.7710252300511
"9756",29.4690985651341
"9757",29.9357415062704
"9758",26.5345149288671
"9759",32.0708335437005
"9760",31.9322601794799
"9761",33.7216271744917
"9762",21.7625546322528
"9763",12.8573856103152
"9764",16.7746740828751
"9765",178.631003908832
"9766",6.17343882332908
"9767",33.0507035972125
"9768",24.691268048038
"9769",9.68314679539845
"9770",8.93089677795723
"9771",1.69043773197184
"9772",35.4193226052568
"9773",76.4953619551235
"9774",11.2623968640931
"9775",22.9930625005207
"9776",18.3396401438356
"9777",8.2517561482827
"9778",2.80130955229722
"9779",28.9767676634524
"9780",1.80456027758987
"9781",35.8898641286618
"9782",5.74387410247178
"9783",6.375989887111
"9784",7.14603545074956
"9785",13.9917615198999
"9786",16.8879515658632
"9787",8.68145217513213
"9788",14.5864498691424
"9789",11.9949783546563
"9790",14.9659603692557
"9791",9.1549846183252
"9792",27.7886921682222
"9793",41.9009791866157
"9794",18.0251267763019
"9795",1.3962894162037
"9796",133.28821924557
"9797",48.6565273195089
"9798",2.23177975777821
"9799",4.18073815816016
"9800",1.70909034180634
"9801",104.854060155672
"9802",26.0260181116402
"9803",37.7444374393645
"9804",21.5680560140935
"9805",11.3580486925906
"9806",23.4911142375622
"9807",24.1654244936164
"9808",43.106828143644
"9809",17.4475966683955
"9810",17.6552970807633
"9811",11.501573743902
"9812",3.77679222125834
"9813",13.1616185468261
"9814",37.6268283220546
"9815",25.4270853813539
"9816",31.5351184963017
"9817",15.6145067804735
"9818",8.88553544499051
"9819",54.8500332838303
"9820",19.0571630112303
"9821",35.882810795251
"9822",96.3985632207858
"9823",12.2038780190518
"9824",74.3360047083975
"9825",5.49514117894309
"9826",45.1819284732775
"9827",8.12649904027339
"9828",7.63357731591673
"9829",3.8682347915124
"9830",33.6790764694093
"9831",28.2074141212252
"9832",11.6018717147088
"9833",107.764074825662
"9834",8.11943594727482
"9835",45.0338764581346
"9836",65.0672896789838
"9837",53.5647834665248
"9838",42.1219932951375
"9839",36.1973004453206
"9840",13.8169413194104
"9841",15.2670187465063
"9842",29.2070037529854
"9843",13.1477513826748
"9844",6.60555829443908
"9845",11.7293669902329
"9846",13.251050958217
"9847",7.14128277987085
"9848",81.8832020884001
"9849",12.3534035801
"9850",50.103339676147
"9851",16.4752838256046
"9852",6.88450351069823
"9853",6.7490925386138
"9854",64.9660494031991
"9855",23.4833292986978
"9856",9.80222699168757
"9857",25.7188453290404
"9858",21.3623478453226
"9859",11.1332128362138
"9860",7.05409746311983
"9861",40.2779244255112
"9862",6.80424109131658
"9863",26.3879488321314
"9864",14.948034262249
"9865",59.3956392878434
"9866",38.8936099979371
"9867",12.8283068058614
"9868",10.1445622847855
"9869",1.04466535659054
"9870",27.4375999657637
"9871",5.05422572613986
"9872",79.1875464257725
"9873",14.1213158327718
"9874",63.9254820148462
"9875",8.68900352583169
"9876",7.80282945838926
"9877",6.26619864291002
"9878",23.4380773103237
"9879",19.9570784750498
"9880",11.3091995551494
"9881",12.1387795328043
"9882",19.787313614895
"9883",12.9822038593967
"9884",3.25499365226287
"9885",10.2704744391211
"9886",63.1109878753196
"9887",52.7919392108602
"9888",6.52636833540248
"9889",40.9502470745614
"9890",1.66191645901664
"9891",8.7543991943631
"9892",9.06063638451298
"9893",13.3135853713963
"9894",26.4354954601838
"9895",62.5965968771561
"9896",44.4749315007453
"9897",20.3992883429547
"9898",2.45007542222606
"9899",30.558743220028
"9900",27.613771161812
"9901",53.9056992385051
"9902",55.6305023692257
"9903",38.3903994847854
"9904",5.38570959249507
"9905",37.6181742920603
"9906",9.28796258894027
"9907",8.13600309664605
"9908",1.13396083628824
"9909",31.2632444816137
"9910",30.6989671841072
"9911",36.7905272923253
"9912",37.1848013367921
"9913",13.1244777876057
"9914",32.4131161706443
"9915",41.6840289594316
"9916",24.2275074303758
"9917",1.63979976375498
"9918",58.1093687270195
"9919",37.017190235521
"9920",22.6979593403279
"9921",5.64067333760732
"9922",16.416775772219
"9923",114.061532589704
"9924",97.2549587762765
"9925",10.2336460255678
"9926",35.67270322093
"9927",6.34239126909383
"9928",37.3661892959322
"9929",12.8446522409413
"9930",37.529074169968
"9931",11.2657646510938
"9932",18.7175353750326
"9933",63.6441287368415
"9934",8.88936231734357
"9935",42.8608635472406
"9936",14.8072160278379
"9937",25.9687401514741
"9938",82.4746896500639
"9939",21.717316966686
"9940",25.1911125109798
"9941",61.3661409941758
"9942",27.2855733825211
"9943",28.7441260431666
"9944",16.582818455378
"9945",8.60891303885941
"9946",24.5866760035303
"9947",77.6060675496155
"9948",32.0836508368799
"9949",4.24727583580873
"9950",40.1326633231828
"9951",30.9281147135905
"9952",38.4226011094793
"9953",10.9168513096612
"9954",23.8664721333812
"9955",34.1421404197102
"9956",51.2103966040088
"9957",18.5948240187788
"9958",66.265189156908
"9959",13.5446300107447
"9960",33.0616392848096
"9961",15.099337212754
"9962",3.25237226422869
"9963",33.5397409674873
"9964",1.08810529597653
"9965",30.7699625956072
"9966",14.0022114602793
"9967",23.096603726395
"9968",37.1904549273418
"9969",27.7008179814824
"9970",65.5407423271656
"9971",58.4156772001293
"9972",28.3079443264625
"9973",10.7175409118809
"9974",51.5910739681245
"9975",35.927138815592
"9976",19.9264000518348
"9977",8.88641241549438
"9978",10.2326641241922
"9979",1.35726425525684
"9980",12.6603764763197
"9981",5.55172382858395
"9982",6.38036786793171
"9983",21.6519294361183
"9984",22.1813332891447
"9985",11.0211806704997
"9986",25.0538453317318
"9987",65.8589553444706
"9988",27.6544978192896
"9989",18.2274554278194
"9990",41.5459979499821
"9991",43.4347022751397
"9992",18.2085021213162
"9993",19.8856622765626
"9994",3.4531601683896
"9995",26.9337456571836
"9996",20.4841236474465
"9997",3.44353797925385
"9998",46.6022671134085
"9999",19.2382760984308
"10000",5.67451909559104
