"","x"
"1",83
"2",104
"3",40.3
"4",27.6
"5",23
"6",7.3
"7",8.2
"8",8.7
"9",7.1
"10",2.3
"11",15.7
"12",67.3
"13",18.4
"14",10.3
"15",83.9
"16",51.7
"17",38.2
"18",33.2
"19",61.9
"20",88.6
"21",72.4
"22",28.7
"23",72.7
"24",20.6
"25",27.7
"26",8.4
"27",14
"28",10.4
"29",10.9
"30",2.1
"31",15.4
"32",4.1
"33",5.6
"34",11.6
"35",8.1
"36",14
"37",10
"38",6.3
"39",120.3
"40",38.2
"41",44.2
"42",6.2
"43",8.1
"44",61.6
"45",27.7
"46",70.1
"47",11.4
"48",9.2
"49",5.6
"50",11
"51",3.6
"52",38.6
"53",29.6
"54",29
"55",22.8
"56",10.1
"57",18.3
"58",6.9
"59",59.9
"60",37.2
"61",5.5
"62",64
"63",11.3
"64",14.7
"65",35.2
"66",39.7
"67",54
"68",30.6
"69",10.7
"70",5.2
"71",0.9
"72",4.9
"73",1
"74",4.2
"75",29.9
"76",1.9
"77",11.8
"78",5.3
"79",24.3
"80",30.3
"81",6.2
"82",22.8
"83",11.3
"84",18.3
"85",37.4
"86",64.2
"87",7.5
"88",20.5
"89",5.5
"90",12.3
"91",4.4
"92",39.8
"93",8.9
"94",57.6
"95",23.1
"96",30.3
"97",34.3
"98",101.3
"99",21.3
"100",80.8
"101",57.1
"102",18.3
"103",34
"104",17.1
"105",20.5
"106",6.6
"107",19
"108",46.2
"109",16.2
"110",18.7
"111",59.5
"112",59.6
"113",45.7
"114",8.6
"115",37.3
"116",23.4
"117",37.6
"118",19.8
"119",23.5
"120",25.1
"121",1.8
"122",14.8
"123",15.1
"124",5
"125",5.4
"126",44.8
"127",2.5
"128",6
"129",23
"130",2.9
"131",12.7
"132",7.3
"133",9.9
"134",39.1
"135",32.2
"136",96.8
"137",12.1
"138",5.2
"139",109.3
"140",50.7
"141",11.8
"142",44.9
"143",52.8
"144",67
"145",18.6
"146",10.3
"147",10.6
"148",10.2
"149",31.5
"150",38.9
"151",35.7
"152",8.1
"153",13.1
"154",38.8
"155",48.8
"156",29.1
"157",30.1
"158",23.1
"159",11
"160",3
"161",8
"162",21
"163",7.9
"164",34.6
"165",23.4
"166",22.9
"167",39
"168",44.6
"169",57.8
"170",41.2
"171",21.4
"172",9.8
"173",1.6
"174",13.8
"175",3.3
"176",37.5
"177",2.3
"178",18.8
"179",15.3
"180",90.5
"181",29.2
"182",16.8
"183",76.8
"184",3.6
"185",23.9
"186",20.7
"187",0.6
"188",10.4
"189",78.9
"190",22.6
"191",12.4
"192",23.7
"193",85.1
"194",10.6
"195",13.4
"196",31
"197",4.3
"198",5
"199",12
"200",2.1
"201",10.8
"202",2.3
"203",54.9
"204",3.3
"205",27.6
"206",1.9
"207",27.2
"208",56.2
"209",119.8
"210",18.8
"211",10.7
"212",25
"213",59.8
"214",56.1
"215",72.8
"216",21.5
"217",17.1
"218",38.4
"219",8.8
"220",19.2
"221",28
"222",25.5
"223",18.3
"224",21.4
"225",35.5
"226",24.9
"227",27.6
"228",7.1
"229",14.5
"230",41.6
"231",9.8
"232",37.9
"233",28.6
"234",62.4
"235",24.9
"236",12.3
"237",5.5
"238",4.3
"239",24.5
"240",6.9
"241",10.4
"242",21.4
"243",38.4
"244",5.8
"245",24.6
"246",28.3
"247",74.6
"248",12.2
"249",32.3
"250",25.7
"251",11.3
"252",4.6
"253",36.5
"254",5.1
"255",6.6
"256",6
"257",37.2
"258",40.1
"259",64.3
"260",33.6
"261",33.7
"262",1.5
"263",9.1
"264",49.8
"265",60.1
"266",66.1
"267",31.4
"268",6.2
"269",4.3
"270",49.2
"271",16.1
"272",25.7
"273",89.6
"274",66.4
"275",27.7
"276",33
"277",15.7
"278",50.5
"279",29.2
"280",21.7
"281",3.5
"282",61.8
"283",22.7
"284",13.1
"285",2.4
"286",5.5
"287",172.8
"288",26.9
"289",42.9
"290",52.7
"291",15.8
"292",16.7
"293",2.7
"294",8.5
"295",15.3
"296",6.4
"297",31.4
"298",28.8
"299",20.9
"300",12.4
"301",14.9
"302",37
"303",32.2
"304",12
"305",12.9
"306",22.6
"307",36.5
"308",26.9
"309",11.4
"310",3.3
"311",43.5
"312",27.5
"313",9.3
"314",1.8
"315",19.6
"316",4.4
"317",4.4
"318",38.8
"319",44.1
"320",1.5
"321",8
"322",17.9
"323",41
"324",55
"325",47.6
"326",4.5
"327",2.1
"328",26.8
"329",22.8
"330",10
"331",14.8
"332",0.7
"333",39.8
"334",37.1
"335",54.6
"336",3.8
"337",4.4
"338",36.9
"339",30.7
"340",6.5
"341",3.3
"342",10.8
"343",3.5
"344",42.7
"345",27
"346",1.9
"347",7.7
"348",24.8
"349",24.5
"350",5.3
"351",13.6
"352",23.2
"353",53.4
"354",14.7
"355",6.2
"356",36.1
"357",19.4
"358",1.5
"359",13.2
"360",28.6
"361",42.3
"362",14.8
"363",48.5
"364",25
"365",6.4
"366",2
"367",106.7
"368",18.6
"369",33.3
"370",23.9
"371",49
"372",101.2
"373",73.3
"374",141.4
"375",30.1
"376",15.9
"377",21.9
"378",73.1
"379",1.1
"380",20.3
"381",2.6
"382",31.8
"383",12.1
"384",9.8
"385",27.7
"386",1
"387",8.4
"388",36.4
"389",9.1
"390",43.4
"391",42.3
"392",92.6
"393",121.9
"394",24.4
"395",15.5
"396",7
"397",26.9
"398",5.6
"399",14.4
"400",2.2
"401",48.1
"402",5.5
"403",9
"404",66.7
"405",5.8
"406",48.8
"407",85.8
"408",39.2
"409",3.1
"410",21.5
"411",40.9
"412",38.1
"413",17.1
"414",39.8
"415",8.6
"416",68.4
"417",16.9
"418",52
"419",5.3
"420",37.6
"421",14.7
"422",19.8
"423",25.4
"424",13.4
"425",5.2
"426",7.6
"427",38.5
"428",6
"429",8.4
"430",5.2
"431",8.6
"432",14.6
"433",61.8
"434",47.2
"435",17.2
"436",12.6
"437",28.3
"438",6.1
"439",20.1
"440",87.4
"441",3.2
"442",70.4
"443",15.8
"444",40.9
"445",10
"446",24.9
"447",1.9
"448",6.4
"449",9.9
"450",16.8
"451",30.8
"452",115.4
"453",23.2
"454",3.2
"455",15.4
"456",37.6
"457",9.3
"458",15.2
"459",21.7
"460",34.9
"461",60.1
"462",7
"463",111.3
"464",76.8
"465",2
"466",46.2
"467",4
"468",47.6
"469",19.3
"470",49
"471",11
"472",6.9
"473",16
"474",22.6
"475",45.5
"476",28.8
"477",2.8
"478",36
"479",17
"480",15
"481",18.4
"482",59.1
"483",60.3
"484",90.3
"485",38.9
"486",36.2
"487",38.2
"488",9.9
"489",16.8
"490",64.7
"491",5.5
"492",5.6
"493",2.3
"494",6.1
"495",8.4
"496",41.5
"497",45.7
"498",6.8
"499",46.2
"500",8.3
"501",93.1
"502",15.3
"503",22.7
"504",14.3
"505",17.1
"506",87.8
"507",33
"508",17.3
"509",35.3
"510",20.8
"511",40.9
"512",7.9
"513",37.4
"514",11.8
"515",101.1
"516",35.6
"517",6.3
"518",76.5
"519",34.5
"520",26
"521",4.4
"522",7.8
"523",40.8
"524",67.5
"525",12.7
"526",30.8
"527",25.9
"528",8.7
"529",57.1
"530",34.8
"531",8.6
"532",23.4
"533",47.3
"534",28.7
"535",42.4
"536",15.5
"537",1.3
"538",78
"539",27.5
"540",51.2
"541",9.6
"542",46.1
"543",7.4
"544",40.7
"545",39.6
"546",54.3
"547",15.5
"548",29.5
"549",11.3
"550",9.7
"551",49.7
"552",17.7
"553",85.8
"554",2.6
"555",20.1
"556",54.7
"557",3.9
"558",84.3
"559",18.3
"560",31.9
"561",19.4
"562",23.2
"563",3
"564",7.5
"565",11
"566",10.4
"567",2.4
"568",58.6
"569",12.6
"570",151.6
"571",25.7
"572",9.3
"573",39.8
"574",4.5
"575",20.6
"576",71.4
"577",79.8
"578",31.6
"579",8.3
"580",17.1
"581",16.6
"582",69.2
"583",30.7
"584",4.6
"585",4.7
"586",9.2
"587",2.4
"588",7.6
"589",58.6
"590",9
"591",13.7
"592",18
"593",22.2
"594",4.1
"595",6.2
"596",26.2
"597",3.9
"598",26.8
"599",0.5
"600",15.2
"601",5.1
"602",69.7
"603",2.9
"604",78.6
"605",61.6
"606",52.6
"607",25.5
"608",19.5
"609",24
"610",32.3
"611",55.2
"612",8.5
"613",9.3
"614",16.3
"615",89.9
"616",2.7
"617",14
"618",27.5
"619",3
"620",13.5
"621",79.4
"622",11.1
"623",7.3
"624",32.1
"625",80.3
"626",11.7
"627",1.4
"628",50.2
"629",10.1
"630",15
"631",4.9
"632",22.7
"633",15.6
"634",5.4
"635",11.1
"636",22.1
"637",18.3
"638",4.2
"639",36.7
"640",36.2
"641",12.1
"642",10
"643",3.6
"644",9.7
"645",20.7
"646",26.8
"647",10.6
"648",44.3
"649",8.1
"650",68.9
"651",72.1
"652",2.9
"653",37.8
"654",44.4
"655",2.8
"656",14.3
"657",181.7
"658",5.5
"659",72.3
"660",9.7
"661",1.4
"662",27.2
"663",15.9
"664",34.6
"665",1.1
"666",2.6
"667",12.9
"668",83.8
"669",8.6
"670",56.1
"671",18.9
"672",129.2
"673",69.6
"674",8.7
"675",71.5
"676",21.7
"677",37.8
"678",26.6
"679",30.9
"680",20.6
"681",12.2
"682",10.1
"683",61.3
"684",33
"685",37.8
"686",13.6
"687",4.9
"688",5.2
"689",25.4
"690",14.8
"691",6.3
"692",15.1
"693",17.6
"694",54.5
"695",29.5
"696",16.4
"697",6.1
"698",38.6
"699",19.8
"700",35
"701",16.4
"702",7.2
"703",4.7
"704",5.9
"705",41.9
"706",4.6
"707",25.7
"708",20.4
"709",11.8
"710",20.8
"711",26.3
"712",17.9
"713",47.7
"714",6.8
"715",48.9
"716",11.3
"717",44.9
"718",78.3
"719",75.5
"720",27.5
"721",11.6
"722",6.7
"723",85.6
"724",11.7
"725",2.9
"726",33.5
"727",7.1
"728",13.6
"729",62.4
"730",14.7
"731",27.7
"732",114.4
"733",7.8
"734",12.3
"735",2.7
"736",18.6
"737",4.8
"738",28.1
"739",69.7
"740",32.9
"741",12.1
"742",19.6
"743",25.2
"744",20.5
"745",27.2
"746",4.2
"747",4.1
"748",26
"749",31.5
"750",22.9
"751",22.2
"752",15.5
"753",31.6
"754",16.8
"755",51.6
"756",37.3
"757",3.4
"758",8.8
"759",30.9
"760",9.2
"761",57.5
"762",1.2
"763",31.9
"764",5.4
"765",37
"766",68.8
"767",29.7
"768",41.3
"769",36.8
"770",5.6
"771",0.7
"772",21.4
"773",34.8
"774",7.3
"775",31.5
"776",5.6
"777",18.3
"778",79.4
"779",14.5
"780",43.1
"781",19.3
"782",26.9
"783",2.8
"784",95.6
"785",74.9
"786",21.9
"787",10.1
"788",35.9
"789",3.7
"790",27
"791",6.3
"792",65.3
"793",19.8
"794",12.8
"795",26.4
"796",22.8
"797",74.8
"798",23.8
"799",12.7
"800",37.1
"801",35.8
"802",45.5
"803",13.3
"804",28.8
"805",2.3
"806",12.2
"807",63.6
"808",32.7
"809",1.1
"810",13.2
"811",6.6
"812",3.4
"813",2.2
"814",37.8
"815",53.1
"816",144.5
"817",14.1
"818",77.1
"819",10
"820",20.5
"821",21.5
"822",16.9
"823",4
"824",62.1
"825",7.5
"826",45
"827",36.2
"828",25.1
"829",27.8
"830",15
"831",20.4
"832",85
"833",27.8
"834",26.7
"835",1.9
"836",4.4
"837",3.6
"838",14.4
"839",8.9
"840",20.9
"841",15.2
"842",17.7
"843",15.2
"844",6.7
"845",26.2
"846",16.2
"847",42.1
"848",22.8
"849",5.7
"850",42.6
"851",25.7
"852",8
"853",12.4
"854",59.1
"855",61.6
"856",62.6
"857",10.2
"858",7.2
"859",11.6
"860",8.8
"861",4.3
"862",53.8
"863",49.3
"864",13.9
"865",8.3
"866",58.7
"867",25.7
"868",13.7
"869",14.4
"870",87.8
"871",36.2
"872",29.7
"873",22.2
"874",12.4
"875",20.8
"876",35.8
"877",14.4
"878",82
"879",9.8
"880",53.4
"881",14
"882",25.1
"883",54
"884",38.2
"885",28
"886",24.6
"887",16.1
"888",51.8
"889",12.5
"890",3.8
"891",34.2
"892",50.6
"893",17.3
"894",25.7
"895",2.5
"896",33.4
"897",107.3
"898",2.1
"899",6.6
"900",74.4
"901",14
"902",7
"903",24.6
"904",72.7
"905",8.1
"906",52.4
"907",18.6
"908",0.6
"909",64.3
"910",14.3
"911",3.2
"912",3.7
"913",4.7
"914",31.1
"915",51.5
"916",18.9
"917",17.9
"918",12.5
"919",112.4
"920",5.6
"921",48.9
"922",90.2
"923",16.6
"924",22.2
"925",6.5
"926",10.2
"927",25.4
"928",7.7
"929",10.1
"930",30.9
"931",16.5
"932",28.6
"933",10
"934",14.2
"935",15.2
"936",47
"937",1.8
"938",57.5
"939",3.5
"940",4.8
"941",1.7
"942",23.9
"943",11.3
"944",57.5
"945",16.3
"946",29.3
"947",3.5
"948",34.9
"949",28
"950",26.2
"951",11.5
"952",5.8
"953",24.3
"954",21.6
"955",15
"956",30.8
"957",14.8
"958",11.8
"959",53.2
"960",47
"961",33.7
"962",62
"963",22.5
"964",28.5
"965",85.7
"966",12.9
"967",10.2
"968",2.2
"969",5.5
"970",48.7
"971",30.9
"972",70.6
"973",15
"974",30.6
"975",39.8
"976",31.3
"977",1.7
"978",24.5
"979",11.5
"980",28.5
"981",75.5
"982",3.8
"983",50.5
"984",58.9
"985",18.4
"986",31.4
"987",3.2
"988",26.3
"989",27.2
"990",46.4
"991",44.4
"992",23.4
"993",22.4
"994",4.2
"995",12.2
"996",4.5
"997",14.4
"998",42.5
"999",94
"1000",20.3
"1001",4.5
"1002",3.1
"1003",80.4
"1004",41.9
"1005",2.8
"1006",13.2
"1007",4.6
"1008",43.8
"1009",2.7
"1010",13.7
"1011",15
"1012",3.1
"1013",82.3
"1014",31.5
"1015",5.4
"1016",6.1
"1017",30
"1018",21.5
"1019",6.4
"1020",53.4
"1021",27.3
"1022",49.8
"1023",25.4
"1024",11.4
"1025",35.8
"1026",12.2
"1027",31.8
"1028",11.8
"1029",39.1
"1030",86.8
"1031",54.4
"1032",51
"1033",15.5
"1034",14.5
"1035",4.2
"1036",12.3
"1037",50.4
"1038",8.2
"1039",21.5
"1040",26.3
"1041",3.3
"1042",46.5
"1043",58.3
"1044",22.7
"1045",5.6
"1046",7.3
"1047",84.6
"1048",11.8
"1049",2.4
"1050",50.7
"1051",34.1
"1052",3.6
"1053",25.2
"1054",80.4
"1055",22.3
"1056",3.6
"1057",12.7
"1058",8.2
"1059",59.8
"1060",19.1
"1061",4.7
"1062",8
"1063",34.1
"1064",23.1
"1065",2.6
"1066",30
"1067",10.7
"1068",23.2
"1069",33.4
"1070",7.6
"1071",15.1
"1072",14.1
"1073",3.5
"1074",18
"1075",9.6
"1076",18.6
"1077",14.4
"1078",67.2
"1079",15.6
"1080",15.5
"1081",29.3
"1082",24.7
"1083",18.7
"1084",2.8
"1085",14.8
"1086",43.4
"1087",7.4
"1088",51
"1089",61.9
"1090",32.9
"1091",1.8
"1092",7.8
"1093",7.4
"1094",24
"1095",3.9
"1096",5.4
"1097",98.5
"1098",37.8
"1099",38
"1100",18.9
"1101",22.4
"1102",39.1
"1103",21.9
"1104",48.2
"1105",37.8
"1106",4.7
"1107",79.6
"1108",25.3
"1109",4.9
"1110",32.1
"1111",47.5
"1112",3.9
"1113",75.5
"1114",2.1
"1115",38.9
"1116",16.2
"1117",79.8
"1118",1.3
"1119",28.6
"1120",5.2
"1121",79.9
"1122",10.3
"1123",77.3
"1124",22.3
"1125",47.7
"1126",54.4
"1127",3
"1128",11
"1129",10.3
"1130",24.5
"1131",14.5
"1132",28.9
"1133",13.3
"1134",38
"1135",3.8
"1136",50.2
"1137",11.2
"1138",55.8
"1139",71.4
"1140",77.3
"1141",47.7
"1142",17.7
"1143",9.3
"1144",3.6
"1145",23.3
"1146",10.9
"1147",43.2
"1148",41.7
"1149",31.6
"1150",13.5
"1151",11.8
"1152",2.2
"1153",8.1
"1154",6.4
"1155",2.5
"1156",2
"1157",2
"1158",2.8
"1159",19.3
"1160",10.5
"1161",16.3
"1162",1.3
"1163",78.6
"1164",11.4
"1165",12.1
"1166",38.3
"1167",4.6
"1168",10.9
"1169",41.7
"1170",20.9
"1171",83.5
"1172",19.4
"1173",22.5
"1174",21.2
"1175",34.4
"1176",5.2
"1177",35.3
"1178",3.8
"1179",24.9
"1180",54.7
"1181",17.5
"1182",76.5
"1183",21.2
"1184",20.7
"1185",15.9
"1186",19.6
"1187",1.8
"1188",6.2
"1189",2.2
"1190",30.2
"1191",4.8
"1192",13.5
"1193",24.3
"1194",63.8
"1195",30.9
"1196",19.1
"1197",13.2
"1198",16.2
"1199",7.5
"1200",74.5
"1201",11.2
"1202",34.5
"1203",12.1
"1204",1.6
"1205",8.7
"1206",11.6
"1207",15.3
"1208",88.5
"1209",6.8
"1210",6.4
"1211",15.8
"1212",5
"1213",14
"1214",35
"1215",28.4
"1216",36
"1217",10.9
"1218",2.1
"1219",84.2
"1220",1.6
"1221",37.6
"1222",5.8
"1223",2
"1224",72.3
"1225",22.6
"1226",2
"1227",4.7
"1228",3
"1229",19.1
"1230",26.1
"1231",17.7
"1232",13.2
"1233",5.9
"1234",46.6
"1235",59.2
"1236",5.3
"1237",2.6
"1238",10.9
"1239",14.2
"1240",69.7
"1241",6.7
"1242",21.2
"1243",16.2
"1244",51.9
"1245",20.5
"1246",24.3
"1247",29.2
"1248",5.9
"1249",15.3
"1250",25.8
"1251",43.4
"1252",128.2
"1253",16
"1254",84.2
"1255",7.5
"1256",7.5
"1257",18.6
"1258",82.9
"1259",34.9
"1260",2
"1261",60.6
"1262",37.9
"1263",6.9
"1264",22.3
"1265",13.7
"1266",30.1
"1267",12.2
"1268",18
"1269",4.5
"1270",4.5
"1271",3.2
"1272",2.3
"1273",5.6
"1274",1.5
"1275",18.2
"1276",2.4
"1277",38.6
"1278",9.9
"1279",44.9
"1280",8.6
"1281",11.7
"1282",2.4
"1283",12.5
"1284",68.3
"1285",26.4
"1286",36.5
"1287",32.2
"1288",13.6
"1289",38.2
"1290",36.3
"1291",19.6
"1292",22.4
"1293",14.9
"1294",66.2
"1295",57.1
"1296",16.6
"1297",16.2
"1298",35.4
"1299",5
"1300",84.2
"1301",21.7
"1302",86.6
"1303",10.7
"1304",9.1
"1305",8.7
"1306",65.4
"1307",30.3
"1308",17.8
"1309",81.8
"1310",16.4
"1311",12.6
"1312",3.1
"1313",23.2
"1314",20.1
"1315",48.2
"1316",74.5
"1317",3.8
"1318",4.8
"1319",10.3
"1320",30.4
"1321",44.6
"1322",1.1
"1323",16.6
"1324",2.4
"1325",15.2
"1326",21.5
"1327",57.7
"1328",52.6
"1329",28.7
"1330",25
"1331",10.8
"1332",12.8
"1333",13.5
"1334",45.6
"1335",17
"1336",2.1
"1337",35.7
"1338",40.8
"1339",29.7
"1340",3
"1341",13.2
"1342",23.4
"1343",4.6
"1344",44.6
"1345",5.2
"1346",56.4
"1347",47
"1348",26.8
"1349",0.6
"1350",75.3
"1351",4
"1352",24.2
"1353",31.4
"1354",11.5
"1355",7.5
"1356",35.3
"1357",50.9
"1358",71.1
"1359",21.1
"1360",40.7
"1361",16.2
"1362",10.7
"1363",73.9
"1364",12.2
"1365",8.8
"1366",65
"1367",57.7
"1368",16.6
"1369",119.8
"1370",10.5
"1371",13.6
"1372",36.5
"1373",21.4
"1374",22.4
"1375",31
"1376",9.9
"1377",37.3
"1378",22.8
"1379",7.3
"1380",8.3
"1381",19.4
"1382",15.4
"1383",32.2
"1384",16.4
"1385",95.8
"1386",24.3
"1387",29.2
"1388",26
"1389",2.3
"1390",5.6
"1391",11.2
"1392",3.4
"1393",33.6
"1394",90.9
"1395",43.8
"1396",17.2
"1397",22.2
"1398",31.8
"1399",19.5
"1400",26.9
"1401",40.1
"1402",14.6
"1403",39
"1404",41.1
"1405",21.4
"1406",19.2
"1407",1.1
"1408",36.3
"1409",48.6
"1410",86
"1411",11.3
"1412",5.1
"1413",33.3
"1414",21.9
"1415",7.5
"1416",17.5
"1417",58.2
"1418",30.8
"1419",3.8
"1420",2.9
"1421",15.4
"1422",83.1
"1423",12.2
"1424",0.7
"1425",23.2
"1426",15.5
"1427",37.2
"1428",2.7
"1429",65.2
"1430",24.7
"1431",18.4
"1432",55.6
"1433",28.2
"1434",46.2
"1435",11.7
"1436",12.7
"1437",52.6
"1438",67.6
"1439",25.6
"1440",7.8
"1441",4.5
"1442",16.9
"1443",10
"1444",20.1
"1445",10.7
"1446",17.6
"1447",4.7
"1448",14.6
"1449",57.4
"1450",5.9
"1451",25
"1452",14.2
"1453",28.7
"1454",10.2
"1455",6.2
"1456",77.9
"1457",13.8
"1458",2.6
"1459",78.5
"1460",13.3
"1461",1.9
"1462",20.4
"1463",12.7
"1464",8.9
"1465",18.9
"1466",14.6
"1467",15
"1468",5.3
"1469",60.7
"1470",20.9
"1471",18.9
"1472",13.5
"1473",110.6
"1474",37.7
"1475",6.1
"1476",32.8
"1477",18.3
"1478",7.2
"1479",32.2
"1480",34.8
"1481",34.9
"1482",27.8
"1483",1.9
"1484",23.8
"1485",11.6
"1486",44
"1487",2.4
"1488",58.7
"1489",33
"1490",50.6
"1491",7.8
"1492",45.4
"1493",17.1
"1494",12.8
"1495",86.2
"1496",16.9
"1497",7.9
"1498",2.9
"1499",33.8
"1500",18.6
"1501",10.9
"1502",116.6
"1503",26.1
"1504",3
"1505",13.2
"1506",10.3
"1507",41.8
"1508",49.4
"1509",6.6
"1510",6.4
"1511",25.5
"1512",34.7
"1513",66.4
"1514",9
"1515",2.9
"1516",14.3
"1517",3.7
"1518",17.5
"1519",37.6
"1520",16
"1521",14.6
"1522",8
"1523",39.8
"1524",36.3
"1525",6.4
"1526",21.1
"1527",4.3
"1528",23.7
"1529",40.9
"1530",34.7
"1531",16.1
"1532",18.3
"1533",20.2
"1534",69
"1535",21.5
"1536",6.3
"1537",14.8
"1538",20
"1539",2.4
"1540",42.7
"1541",11.2
"1542",9.8
"1543",7.9
"1544",31.7
"1545",3.3
"1546",11.3
"1547",31.6
"1548",11.2
"1549",4.1
"1550",5.6
"1551",4.5
"1552",29.6
"1553",43
"1554",14.3
"1555",26.9
"1556",8.8
"1557",5.6
"1558",16.2
"1559",12.3
"1560",7.2
"1561",29.5
"1562",7.1
"1563",13.8
"1564",15.9
"1565",86.6
"1566",10.5
"1567",11.9
"1568",46.9
"1569",10.8
"1570",46.4
"1571",23.8
"1572",5.3
"1573",51.6
"1574",52.9
"1575",23.2
"1576",24.8
"1577",6.1
"1578",57.7
"1579",31.6
"1580",14.3
"1581",24.5
"1582",16.7
"1583",3.7
"1584",5.5
"1585",5.5
"1586",19.3
"1587",18.9
"1588",21.8
"1589",14.2
"1590",134.8
"1591",12.7
"1592",22.3
"1593",9
"1594",28.7
"1595",27.6
"1596",4.9
"1597",17.3
"1598",35.5
"1599",15.8
"1600",11
"1601",14.2
"1602",44.6
"1603",28.7
"1604",21.3
"1605",11.2
"1606",41.8
"1607",61.1
"1608",33.2
"1609",23.2
"1610",3.1
"1611",8.3
"1612",12.5
"1613",36.9
"1614",35.3
"1615",8.3
"1616",51.2
"1617",28.1
"1618",41.6
"1619",17.9
"1620",140
"1621",15.1
"1622",35.2
"1623",17.3
"1624",35
"1625",6.7
"1626",72
"1627",11.8
"1628",17.6
"1629",25.3
"1630",1.3
"1631",51.6
"1632",5.6
"1633",23.5
"1634",179.5
"1635",24.6
"1636",23.9
"1637",111.4
"1638",3.4
"1639",10.7
"1640",7.6
"1641",31.8
"1642",17.3
"1643",11.7
"1644",11.4
"1645",29.2
"1646",19.5
"1647",72.3
"1648",68.1
"1649",6.1
"1650",7.7
"1651",17.3
"1652",2.4
"1653",19.8
"1654",46.9
"1655",2.9
"1656",17.5
"1657",40.4
"1658",6.1
"1659",15.4
"1660",5.2
"1661",17.9
"1662",27.4
"1663",57.9
"1664",10.3
"1665",12.3
"1666",55.2
"1667",35.1
"1668",35.8
"1669",82
"1670",24.7
"1671",24.5
"1672",22.1
"1673",5.1
"1674",41.2
"1675",24.6
"1676",90.2
"1677",35.4
"1678",32.5
"1679",49.8
"1680",48.8
"1681",14.5
"1682",106
"1683",19.5
"1684",15.1
"1685",9.6
"1686",18
"1687",50.7
"1688",6.3
"1689",21.6
"1690",15.6
"1691",18.7
"1692",41.8
"1693",5.3
"1694",28.8
"1695",73.3
"1696",3.9
"1697",155.6
"1698",40
"1699",5
"1700",73.6
"1701",18.9
"1702",4.1
"1703",27.7
"1704",28.3
"1705",26.9
"1706",35.1
"1707",2.6
"1708",129
"1709",18.1
"1710",13.9
"1711",35.5
"1712",9.3
"1713",6.7
"1714",33.8
"1715",34.9
"1716",6.9
"1717",84.5
"1718",21.4
"1719",2.2
"1720",11.4
"1721",20.8
"1722",39.7
"1723",10.9
"1724",101.1
"1725",23.5
"1726",6.5
"1727",23.3
"1728",24.3
"1729",41.1
"1730",28.3
"1731",41.2
"1732",63.3
"1733",21
"1734",52.1
"1735",102.4
"1736",23.5
"1737",19.7
"1738",33.4
"1739",58.1
"1740",60.3
"1741",103.7
"1742",15.4
"1743",21.2
"1744",5.6
"1745",1.8
"1746",16.3
"1747",20.1
"1748",2.3
"1749",55.2
"1750",27.5
"1751",17.9
"1752",3.8
"1753",4.7
"1754",67.5
"1755",34
"1756",3.7
"1757",65.5
"1758",33.1
"1759",87
"1760",28
"1761",9.6
"1762",14.1
"1763",18.1
"1764",24.9
"1765",19.3
"1766",77.1
"1767",10.3
"1768",16.2
"1769",25.7
"1770",8.2
"1771",29.7
"1772",28
"1773",19.1
"1774",105
"1775",63.8
"1776",14.5
"1777",6.1
"1778",107.8
"1779",18.2
"1780",15.9
"1781",34.8
"1782",35.9
"1783",8.5
"1784",13.3
"1785",35.4
"1786",6.5
"1787",26.2
"1788",15.6
"1789",16.4
"1790",35.6
"1791",21.9
"1792",43
"1793",6.5
"1794",7.9
"1795",15.6
"1796",22.7
"1797",2.2
"1798",32
"1799",70.8
"1800",8.4
"1801",105.9
"1802",55.2
"1803",52.6
"1804",2.1
"1805",5.4
"1806",14.8
"1807",3.1
"1808",6.9
"1809",5.7
"1810",46.2
"1811",61.9
"1812",40.9
"1813",85.7
"1814",5
"1815",23.1
"1816",26.4
"1817",15.3
"1818",35.4
"1819",3.1
"1820",15.7
"1821",2.2
"1822",11.9
"1823",16.1
"1824",34.8
"1825",19.4
"1826",163.4
"1827",37.6
"1828",13.3
"1829",32.3
"1830",39.8
"1831",5.9
"1832",36.4
"1833",71.7
"1834",4.8
"1835",50.3
"1836",33.3
"1837",8.9
"1838",20.3
"1839",4.7
"1840",1.9
"1841",6.9
"1842",6.1
"1843",50.4
"1844",18.3
"1845",58.3
"1846",40.2
"1847",64
"1848",6.6
"1849",28.2
"1850",6
"1851",4
"1852",52.6
"1853",27
"1854",8.6
"1855",23
"1856",17.9
"1857",6.3
"1858",5.6
"1859",22.6
"1860",18.7
"1861",1.2
"1862",24.7
"1863",17.6
"1864",25.6
"1865",28.5
"1866",15
"1867",7.4
"1868",42.7
"1869",71.7
"1870",12.6
"1871",28.1
"1872",53.2
"1873",6.5
"1874",7.6
"1875",41.3
"1876",11.8
"1877",43.4
"1878",34.6
"1879",38.6
"1880",7.7
"1881",26.3
"1882",10.8
"1883",87
"1884",95.2
"1885",69.9
"1886",77.1
"1887",1.4
"1888",45.6
"1889",34.9
"1890",5.9
"1891",23.3
"1892",110
"1893",9
"1894",13.3
"1895",26
"1896",2.8
"1897",24.8
"1898",9.1
"1899",33.7
"1900",6.7
"1901",12.6
"1902",22.7
"1903",5.3
"1904",16.7
"1905",18.6
"1906",19.5
"1907",14
"1908",11
"1909",36.2
"1910",61.4
"1911",5.9
"1912",33.4
"1913",59.3
"1914",134.7
"1915",7.8
"1916",223.1
"1917",2.9
"1918",17.3
"1919",11.3
"1920",15.8
"1921",56.3
"1922",25.5
"1923",5.3
"1924",52.7
"1925",85.5
"1926",33.3
"1927",33.1
"1928",25.9
"1929",5.8
"1930",31.9
"1931",7.2
"1932",34.3
"1933",53.6
"1934",11.5
"1935",80.8
"1936",18.4
"1937",13.1
"1938",23.4
"1939",33.8
"1940",12
"1941",49.8
"1942",8.3
"1943",35.7
"1944",12.1
"1945",2
"1946",20.6
"1947",5.1
"1948",11.8
"1949",18.6
"1950",6.5
"1951",4.3
"1952",20.7
"1953",49.3
"1954",33.1
"1955",82
"1956",7.5
"1957",6.9
"1958",22.8
"1959",3.2
"1960",51.4
"1961",26.7
"1962",50.7
"1963",11.2
"1964",9.1
"1965",6.9
"1966",63.3
"1967",6.4
"1968",44.8
"1969",12.2
"1970",105.6
"1971",24.8
"1972",38.6
"1973",23.2
"1974",39.5
"1975",12.9
"1976",18
"1977",49.6
"1978",23.7
"1979",2.2
"1980",11.2
"1981",82.8
"1982",4.4
"1983",65.7
"1984",17
"1985",9.5
"1986",5.4
"1987",35.9
"1988",15.8
"1989",6.4
"1990",54.8
"1991",26.5
"1992",36.1
"1993",4.2
"1994",23.8
"1995",22.1
"1996",16.9
"1997",42.9
"1998",53.4
"1999",30.1
"2000",10.4
"2001",3.9
"2002",66.8
"2003",8.2
"2004",9.7
"2005",25.5
"2006",22.2
"2007",10.2
"2008",30.4
"2009",31.7
"2010",13.9
"2011",1.9
"2012",2.2
"2013",2.3
"2014",16.9
"2015",5.4
"2016",165.3
"2017",4.2
"2018",19.6
"2019",68.3
"2020",14.2
"2021",12.2
"2022",76.8
"2023",51.5
"2024",9.7
"2025",7.5
"2026",65.6
"2027",87.7
"2028",50.6
"2029",6.4
"2030",33.6
"2031",27.1
"2032",21.4
"2033",28.5
"2034",77.8
"2035",4.9
"2036",18.8
"2037",5.7
"2038",39.8
"2039",12.1
"2040",18.8
"2041",6.6
"2042",3.3
"2043",12.1
"2044",14.4
"2045",1.8
"2046",61.5
"2047",11.2
"2048",24.2
"2049",2
"2050",17.4
"2051",26.5
"2052",9.4
"2053",41.9
"2054",6.7
"2055",13.1
"2056",25.7
"2057",16.6
"2058",8.5
"2059",10.6
"2060",39.9
"2061",20.3
"2062",11.2
"2063",27.9
"2064",12.8
"2065",32.6
"2066",30.1
"2067",15.7
"2068",18.6
"2069",9.1
"2070",15.4
"2071",60.1
"2072",22.6
"2073",2.9
"2074",7.9
"2075",3.9
"2076",8.2
"2077",9.5
"2078",11.7
"2079",13.2
"2080",77.3
"2081",10.2
"2082",27.9
"2083",13.8
"2084",13.3
"2085",13.6
"2086",28.7
"2087",52
"2088",63.4
"2089",6.3
"2090",72.1
"2091",17
"2092",32.3
"2093",19.5
"2094",34.2
"2095",2.7
"2096",16.9
"2097",17.7
"2098",9.5
"2099",33.1
"2100",5
"2101",11.3
"2102",21.4
"2103",6.4
"2104",9.7
"2105",8.7
"2106",2.7
"2107",75.2
"2108",14.3
"2109",13.7
"2110",4.2
"2111",16.9
"2112",27.7
"2113",26.9
"2114",39.5
"2115",67
"2116",1.7
"2117",15.2
"2118",21.9
"2119",9.7
"2120",31.6
"2121",94.6
"2122",21.4
"2123",14.4
"2124",13.6
"2125",4.6
"2126",9.4
"2127",16.2
"2128",15.5
"2129",30.1
"2130",66.6
"2131",34.9
"2132",44.6
"2133",27.6
"2134",24.9
"2135",13.3
"2136",11.3
"2137",5.2
"2138",14.3
"2139",80.8
"2140",4.2
"2141",78.4
"2142",30.1
"2143",13.5
"2144",25.6
"2145",5.2
"2146",52.2
"2147",7.5
"2148",9.6
"2149",5.9
"2150",25.4
"2151",41.4
"2152",2.1
"2153",6.7
"2154",9.6
"2155",116.9
"2156",27.3
"2157",9.1
"2158",6.9
"2159",75.1
"2160",24.5
"2161",19.6
"2162",8.1
"2163",19.5
"2164",16.9
"2165",0.7
"2166",11.9
"2167",66.1
"2168",20.3
"2169",9.1
"2170",4.9
"2171",1.7
"2172",8
"2173",52.7
"2174",35.8
"2175",14.1
"2176",62.2
"2177",10.2
"2178",15.8
"2179",32.7
"2180",20.8
"2181",3.5
"2182",49.6
"2183",9.5
"2184",28.3
"2185",34.4
"2186",115.1
"2187",10.3
"2188",20.9
"2189",4.1
"2190",15.5
"2191",10.6
"2192",10.6
"2193",74
"2194",4.1
"2195",13.3
"2196",6.9
"2197",3.9
"2198",10
"2199",20.9
"2200",31.6
"2201",11.1
"2202",9.5
"2203",20.6
"2204",24.5
"2205",52.7
"2206",10.2
"2207",2.5
"2208",11.8
"2209",38.4
"2210",57
"2211",58.2
"2212",14.4
"2213",44.1
"2214",2.1
"2215",9.3
"2216",29.5
"2217",2.9
"2218",138.8
"2219",3.2
"2220",3.2
"2221",8.8
"2222",13.3
"2223",3.3
"2224",52
"2225",4.4
"2226",47.1
"2227",3.6
"2228",16.4
"2229",13.7
"2230",32
"2231",10
"2232",15.7
"2233",102
"2234",2.2
"2235",4.2
"2236",5.7
"2237",28.5
"2238",46.7
"2239",5.5
"2240",123.7
"2241",13.1
"2242",39.3
"2243",11.1
"2244",4.4
"2245",15.5
"2246",9.7
"2247",10
"2248",27.3
"2249",34.1
"2250",29.3
"2251",6.2
"2252",1.7
"2253",50.4
"2254",53.6
"2255",19.1
"2256",4
"2257",12
"2258",13.7
"2259",12
"2260",44.6
"2261",66.2
"2262",6
"2263",23.1
"2264",19.9
"2265",30.1
"2266",22.9
"2267",30.3
"2268",2.3
"2269",2
"2270",76.8
"2271",12.2
"2272",26.2
"2273",10.7
"2274",16.5
"2275",4.4
"2276",11.1
"2277",17.1
"2278",48
"2279",153.1
"2280",18.2
"2281",17
"2282",37
"2283",62
"2284",36.4
"2285",59.2
"2286",5.6
"2287",58.7
"2288",11.4
"2289",44.7
"2290",43.4
"2291",6.1
"2292",37.6
"2293",8.6
"2294",30.7
"2295",34.1
"2296",8.7
"2297",17.6
"2298",8.6
"2299",7.6
"2300",3.9
"2301",39.1
"2302",34.5
"2303",14.5
"2304",42.4
"2305",57.4
"2306",21.8
"2307",6.5
"2308",4.8
"2309",26.3
"2310",51.1
"2311",13.2
"2312",54.6
"2313",60.5
"2314",40.8
"2315",6.7
"2316",53.7
"2317",42.5
"2318",42.9
"2319",23.8
"2320",8
"2321",5.3
"2322",10.5
"2323",27.1
"2324",27.3
"2325",16.2
"2326",36.5
"2327",12.9
"2328",2.3
"2329",36.9
"2330",14.8
"2331",34.6
"2332",4.4
"2333",33.2
"2334",52.4
"2335",54.3
"2336",32.7
"2337",4
"2338",2.6
"2339",36
"2340",3.9
"2341",18.5
"2342",24
"2343",11
"2344",42.9
"2345",28.1
"2346",9
"2347",2.6
"2348",30.7
"2349",3.4
"2350",5.1
"2351",2
"2352",4.1
"2353",36.6
"2354",26.9
"2355",19.5
"2356",44.8
"2357",20.7
"2358",16.2
"2359",9.5
"2360",25.3
"2361",11.8
"2362",42.6
"2363",38.9
"2364",20
"2365",7.4
"2366",8.5
"2367",68.7
"2368",6.5
"2369",6.3
"2370",24.5
"2371",70.4
"2372",40.3
"2373",0.8
"2374",2.1
"2375",16.3
"2376",15.9
"2377",21.8
"2378",14.3
"2379",45.8
"2380",7.3
"2381",5.5
"2382",7.2
"2383",6.7
"2384",17.2
"2385",40.5
"2386",10
"2387",103.1
"2388",14.1
"2389",28.6
"2390",65.7
"2391",23.6
"2392",8.4
"2393",44.2
"2394",6.8
"2395",55.8
"2396",5
"2397",21.7
"2398",35.9
"2399",14.1
"2400",41.3
"2401",7.1
"2402",12.3
"2403",33.8
"2404",14.3
"2405",11.6
"2406",156.3
"2407",5.3
"2408",56.8
"2409",66
"2410",30.3
"2411",4.1
"2412",35.3
"2413",20
"2414",4.7
"2415",10.2
"2416",63.1
"2417",17.3
"2418",10.6
"2419",50.8
"2420",10
"2421",44.2
"2422",13.8
"2423",4
"2424",58.9
"2425",15.8
"2426",60.8
"2427",87.2
"2428",70.1
"2429",3.5
"2430",10.4
"2431",3.1
"2432",43
"2433",11.1
"2434",21.7
"2435",28.7
"2436",0.8
"2437",1.6
"2438",11.7
"2439",6.5
"2440",27.9
"2441",91.4
"2442",23.7
"2443",30.1
"2444",19.8
"2445",10.5
"2446",32.5
"2447",19.1
"2448",9.3
"2449",24.1
"2450",10.9
"2451",16.9
"2452",43.6
"2453",21.7
"2454",35.6
"2455",103.6
"2456",83.9
"2457",23.8
"2458",39.7
"2459",58.3
"2460",20.3
"2461",11.7
"2462",4.7
"2463",24.8
"2464",17.7
"2465",19.5
"2466",14.6
"2467",52.5
"2468",11.4
"2469",47.3
"2470",54.4
"2471",19
"2472",14.4
"2473",42.7
"2474",27.5
"2475",6.1
"2476",14.8
"2477",29.4
"2478",2.8
"2479",6.1
"2480",16.2
"2481",3.8
"2482",7.9
"2483",25.2
"2484",24.1
"2485",31.1
"2486",4.1
"2487",4.5
"2488",4.9
"2489",25.5
"2490",19.6
"2491",21
"2492",12.1
"2493",43.4
"2494",26.2
"2495",19.9
"2496",82.5
"2497",61.1
"2498",68.6
"2499",4.6
"2500",55.8
"2501",34.2
"2502",22.6
"2503",4.3
"2504",92.6
"2505",2.6
"2506",15.9
"2507",2.5
"2508",18.1
"2509",0.9
"2510",71.6
"2511",7.2
"2512",71
"2513",3.2
"2514",13.6
"2515",50.9
"2516",74.2
"2517",70.2
"2518",7.9
"2519",31.2
"2520",12.5
"2521",122.8
"2522",36.6
"2523",19.7
"2524",171
"2525",38.2
"2526",54.3
"2527",15.8
"2528",4.5
"2529",36.1
"2530",14.4
"2531",27
"2532",38.1
"2533",9.5
"2534",6.4
"2535",54.2
"2536",27.6
"2537",48.1
"2538",7.2
"2539",9.9
"2540",12.6
"2541",49.2
"2542",8.6
"2543",12.4
"2544",7.5
"2545",1.5
"2546",6.8
"2547",1.8
"2548",15.8
"2549",26.8
"2550",19.3
"2551",16.5
"2552",83.7
"2553",25.2
"2554",18.3
"2555",5.8
"2556",10.6
"2557",7.4
"2558",36.6
"2559",6.1
"2560",37.2
"2561",59
"2562",49.1
"2563",68.9
"2564",20.8
"2565",5.5
"2566",10.5
"2567",40.9
"2568",41.6
"2569",66.4
"2570",20.8
"2571",17.4
"2572",81.7
"2573",2.1
"2574",4.4
"2575",17
"2576",44
"2577",28.1
"2578",33.3
"2579",154.5
"2580",31.1
"2581",6.5
"2582",31.3
"2583",9.2
"2584",11.1
"2585",5.9
"2586",22
"2587",20.6
"2588",50.1
"2589",28.6
"2590",40.4
"2591",59
"2592",2.1
"2593",11.4
"2594",31.5
"2595",44.1
"2596",171.7
"2597",1.9
"2598",16.9
"2599",18.8
"2600",14.3
"2601",19
"2602",42
"2603",13.8
"2604",63.1
"2605",37.5
"2606",18.2
"2607",29.1
"2608",40
"2609",72.7
"2610",14.2
"2611",60
"2612",51.3
"2613",28.1
"2614",5.4
"2615",5.7
"2616",35.3
"2617",11.7
"2618",26.5
"2619",23.9
"2620",51.2
"2621",48.6
"2622",56.4
"2623",10
"2624",3.3
"2625",10.6
"2626",15.9
"2627",66.2
"2628",26
"2629",47.8
"2630",107.3
"2631",22.5
"2632",24.1
"2633",42.2
"2634",19
"2635",24.4
"2636",25.5
"2637",18.8
"2638",71.7
"2639",4.2
"2640",14.1
"2641",11.1
"2642",17.9
"2643",2
"2644",3.5
"2645",31.9
"2646",26.3
"2647",5.8
"2648",40.8
"2649",17.2
"2650",3.5
"2651",17.8
"2652",20.9
"2653",17.1
"2654",57.5
"2655",21.2
"2656",8.3
"2657",0.6
"2658",20.3
"2659",37.8
"2660",42.4
"2661",2.7
"2662",18.7
"2663",17.2
"2664",49.9
"2665",51.7
"2666",77.2
"2667",39.7
"2668",40.5
"2669",94.8
"2670",25.8
"2671",10.9
"2672",5.7
"2673",64.2
"2674",29.9
"2675",5.2
"2676",58.2
"2677",4.3
"2678",23.8
"2679",40.9
"2680",36.4
"2681",4.4
"2682",23.6
"2683",27.9
"2684",21.8
"2685",85.1
"2686",10.7
"2687",56.4
"2688",41.8
"2689",3.1
"2690",4
"2691",18
"2692",2.9
"2693",25.6
"2694",58
"2695",3.6
"2696",47.1
"2697",16.5
"2698",22.7
"2699",119.3
"2700",32.4
"2701",11.8
"2702",53.3
"2703",30.7
"2704",40
"2705",5.1
"2706",12.1
"2707",22
"2708",15.2
"2709",12.1
"2710",21.7
"2711",11.6
"2712",41.2
"2713",9.2
"2714",28.3
"2715",3
"2716",42.6
"2717",13.4
"2718",3.7
"2719",10
"2720",26.9
"2721",30.2
"2722",41.7
"2723",6.3
"2724",36.5
"2725",17.9
"2726",8.5
"2727",95.5
"2728",2.3
"2729",5
"2730",29.1
"2731",10.6
"2732",39.3
"2733",67.4
"2734",37.1
"2735",27.4
"2736",5.9
"2737",18
"2738",21
"2739",7.2
"2740",3.1
"2741",21.9
"2742",36.8
"2743",10.1
"2744",24.8
"2745",16.6
"2746",27.6
"2747",16.9
"2748",9.6
"2749",16.2
"2750",14.7
"2751",15.5
"2752",33.7
"2753",23.1
"2754",89.4
"2755",48.2
"2756",40.1
"2757",20
"2758",18.9
"2759",27.5
"2760",13.4
"2761",16.9
"2762",14.5
"2763",34.2
"2764",18.3
"2765",66.3
"2766",26.4
"2767",35.2
"2768",18.1
"2769",17.5
"2770",20.1
"2771",25.2
"2772",2.1
"2773",67.1
"2774",10.8
"2775",63.3
"2776",57.9
"2777",13
"2778",33
"2779",2.2
"2780",81.9
"2781",26.6
"2782",59.2
"2783",9.7
"2784",1.7
"2785",16.2
"2786",67.8
"2787",37.5
"2788",63.4
"2789",32.2
"2790",49.7
"2791",21.9
"2792",12.6
"2793",3.1
"2794",12
"2795",20.2
"2796",10
"2797",30.9
"2798",50.1
"2799",6.4
"2800",21.7
"2801",5.9
"2802",13
"2803",23.7
"2804",2.9
"2805",11.1
"2806",29.1
"2807",37.2
"2808",10.1
"2809",16.3
"2810",3.7
"2811",18.2
"2812",23.1
"2813",29.3
"2814",34.2
"2815",33.5
"2816",3.1
"2817",75.4
"2818",36.2
"2819",23.5
"2820",45.1
"2821",12.7
"2822",66.3
"2823",1.7
"2824",1.5
"2825",22.1
"2826",20.7
"2827",12.3
"2828",59
"2829",10.5
"2830",5.7
"2831",76.4
"2832",55.2
"2833",23.6
"2834",9.1
"2835",19.1
"2836",34.8
"2837",19.8
"2838",7.9
"2839",18.7
"2840",57.7
"2841",13.1
"2842",5.4
"2843",42.5
"2844",95.2
"2845",33.8
"2846",4
"2847",13.7
"2848",26.2
"2849",9
"2850",9.1
"2851",5.3
"2852",36
"2853",9.5
"2854",2.6
"2855",14.7
"2856",38.2
"2857",33.7
"2858",23.2
"2859",32.9
"2860",1.9
"2861",28.4
"2862",19.1
"2863",52.9
"2864",47.3
"2865",55.1
"2866",2.3
"2867",38
"2868",31.8
"2869",5.8
"2870",12.8
"2871",10.9
"2872",3
"2873",11.5
"2874",15.2
"2875",37.6
"2876",43.5
"2877",39.7
"2878",16.8
"2879",5.1
"2880",22.5
"2881",36.1
"2882",39.8
"2883",10.5
"2884",2.5
"2885",6.3
"2886",7.5
"2887",29.7
"2888",91.3
"2889",2.3
"2890",1.7
"2891",3.3
"2892",66.5
"2893",29.7
"2894",10.1
"2895",8.2
"2896",1
"2897",4.9
"2898",14.3
"2899",33.9
"2900",24.3
"2901",69.3
"2902",28.7
"2903",36
"2904",15.8
"2905",17.1
"2906",16
"2907",23.3
"2908",16
"2909",13.7
"2910",55.8
"2911",55.7
"2912",21.3
"2913",43.3
"2914",1
"2915",37.9
"2916",57.9
"2917",80.4
"2918",27.7
"2919",105.2
"2920",3.6
"2921",106.4
"2922",58.6
"2923",70.6
"2924",41.5
"2925",80.4
"2926",8.2
"2927",20.1
"2928",13.3
"2929",4
"2930",11.2
"2931",39.2
"2932",4.8
"2933",18
"2934",20.2
"2935",11.3
"2936",35.8
"2937",20.7
"2938",9.4
"2939",5.9
"2940",7.6
"2941",31.5
"2942",10.3
"2943",39.3
"2944",71.8
"2945",2.3
"2946",38.3
"2947",23.8
"2948",3.1
"2949",14
"2950",10
"2951",21.9
"2952",10.8
"2953",63.1
"2954",6.9
"2955",5.3
"2956",18.9
"2957",2
"2958",30.4
"2959",10.1
"2960",26.3
"2961",48.8
"2962",7.9
"2963",20.5
"2964",10.5
"2965",6.6
"2966",20.1
"2967",35
"2968",1.6
"2969",21.9
"2970",20.3
"2971",27.4
"2972",69
"2973",4.8
"2974",52.8
"2975",5
"2976",16.1
"2977",13.5
"2978",8.1
"2979",3.8
"2980",18.1
"2981",75.1
"2982",10.5
"2983",4.1
"2984",28.1
"2985",54.4
"2986",0.6
"2987",7.5
"2988",1.6
"2989",11.8
"2990",4.4
"2991",15.7
"2992",35.2
"2993",19.3
"2994",17.1
"2995",21.5
"2996",11.7
"2997",2.7
"2998",6.6
"2999",29.9
"3000",38.8
"3001",7.2
"3002",3.4
"3003",11
"3004",24.5
"3005",8.4
"3006",78.8
"3007",33
"3008",45.1
"3009",3.2
"3010",28.5
"3011",101.6
"3012",30.7
"3013",4.2
"3014",0.9
"3015",6.4
"3016",15.7
"3017",17
"3018",50.9
"3019",26.3
"3020",12.1
"3021",54.3
"3022",13.9
"3023",51.6
"3024",33.5
"3025",31.6
"3026",44.4
"3027",16.4
"3028",58.1
"3029",8.4
"3030",19.9
"3031",36.4
"3032",55.2
"3033",5.7
"3034",101.2
"3035",20.2
"3036",48.7
"3037",27.4
"3038",32.8
"3039",12
"3040",19.1
"3041",16.5
"3042",25.4
"3043",26.1
"3044",16.9
"3045",5.3
"3046",12
"3047",55.9
"3048",61.6
"3049",69.1
"3050",19.8
"3051",7.8
"3052",5
"3053",13.3
"3054",9.9
"3055",67
"3056",7.7
"3057",0.7
"3058",8.9
"3059",71.8
"3060",38.3
"3061",42
"3062",24.9
"3063",120.7
"3064",36.4
"3065",4.8
"3066",23.7
"3067",61.2
"3068",51.4
"3069",3.4
"3070",13.1
"3071",33.7
"3072",8.2
"3073",71.6
"3074",5.1
"3075",15.3
"3076",45.6
"3077",7.1
"3078",11.2
"3079",51.4
"3080",7.4
"3081",34.6
"3082",14.2
"3083",44.3
"3084",1.7
"3085",8.9
"3086",1.9
"3087",0.9
"3088",13.3
"3089",8.9
"3090",6.4
"3091",2.2
"3092",18.1
"3093",2.9
"3094",46.9
"3095",9.5
"3096",76.5
"3097",23
"3098",86.9
"3099",81.8
"3100",47.6
"3101",7.1
"3102",4.3
"3103",30.4
"3104",20.8
"3105",5.1
"3106",9.6
"3107",7.8
"3108",3.6
"3109",10.9
"3110",13.6
"3111",56.1
"3112",7.3
"3113",18.6
"3114",27.6
"3115",8.4
"3116",44.8
"3117",46.3
"3118",39.9
"3119",9.6
"3120",62.2
"3121",16.3
"3122",40.6
"3123",19.4
"3124",4.6
"3125",61
"3126",7.3
"3127",64.6
"3128",13
"3129",16.8
"3130",14.7
"3131",2.2
"3132",46.6
"3133",41.2
"3134",6.3
"3135",7
"3136",45.2
"3137",15.2
"3138",8.9
"3139",10.1
"3140",42.7
"3141",40.1
"3142",12.7
"3143",15.6
"3144",16.2
"3145",17.1
"3146",2.5
"3147",62.6
"3148",4.4
"3149",12.9
"3150",10
"3151",26.1
"3152",38.9
"3153",39.5
"3154",1.8
"3155",23.6
"3156",57.1
"3157",42
"3158",6.9
"3159",57
"3160",65.5
"3161",10.6
"3162",22.1
"3163",6
"3164",16.2
"3165",41
"3166",27.4
"3167",19.8
"3168",26.2
"3169",3.5
"3170",20.4
"3171",2.2
"3172",44.1
"3173",54.2
"3174",100.9
"3175",92.2
"3176",52.4
"3177",18.8
"3178",9.8
"3179",21.3
"3180",5.7
"3181",5.5
"3182",1
"3183",26.5
"3184",39.7
"3185",3.8
"3186",8.9
"3187",4.4
"3188",6.6
"3189",3.1
"3190",40.4
"3191",2.6
"3192",15.8
"3193",28.3
"3194",4.9
"3195",10
"3196",10.7
"3197",11.4
"3198",7.2
"3199",28.1
"3200",25.3
"3201",25.2
"3202",57.2
"3203",44.4
"3204",29.8
"3205",12.1
"3206",8.3
"3207",22.7
"3208",26.9
"3209",43.7
"3210",79.3
"3211",3
"3212",31.9
"3213",4
"3214",5.3
"3215",51.2
"3216",104.5
"3217",20.5
"3218",7.8
"3219",29.1
"3220",28.7
"3221",6.9
"3222",7.1
"3223",2.1
"3224",9.3
"3225",33.9
"3226",49.7
"3227",6.6
"3228",8.3
"3229",26.3
"3230",2.9
"3231",11.2
"3232",9.5
"3233",14.9
"3234",38
"3235",50
"3236",35.6
"3237",3.8
"3238",68.7
"3239",29.7
"3240",12.4
"3241",5
"3242",41.1
"3243",16.2
"3244",115.8
"3245",19.9
"3246",21.9
"3247",20.6
"3248",57.3
"3249",37.4
"3250",23.5
"3251",17.1
"3252",7.6
"3253",74.8
"3254",4.1
"3255",33.7
"3256",16.2
"3257",6.5
"3258",43.5
"3259",41.2
"3260",15.2
"3261",1.3
"3262",28.8
"3263",20.2
"3264",56.7
"3265",40.7
"3266",6.6
"3267",33.2
"3268",15.1
"3269",2.5
"3270",22.3
"3271",59.6
"3272",9.8
"3273",22.5
"3274",12
"3275",33.3
"3276",3.7
"3277",45.6
"3278",18.2
"3279",27.7
"3280",6.9
"3281",2.8
"3282",10
"3283",8.5
"3284",42.1
"3285",17.2
"3286",13
"3287",3.5
"3288",7.8
"3289",1.6
"3290",56.9
"3291",6.4
"3292",13.1
"3293",96.8
"3294",32.1
"3295",44.2
"3296",93.6
"3297",5.7
"3298",11.7
"3299",17.2
"3300",6
"3301",46.5
"3302",4
"3303",5.5
"3304",27.3
"3305",1.9
"3306",76
"3307",33.2
"3308",17.8
"3309",40
"3310",13.3
"3311",19.8
"3312",3.4
"3313",3.3
"3314",23.5
"3315",25.1
"3316",94.2
"3317",24.4
"3318",12.5
"3319",5.1
"3320",30.3
"3321",56.5
"3322",11
"3323",24.7
"3324",13.1
"3325",7.3
"3326",4.3
"3327",79.8
"3328",22.3
"3329",26.3
"3330",56.5
"3331",6.2
"3332",8.8
"3333",33
"3334",8.1
"3335",6.4
"3336",36.9
"3337",17.5
"3338",20.4
"3339",6.2
"3340",25.2
"3341",16.2
"3342",57.7
"3343",23.3
"3344",10.5
"3345",28.2
"3346",13.2
"3347",15
"3348",23.6
"3349",6.9
"3350",10.2
"3351",77.4
"3352",153.9
"3353",10
"3354",17.5
"3355",2.6
"3356",14.7
"3357",4
"3358",3.4
"3359",4.2
"3360",21.8
"3361",44.2
"3362",31.3
"3363",9.6
"3364",4.2
"3365",12.1
"3366",24.1
"3367",4.4
"3368",8.5
"3369",22.5
"3370",14.8
"3371",33.1
"3372",21.6
"3373",27.5
"3374",62.3
"3375",25.4
"3376",12.9
"3377",20.9
"3378",9.6
"3379",2.7
"3380",12.6
"3381",15.9
"3382",16.4
"3383",27.9
"3384",8.4
"3385",20.2
"3386",28.9
"3387",2.5
"3388",9
"3389",19.3
"3390",4.4
"3391",31.5
"3392",95.1
"3393",25.4
"3394",23.5
"3395",51.4
"3396",49.1
"3397",120.9
"3398",3.1
"3399",21.3
"3400",13.8
"3401",0.5
"3402",85.7
"3403",9
"3404",1.5
"3405",8
"3406",9.3
"3407",5.4
"3408",33.2
"3409",42.7
"3410",19.7
"3411",19.3
"3412",35.9
"3413",8.4
"3414",4.5
"3415",4.8
"3416",25.9
"3417",57.9
"3418",55.3
"3419",13.9
"3420",2.3
"3421",55.1
"3422",12.6
"3423",37
"3424",15.9
"3425",42.5
"3426",59.5
"3427",1.2
"3428",17.4
"3429",10.1
"3430",20
"3431",4.2
"3432",16.3
"3433",30.7
"3434",12.3
"3435",10.3
"3436",29.9
"3437",8
"3438",5.8
"3439",34.7
"3440",22
"3441",20.3
"3442",19.3
"3443",18.2
"3444",6.1
"3445",11.7
"3446",38.6
"3447",16.1
"3448",5.7
"3449",40.3
"3450",53.1
"3451",9
"3452",10.7
"3453",70.1
"3454",59.5
"3455",88.4
"3456",35
"3457",3.5
"3458",1.1
"3459",18.2
"3460",7.4
"3461",67.6
"3462",40.5
"3463",9.5
"3464",2.4
"3465",79.8
"3466",12.8
"3467",20.9
"3468",4
"3469",68.5
"3470",2.3
"3471",9.1
"3472",14.7
"3473",79.8
"3474",56.9
"3475",20.7
"3476",3.3
"3477",9.2
"3478",7.7
"3479",24.8
"3480",17.2
"3481",57.7
"3482",12.9
"3483",43
"3484",4.5
"3485",8.3
"3486",27.8
"3487",5.9
"3488",12.7
"3489",26.6
"3490",7.4
"3491",3.8
"3492",44.3
"3493",16.3
"3494",14.6
"3495",11.5
"3496",54.6
"3497",2.8
"3498",19.2
"3499",39.7
"3500",34.4
"3501",3.9
"3502",48.1
"3503",17.2
"3504",62
"3505",15.9
"3506",27.6
"3507",16.2
"3508",3
"3509",23.2
"3510",56.1
"3511",17.3
"3512",57.8
"3513",31.5
"3514",4.5
"3515",7.1
"3516",23
"3517",10
"3518",23.4
"3519",78.2
"3520",2.6
"3521",8.4
"3522",23.1
"3523",81.8
"3524",1.7
"3525",98.2
"3526",42.9
"3527",15.5
"3528",118.9
"3529",10.5
"3530",13.3
"3531",2.4
"3532",11.6
"3533",21.3
"3534",5.6
"3535",39.4
"3536",8.3
"3537",18
"3538",52.7
"3539",28.5
"3540",18.6
"3541",29.1
"3542",7.5
"3543",17.3
"3544",3.8
"3545",96.1
"3546",15.7
"3547",29.3
"3548",34.5
"3549",31.5
"3550",46.7
"3551",12.7
"3552",32.9
"3553",29.9
"3554",31.6
"3555",10.3
"3556",47.4
"3557",25.8
"3558",72.1
"3559",12.1
"3560",2.3
"3561",10.8
"3562",24.7
"3563",6.7
"3564",43.7
"3565",61.9
"3566",2.5
"3567",4
"3568",25.9
"3569",25.2
"3570",35.8
"3571",8.3
"3572",18
"3573",13.2
"3574",8.4
"3575",1.6
"3576",27.9
"3577",30.5
"3578",22
"3579",69.1
"3580",20.1
"3581",10.9
"3582",23.7
"3583",1.3
"3584",57.1
"3585",20.3
"3586",49
"3587",21.3
"3588",4.2
"3589",62.3
"3590",0.9
"3591",19.7
"3592",3.5
"3593",59
"3594",80.3
"3595",20.6
"3596",21.1
"3597",6.9
"3598",11.6
"3599",17.2
"3600",38.9
"3601",12.4
"3602",4.9
"3603",38.3
"3604",17.3
"3605",7
"3606",114
"3607",43.9
"3608",87.9
"3609",19
"3610",15.4
"3611",13.7
"3612",42.7
"3613",15.9
"3614",5.7
"3615",16.9
"3616",98.3
"3617",35.3
"3618",80.9
"3619",2.6
"3620",39.4
"3621",22.4
"3622",65.6
"3623",17.5
"3624",24.2
"3625",65.7
"3626",34
"3627",13.8
"3628",10.8
"3629",12.9
"3630",30.1
"3631",94.9
"3632",16.2
"3633",3
"3634",38
"3635",65.3
"3636",15.3
"3637",34.3
"3638",19.4
"3639",61.9
"3640",27.9
"3641",9.5
"3642",56.4
"3643",6
"3644",75.9
"3645",13.8
"3646",103
"3647",134.4
"3648",18.1
"3649",12.6
"3650",5.8
"3651",10.9
"3652",16.9
"3653",99
"3654",53.8
"3655",20.7
"3656",20.6
"3657",2.4
"3658",10.5
"3659",65.4
"3660",15.5
"3661",2.9
"3662",6.4
"3663",63.1
"3664",59.9
"3665",12
"3666",1.4
"3667",2.9
"3668",31.3
"3669",43.3
"3670",14.7
"3671",5.2
"3672",12.8
"3673",34
"3674",54.3
"3675",46.5
"3676",20.6
"3677",27.5
"3678",3.5
"3679",19.2
"3680",45.1
"3681",93.4
"3682",42.3
"3683",22
"3684",9.8
"3685",6.5
"3686",18.1
"3687",3.2
"3688",15.5
"3689",6.5
"3690",25.4
"3691",7
"3692",21.4
"3693",85.7
"3694",12.3
"3695",24.5
"3696",3.3
"3697",52.6
"3698",10.3
"3699",20.4
"3700",16.5
"3701",24
"3702",11.4
"3703",2.2
"3704",43
"3705",7.4
"3706",96.8
"3707",14.3
"3708",8.7
"3709",16.7
"3710",26.7
"3711",52
"3712",34.1
"3713",48.2
"3714",19.5
"3715",64.7
"3716",8.7
"3717",10.8
"3718",21.7
"3719",41.2
"3720",8.5
"3721",44.7
"3722",21.5
"3723",33.5
"3724",42.2
"3725",42.2
"3726",24.1
"3727",11.5
"3728",3.5
"3729",73.5
"3730",45.9
"3731",15.3
"3732",8.2
"3733",19.5
"3734",19.6
"3735",52.3
"3736",14.5
"3737",2.2
"3738",3.2
"3739",14.2
"3740",7.7
"3741",32.7
"3742",1.6
"3743",22.2
"3744",8.7
"3745",108.5
"3746",11.3
"3747",22.6
"3748",27.5
"3749",26.4
"3750",16.1
"3751",55.4
"3752",3.3
"3753",2.7
"3754",3.5
"3755",10.9
"3756",38
"3757",9.6
"3758",11
"3759",17.6
"3760",19
"3761",9.9
"3762",5.7
"3763",18
"3764",65.3
"3765",20.9
"3766",10.3
"3767",38.6
"3768",6.7
"3769",3.1
"3770",2
"3771",23.7
"3772",13.8
"3773",0.5
"3774",17.1
"3775",78.1
"3776",26.5
"3777",11.6
"3778",4.6
"3779",6.4
"3780",19.2
"3781",5.6
"3782",31.6
"3783",41.8
"3784",7.7
"3785",61
"3786",16.1
"3787",6.3
"3788",15.1
"3789",2.1
"3790",19.5
"3791",26.2
"3792",21.6
"3793",39.6
"3794",34.3
"3795",4.1
"3796",4.8
"3797",27.6
"3798",69.8
"3799",19.3
"3800",73.2
"3801",1.6
"3802",67.9
"3803",24.9
"3804",0.8
"3805",15.7
"3806",12.2
"3807",27.6
"3808",5.2
"3809",9.8
"3810",3.5
"3811",23.2
"3812",61
"3813",22.9
"3814",10.8
"3815",8.3
"3816",50.3
"3817",12.7
"3818",18
"3819",35.1
"3820",8.4
"3821",11.3
"3822",28.7
"3823",41.1
"3824",43
"3825",29.6
"3826",32.2
"3827",12.5
"3828",6.1
"3829",12.8
"3830",3.3
"3831",19.5
"3832",41.4
"3833",17.1
"3834",1.1
"3835",4.9
"3836",3.5
"3837",7.4
"3838",17
"3839",38.7
"3840",16.7
"3841",19.8
"3842",11.5
"3843",14.5
"3844",7
"3845",11.8
"3846",9.2
"3847",38.8
"3848",4.3
"3849",25.4
"3850",23.4
"3851",11.8
"3852",6.2
"3853",9
"3854",56.7
"3855",12.3
"3856",18.8
"3857",44.3
"3858",3.1
"3859",66.7
"3860",2.2
"3861",23.3
"3862",2.1
"3863",62.1
"3864",12.3
"3865",4.4
"3866",14.2
"3867",53.5
"3868",72.6
"3869",17
"3870",15
"3871",3.8
"3872",57.4
"3873",26.4
"3874",17.7
"3875",90.6
"3876",4.1
"3877",17.7
"3878",21
"3879",19
"3880",3
"3881",10.8
"3882",63.8
"3883",2
"3884",4.2
"3885",8.7
"3886",36
"3887",10
"3888",18.8
"3889",32.7
"3890",47.4
"3891",133.1
"3892",37.4
"3893",40.8
"3894",5.9
"3895",2
"3896",242.3
"3897",4.6
"3898",6.1
"3899",20.8
"3900",105.5
"3901",11.2
"3902",27.5
"3903",37.9
"3904",24.1
"3905",5
"3906",11.4
"3907",52.4
"3908",12.6
"3909",16.6
"3910",4.4
"3911",13.6
"3912",12.4
"3913",5.5
"3914",60.7
"3915",27
"3916",34.3
"3917",8.8
"3918",5.9
"3919",6.6
"3920",15.2
"3921",22.1
"3922",27.9
"3923",15.1
"3924",5.2
"3925",107.2
"3926",20.7
"3927",12.3
"3928",11.6
"3929",3.6
"3930",10.1
"3931",35.9
"3932",31.4
"3933",26.4
"3934",10.8
"3935",9.3
"3936",9.4
"3937",42.3
"3938",13.1
"3939",75.5
"3940",3.2
"3941",37.3
"3942",9.5
"3943",19
"3944",2.2
"3945",74.5
"3946",10
"3947",20.5
"3948",9.7
"3949",5.3
"3950",15
"3951",84.3
"3952",1.7
"3953",34.8
"3954",17.5
"3955",9.7
"3956",62.1
"3957",40.6
"3958",43.7
"3959",10.5
"3960",36.2
"3961",5.7
"3962",19.9
"3963",3.5
"3964",8
"3965",15.8
"3966",1
"3967",14.9
"3968",28
"3969",14.3
"3970",24.6
"3971",12.4
"3972",30.6
"3973",38.1
"3974",29
"3975",63.7
"3976",21.9
"3977",12.3
"3978",33.6
"3979",1.9
"3980",2
"3981",16.2
"3982",96.9
"3983",48.6
"3984",47.5
"3985",6.7
"3986",9.5
"3987",53.6
"3988",51.9
"3989",6.3
"3990",84.5
"3991",49.9
"3992",5.8
"3993",2
"3994",12.9
"3995",46.7
"3996",90.9
"3997",78.9
"3998",22.1
"3999",54.5
"4000",16.5
"4001",4.6
"4002",5.2
"4003",4.4
"4004",11.4
"4005",53.5
"4006",2
"4007",8
"4008",32.5
"4009",13.9
"4010",38.5
"4011",39.6
"4012",25.1
"4013",21.9
"4014",78
"4015",44.5
"4016",24.1
"4017",28
"4018",79.8
"4019",6.1
"4020",17.8
"4021",6.8
"4022",11.1
"4023",32.9
"4024",13.5
"4025",2.9
"4026",25.4
"4027",13.7
"4028",127.3
"4029",14.3
"4030",32.8
"4031",13.9
"4032",80.1
"4033",12.7
"4034",13.2
"4035",39.4
"4036",11.4
"4037",61.6
"4038",11.6
"4039",17
"4040",36.7
"4041",24.1
"4042",9
"4043",37
"4044",83.3
"4045",14
"4046",66.4
"4047",11.7
"4048",11.5
"4049",29.4
"4050",19.5
"4051",14.7
"4052",3.5
"4053",4.3
"4054",87.1
"4055",46.3
"4056",110.9
"4057",22.7
"4058",25
"4059",1.9
"4060",31.9
"4061",2.8
"4062",21.6
"4063",0.6
"4064",16.9
"4065",1.9
"4066",3.8
"4067",4.6
"4068",4.2
"4069",39
"4070",56.7
"4071",22.9
"4072",28.7
"4073",34.1
"4074",28.7
"4075",23.4
"4076",25.9
"4077",9.7
"4078",62.6
"4079",1.2
"4080",48.2
"4081",49.2
"4082",21.3
"4083",12
"4084",9.6
"4085",9.9
"4086",32.5
"4087",101.6
"4088",39.3
"4089",33.3
"4090",2.1
"4091",62.8
"4092",59.4
"4093",42.2
"4094",4.7
"4095",94.7
"4096",22.8
"4097",1.5
"4098",12.9
"4099",78.2
"4100",113.5
"4101",28.1
"4102",4.9
"4103",9
"4104",49
"4105",35.5
"4106",4.4
"4107",11.4
"4108",17.9
"4109",14.6
"4110",2
"4111",4.5
"4112",23.1
"4113",4.7
"4114",6.5
"4115",12.7
"4116",8.5
"4117",7.1
"4118",14.1
"4119",2.9
"4120",45.2
"4121",82.5
"4122",13.2
"4123",1.5
"4124",12.4
"4125",12.8
"4126",60.8
"4127",45.9
"4128",66.1
"4129",109.1
"4130",61.9
"4131",95.1
"4132",9.2
"4133",147.7
"4134",7
"4135",1.8
"4136",42.6
"4137",41.3
"4138",64.5
"4139",26.7
"4140",63.7
"4141",5
"4142",32
"4143",8.7
"4144",10.3
"4145",43.5
"4146",3.8
"4147",48
"4148",43.7
"4149",34.2
"4150",10
"4151",28.5
"4152",28.3
"4153",14.2
"4154",4.7
"4155",3.5
"4156",34.8
"4157",59.9
"4158",5.7
"4159",34.3
"4160",3.1
"4161",15.9
"4162",14.7
"4163",8.9
"4164",15.8
"4165",23.6
"4166",2.3
"4167",41.6
"4168",1.3
"4169",7.9
"4170",9.2
"4171",13
"4172",58.4
"4173",25.7
"4174",30.5
"4175",21.7
"4176",15
"4177",14.1
"4178",19.8
"4179",1.9
"4180",27.3
"4181",73.1
"4182",3.9
"4183",86.2
"4184",44.2
"4185",1.5
"4186",30
"4187",7.5
"4188",77.2
"4189",9.5
"4190",13.9
"4191",2.5
"4192",13.7
"4193",13.6
"4194",45.5
"4195",17.8
"4196",4.2
"4197",64.5
"4198",39.1
"4199",81.7
"4200",18.9
"4201",7.9
"4202",30.8
"4203",5.6
"4204",5.2
"4205",0.5
"4206",93.4
"4207",8.6
"4208",3.7
"4209",42.3
"4210",55.1
"4211",24
"4212",10.8
"4213",118
"4214",25.7
"4215",10.7
"4216",4.8
"4217",29.3
"4218",3.2
"4219",40.6
"4220",22.9
"4221",56.4
"4222",13.8
"4223",35.8
"4224",2.4
"4225",135
"4226",46.7
"4227",64
"4228",3.6
"4229",3.4
"4230",1.9
"4231",48.3
"4232",2.2
"4233",3
"4234",104.2
"4235",19.2
"4236",2.2
"4237",2.4
"4238",15.1
"4239",29.7
"4240",15.4
"4241",18.5
"4242",0.8
"4243",12.8
"4244",40.7
"4245",7.6
"4246",72
"4247",28
"4248",59.3
"4249",35.5
"4250",2.3
"4251",4.9
"4252",21.3
"4253",64.4
"4254",9.2
"4255",0.7
"4256",38.5
"4257",34.3
"4258",19.8
"4259",10.3
"4260",44.6
"4261",17.9
"4262",15.2
"4263",36.7
"4264",10.9
"4265",12
"4266",5.4
"4267",35.7
"4268",21
"4269",50.4
"4270",56
"4271",40.1
"4272",18.6
"4273",67
"4274",10.3
"4275",28
"4276",31.9
"4277",35.6
"4278",29.8
"4279",17.1
"4280",18.5
"4281",26.6
"4282",29.6
"4283",10.5
"4284",44.3
"4285",13.4
"4286",10.1
"4287",14.4
"4288",62.3
"4289",16.2
"4290",11.5
"4291",21.5
"4292",18.3
"4293",51.3
"4294",26.2
"4295",39.9
"4296",135.1
"4297",3.4
"4298",38.7
"4299",6.7
"4300",49.4
"4301",9.7
"4302",5.7
"4303",22.8
"4304",12.8
"4305",80.5
"4306",15.4
"4307",0.7
"4308",6.1
"4309",5.4
"4310",12.3
"4311",1.9
"4312",12.5
"4313",23.4
"4314",12.9
"4315",31.8
"4316",32.3
"4317",91.5
"4318",16.6
"4319",32.7
"4320",82.2
"4321",19.3
"4322",11.6
"4323",20.6
"4324",25.5
"4325",12.5
"4326",20.4
"4327",80.2
"4328",25.9
"4329",13
"4330",66.4
"4331",52.5
"4332",91
"4333",5.1
"4334",9.8
"4335",13
"4336",8.9
"4337",16.8
"4338",30.3
"4339",10.7
"4340",2
"4341",93.1
"4342",18.4
"4343",25.7
"4344",31.1
"4345",2.7
"4346",11.6
"4347",0.8
"4348",2.9
"4349",35.5
"4350",12.5
"4351",34.2
"4352",2.3
"4353",32.5
"4354",2.6
"4355",7.2
"4356",83.6
"4357",8.1
"4358",17.2
"4359",4
"4360",4.9
"4361",31
"4362",8.6
"4363",9.5
"4364",2.8
"4365",19.9
"4366",6.6
"4367",5.6
"4368",2
"4369",14.6
"4370",59.3
"4371",3.4
"4372",3.7
"4373",20.7
"4374",82.5
"4375",1.6
"4376",19
"4377",17.1
"4378",17.8
"4379",39.3
"4380",8.4
"4381",75.1
"4382",21.7
"4383",47.4
"4384",32.1
"4385",7
"4386",24.3
"4387",34.4
"4388",44
"4389",23.1
"4390",18.2
"4391",6
"4392",5.1
"4393",22
"4394",32.9
"4395",7.1
"4396",3.8
"4397",7.9
"4398",39.9
"4399",10.7
"4400",46.4
"4401",13.9
"4402",19.6
"4403",17.7
"4404",5.9
"4405",23.5
"4406",36.2
"4407",36.5
"4408",41.1
"4409",19.4
"4410",22
"4411",2.3
"4412",17.7
"4413",2.3
"4414",25
"4415",4.4
"4416",11.5
"4417",7.3
"4418",2
"4419",77.1
"4420",4.9
"4421",13.4
"4422",16.3
"4423",2.1
"4424",15.5
"4425",3.8
"4426",20.8
"4427",28.5
"4428",16.1
"4429",23.5
"4430",56.8
"4431",27.1
"4432",27.2
"4433",116.4
"4434",33.2
"4435",5.2
"4436",29.7
"4437",14.5
"4438",6.3
"4439",24.7
"4440",91.7
"4441",7
"4442",17.8
"4443",17.9
"4444",21
"4445",34.4
"4446",0.9
"4447",20.9
"4448",37.5
"4449",22.4
"4450",28.4
"4451",41.1
"4452",42.9
"4453",32.1
"4454",27.4
"4455",6.4
"4456",2.6
"4457",6.2
"4458",88
"4459",16.3
"4460",80.7
"4461",19.4
"4462",12.5
"4463",21.1
"4464",13.7
"4465",22.3
"4466",3
"4467",7.6
"4468",11.3
"4469",9.1
"4470",44.4
"4471",17.1
"4472",36.8
"4473",34.6
"4474",46.3
"4475",58.8
"4476",45.1
"4477",3.4
"4478",14.2
"4479",68.5
"4480",20.4
"4481",94.8
"4482",16.4
"4483",24
"4484",10
"4485",29
"4486",5.8
"4487",50.6
"4488",102.7
"4489",22.2
"4490",12.6
"4491",20.6
"4492",2.7
"4493",50.9
"4494",56.2
"4495",15.9
"4496",11.8
"4497",5.9
"4498",3.6
"4499",6.7
"4500",13.6
"4501",14
"4502",29.8
"4503",30.3
"4504",76.4
"4505",13
"4506",36.5
"4507",54.7
"4508",13.2
"4509",71.6
"4510",14.7
"4511",49.8
"4512",16.2
"4513",8.6
"4514",13.4
"4515",16.6
"4516",10.5
"4517",45.4
"4518",26.2
"4519",9.1
"4520",30.2
"4521",2.1
"4522",6.5
"4523",16.4
"4524",6.9
"4525",37
"4526",14.6
"4527",5.2
"4528",71.6
"4529",9.9
"4530",14.2
"4531",29.9
"4532",12.2
"4533",3
"4534",11.6
"4535",31.2
"4536",9.3
"4537",13.6
"4538",5.2
"4539",10.9
"4540",13.6
"4541",25.9
"4542",18.5
"4543",24.4
"4544",11.2
"4545",8.2
"4546",18.5
"4547",36.3
"4548",36.4
"4549",9.5
"4550",41.7
"4551",32.8
"4552",13
"4553",52.9
"4554",3.6
"4555",5.8
"4556",13.4
"4557",20.7
"4558",66.1
"4559",60.4
"4560",11
"4561",53.2
"4562",25
"4563",100
"4564",9.1
"4565",46.1
"4566",114.9
"4567",34.3
"4568",3.3
"4569",17
"4570",7.4
"4571",17.9
"4572",16.5
"4573",37.5
"4574",7.9
"4575",13.1
"4576",38.4
"4577",12.7
"4578",6.1
"4579",119.9
"4580",8.9
"4581",10.7
"4582",34.6
"4583",2.5
"4584",25.5
"4585",17.1
"4586",25.3
"4587",4
"4588",28.3
"4589",15.8
"4590",17.1
"4591",26.8
"4592",3.4
"4593",14.9
"4594",17.9
"4595",8.2
"4596",32
"4597",31
"4598",26.7
"4599",33.2
"4600",6.9
"4601",3.6
"4602",8.5
"4603",2.3
"4604",4.6
"4605",14.7
"4606",13.1
"4607",12.7
"4608",4.8
"4609",4.9
"4610",58.5
"4611",35.4
"4612",5
"4613",31.2
"4614",8.1
"4615",6.7
"4616",29.6
"4617",12.3
"4618",90.4
"4619",27.6
"4620",7.3
"4621",73.7
"4622",58.7
"4623",27
"4624",21.2
"4625",13
"4626",58.3
"4627",157
"4628",12.1
"4629",8.9
"4630",6.7
"4631",2.9
"4632",14.1
"4633",15.1
"4634",20.8
"4635",9.7
"4636",19.1
"4637",4.3
"4638",41.1
"4639",7.1
"4640",16.7
"4641",34.6
"4642",31.3
"4643",33.8
"4644",42.2
"4645",42.6
"4646",11.5
"4647",100.5
"4648",2.7
"4649",14
"4650",4
"4651",6
"4652",74.1
"4653",32.1
"4654",26.9
"4655",36
"4656",1.9
"4657",7.4
"4658",5.4
"4659",6.9
"4660",105.7
"4661",31.4
"4662",5.5
"4663",5.1
"4664",13.1
"4665",8.2
"4666",1.5
"4667",7.6
"4668",4.3
"4669",20.4
"4670",5.2
"4671",51.1
"4672",22.1
"4673",72.1
"4674",49.1
"4675",27.4
"4676",5.8
"4677",26.9
"4678",5
"4679",31
"4680",4.8
"4681",13.5
"4682",3.2
"4683",25.8
"4684",18.1
"4685",13.8
"4686",26.5
"4687",63.8
"4688",7.5
"4689",17.4
"4690",24.5
"4691",19.8
"4692",30.4
"4693",5.5
"4694",8
"4695",19.3
"4696",44.9
"4697",23.3
"4698",15.2
"4699",28.2
"4700",7.6
"4701",19.1
"4702",38.8
"4703",38.1
"4704",15.2
"4705",15.4
"4706",29
"4707",17.3
"4708",15.4
"4709",33.7
"4710",79
"4711",81.5
"4712",2.3
"4713",26.9
"4714",23.6
"4715",47.1
"4716",39.2
"4717",4
"4718",4.2
"4719",18.1
"4720",50.9
"4721",11.7
"4722",37.8
"4723",33.2
"4724",15
"4725",5.8
"4726",42.5
"4727",1.9
"4728",16.9
"4729",30.7
"4730",12.4
"4731",41.3
"4732",103.1
"4733",17
"4734",6.2
"4735",58.2
"4736",1.9
"4737",106.4
"4738",9.8
"4739",22.7
"4740",7.9
"4741",31
"4742",12.9
"4743",14.4
"4744",29.2
"4745",29
"4746",5.6
"4747",9.5
"4748",16.9
"4749",1.6
"4750",30.6
"4751",42.8
"4752",11.7
"4753",30.4
"4754",11.5
"4755",4.5
"4756",14.5
"4757",36.9
"4758",12.6
"4759",64.3
"4760",16.2
"4761",37.6
"4762",22.1
"4763",15.9
"4764",68.7
"4765",8.8
"4766",40.4
"4767",3.1
"4768",1.2
"4769",10.7
"4770",24.2
"4771",32.9
"4772",69
"4773",2.8
"4774",54.9
"4775",28
"4776",29.1
"4777",26.1
"4778",10.8
"4779",72.7
"4780",6.3
"4781",52.6
"4782",4.8
"4783",38
"4784",27.6
"4785",25.6
"4786",3.4
"4787",10.2
"4788",12.2
"4789",30.9
"4790",13.1
"4791",1.8
"4792",45
"4793",5.5
"4794",13.2
"4795",74.5
"4796",90.1
"4797",8.5
"4798",33.3
"4799",11
"4800",82.4
"4801",35.2
"4802",48.2
"4803",5
"4804",48.1
"4805",20.7
"4806",60.5
"4807",14
"4808",39.2
"4809",3.1
"4810",2
"4811",20.8
"4812",2.5
"4813",26
"4814",23.1
"4815",8.1
"4816",51.4
"4817",1
"4818",34.9
"4819",24.6
"4820",30.1
"4821",17.9
"4822",52.4
"4823",20.1
"4824",6.7
"4825",18.5
"4826",32.6
"4827",10.2
"4828",41.2
"4829",42.1
"4830",14.5
"4831",23.9
"4832",23.7
"4833",16.9
"4834",6.3
"4835",38.4
"4836",7.7
"4837",11.4
"4838",12.9
"4839",2.2
"4840",41.8
"4841",36.2
"4842",39.3
"4843",29.6
"4844",24.5
"4845",23.7
"4846",21.3
"4847",17.2
"4848",18.9
"4849",18.8
"4850",6.2
"4851",7.9
"4852",13.6
"4853",110.3
"4854",10.2
"4855",29
"4856",49.1
"4857",58.3
"4858",2.6
"4859",34.8
"4860",11.3
"4861",18.4
"4862",62.6
"4863",51.8
"4864",11.7
"4865",28
"4866",2.4
"4867",26.5
"4868",50.1
"4869",20.4
"4870",16.2
"4871",57.9
"4872",44.6
"4873",138.4
"4874",26.8
"4875",40
"4876",38.3
"4877",27.5
"4878",48.2
"4879",47.9
"4880",16.8
"4881",18.8
"4882",12.3
"4883",17.8
"4884",2.1
"4885",3.6
"4886",53
"4887",7
"4888",28.9
"4889",35.7
"4890",12.7
"4891",2.6
"4892",72.9
"4893",16.1
"4894",23.6
"4895",14.3
"4896",50
"4897",29.6
"4898",36
"4899",7.6
"4900",55.1
"4901",3.8
"4902",17.1
"4903",4.3
"4904",11.6
"4905",15
"4906",53
"4907",3.2
"4908",8.1
"4909",23.1
"4910",3.9
"4911",8.7
"4912",55.2
"4913",1.5
"4914",9.4
"4915",13.1
"4916",40.2
"4917",54
"4918",6.9
"4919",6.2
"4920",5.5
"4921",40.1
"4922",67.9
"4923",50.4
"4924",68
"4925",23.5
"4926",8.7
"4927",7.4
"4928",6.6
"4929",38.4
"4930",43.7
"4931",37.2
"4932",57.9
"4933",16.9
"4934",16.8
"4935",4.3
"4936",26.1
"4937",4.4
"4938",66.5
"4939",28.1
"4940",28.5
"4941",51.9
"4942",10
"4943",10.2
"4944",59.9
"4945",6.5
"4946",13.9
"4947",46.3
"4948",13.2
"4949",4.9
"4950",14.7
"4951",9.4
"4952",1.5
"4953",21
"4954",31.6
"4955",40.8
"4956",14.8
"4957",8.8
"4958",15.2
"4959",8
"4960",3.7
"4961",17.8
"4962",42.5
"4963",41.5
"4964",8.5
"4965",19.4
"4966",3.4
"4967",1
"4968",127.9
"4969",4.9
"4970",3.2
"4971",18.4
"4972",51
"4973",26.2
"4974",2.4
"4975",17
"4976",5.2
"4977",8.5
"4978",4.4
"4979",26.3
"4980",10.7
"4981",19.3
"4982",51.3
"4983",12.4
"4984",18.1
"4985",9.8
"4986",29.8
"4987",2.7
"4988",16
"4989",9.2
"4990",89.5
"4991",51.2
"4992",8.4
"4993",15.2
"4994",4.6
"4995",15.9
"4996",31.8
"4997",5.1
"4998",10.8
"4999",6.2
"5000",8.6
"5001",6.3
"5002",30.9
"5003",11.5
"5004",76.4
"5005",51.7
"5006",3
"5007",13.5
"5008",20.3
"5009",47.1
"5010",14.4
"5011",20.8
"5012",8.4
"5013",31.7
"5014",6.6
"5015",104.1
"5016",142.9
"5017",44.8
"5018",21.4
"5019",40.6
"5020",7.7
"5021",14.9
"5022",15.6
"5023",23.7
"5024",5.7
"5025",82
"5026",2.4
"5027",13.2
"5028",8.4
"5029",56.2
"5030",5.6
"5031",17.7
"5032",10.2
"5033",20.4
"5034",26.6
"5035",54.3
"5036",68.5
"5037",15.9
"5038",1.5
"5039",12.2
"5040",65.3
"5041",7.1
"5042",23.6
"5043",28.3
"5044",41.7
"5045",32.4
"5046",15.6
"5047",70.5
"5048",98.3
"5049",18.1
"5050",26.9
"5051",26.2
"5052",43.3
"5053",79.7
"5054",82.3
"5055",36.6
"5056",8.6
"5057",3.2
"5058",26.3
"5059",4.9
"5060",10.5
"5061",20.5
"5062",22.3
"5063",4.9
"5064",43.8
"5065",12.9
"5066",16
"5067",1.2
"5068",32.9
"5069",18.3
"5070",21.2
"5071",39.3
"5072",14.4
"5073",1.2
"5074",90.1
"5075",25
"5076",22.1
"5077",56.9
"5078",57.1
"5079",54
"5080",51.2
"5081",63.5
"5082",13.6
"5083",9.3
"5084",11.5
"5085",39.7
"5086",18.4
"5087",7.2
"5088",9.6
"5089",8.7
"5090",1.9
"5091",42.9
"5092",11.5
"5093",10.7
"5094",15.8
"5095",3.1
"5096",24
"5097",30.7
"5098",32.2
"5099",34.8
"5100",9.7
"5101",73.9
"5102",32.9
"5103",55.5
"5104",24.6
"5105",13.9
"5106",47.2
"5107",32.3
"5108",25.6
"5109",117.5
"5110",15.2
"5111",70.6
"5112",2.6
"5113",26.5
"5114",19.8
"5115",20.7
"5116",57.3
"5117",14.4
"5118",23.5
"5119",98.5
"5120",3.6
"5121",55
"5122",2
"5123",72.8
"5124",21.3
"5125",48.2
"5126",27.2
"5127",10.9
"5128",9.7
"5129",15.6
"5130",6.5
"5131",22.2
"5132",74.6
"5133",21.9
"5134",7.6
"5135",76.7
"5136",6.9
"5137",28.1
"5138",11.5
"5139",98.7
"5140",49.6
"5141",20.9
"5142",33.7
"5143",5
"5144",21.5
"5145",18.7
"5146",9.1
"5147",17.7
"5148",38.2
"5149",12.7
"5150",6.1
"5151",1.7
"5152",15.3
"5153",18.8
"5154",20.5
"5155",4.1
"5156",24.4
"5157",4.9
"5158",72.3
"5159",16
"5160",22.3
"5161",3.7
"5162",13.6
"5163",4.3
"5164",1.8
"5165",64.8
"5166",12.9
"5167",9.2
"5168",77.7
"5169",11.3
"5170",3.6
"5171",35.5
"5172",31.1
"5173",45.5
"5174",50.3
"5175",10.5
"5176",22.1
"5177",21.3
"5178",12.6
"5179",35
"5180",9.9
"5181",30.5
"5182",22.7
"5183",12.2
"5184",9.4
"5185",6.9
"5186",61.1
"5187",29.7
"5188",2.6
"5189",5
"5190",0.3
"5191",9.9
"5192",55.7
"5193",5.3
"5194",15
"5195",6.3
"5196",103.5
"5197",36.9
"5198",22.7
"5199",20.5
"5200",10.5
"5201",10.5
"5202",6.6
"5203",19.2
"5204",10.9
"5205",51.4
"5206",2.9
"5207",18.4
"5208",15.5
"5209",75.4
"5210",25.8
"5211",2.3
"5212",55.5
"5213",17.3
"5214",11.2
"5215",24.3
"5216",70
"5217",29
"5218",6.5
"5219",35.1
"5220",4
"5221",41.6
"5222",30.6
"5223",28
"5224",4.9
"5225",15.5
"5226",11.4
"5227",3.4
"5228",97.4
"5229",18.7
"5230",10.2
"5231",28.7
"5232",6.5
"5233",1.4
"5234",14.7
"5235",4.9
"5236",7.3
"5237",59.7
"5238",18.2
"5239",9.2
"5240",17.9
"5241",10
"5242",11.2
"5243",43.3
"5244",34.6
"5245",26.9
"5246",6.1
"5247",50.7
"5248",23.1
"5249",17.5
"5250",5.2
"5251",109
"5252",4.9
"5253",27.2
"5254",9.9
"5255",19.1
"5256",30.4
"5257",19.1
"5258",22.4
"5259",3.1
"5260",22.2
"5261",14.7
"5262",31.4
"5263",15.3
"5264",15.3
"5265",40.4
"5266",18.5
"5267",65.7
"5268",3.1
"5269",3.8
"5270",30.6
"5271",5
"5272",49.2
"5273",39.1
"5274",23.4
"5275",21.8
"5276",6
"5277",4.8
"5278",11.9
"5279",4.5
"5280",19.7
"5281",6.3
"5282",45.3
"5283",4
"5284",23.4
"5285",49.9
"5286",82.4
"5287",8.7
"5288",20.8
"5289",93.9
"5290",12.2
"5291",9.6
"5292",13.3
"5293",8.1
"5294",17.5
"5295",20.9
"5296",4.3
"5297",13
"5298",176.8
"5299",32.1
"5300",28
"5301",60.8
"5302",84.5
"5303",14.1
"5304",26.4
"5305",16.9
"5306",30.6
"5307",20.9
"5308",3.5
"5309",65.1
"5310",9.3
"5311",31.1
"5312",36.2
"5313",21.5
"5314",62.7
"5315",27
"5316",20.6
"5317",21.8
"5318",28.2
"5319",24.9
"5320",2.7
"5321",36.5
"5322",3.3
"5323",8.3
"5324",3.5
"5325",6.4
"5326",13
"5327",23.8
"5328",8.2
"5329",77.9
"5330",9.6
"5331",13.3
"5332",68
"5333",19.6
"5334",28.8
"5335",29.5
"5336",82.1
"5337",12.7
"5338",23.7
"5339",12.5
"5340",3.5
"5341",5.9
"5342",31.2
"5343",8
"5344",10.3
"5345",10.8
"5346",106.4
"5347",17.7
"5348",10.5
"5349",37.3
"5350",30.4
"5351",63.7
"5352",74.2
"5353",44.2
"5354",12.1
"5355",26.1
"5356",27.9
"5357",47.9
"5358",119.2
"5359",22.1
"5360",81.1
"5361",23
"5362",74.1
"5363",6
"5364",18.7
"5365",57.5
"5366",62.2
"5367",9.2
"5368",87.3
"5369",47.4
"5370",14.7
"5371",42.1
"5372",33.9
"5373",12.8
"5374",19
"5375",6.3
"5376",5
"5377",40.9
"5378",6.6
"5379",12.4
"5380",62.5
"5381",62.4
"5382",12.3
"5383",8
"5384",15.8
"5385",44.7
"5386",29.6
"5387",17.4
"5388",21.6
"5389",21.4
"5390",6.6
"5391",98.5
"5392",43.6
"5393",18.6
"5394",10.8
"5395",37.5
"5396",3.4
"5397",5
"5398",23.4
"5399",13.5
"5400",31.1
"5401",20.4
"5402",13.6
"5403",32
"5404",32.4
"5405",31.7
"5406",9.3
"5407",10
"5408",48.8
"5409",23.9
"5410",19.3
"5411",43.3
"5412",43.8
"5413",31.3
"5414",14.2
"5415",22.6
"5416",6.2
"5417",68
"5418",2.7
"5419",20
"5420",38.4
"5421",65.8
"5422",2.4
"5423",12.8
"5424",9.4
"5425",14
"5426",89.2
"5427",4.5
"5428",12.1
"5429",13.8
"5430",23.7
"5431",26.7
"5432",20.1
"5433",12.2
"5434",115.6
"5435",44
"5436",4
"5437",3.1
"5438",4.6
"5439",8.7
"5440",63.4
"5441",9.6
"5442",14.4
"5443",18.1
"5444",1.8
"5445",5.5
"5446",60.5
"5447",3.9
"5448",3.3
"5449",42.9
"5450",120.5
"5451",38.4
"5452",67.9
"5453",23.8
"5454",22.5
"5455",10.7
"5456",15.2
"5457",36.5
"5458",2.5
"5459",34.5
"5460",8.9
"5461",12
"5462",3.3
"5463",8.1
"5464",23.5
"5465",8.4
"5466",26.5
"5467",56.6
"5468",6.8
"5469",24.7
"5470",26.2
"5471",24.2
"5472",73.3
"5473",9
"5474",15.7
"5475",20.8
"5476",11.7
"5477",10.3
"5478",33.8
"5479",19
"5480",44.9
"5481",29
"5482",45.4
"5483",23.1
"5484",24.7
"5485",16.1
"5486",62
"5487",14.8
"5488",45.8
"5489",18.8
"5490",42.1
"5491",28.4
"5492",78.1
"5493",15.3
"5494",58.7
"5495",1.9
"5496",16.9
"5497",3.4
"5498",41
"5499",12.7
"5500",53.2
"5501",33.9
"5502",43.7
"5503",8.7
"5504",13.2
"5505",67
"5506",9.3
"5507",18.5
"5508",63
"5509",26.5
"5510",25.1
"5511",56.4
"5512",40.5
"5513",12.2
"5514",96.6
"5515",28.5
"5516",16.2
"5517",0.6
"5518",15.7
"5519",10.3
"5520",40.3
"5521",28.3
"5522",60.6
"5523",30.4
"5524",40.5
"5525",86.5
"5526",14.7
"5527",27.2
"5528",8.7
"5529",25.1
"5530",21.1
"5531",1.3
"5532",12.2
"5533",26.6
"5534",38.1
"5535",16.4
"5536",21.3
"5537",76.9
"5538",59.5
"5539",11
"5540",11.9
"5541",15.9
"5542",70.6
"5543",11
"5544",13
"5545",20
"5546",37.2
"5547",16.1
"5548",26.9
"5549",23.2
"5550",37.3
"5551",5.6
"5552",30.8
"5553",39
"5554",54.9
"5555",26.4
"5556",40.2
"5557",23.6
"5558",3.2
"5559",3.5
"5560",9.2
"5561",35.7
"5562",23.4
"5563",13.5
"5564",10.8
"5565",15.3
"5566",18.7
"5567",12.7
"5568",20.5
"5569",3.3
"5570",4.3
"5571",23.1
"5572",2.7
"5573",50.2
"5574",13.2
"5575",27.4
"5576",8.8
"5577",9.2
"5578",56.1
"5579",7.7
"5580",26.3
"5581",129.8
"5582",17.1
"5583",58.6
"5584",17.5
"5585",15.2
"5586",15.1
"5587",12.5
"5588",43.7
"5589",87.9
"5590",29.5
"5591",63.7
"5592",61.9
"5593",55
"5594",62.4
"5595",22.1
"5596",35.4
"5597",14.7
"5598",11
"5599",5
"5600",43.9
"5601",48
"5602",12.9
"5603",8.7
"5604",17.6
"5605",33.5
"5606",34.2
"5607",8.3
"5608",18.4
"5609",29.8
"5610",19.5
"5611",61.4
"5612",8.9
"5613",95.5
"5614",2.3
"5615",109.3
"5616",3.1
"5617",3.7
"5618",23.6
"5619",112.6
"5620",1.8
"5621",84.2
"5622",5.8
"5623",23
"5624",9
"5625",1.4
"5626",0.9
"5627",15.9
"5628",29.1
"5629",14.4
"5630",95.8
"5631",14.2
"5632",4.1
"5633",8.2
"5634",7.9
"5635",1.5
"5636",7.2
"5637",31.2
"5638",39.6
"5639",37.5
"5640",21.8
"5641",26.6
"5642",41.4
"5643",59.9
"5644",39.4
"5645",8.8
"5646",9.5
"5647",22.9
"5648",20.5
"5649",7.5
"5650",68
"5651",16
"5652",73.7
"5653",38.6
"5654",4.9
"5655",57.6
"5656",31.3
"5657",21.3
"5658",12
"5659",4.5
"5660",7.8
"5661",20.3
"5662",3.7
"5663",29.1
"5664",19.1
"5665",19.6
"5666",1.7
"5667",31.3
"5668",47.7
"5669",14.2
"5670",47.4
"5671",20.8
"5672",18
"5673",17.2
"5674",19.8
"5675",7.5
"5676",29.2
"5677",8.5
"5678",2.2
"5679",33.1
"5680",7.7
"5681",15.5
"5682",61.4
"5683",58.6
"5684",18.8
"5685",36.7
"5686",33.4
"5687",9.7
"5688",54.9
"5689",30.7
"5690",8.7
"5691",10.8
"5692",2.7
"5693",35.5
"5694",72.2
"5695",14.6
"5696",3
"5697",1.2
"5698",86.7
"5699",14.3
"5700",37.3
"5701",80.7
"5702",76
"5703",52.5
"5704",32.2
"5705",27.1
"5706",12.5
"5707",37.6
"5708",98
"5709",56.3
"5710",33.1
"5711",2.7
"5712",40.7
"5713",12.1
"5714",67.5
"5715",20.2
"5716",1.3
"5717",16.1
"5718",47.1
"5719",16.3
"5720",7
"5721",5.9
"5722",2.7
"5723",14.3
"5724",2.2
"5725",27.9
"5726",10.3
"5727",68.3
"5728",28.5
"5729",45.1
"5730",10.2
"5731",4.7
"5732",13.7
"5733",2.1
"5734",36
"5735",23.3
"5736",27.6
"5737",24.7
"5738",34.4
"5739",8.4
"5740",18.2
"5741",35.1
"5742",48.5
"5743",20.4
"5744",16.7
"5745",21.3
"5746",6.5
"5747",8.1
"5748",14.5
"5749",2.2
"5750",7.6
"5751",9
"5752",29.7
"5753",33.6
"5754",16.5
"5755",18.8
"5756",36.6
"5757",14.6
"5758",19.9
"5759",6.7
"5760",29.2
"5761",135.1
"5762",41.5
"5763",16.5
"5764",4.8
"5765",42.8
"5766",15
"5767",59.3
"5768",28.6
"5769",13.5
"5770",2.3
"5771",82.6
"5772",18.5
"5773",40.7
"5774",11.7
"5775",29.5
"5776",10.1
"5777",25.1
"5778",27.1
"5779",3
"5780",20.3
"5781",6.5
"5782",21.6
"5783",40.6
"5784",88.3
"5785",34.8
"5786",22
"5787",22.4
"5788",14.7
"5789",64.7
"5790",33.1
"5791",7.1
"5792",10.8
"5793",32.2
"5794",4.2
"5795",9.8
"5796",6.5
"5797",7
"5798",10.6
"5799",15.7
"5800",36.9
"5801",23.6
"5802",133.1
"5803",27.1
"5804",55.1
"5805",27.2
"5806",7.5
"5807",25.6
"5808",21.6
"5809",59.5
"5810",8.9
"5811",14
"5812",20.6
"5813",40.6
"5814",30.5
"5815",14.6
"5816",31.6
"5817",8.1
"5818",42
"5819",7.8
"5820",23.1
"5821",20.5
"5822",2.3
"5823",27.8
"5824",101.6
"5825",54.1
"5826",32.6
"5827",52.3
"5828",39.6
"5829",6.3
"5830",1.8
"5831",3.8
"5832",23.8
"5833",22.4
"5834",18.8
"5835",90.3
"5836",6.1
"5837",44
"5838",15.5
"5839",30.4
"5840",48.2
"5841",45.5
"5842",10.6
"5843",50.7
"5844",77.9
"5845",47.7
"5846",31.2
"5847",15.1
"5848",74.7
"5849",13.8
"5850",22.8
"5851",6.6
"5852",22.5
"5853",30.6
"5854",27.1
"5855",36.6
"5856",13.7
"5857",36.2
"5858",18.1
"5859",3.3
"5860",26.6
"5861",99
"5862",13.5
"5863",33.6
"5864",8.1
"5865",6.9
"5866",31.4
"5867",7.8
"5868",12.5
"5869",26.3
"5870",82.7
"5871",12
"5872",25
"5873",12
"5874",26.6
"5875",25.7
"5876",34.3
"5877",9.4
"5878",57.6
"5879",20.5
"5880",52.8
"5881",10.8
"5882",5.6
"5883",20
"5884",60.3
"5885",29.8
"5886",5.5
"5887",8.9
"5888",40.1
"5889",13
"5890",6
"5891",7
"5892",19.8
"5893",64.7
"5894",6.1
"5895",8
"5896",51.7
"5897",2.4
"5898",6.1
"5899",77.9
"5900",7.4
"5901",31
"5902",63.6
"5903",20.7
"5904",72.2
"5905",15.9
"5906",10.1
"5907",39.2
"5908",35.3
"5909",12
"5910",15.2
"5911",93.8
"5912",11.7
"5913",9.2
"5914",22.5
"5915",28
"5916",6.4
"5917",4.3
"5918",34.2
"5919",9.6
"5920",6.8
"5921",16.7
"5922",35.1
"5923",12.3
"5924",79.2
"5925",24.4
"5926",36.7
"5927",9.5
"5928",2.8
"5929",5
"5930",15.2
"5931",52.6
"5932",12.9
"5933",44.5
"5934",43.7
"5935",40.4
"5936",35
"5937",5.3
"5938",28.4
"5939",16.8
"5940",48
"5941",3.1
"5942",6.1
"5943",26.8
"5944",7.3
"5945",12
"5946",26.9
"5947",5.4
"5948",11.7
"5949",14.5
"5950",11.3
"5951",35.7
"5952",2.2
"5953",11.8
"5954",35.4
"5955",3.7
"5956",39.2
"5957",2.3
"5958",17.9
"5959",89
"5960",45
"5961",18.1
"5962",8
"5963",2.6
"5964",16.3
"5965",15.6
"5966",8.1
"5967",37.6
"5968",22.5
"5969",136.3
"5970",12.5
"5971",7.5
"5972",9.5
"5973",61.6
"5974",16.2
"5975",42.4
"5976",25.2
"5977",37.8
"5978",12
"5979",24.5
"5980",8.7
"5981",9.4
"5982",1.7
"5983",62.8
"5984",25.8
"5985",2.1
"5986",33.2
"5987",3
"5988",29.9
"5989",46.4
"5990",40.2
"5991",11.7
"5992",68.3
"5993",4.8
"5994",29
"5995",2.5
"5996",28.6
"5997",9.3
"5998",56.2
"5999",12.3
"6000",95.8
"6001",104.4
"6002",8.3
"6003",7.5
"6004",67.9
"6005",4.7
"6006",19
"6007",12.9
"6008",4.7
"6009",16.6
"6010",80.3
"6011",46.7
"6012",47.1
"6013",10.4
"6014",39.5
"6015",32.1
"6016",44.9
"6017",2.8
"6018",4.8
"6019",61.7
"6020",9.6
"6021",59.2
"6022",36.6
"6023",18.8
"6024",2.3
"6025",17.6
"6026",21.5
"6027",7.8
"6028",12.8
"6029",8.3
"6030",14.5
"6031",11.1
"6032",32.8
"6033",19.2
"6034",68.5
"6035",4.4
"6036",71.4
"6037",43.1
"6038",44.8
"6039",22.7
"6040",3.5
"6041",56.8
"6042",1.5
"6043",47
"6044",35.6
"6045",24.4
"6046",10.4
"6047",11.6
"6048",25.3
"6049",56.4
"6050",5.3
"6051",7.2
"6052",30.5
"6053",26.2
"6054",18.4
"6055",25.4
"6056",1.5
"6057",41.4
"6058",1.5
"6059",14.7
"6060",2.2
"6061",26.8
"6062",42.2
"6063",27.7
"6064",9.5
"6065",19.1
"6066",19
"6067",2.9
"6068",23.7
"6069",44.1
"6070",4.9
"6071",10.1
"6072",31.6
"6073",5.4
"6074",33.9
"6075",16.2
"6076",67
"6077",18.8
"6078",8
"6079",28.8
"6080",17.8
"6081",9
"6082",12.4
"6083",26.1
"6084",2.9
"6085",6.5
"6086",15.9
"6087",12.3
"6088",3.6
"6089",37.6
"6090",32.2
"6091",65.1
"6092",12.7
"6093",1.3
"6094",2.9
"6095",28
"6096",6.3
"6097",16.9
"6098",81
"6099",10
"6100",12.6
"6101",14
"6102",8.8
"6103",19.8
"6104",29.3
"6105",9
"6106",21.8
"6107",17.4
"6108",82.6
"6109",36.4
"6110",21.6
"6111",13.5
"6112",7.3
"6113",2.3
"6114",14.4
"6115",24.2
"6116",34.4
"6117",6.9
"6118",2.4
"6119",7.2
"6120",12.6
"6121",78.9
"6122",88
"6123",7.1
"6124",41.8
"6125",16.2
"6126",53.5
"6127",4
"6128",9.3
"6129",26.8
"6130",31.6
"6131",29.4
"6132",23.7
"6133",7.4
"6134",35.9
"6135",59.9
"6136",16.9
"6137",11.2
"6138",5
"6139",2.8
"6140",18.1
"6141",19.7
"6142",37.6
"6143",74.4
"6144",36.6
"6145",8.5
"6146",30
"6147",15.9
"6148",49.1
"6149",55
"6150",2.5
"6151",25.4
"6152",10.3
"6153",14.2
"6154",64.1
"6155",23.7
"6156",0.9
"6157",103.3
"6158",11.2
"6159",23.6
"6160",35.6
"6161",19.3
"6162",44
"6163",10.7
"6164",11.8
"6165",59.7
"6166",9
"6167",5.3
"6168",14.2
"6169",38.9
"6170",32.5
"6171",39.5
"6172",3.7
"6173",21.6
"6174",9.8
"6175",12.2
"6176",30
"6177",26.9
"6178",47
"6179",36.9
"6180",34.2
"6181",23
"6182",17.2
"6183",14.7
"6184",21.6
"6185",34.7
"6186",32.5
"6187",4.8
"6188",11.9
"6189",17.3
"6190",46.7
"6191",27
"6192",132.1
"6193",129
"6194",86.8
"6195",29
"6196",69.8
"6197",10.9
"6198",31.7
"6199",3
"6200",33.5
"6201",34.5
"6202",3.3
"6203",14.4
"6204",4.1
"6205",2.3
"6206",46.1
"6207",27.9
"6208",10.7
"6209",18.2
"6210",74.4
"6211",2.3
"6212",4.8
"6213",11.5
"6214",51
"6215",16.3
"6216",61.6
"6217",21.2
"6218",1.4
"6219",49.1
"6220",5.4
"6221",6.1
"6222",58.1
"6223",40.2
"6224",28.9
"6225",4.7
"6226",5.1
"6227",26.1
"6228",32.8
"6229",15
"6230",36.4
"6231",8.3
"6232",30.9
"6233",7.1
"6234",22.8
"6235",13
"6236",13.4
"6237",23.7
"6238",15.1
"6239",47.1
"6240",17.4
"6241",14.7
"6242",21.2
"6243",39.5
"6244",14.7
"6245",32.2
"6246",31.9
"6247",1.6
"6248",17.2
"6249",30.7
"6250",18.9
"6251",45.4
"6252",67.7
"6253",57.8
"6254",5.1
"6255",13.2
"6256",10.7
"6257",25.1
"6258",52.3
"6259",31.9
"6260",30.5
"6261",24
"6262",24.4
"6263",38.5
"6264",20.5
"6265",5
"6266",4.9
"6267",31.9
"6268",24.9
"6269",2.7
"6270",24.1
"6271",12.1
"6272",53.4
"6273",6.7
"6274",12
"6275",22.2
"6276",20.8
"6277",9.2
"6278",15.5
"6279",19.8
"6280",18.5
"6281",61.3
"6282",14.3
"6283",13.8
"6284",40.3
"6285",25.4
"6286",12.6
"6287",82.7
"6288",62
"6289",17.4
"6290",14.1
"6291",34.5
"6292",3.8
"6293",15.6
"6294",15.9
"6295",74.8
"6296",43.4
"6297",34.4
"6298",10.3
"6299",4.3
"6300",75.8
"6301",30.3
"6302",52.9
"6303",48.6
"6304",52.9
"6305",12.4
"6306",35.6
"6307",22.3
"6308",26.7
"6309",79.9
"6310",1.9
"6311",32.3
"6312",7.2
"6313",40.2
"6314",1.2
"6315",30.4
"6316",35
"6317",6.7
"6318",45.5
"6319",10.7
"6320",6.2
"6321",8.5
"6322",31.5
"6323",23.3
"6324",3.6
"6325",27.9
"6326",9
"6327",21.3
"6328",1.1
"6329",47.2
"6330",14
"6331",28.5
"6332",33.3
"6333",14.2
"6334",19.1
"6335",2.7
"6336",17.6
"6337",15.7
"6338",175
"6339",1
"6340",34.9
"6341",9.6
"6342",4.4
"6343",53.6
"6344",65.7
"6345",13.7
"6346",8.9
"6347",124.4
"6348",6.8
"6349",33.6
"6350",9.6
"6351",72.9
"6352",68.9
"6353",1.4
"6354",20.8
"6355",19.3
"6356",17.2
"6357",68.5
"6358",11.7
"6359",5.7
"6360",20.3
"6361",72.1
"6362",3.1
"6363",27.6
"6364",67.1
"6365",28.5
"6366",88.7
"6367",27.9
"6368",12
"6369",23.9
"6370",23.8
"6371",3.5
"6372",14.3
"6373",20.4
"6374",50.5
"6375",61.9
"6376",2.8
"6377",18.1
"6378",87.2
"6379",11.4
"6380",74.3
"6381",23.1
"6382",11.9
"6383",60.9
"6384",50
"6385",44.1
"6386",19.2
"6387",34.3
"6388",48.9
"6389",17.3
"6390",17.6
"6391",8.5
"6392",2.2
"6393",3.7
"6394",24.8
"6395",8.4
"6396",38
"6397",8.2
"6398",103.9
"6399",40
"6400",57.8
"6401",7.7
"6402",9.2
"6403",33.1
"6404",42.6
"6405",67.5
"6406",45.3
"6407",34.7
"6408",44
"6409",10.2
"6410",21.9
"6411",61
"6412",10.1
"6413",105.7
"6414",52.9
"6415",28.3
"6416",7.4
"6417",8.1
"6418",2.8
"6419",23.3
"6420",5.1
"6421",25
"6422",34.4
"6423",47.7
"6424",14.4
"6425",19.8
"6426",4.6
"6427",36.8
"6428",19.2
"6429",12.6
"6430",155.1
"6431",80.9
"6432",13.1
"6433",4.5
"6434",34.4
"6435",61.2
"6436",14.1
"6437",6
"6438",37.8
"6439",83.9
"6440",29
"6441",31.4
"6442",27.8
"6443",24.8
"6444",12.2
"6445",19.7
"6446",80.8
"6447",35.8
"6448",21.2
"6449",4.5
"6450",8.9
"6451",28.7
"6452",56.6
"6453",1.6
"6454",93.1
"6455",13
"6456",38.8
"6457",36.7
"6458",15.6
"6459",16
"6460",25.3
"6461",13.2
"6462",8.9
"6463",64.5
"6464",9
"6465",15.5
"6466",12
"6467",7.9
"6468",48.5
"6469",38.6
"6470",81.5
"6471",37.2
"6472",3
"6473",21.7
"6474",81.1
"6475",18.8
"6476",9.3
"6477",26.3
"6478",2.7
"6479",6.7
"6480",16.9
"6481",3.1
"6482",61.2
"6483",114.8
"6484",33.6
"6485",3.8
"6486",7.6
"6487",5.1
"6488",1.5
"6489",1.9
"6490",19.2
"6491",11.8
"6492",19.7
"6493",87.2
"6494",16.1
"6495",36.2
"6496",46.2
"6497",16.9
"6498",67.3
"6499",5
"6500",78.2
"6501",9
"6502",10.9
"6503",37.5
"6504",35.5
"6505",31.3
"6506",11.4
"6507",16.1
"6508",20.4
"6509",15.7
"6510",8.3
"6511",12.4
"6512",11.6
"6513",35.3
"6514",13.8
"6515",15.3
"6516",37.4
"6517",2
"6518",1.8
"6519",47.9
"6520",11.5
"6521",1.2
"6522",55.3
"6523",47.8
"6524",16.3
"6525",44.4
"6526",1
"6527",4.3
"6528",26.9
"6529",56.3
"6530",18.6
"6531",49.9
"6532",51.6
"6533",26.5
"6534",9.1
"6535",33.4
"6536",3.7
"6537",14.8
"6538",95.6
"6539",8.5
"6540",7.5
"6541",81.3
"6542",22.9
"6543",24.8
"6544",8.4
"6545",26.8
"6546",25.6
"6547",13.9
"6548",3.7
"6549",48
"6550",42.1
"6551",13.8
"6552",73.8
"6553",2.7
"6554",26.4
"6555",37.9
"6556",11.3
"6557",13.1
"6558",3
"6559",15.2
"6560",8.8
"6561",55.3
"6562",14.7
"6563",5.4
"6564",35.7
"6565",6.9
"6566",11.6
"6567",13.1
"6568",56
"6569",12
"6570",25.1
"6571",54.7
"6572",50.4
"6573",33
"6574",42
"6575",101.3
"6576",46.5
"6577",22.4
"6578",76.9
"6579",12
"6580",4.8
"6581",15.2
"6582",62.2
"6583",17.4
"6584",32
"6585",7.9
"6586",34.4
"6587",19.2
"6588",13.4
"6589",45.5
"6590",2.3
"6591",53.1
"6592",112
"6593",21
"6594",34.5
"6595",62.8
"6596",18.9
"6597",7.2
"6598",41.5
"6599",10.9
"6600",17.1
"6601",24.6
"6602",10.6
"6603",59.3
"6604",4.6
"6605",48.1
"6606",4.5
"6607",26.8
"6608",9.6
"6609",33.2
"6610",13.2
"6611",9
"6612",9.9
"6613",22.7
"6614",52.9
"6615",42.5
"6616",16.4
"6617",6.8
"6618",6.3
"6619",6.4
"6620",3.4
"6621",7.6
"6622",17.1
"6623",3.2
"6624",3.6
"6625",26.8
"6626",38.1
"6627",48.9
"6628",32.9
"6629",16.1
"6630",2.1
"6631",30.3
"6632",32
"6633",43.3
"6634",73.2
"6635",124.7
"6636",32
"6637",15.3
"6638",32
"6639",50.5
"6640",43.6
"6641",69.6
"6642",106.7
"6643",7.6
"6644",72.8
"6645",133.6
"6646",5.3
"6647",7.4
"6648",11.2
"6649",2.2
"6650",8.7
"6651",27.7
"6652",22.5
"6653",36.3
"6654",32.6
"6655",13.1
"6656",33.9
"6657",80.6
"6658",4.9
"6659",15.3
"6660",1.8
"6661",5.7
"6662",21.7
"6663",23
"6664",4.2
"6665",29.6
"6666",64.3
"6667",18.6
"6668",28
"6669",3.8
"6670",3.5
"6671",29.8
"6672",35.4
"6673",12.8
"6674",3.1
"6675",64
"6676",37.2
"6677",37.1
"6678",14.6
"6679",12.4
"6680",52.3
"6681",14.7
"6682",7.3
"6683",17.1
"6684",43.3
"6685",2.2
"6686",14.3
"6687",5.7
"6688",71
"6689",27
"6690",16.1
"6691",15.5
"6692",2.9
"6693",9.3
"6694",12.3
"6695",1.6
"6696",31
"6697",12
"6698",4.3
"6699",11.2
"6700",11.2
"6701",3.3
"6702",19.5
"6703",91.5
"6704",14.7
"6705",167
"6706",24.2
"6707",30.7
"6708",17.4
"6709",42.4
"6710",36.7
"6711",4.3
"6712",13.5
"6713",15.1
"6714",55.5
"6715",42.1
"6716",26.4
"6717",10
"6718",15.7
"6719",0.9
"6720",5.2
"6721",3.5
"6722",13.6
"6723",9.2
"6724",22.2
"6725",23.4
"6726",20.5
"6727",29
"6728",33.1
"6729",57.3
"6730",12
"6731",11.1
"6732",33.5
"6733",5.4
"6734",11.3
"6735",16.5
"6736",8.9
"6737",12.9
"6738",52
"6739",24.3
"6740",5.4
"6741",9.2
"6742",69.7
"6743",12.8
"6744",4.1
"6745",41.4
"6746",10.5
"6747",11
"6748",38.3
"6749",5
"6750",41.8
"6751",11.7
"6752",36.4
"6753",24.7
"6754",39.8
"6755",14.8
"6756",16.7
"6757",56
"6758",12.8
"6759",22.3
"6760",25.6
"6761",4.5
"6762",2.8
"6763",30.7
"6764",65.8
"6765",9.7
"6766",26.3
"6767",4.5
"6768",12.5
"6769",11.3
"6770",7.7
"6771",41.7
"6772",13.9
"6773",42.4
"6774",14.9
"6775",12.2
"6776",15
"6777",7.9
"6778",13.3
"6779",13.8
"6780",28
"6781",24.4
"6782",15.9
"6783",8.1
"6784",29.6
"6785",38
"6786",72.5
"6787",21.9
"6788",3.7
"6789",8.7
"6790",15.9
"6791",26.3
"6792",62.4
"6793",14.5
"6794",76.1
"6795",9.1
"6796",5.9
"6797",41.9
"6798",4
"6799",15.5
"6800",30.6
"6801",1
"6802",31.2
"6803",37.8
"6804",13
"6805",65.2
"6806",123.5
"6807",5.8
"6808",67.9
"6809",22
"6810",24.3
"6811",15.4
"6812",80.2
"6813",17.9
"6814",9.3
"6815",29.8
"6816",24.1
"6817",13.8
"6818",14
"6819",16.9
"6820",57
"6821",30.6
"6822",9.9
"6823",57.3
"6824",78.3
"6825",24.1
"6826",28.1
"6827",25.4
"6828",38.3
"6829",25.1
"6830",44.7
"6831",80.1
"6832",10.4
"6833",34.8
"6834",28.2
"6835",22.3
"6836",9.9
"6837",7.2
"6838",9.2
"6839",2
"6840",12.5
"6841",10.4
"6842",32.8
"6843",36.3
"6844",6.4
"6845",12.7
"6846",47.5
"6847",31.6
"6848",3.1
"6849",3.6
"6850",9.3
"6851",90.2
"6852",14.7
"6853",16.3
"6854",116.9
"6855",67
"6856",24
"6857",5.8
"6858",29.2
"6859",24.6
"6860",2.7
"6861",49
"6862",16.3
"6863",6.5
"6864",40.3
"6865",104.9
"6866",7.3
"6867",53.7
"6868",11.8
"6869",23.7
"6870",28.1
"6871",8.1
"6872",16.7
"6873",9.5
"6874",11.4
"6875",10.6
"6876",63.5
"6877",28.9
"6878",7.4
"6879",15.9
"6880",34.7
"6881",5.5
"6882",6.6
"6883",17
"6884",30.5
"6885",62.1
"6886",11.5
"6887",65.2
"6888",15.8
"6889",20
"6890",39.8
"6891",7.2
"6892",14.3
"6893",34
"6894",44.7
"6895",6.3
"6896",3.3
"6897",71.9
"6898",26.7
"6899",44.2
"6900",6.8
"6901",8.5
"6902",14
"6903",56.4
"6904",19.3
"6905",5.7
"6906",9.4
"6907",32.3
"6908",24.4
"6909",5
"6910",35.5
"6911",1
"6912",16.8
"6913",30.7
"6914",13.9
"6915",6.5
"6916",44.9
"6917",32
"6918",28.1
"6919",8.1
"6920",17.4
"6921",44.8
"6922",20.7
"6923",38
"6924",29.9
"6925",2.1
"6926",5.5
"6927",32.6
"6928",10.1
"6929",4.6
"6930",15
"6931",53.2
"6932",2.6
"6933",16.3
"6934",31.4
"6935",1.3
"6936",27.1
"6937",4.3
"6938",41.7
"6939",2.3
"6940",29.9
"6941",24.8
"6942",45.3
"6943",1.4
"6944",6
"6945",10.5
"6946",56.4
"6947",9.1
"6948",75.5
"6949",16.8
"6950",23
"6951",29.3
"6952",3.8
"6953",37.3
"6954",28.3
"6955",4.7
"6956",5.3
"6957",5.6
"6958",21.6
"6959",77.3
"6960",38.5
"6961",27.6
"6962",78.9
"6963",27.2
"6964",16.5
"6965",18.2
"6966",15.5
"6967",121.8
"6968",76.1
"6969",83.7
"6970",26.9
"6971",41.6
"6972",35.1
"6973",4.5
"6974",33.2
"6975",9.8
"6976",26.2
"6977",69.1
"6978",21
"6979",3.4
"6980",14
"6981",20.1
"6982",8.8
"6983",27.4
"6984",15.3
"6985",0.7
"6986",68.1
"6987",71.2
"6988",37
"6989",13.6
"6990",12.4
"6991",1.9
"6992",5.4
"6993",4.7
"6994",3.7
"6995",17.1
"6996",6.6
"6997",28.5
"6998",36.1
"6999",7.7
"7000",12.4
"7001",7
"7002",13.1
"7003",2.4
"7004",5.5
"7005",59.9
"7006",5.7
"7007",8.6
"7008",26.9
"7009",3.9
"7010",16.3
"7011",61.4
"7012",0.9
"7013",47.1
"7014",7
"7015",9.4
"7016",20.3
"7017",10.8
"7018",11.8
"7019",3.2
"7020",45.5
"7021",34.8
"7022",12.2
"7023",1.9
"7024",49.3
"7025",43.5
"7026",47.9
"7027",11.4
"7028",5.2
"7029",19.8
"7030",66.7
"7031",0.3
"7032",2.1
"7033",27.6
"7034",4
"7035",32.1
"7036",19.8
"7037",44.9
"7038",46.4
"7039",8.3
"7040",3.4
"7041",53.6
"7042",68.5
"7043",3.6
"7044",47.5
"7045",6
"7046",4.8
"7047",48.3
"7048",1.7
"7049",16.6
"7050",12.4
"7051",35
"7052",24.4
"7053",19.9
"7054",65.6
"7055",28.6
"7056",26.8
"7057",58.2
"7058",28
"7059",6.9
"7060",32.9
"7061",56
"7062",10.1
"7063",16.6
"7064",32.1
"7065",48.6
"7066",3.5
"7067",4.9
"7068",45.6
"7069",14.8
"7070",1
"7071",16.6
"7072",24.8
"7073",42
"7074",15.3
"7075",48
"7076",8.8
"7077",9.7
"7078",78.7
"7079",6.5
"7080",2.1
"7081",30.2
"7082",6.8
"7083",27.9
"7084",19.8
"7085",7.1
"7086",63.5
"7087",12.2
"7088",5.5
"7089",93.6
"7090",61.7
"7091",10.4
"7092",16
"7093",83.2
"7094",8.5
"7095",46.3
"7096",53.7
"7097",19.5
"7098",60.6
"7099",50.9
"7100",21
"7101",8.6
"7102",60.6
"7103",27
"7104",26
"7105",5
"7106",9.9
"7107",3.2
"7108",56.9
"7109",97.5
"7110",60.8
"7111",18.2
"7112",13.6
"7113",4.1
"7114",2.4
"7115",3.7
"7116",28.6
"7117",18.6
"7118",61.1
"7119",73.6
"7120",13.8
"7121",33.5
"7122",26.3
"7123",85.1
"7124",3.8
"7125",81.6
"7126",8
"7127",106
"7128",11.1
"7129",8.2
"7130",2.2
"7131",61.4
"7132",19.8
"7133",43
"7134",34.8
"7135",23.3
"7136",7.7
"7137",47.5
"7138",17.2
"7139",16.4
"7140",31.1
"7141",42.5
"7142",16.7
"7143",5.7
"7144",28.6
"7145",81
"7146",25.9
"7147",6.3
"7148",30.2
"7149",28
"7150",0.5
"7151",10.3
"7152",43.8
"7153",5.4
"7154",34.7
"7155",19.4
"7156",6.5
"7157",9.4
"7158",5.4
"7159",22.7
"7160",26.2
"7161",36.6
"7162",21.5
"7163",30.9
"7164",60.2
"7165",9.6
"7166",28.9
"7167",11.7
"7168",28.9
"7169",26.4
"7170",11.8
"7171",25.5
"7172",38.7
"7173",40
"7174",3.7
"7175",13.7
"7176",127.6
"7177",38.5
"7178",32.3
"7179",35.5
"7180",9.7
"7181",55
"7182",2.7
"7183",21.8
"7184",2.9
"7185",74.6
"7186",40.3
"7187",10.7
"7188",8.4
"7189",44.4
"7190",44.7
"7191",16.7
"7192",55.2
"7193",24.3
"7194",9.1
"7195",25.1
"7196",37.2
"7197",11.5
"7198",42.4
"7199",22.9
"7200",6.7
"7201",10.2
"7202",22.4
"7203",14.5
"7204",40.2
"7205",20.1
"7206",32.8
"7207",45.3
"7208",45
"7209",17.2
"7210",9.1
"7211",28.2
"7212",6.8
"7213",27.8
"7214",3.8
"7215",21.7
"7216",6.6
"7217",65.7
"7218",6.5
"7219",53.9
"7220",71.2
"7221",41.1
"7222",19.2
"7223",1.8
"7224",24.9
"7225",13.6
"7226",21.3
"7227",4.7
"7228",3
"7229",16.3
"7230",63.5
"7231",14.2
"7232",26.6
"7233",10.3
"7234",14.6
"7235",8.2
"7236",20.1
"7237",19.4
"7238",47.6
"7239",61.4
"7240",17
"7241",4.3
"7242",46.5
"7243",101.9
"7244",29.8
"7245",79.7
"7246",45.4
"7247",43.2
"7248",9.6
"7249",3
"7250",36.5
"7251",21.2
"7252",10.4
"7253",25.6
"7254",42.6
"7255",8.2
"7256",6
"7257",5.8
"7258",2.8
"7259",47.9
"7260",29.7
"7261",95
"7262",82.1
"7263",12.1
"7264",4.7
"7265",1.9
"7266",1
"7267",24.8
"7268",61.1
"7269",18.4
"7270",20.2
"7271",5.8
"7272",2.7
"7273",21.3
"7274",33
"7275",7.2
"7276",7.3
"7277",20
"7278",6.9
"7279",40.3
"7280",25.6
"7281",38.8
"7282",64.2
"7283",65.6
"7284",12.7
"7285",6.7
"7286",37.5
"7287",13.3
"7288",4.4
"7289",16.4
"7290",33.7
"7291",66.3
"7292",17.8
"7293",55.3
"7294",23
"7295",17.2
"7296",22.3
"7297",24.6
"7298",34.9
"7299",5.2
"7300",16.8
"7301",25.8
"7302",7.4
"7303",39
"7304",4.9
"7305",14.9
"7306",50.6
"7307",2.2
"7308",31.9
"7309",19.5
"7310",104.2
"7311",28.4
"7312",11.1
"7313",19.1
"7314",6.4
"7315",9.4
"7316",8.3
"7317",44.9
"7318",46.1
"7319",3.8
"7320",6.5
"7321",9.9
"7322",25.3
"7323",23.2
"7324",51
"7325",8.8
"7326",32.8
"7327",5.1
"7328",6.6
"7329",22.3
"7330",9.2
"7331",12.9
"7332",102.1
"7333",9.9
"7334",7.5
"7335",24.4
"7336",12.1
"7337",18.5
"7338",33.7
"7339",5.7
"7340",3.7
"7341",9.8
"7342",24.3
"7343",15.2
"7344",30.4
"7345",102.4
"7346",2.5
"7347",14.4
"7348",15.2
"7349",2.5
"7350",9.5
"7351",18.7
"7352",1.7
"7353",4.4
"7354",2.4
"7355",46.9
"7356",12.9
"7357",5.4
"7358",2.7
"7359",16.2
"7360",27.1
"7361",67.4
"7362",16.1
"7363",16.6
"7364",10
"7365",4.9
"7366",60.9
"7367",114
"7368",38.2
"7369",8.7
"7370",85.4
"7371",4
"7372",3.6
"7373",5.7
"7374",64
"7375",4.3
"7376",1.1
"7377",20.4
"7378",36
"7379",39.1
"7380",19.4
"7381",31.7
"7382",55
"7383",53.1
"7384",53.1
"7385",3.4
"7386",34.2
"7387",23
"7388",20.9
"7389",21.3
"7390",15.7
"7391",46.6
"7392",7.1
"7393",3.5
"7394",10.3
"7395",19.2
"7396",43.8
"7397",55.5
"7398",58
"7399",15.5
"7400",78.6
"7401",7.5
"7402",26.4
"7403",35.9
"7404",16.8
"7405",15.4
"7406",50.3
"7407",5
"7408",20.4
"7409",10.7
"7410",45.4
"7411",5.2
"7412",25.4
"7413",21.6
"7414",101.7
"7415",8
"7416",2.5
"7417",18.1
"7418",4.1
"7419",17.6
"7420",23.7
"7421",38.6
"7422",16.2
"7423",1.9
"7424",5.9
"7425",10.3
"7426",25.1
"7427",18.2
"7428",23.2
"7429",7.9
"7430",9.1
"7431",48.9
"7432",34.1
"7433",42.5
"7434",8.5
"7435",31.6
"7436",12.9
"7437",2.6
"7438",7.5
"7439",60
"7440",14.5
"7441",17.4
"7442",26.9
"7443",71.9
"7444",11.6
"7445",9.9
"7446",83.7
"7447",28.8
"7448",6.3
"7449",8.8
"7450",11.6
"7451",19.1
"7452",25.3
"7453",18.1
"7454",14.5
"7455",5
"7456",37.5
"7457",12.6
"7458",4.8
"7459",4.9
"7460",6.9
"7461",12.8
"7462",17.9
"7463",4.4
"7464",56.5
"7465",51.6
"7466",15.8
"7467",74
"7468",53.3
"7469",9.9
"7470",1.2
"7471",18.7
"7472",2.7
"7473",13.6
"7474",11.3
"7475",9.1
"7476",12.4
"7477",25.7
"7478",4.6
"7479",15.3
"7480",29.1
"7481",105.3
"7482",23
"7483",29
"7484",4.3
"7485",8.4
"7486",33.4
"7487",45.9
"7488",11.5
"7489",32.1
"7490",55.7
"7491",76.1
"7492",28.6
"7493",37.3
"7494",49.2
"7495",2.4
"7496",39.1
"7497",25
"7498",20.1
"7499",6
"7500",2.7
"7501",9.6
"7502",9.4
"7503",23
"7504",4.1
"7505",6.3
"7506",82.8
"7507",24.2
"7508",19.5
"7509",26.2
"7510",6
"7511",26.3
"7512",2.5
"7513",10.7
"7514",8.3
"7515",10.1
"7516",3.2
"7517",1.3
"7518",8.4
"7519",7.5
"7520",5.8
"7521",1.3
"7522",22.8
"7523",23.5
"7524",4.2
"7525",4.3
"7526",51.6
"7527",65.9
"7528",4.9
"7529",62
"7530",15.9
"7531",9.8
"7532",7.2
"7533",21.3
"7534",3.3
"7535",2.4
"7536",16.5
"7537",18.9
"7538",15.9
"7539",6.1
"7540",15.2
"7541",136.5
"7542",8.1
"7543",36.7
"7544",18.7
"7545",2.5
"7546",22.4
"7547",2.2
"7548",43.5
"7549",13.3
"7550",7.3
"7551",30.1
"7552",42.7
"7553",8.7
"7554",14.2
"7555",36.4
"7556",17.4
"7557",33.6
"7558",26.3
"7559",23.4
"7560",13.4
"7561",1.9
"7562",19.9
"7563",25.9
"7564",60.7
"7565",50.9
"7566",8.1
"7567",14
"7568",44.1
"7569",24.5
"7570",21.7
"7571",19.4
"7572",27.6
"7573",24.9
"7574",12.2
"7575",15.9
"7576",3.3
"7577",16.3
"7578",24.8
"7579",83.2
"7580",24.3
"7581",20.4
"7582",12.8
"7583",19.9
"7584",9.5
"7585",38.5
"7586",22.9
"7587",8.2
"7588",7
"7589",22.1
"7590",27.8
"7591",28.7
"7592",38.9
"7593",5.3
"7594",3.2
"7595",17
"7596",12.7
"7597",10.4
"7598",10.5
"7599",23.9
"7600",46.5
"7601",60.7
"7602",4.9
"7603",22.9
"7604",15.6
"7605",28.5
"7606",18.6
"7607",8.2
"7608",80.1
"7609",12.3
"7610",12.7
"7611",15.2
"7612",64.7
"7613",22
"7614",43.4
"7615",63.6
"7616",24.1
"7617",2.5
"7618",9.8
"7619",6
"7620",14.5
"7621",11.3
"7622",21.1
"7623",16.7
"7624",29.4
"7625",13.8
"7626",21.1
"7627",27.7
"7628",12.2
"7629",60.7
"7630",17.7
"7631",16.8
"7632",14.5
"7633",8.2
"7634",21.3
"7635",10.9
"7636",7
"7637",33.4
"7638",1.8
"7639",32.2
"7640",132.7
"7641",19.2
"7642",38.4
"7643",11.9
"7644",18.9
"7645",31
"7646",29.3
"7647",15.1
"7648",12.4
"7649",5
"7650",50.4
"7651",7.3
"7652",15
"7653",8.7
"7654",89
"7655",21.4
"7656",13.2
"7657",5.4
"7658",25.9
"7659",64.4
"7660",4.8
"7661",44.3
"7662",17.7
"7663",37
"7664",40.2
"7665",3.8
"7666",8.1
"7667",5.9
"7668",39
"7669",21.2
"7670",22.5
"7671",8.8
"7672",8
"7673",29.5
"7674",121.6
"7675",6.5
"7676",42.3
"7677",25.2
"7678",32.4
"7679",8.1
"7680",42.5
"7681",11
"7682",9.8
"7683",55.3
"7684",2.7
"7685",10.3
"7686",15.7
"7687",19.3
"7688",53.2
"7689",59.8
"7690",12.9
"7691",68.1
"7692",72.3
"7693",9.6
"7694",69.1
"7695",3.2
"7696",66.5
"7697",17.5
"7698",21
"7699",22.4
"7700",51.5
"7701",36.6
"7702",7.4
"7703",9.9
"7704",47
"7705",5.2
"7706",9.3
"7707",47.4
"7708",39.5
"7709",74.7
"7710",16.9
"7711",4
"7712",89.7
"7713",4.4
"7714",15.6
"7715",33.3
"7716",93.6
"7717",8.7
"7718",14.3
"7719",29
"7720",81.2
"7721",40.7
"7722",46.6
"7723",15.3
"7724",41.9
"7725",2.3
"7726",30.6
"7727",2.2
"7728",41.8
"7729",49.6
"7730",6.7
"7731",21.9
"7732",38.6
"7733",120.6
"7734",6.3
"7735",6.3
"7736",5.6
"7737",39.4
"7738",3.8
"7739",25.7
"7740",55.2
"7741",1.1
"7742",34.4
"7743",10.5
"7744",90.7
"7745",5.8
"7746",8.3
"7747",34.2
"7748",4.2
"7749",50.6
"7750",11.7
"7751",29.7
"7752",60.7
"7753",36.2
"7754",16.6
"7755",19.1
"7756",3.3
"7757",11.2
"7758",27.9
"7759",26.4
"7760",19.9
"7761",18
"7762",2.6
"7763",14.6
"7764",46.5
"7765",5.8
"7766",28
"7767",5.2
"7768",7.6
"7769",25.1
"7770",30.5
"7771",19.2
"7772",5
"7773",11.5
"7774",6.9
"7775",8.7
"7776",18.4
"7777",12.1
"7778",14.1
"7779",21.6
"7780",8.8
"7781",6.4
"7782",19.4
"7783",99.5
"7784",155.7
"7785",50.3
"7786",46.6
"7787",12.7
"7788",58.5
"7789",4
"7790",22.7
"7791",11.5
"7792",15.6
"7793",5.9
"7794",2.2
"7795",37.3
"7796",68.1
"7797",14.6
"7798",36
"7799",5
"7800",52.5
"7801",61.8
"7802",12.7
"7803",3.6
"7804",4.9
"7805",4.8
"7806",19.5
"7807",33.2
"7808",35.2
"7809",74.3
"7810",4.2
"7811",28.4
"7812",19.2
"7813",35.8
"7814",65
"7815",10.2
"7816",21.4
"7817",42.9
"7818",36.1
"7819",35.3
"7820",4.6
"7821",13.1
"7822",6.3
"7823",3.2
"7824",64.6
"7825",123.6
"7826",24
"7827",13.8
"7828",102
"7829",5.6
"7830",14.8
"7831",22.5
"7832",20.9
"7833",15.3
"7834",22.7
"7835",9.1
"7836",18.3
"7837",22.4
"7838",13.1
"7839",4.9
"7840",1
"7841",45.6
"7842",40.2
"7843",23.5
"7844",10.7
"7845",39
"7846",16
"7847",25
"7848",16.4
"7849",8.3
"7850",9
"7851",42
"7852",5.7
"7853",54.1
"7854",17
"7855",8.4
"7856",24.5
"7857",12.3
"7858",125.9
"7859",24.2
"7860",38.1
"7861",11.5
"7862",70.8
"7863",39.1
"7864",26.4
"7865",23.9
"7866",5.1
"7867",2.5
"7868",19.5
"7869",36.3
"7870",9.2
"7871",15.5
"7872",11.5
"7873",83.2
"7874",6.6
"7875",12.6
"7876",15.1
"7877",27.1
"7878",9
"7879",31.6
"7880",7.2
"7881",24.5
"7882",37.5
"7883",40.6
"7884",20.3
"7885",4.5
"7886",15.1
"7887",31
"7888",23.9
"7889",1.4
"7890",7.5
"7891",18.4
"7892",51.8
"7893",61.3
"7894",37.3
"7895",16.4
"7896",2.9
"7897",2.7
"7898",2.2
"7899",33.9
"7900",50.2
"7901",12.8
"7902",55
"7903",1.4
"7904",8.8
"7905",5.2
"7906",17.7
"7907",32.9
"7908",47.1
"7909",69.5
"7910",10.7
"7911",76.7
"7912",59.9
"7913",73
"7914",37.8
"7915",3.9
"7916",106
"7917",31.4
"7918",38.1
"7919",11
"7920",46.1
"7921",1.6
"7922",6.7
"7923",8.2
"7924",8.7
"7925",90.6
"7926",23.7
"7927",13.7
"7928",15
"7929",15.2
"7930",32.9
"7931",15.8
"7932",70.6
"7933",3.3
"7934",22.5
"7935",25.7
"7936",16
"7937",97.8
"7938",1.5
"7939",4.2
"7940",24
"7941",25.7
"7942",18.9
"7943",22.6
"7944",16.1
"7945",94.8
"7946",3.7
"7947",2.8
"7948",12.4
"7949",31.1
"7950",16.3
"7951",19.5
"7952",52.4
"7953",43.1
"7954",14.2
"7955",7.7
"7956",10.3
"7957",40.3
"7958",29.7
"7959",16.6
"7960",9.4
"7961",77.5
"7962",26.7
"7963",21.4
"7964",6.8
"7965",15.3
"7966",3.2
"7967",9.8
"7968",6.1
"7969",13
"7970",36.4
"7971",3.1
"7972",27.4
"7973",151.6
"7974",17.3
"7975",30.4
"7976",35.1
"7977",89.3
"7978",49
"7979",47.8
"7980",19.9
"7981",103.7
"7982",20.5
"7983",17
"7984",36.3
"7985",30.7
"7986",18.5
"7987",33.7
"7988",40.5
"7989",50.8
"7990",9.3
"7991",54.3
"7992",21.2
"7993",13.2
"7994",13.4
"7995",12.7
"7996",10.2
"7997",21.3
"7998",17
"7999",31.1
"8000",7.3
"8001",9.5
"8002",5
"8003",37.6
"8004",29.4
"8005",41.3
"8006",36.4
"8007",20.8
"8008",4
"8009",41.2
"8010",32.4
"8011",0.5
"8012",14.9
"8013",4.2
"8014",14.6
"8015",35.9
"8016",84.7
"8017",3.7
"8018",46.2
"8019",18.3
"8020",5
"8021",1.1
"8022",6.1
"8023",10.1
"8024",10.6
"8025",86
"8026",45.9
"8027",36.9
"8028",22.3
"8029",22.2
"8030",34.3
"8031",7.3
"8032",23.4
"8033",20.6
"8034",10.3
"8035",6
"8036",29.9
"8037",58.5
"8038",11.9
"8039",34.9
"8040",17.4
"8041",28.7
"8042",16.6
"8043",28.3
"8044",2.1
"8045",58.9
"8046",3
"8047",23
"8048",48.8
"8049",26
"8050",75.6
"8051",76.5
"8052",17.3
"8053",11.6
"8054",2.9
"8055",43
"8056",15.2
"8057",22.3
"8058",23.8
"8059",37.8
"8060",72.8
"8061",33.7
"8062",22.1
"8063",28
"8064",17.1
"8065",14
"8066",28
"8067",13.5
"8068",13.1
"8069",23.8
"8070",29.5
"8071",3.2
"8072",21.2
"8073",34.7
"8074",43.5
"8075",29.1
"8076",17.7
"8077",3.7
"8078",13.6
"8079",47.2
"8080",8.1
"8081",63.1
"8082",21.6
"8083",46.9
"8084",35.7
"8085",27.1
"8086",7
"8087",2.9
"8088",24.7
"8089",3.5
"8090",21.5
"8091",16.6
"8092",62.7
"8093",24.6
"8094",19.5
"8095",12.8
"8096",5.5
"8097",5.4
"8098",65.3
"8099",9.3
"8100",28
"8101",1.2
"8102",27.8
"8103",46
"8104",22.3
"8105",34.5
"8106",8
"8107",25.3
"8108",54.1
"8109",9.6
"8110",7.7
"8111",73.8
"8112",21.5
"8113",28.3
"8114",27.1
"8115",6.8
"8116",11.1
"8117",41.2
"8118",26.8
"8119",19.8
"8120",8.2
"8121",63.5
"8122",25.1
"8123",87.4
"8124",40.6
"8125",83.5
"8126",53.6
"8127",18.1
"8128",21.4
"8129",19.9
"8130",32.2
"8131",16.2
"8132",15.4
"8133",78.8
"8134",6.1
"8135",57.8
"8136",16.5
"8137",5.6
"8138",4.9
"8139",9
"8140",5.5
"8141",19.4
"8142",43
"8143",53.8
"8144",115.6
"8145",15.7
"8146",28.3
"8147",109.9
"8148",29.9
"8149",5.9
"8150",31.2
"8151",4.5
"8152",86.3
"8153",13.8
"8154",12
"8155",30.8
"8156",37.2
"8157",62
"8158",6.3
"8159",45.5
"8160",5.4
"8161",2.2
"8162",97
"8163",5.3
"8164",57
"8165",40.9
"8166",21.6
"8167",20.8
"8168",2.7
"8169",29.4
"8170",15.5
"8171",16.2
"8172",26.8
"8173",12.5
"8174",12.4
"8175",5.5
"8176",5.6
"8177",3.3
"8178",16
"8179",3.8
"8180",23.2
"8181",17.4
"8182",31.7
"8183",15
"8184",102.1
"8185",5.1
"8186",59.9
"8187",28.1
"8188",14.7
"8189",70.7
"8190",17.5
"8191",14
"8192",20
"8193",16.8
"8194",14.9
"8195",15.6
"8196",98.7
"8197",22.4
"8198",13.3
"8199",29.2
"8200",31.1
"8201",8
"8202",33.6
"8203",63.4
"8204",38
"8205",4.1
"8206",32.5
"8207",9.7
"8208",50.1
"8209",94.5
"8210",18
"8211",19.3
"8212",28
"8213",28
"8214",1.1
"8215",10.1
"8216",63.8
"8217",10.6
"8218",32.9
"8219",28.4
"8220",25.5
"8221",12.1
"8222",64.2
"8223",37
"8224",41
"8225",98.6
"8226",9.7
"8227",48
"8228",158.8
"8229",13.7
"8230",4.4
"8231",20.4
"8232",29.3
"8233",48.4
"8234",3.2
"8235",27.5
"8236",22.4
"8237",22.1
"8238",9.5
"8239",39.8
"8240",10.4
"8241",3.3
"8242",4.2
"8243",37.9
"8244",18.4
"8245",4.4
"8246",51.2
"8247",1.6
"8248",23.4
"8249",13.9
"8250",15.9
"8251",7.9
"8252",34.8
"8253",85.4
"8254",10.8
"8255",6.1
"8256",25.3
"8257",55.5
"8258",18.5
"8259",32.5
"8260",4.5
"8261",76.6
"8262",6.7
"8263",43.7
"8264",6.4
"8265",62.2
"8266",67.3
"8267",18.6
"8268",13.8
"8269",34.7
"8270",9.2
"8271",17.8
"8272",31.8
"8273",9.5
"8274",4
"8275",4.6
"8276",13.1
"8277",5.4
"8278",24.7
"8279",22.6
"8280",17.2
"8281",38.1
"8282",64.5
"8283",29.8
"8284",32.6
"8285",36.3
"8286",31
"8287",35.2
"8288",10.6
"8289",2.9
"8290",7.7
"8291",53.1
"8292",5
"8293",4.4
"8294",6
"8295",6
"8296",24.7
"8297",1.6
"8298",57.6
"8299",99.3
"8300",13.2
"8301",20.3
"8302",21.6
"8303",14.5
"8304",22
"8305",45
"8306",6.2
"8307",8.3
"8308",63.7
"8309",8.1
"8310",19.5
"8311",43
"8312",47.5
"8313",61.4
"8314",19.8
"8315",11.6
"8316",15.8
"8317",9.6
"8318",44.8
"8319",18.1
"8320",46.6
"8321",68.8
"8322",22.1
"8323",7.7
"8324",38.7
"8325",24.7
"8326",13.3
"8327",4.7
"8328",8
"8329",34.1
"8330",34
"8331",97.7
"8332",5.5
"8333",6.4
"8334",44.7
"8335",19.4
"8336",21.4
"8337",39.7
"8338",1.1
"8339",7.7
"8340",6.3
"8341",5.8
"8342",13.4
"8343",14.7
"8344",9.1
"8345",4.8
"8346",42.6
"8347",13.5
"8348",18
"8349",5.1
"8350",30.3
"8351",11.9
"8352",21.5
"8353",7.4
"8354",69.6
"8355",23.4
"8356",23.9
"8357",20.5
"8358",24.3
"8359",14
"8360",12.8
"8361",72.6
"8362",26.7
"8363",35.8
"8364",62.3
"8365",8.9
"8366",115.3
"8367",40.5
"8368",18.7
"8369",10.4
"8370",23
"8371",24.4
"8372",40.7
"8373",27.9
"8374",53.3
"8375",3.2
"8376",21.4
"8377",16
"8378",6
"8379",35.3
"8380",44.9
"8381",47.7
"8382",32.3
"8383",26.7
"8384",52
"8385",40.9
"8386",12.7
"8387",61.5
"8388",8
"8389",7.3
"8390",15.9
"8391",5.5
"8392",77.3
"8393",13.3
"8394",14.5
"8395",14.7
"8396",23
"8397",29.2
"8398",17
"8399",54.7
"8400",28.3
"8401",0.7
"8402",10
"8403",36.1
"8404",16.9
"8405",25.4
"8406",22.7
"8407",10.1
"8408",14.5
"8409",17
"8410",8.5
"8411",55.2
"8412",10.6
"8413",9.5
"8414",9.1
"8415",10
"8416",22.8
"8417",18.9
"8418",30.2
"8419",33.7
"8420",4.6
"8421",13.7
"8422",2.3
"8423",40.1
"8424",14.3
"8425",8.2
"8426",29.3
"8427",2.6
"8428",14.8
"8429",3.9
"8430",118.2
"8431",4.7
"8432",32.6
"8433",58.6
"8434",53.7
"8435",6.9
"8436",27.8
"8437",18.1
"8438",3.8
"8439",50.8
"8440",1.6
"8441",49.3
"8442",2.5
"8443",13.5
"8444",2.5
"8445",41.1
"8446",17.3
"8447",12.5
"8448",3.1
"8449",14.5
"8450",97.8
"8451",170.7
"8452",16.1
"8453",48.6
"8454",58
"8455",20.9
"8456",86.6
"8457",57.6
"8458",4.5
"8459",11.9
"8460",31.9
"8461",76.8
"8462",7.8
"8463",14.5
"8464",89.3
"8465",3
"8466",23.8
"8467",4.4
"8468",10.6
"8469",79.3
"8470",7.7
"8471",10.7
"8472",41.3
"8473",2.7
"8474",50.7
"8475",22.7
"8476",81.3
"8477",13.5
"8478",0.7
"8479",9.8
"8480",1.9
"8481",55.6
"8482",39.2
"8483",7.9
"8484",29.3
"8485",14.7
"8486",12.3
"8487",53
"8488",16.6
"8489",25.1
"8490",50.6
"8491",10.2
"8492",40.8
"8493",46.5
"8494",69.1
"8495",37
"8496",2.5
"8497",14.7
"8498",21.1
"8499",16.3
"8500",66.4
"8501",22.2
"8502",8
"8503",34.4
"8504",54.8
"8505",4.7
"8506",30.8
"8507",18.9
"8508",3.2
"8509",9.1
"8510",41.8
"8511",12.1
"8512",24.5
"8513",4.4
"8514",37.1
"8515",5.6
"8516",38.2
"8517",6.8
"8518",22.8
"8519",11.2
"8520",49.7
"8521",23.9
"8522",35.1
"8523",50
"8524",6.8
"8525",1.8
"8526",11.4
"8527",23.6
"8528",80.2
"8529",30.7
"8530",34.9
"8531",21.6
"8532",16.6
"8533",5.3
"8534",35.4
"8535",3
"8536",25.4
"8537",61.4
"8538",4.2
"8539",12.5
"8540",29.1
"8541",41.4
"8542",18.9
"8543",12.8
"8544",4.5
"8545",8.7
"8546",10.2
"8547",20.9
"8548",8.4
"8549",18
"8550",12.4
"8551",7.6
"8552",18.6
"8553",37.3
"8554",15.2
"8555",24.4
"8556",49.3
"8557",88
"8558",22.8
"8559",22.9
"8560",140
"8561",63.1
"8562",1.6
"8563",12.6
"8564",15.6
"8565",46.7
"8566",66.4
"8567",6.5
"8568",17.4
"8569",2.1
"8570",21.9
"8571",6.8
"8572",11.3
"8573",2.5
"8574",2
"8575",88.9
"8576",17.8
"8577",29
"8578",19.2
"8579",39.4
"8580",12.8
"8581",78.5
"8582",84
"8583",5.2
"8584",22.9
"8585",16.4
"8586",7.2
"8587",29.1
"8588",36.4
"8589",46
"8590",26.6
"8591",13.2
"8592",2.5
"8593",42.2
"8594",32.8
"8595",73.3
"8596",7.5
"8597",6.6
"8598",12.3
"8599",0.9
"8600",18.1
"8601",45.2
"8602",22.2
"8603",20.5
"8604",23
"8605",22.1
"8606",53.9
"8607",8.4
"8608",6.4
"8609",10.5
"8610",33.5
"8611",16.1
"8612",40.3
"8613",25.5
"8614",56.3
"8615",19.6
"8616",3.5
"8617",6.5
"8618",9.6
"8619",5
"8620",45.1
"8621",20.9
"8622",15.4
"8623",7.2
"8624",33.3
"8625",22.5
"8626",5.2
"8627",6.9
"8628",45.6
"8629",5.5
"8630",2.2
"8631",14
"8632",26.3
"8633",17.4
"8634",9.8
"8635",11.1
"8636",5.5
"8637",3
"8638",6.3
"8639",43.1
"8640",0.7
"8641",25.7
"8642",9.6
"8643",4.3
"8644",35.8
"8645",20.6
"8646",2.6
"8647",15
"8648",9.8
"8649",4.1
"8650",9.6
"8651",52.8
"8652",25.9
"8653",34.2
"8654",27.6
"8655",59.8
"8656",20.9
"8657",16.5
"8658",21.9
"8659",3.8
"8660",3.2
"8661",67.6
"8662",27
"8663",10.6
"8664",14
"8665",10.3
"8666",3.1
"8667",75.8
"8668",30.5
"8669",6.8
"8670",14.8
"8671",63.3
"8672",60
"8673",5.3
"8674",11.5
"8675",39.8
"8676",63.7
"8677",48.1
"8678",46.1
"8679",15.3
"8680",3.5
"8681",13.3
"8682",27
"8683",13
"8684",6.8
"8685",13.4
"8686",10.4
"8687",15.4
"8688",0.6
"8689",9.8
"8690",19.6
"8691",44.6
"8692",31.1
"8693",15.8
"8694",6.8
"8695",31.2
"8696",11.6
"8697",8.1
"8698",12.8
"8699",4.3
"8700",3.3
"8701",11.6
"8702",11.8
"8703",27.6
"8704",3.7
"8705",17.4
"8706",10.5
"8707",14
"8708",14.7
"8709",12.1
"8710",33.2
"8711",3.4
"8712",34.6
"8713",10.1
"8714",19.1
"8715",42.9
"8716",18.4
"8717",17
"8718",63
"8719",14.6
"8720",20.4
"8721",57.6
"8722",9
"8723",22.1
"8724",6.4
"8725",69.7
"8726",4.1
"8727",8.4
"8728",16.1
"8729",50.7
"8730",23.3
"8731",18.3
"8732",18.1
"8733",28.9
"8734",33.8
"8735",7.1
"8736",6.3
"8737",43
"8738",12.4
"8739",94.2
"8740",11.4
"8741",25.2
"8742",21.6
"8743",12.6
"8744",36.1
"8745",35.5
"8746",2
"8747",38.7
"8748",56.6
"8749",43.8
"8750",141.4
"8751",43.1
"8752",3.3
"8753",23.1
"8754",59.6
"8755",20.5
"8756",112.3
"8757",32
"8758",2.3
"8759",18.9
"8760",6
"8761",15.5
"8762",51.6
"8763",5.2
"8764",15.5
"8765",17
"8766",9.3
"8767",24.6
"8768",23.8
"8769",23
"8770",16.9
"8771",6.8
"8772",50.2
"8773",20.6
"8774",26.8
"8775",3.6
"8776",18.8
"8777",39.5
"8778",12.4
"8779",2.6
"8780",40.2
"8781",19.2
"8782",24
"8783",138.6
"8784",13.8
"8785",36.5
"8786",17.3
"8787",15.3
"8788",25.8
"8789",13.8
"8790",7.1
"8791",8.8
"8792",60.4
"8793",13.7
"8794",21.3
"8795",2.4
"8796",6.4
"8797",13.7
"8798",9
"8799",28.5
"8800",10.8
"8801",7.9
"8802",23.2
"8803",22.3
"8804",17.8
"8805",1.6
"8806",93
"8807",25.8
"8808",7.8
"8809",4.2
"8810",59.4
"8811",48.3
"8812",3.3
"8813",2.5
"8814",1.4
"8815",3.8
"8816",1.2
"8817",4.5
"8818",30.3
"8819",5.3
"8820",6.6
"8821",19
"8822",77.8
"8823",28.5
"8824",17.1
"8825",61.2
"8826",28.5
"8827",74.2
"8828",36.5
"8829",23.4
"8830",18.5
"8831",23.9
"8832",53.9
"8833",36.1
"8834",12.5
"8835",5.3
"8836",17.5
"8837",13.4
"8838",12.7
"8839",21.3
"8840",19.6
"8841",41.3
"8842",16.2
"8843",24
"8844",40.5
"8845",4.7
"8846",4.5
"8847",4.8
"8848",7.9
"8849",13.3
"8850",53.2
"8851",30.7
"8852",62.5
"8853",19.9
"8854",14.2
"8855",26.8
"8856",23.3
"8857",2.2
"8858",14.6
"8859",23.6
"8860",26.6
"8861",10.8
"8862",55.5
"8863",72
"8864",124.1
"8865",44.1
"8866",50.9
"8867",69.5
"8868",20
"8869",11.6
"8870",90.9
"8871",7.3
"8872",23.5
"8873",18.2
"8874",62.7
"8875",11.3
"8876",5.7
"8877",37.2
"8878",12.2
"8879",35.4
"8880",43.6
"8881",10.9
"8882",83.7
"8883",19.9
"8884",52.1
"8885",4.9
"8886",2.2
"8887",38.6
"8888",1.6
"8889",28.7
"8890",28.8
"8891",10.9
"8892",3.3
"8893",10
"8894",11
"8895",15.6
"8896",12
"8897",27.7
"8898",84.6
"8899",17.4
"8900",27.1
"8901",12.7
"8902",6.6
"8903",1.3
"8904",42.1
"8905",7.9
"8906",92.1
"8907",121.2
"8908",30
"8909",38.6
"8910",33.5
"8911",29.6
"8912",25
"8913",27.5
"8914",71
"8915",16.2
"8916",13.7
"8917",43.7
"8918",13.2
"8919",4.9
"8920",4.6
"8921",10.8
"8922",8.5
"8923",31.2
"8924",43.7
"8925",11
"8926",6.3
"8927",157.3
"8928",18
"8929",25.4
"8930",30.8
"8931",44
"8932",17
"8933",9.5
"8934",25.5
"8935",9.1
"8936",20.9
"8937",20.3
"8938",7.4
"8939",122.3
"8940",96.2
"8941",23.7
"8942",28.4
"8943",21.6
"8944",38.8
"8945",49.2
"8946",8.1
"8947",28.9
"8948",8
"8949",8.8
"8950",23.6
"8951",5.4
"8952",63.5
"8953",61
"8954",30.1
"8955",5.4
"8956",42.7
"8957",71.9
"8958",2.5
"8959",90.8
"8960",47.8
"8961",64.5
"8962",93.4
"8963",27.8
"8964",20.7
"8965",12.7
"8966",3.9
"8967",18.1
"8968",3.6
"8969",7.2
"8970",47.9
"8971",13
"8972",125.7
"8973",18.4
"8974",9.6
"8975",23.3
"8976",18.6
"8977",67.5
"8978",6.1
"8979",6.3
"8980",62.9
"8981",6.5
"8982",14.7
"8983",8.4
"8984",50.9
"8985",3.2
"8986",9.2
"8987",36.3
"8988",115.8
"8989",21.1
"8990",1.4
"8991",24.3
"8992",50.5
"8993",6
"8994",42.7
"8995",39.4
"8996",29.6
"8997",1.9
"8998",10.5
"8999",7.3
"9000",90.4
"9001",19.9
"9002",77.2
"9003",12.2
"9004",13.6
"9005",13.2
"9006",28.6
"9007",17.2
"9008",11.2
"9009",21.7
"9010",8.7
"9011",51.4
"9012",3.5
"9013",8.5
"9014",1.9
"9015",22.7
"9016",22.5
"9017",101.9
"9018",48.2
"9019",14.1
"9020",36
"9021",11
"9022",16.6
"9023",12.6
"9024",50.2
"9025",43.8
"9026",14.8
"9027",11.3
"9028",36.4
"9029",16.2
"9030",22.1
"9031",35.6
"9032",20.6
"9033",23.6
"9034",20.6
"9035",3.7
"9036",2.8
"9037",56.6
"9038",23.6
"9039",22.2
"9040",13.4
"9041",5.3
"9042",18.2
"9043",21.5
"9044",56.4
"9045",24.5
"9046",19.7
"9047",69.2
"9048",23.2
"9049",7
"9050",4.8
"9051",32.8
"9052",23.9
"9053",26.5
"9054",7.4
"9055",47.3
"9056",22.2
"9057",16.2
"9058",9.7
"9059",17.3
"9060",12.6
"9061",35.9
"9062",6.5
"9063",13.3
"9064",31.5
"9065",3.9
"9066",13.4
"9067",6
"9068",20.9
"9069",38.6
"9070",94.5
"9071",48.2
"9072",17.8
"9073",7.7
"9074",22.1
"9075",17.1
"9076",21.6
"9077",35.3
"9078",15.6
"9079",5
"9080",41.7
"9081",9
"9082",9
"9083",31.5
"9084",33
"9085",13
"9086",12.1
"9087",8.7
"9088",44.7
"9089",16.7
"9090",21.6
"9091",31.4
"9092",12.7
"9093",22.2
"9094",135.8
"9095",63.2
"9096",2.8
"9097",60.1
"9098",56.5
"9099",10.6
"9100",17.8
"9101",30.2
"9102",5.8
"9103",23.6
"9104",14.5
"9105",23.1
"9106",25.4
"9107",19.2
"9108",16
"9109",9.8
"9110",24.5
"9111",5
"9112",19.5
"9113",8.6
"9114",13
"9115",20.3
"9116",61
"9117",2.5
"9118",31.6
"9119",47.7
"9120",35.7
"9121",109.9
"9122",128.1
"9123",5
"9124",2.3
"9125",86.9
"9126",15
"9127",12.6
"9128",66
"9129",20.2
"9130",3.1
"9131",29.6
"9132",11.5
"9133",18
"9134",4.1
"9135",46.5
"9136",0.8
"9137",4.6
"9138",52.2
"9139",13.4
"9140",13.7
"9141",15.9
"9142",50
"9143",34.2
"9144",28.6
"9145",18.7
"9146",8.3
"9147",23.4
"9148",10.3
"9149",4.4
"9150",13
"9151",24.8
"9152",49.4
"9153",25.8
"9154",57.5
"9155",5.3
"9156",22
"9157",64.5
"9158",37.2
"9159",36.3
"9160",34.5
"9161",14.3
"9162",116.8
"9163",10.6
"9164",7.9
"9165",15.3
"9166",9.7
"9167",16.4
"9168",70
"9169",5.5
"9170",21.6
"9171",2.1
"9172",3.4
"9173",6.1
"9174",19.5
"9175",33
"9176",55.8
"9177",7.5
"9178",7.9
"9179",32.3
"9180",83.1
"9181",5.4
"9182",38.8
"9183",6.4
"9184",20
"9185",30
"9186",4.3
"9187",49
"9188",30.8
"9189",12.8
"9190",4.7
"9191",1.3
"9192",12
"9193",28.1
"9194",2.5
"9195",35.4
"9196",25.1
"9197",25.6
"9198",7.9
"9199",12.2
"9200",71.3
"9201",25.7
"9202",25.8
"9203",4.3
"9204",7.7
"9205",18
"9206",5.3
"9207",35
"9208",2.5
"9209",6.8
"9210",15.2
"9211",9.8
"9212",3.7
"9213",9.2
"9214",99.5
"9215",12.3
"9216",18.4
"9217",5.8
"9218",39.7
"9219",21.7
"9220",3.4
"9221",2.8
"9222",52.8
"9223",27.8
"9224",39.6
"9225",26.4
"9226",9.5
"9227",23.2
"9228",9
"9229",27.8
"9230",4.5
"9231",21.3
"9232",8.7
"9233",100.7
"9234",9.8
"9235",36.5
"9236",86.8
"9237",5.3
"9238",34.4
"9239",20.7
"9240",2.2
"9241",7.2
"9242",4.5
"9243",6.7
"9244",3.2
"9245",4.6
"9246",57.3
"9247",16.6
"9248",29.1
"9249",31
"9250",18.6
"9251",121
"9252",53
"9253",24.6
"9254",36.1
"9255",11
"9256",21.8
"9257",14.7
"9258",10.4
"9259",12.1
"9260",11
"9261",18.2
"9262",17.4
"9263",98.1
"9264",9.7
"9265",30
"9266",28.6
"9267",5.5
"9268",25.2
"9269",16.6
"9270",5.9
"9271",83.3
"9272",9.3
"9273",46.7
"9274",2.6
"9275",61.2
"9276",6.3
"9277",92.2
"9278",13.6
"9279",5.9
"9280",33.7
"9281",28.5
"9282",3
"9283",8.7
"9284",2.2
"9285",12.8
"9286",68.2
"9287",47.7
"9288",31.3
"9289",78.4
"9290",41.1
"9291",20.3
"9292",29.9
"9293",9.8
"9294",1.8
"9295",39.4
"9296",30.6
"9297",34.1
"9298",64.4
"9299",23.6
"9300",17
"9301",0.4
"9302",110.8
"9303",86.9
"9304",19.1
"9305",9.6
"9306",61.7
"9307",44.9
"9308",32.9
"9309",7
"9310",17.1
"9311",83.5
"9312",15
"9313",1.7
"9314",14
"9315",69.4
"9316",50.3
"9317",57
"9318",80.1
"9319",70.9
"9320",23.5
"9321",24.6
"9322",13.8
"9323",15
"9324",20.9
"9325",14.6
"9326",13.3
"9327",12.9
"9328",5.7
"9329",0.7
"9330",13.4
"9331",43.9
"9332",8.5
"9333",90.1
"9334",9.7
"9335",35
"9336",5
"9337",5.1
"9338",29.7
"9339",14.9
"9340",1.8
"9341",9.5
"9342",5.4
"9343",9.5
"9344",22.3
"9345",23.2
"9346",21.8
"9347",12.9
"9348",21.7
"9349",13.4
"9350",45.3
"9351",9.7
"9352",4.6
"9353",16.3
"9354",11.9
"9355",76.7
"9356",81.6
"9357",6.5
"9358",16.3
"9359",99.1
"9360",87.8
"9361",24.8
"9362",8.8
"9363",88.2
"9364",88.1
"9365",5.7
"9366",45.7
"9367",20.7
"9368",14.8
"9369",6.1
"9370",13
"9371",67.3
"9372",1.9
"9373",12
"9374",11
"9375",4.9
"9376",13
"9377",30.3
"9378",20.8
"9379",53.9
"9380",45.5
"9381",16.9
"9382",21.3
"9383",6.3
"9384",91.6
"9385",15.5
"9386",17.9
"9387",23.4
"9388",0.8
"9389",11.3
"9390",39.3
"9391",44.6
"9392",9.8
"9393",61.3
"9394",9.6
"9395",36.9
"9396",7.7
"9397",10.3
"9398",39.8
"9399",26.5
"9400",59.3
"9401",15.6
"9402",2.3
"9403",12.8
"9404",21.1
"9405",11.8
"9406",46.3
"9407",60.2
"9408",12.5
"9409",7.3
"9410",6
"9411",15.2
"9412",14.7
"9413",25.4
"9414",33.3
"9415",24.4
"9416",16.1
"9417",2.4
"9418",50.3
"9419",9
"9420",62.8
"9421",2
"9422",20.5
"9423",17
"9424",12.7
"9425",2.1
"9426",24.9
"9427",7.6
"9428",23.7
"9429",20.8
"9430",22
"9431",6
"9432",21.3
"9433",8.3
"9434",15.9
"9435",20.6
"9436",17.1
"9437",38.6
"9438",5
"9439",16.3
"9440",18.2
"9441",7
"9442",24.8
"9443",20.3
"9444",4
"9445",15.4
"9446",16.9
"9447",3.5
"9448",57.5
"9449",20.3
"9450",15.4
"9451",15
"9452",4.5
"9453",3.4
"9454",41.9
"9455",41.2
"9456",17
"9457",9.6
"9458",127.2
"9459",52.1
"9460",1.8
"9461",30.6
"9462",30.6
"9463",37.4
"9464",24.6
"9465",6.7
"9466",1.4
"9467",10.1
"9468",18.7
"9469",10.2
"9470",66.9
"9471",15.5
"9472",77.5
"9473",12.1
"9474",24.1
"9475",16
"9476",53.3
"9477",7.9
"9478",31.3
"9479",4.5
"9480",3.4
"9481",24.3
"9482",30.2
"9483",1.7
"9484",75.5
"9485",23.5
"9486",21.2
"9487",28.6
"9488",136.2
"9489",66.6
"9490",5.5
"9491",65.8
"9492",29.6
"9493",36.3
"9494",38.7
"9495",24.7
"9496",6.2
"9497",17.8
"9498",3.8
"9499",44.5
"9500",5
"9501",2.5
"9502",15.8
"9503",172
"9504",12
"9505",4.2
"9506",15.5
"9507",23.6
"9508",27.7
"9509",44.9
"9510",4.6
"9511",4.9
"9512",23.8
"9513",8
"9514",12.5
"9515",40.2
"9516",44.4
"9517",1.9
"9518",54.7
"9519",9.4
"9520",11.8
"9521",2.8
"9522",51.9
"9523",3.6
"9524",4.6
"9525",14.1
"9526",9.1
"9527",4.3
"9528",69
"9529",84.2
"9530",10.4
"9531",8.4
"9532",49.6
"9533",17.8
"9534",39.8
"9535",48.6
"9536",6
"9537",11.5
"9538",22.1
"9539",30.9
"9540",8.1
"9541",34.2
"9542",55.1
"9543",3.4
"9544",6
"9545",25.3
"9546",18.7
"9547",50.2
"9548",14.8
"9549",84.9
"9550",16.3
"9551",6.5
"9552",1.6
"9553",9.7
"9554",19.4
"9555",23.1
"9556",8.5
"9557",78.6
"9558",47.3
"9559",12.5
"9560",29.8
"9561",24
"9562",1.7
"9563",19.4
"9564",40.9
"9565",55.8
"9566",11.2
"9567",29
"9568",10.4
"9569",16.2
"9570",84.3
"9571",34.2
"9572",26.8
"9573",35.3
"9574",10.4
"9575",128.8
"9576",100.9
"9577",29.9
"9578",36.9
"9579",29.8
"9580",26.5
"9581",6.9
"9582",76.9
"9583",50.2
"9584",82.1
"9585",36.6
"9586",3
"9587",47.1
"9588",15.2
"9589",12.3
"9590",36.6
"9591",3.1
"9592",0.7
"9593",15.8
"9594",52.8
"9595",5.4
"9596",24
"9597",10.9
"9598",12.1
"9599",46.7
"9600",26.6
"9601",90.2
"9602",109.7
"9603",43.6
"9604",39.2
"9605",48
"9606",29
"9607",17.9
"9608",36.7
"9609",58.8
"9610",10.8
"9611",73.2
"9612",41.8
"9613",30.8
"9614",45.6
"9615",6.4
"9616",30.5
"9617",5
"9618",20.4
"9619",16.4
"9620",45.1
"9621",21.4
"9622",18.1
"9623",16.3
"9624",65.9
"9625",20.4
"9626",12.9
"9627",19.3
"9628",13.3
"9629",42.5
"9630",59.1
"9631",4.9
"9632",30.7
"9633",8.5
"9634",47.3
"9635",29.1
"9636",31.3
"9637",4.1
"9638",26.4
"9639",63.9
"9640",15.6
"9641",21.3
"9642",2.6
"9643",5.1
"9644",61.7
"9645",24.1
"9646",23.4
"9647",26.1
"9648",16.4
"9649",44.4
"9650",42.1
"9651",31
"9652",55.6
"9653",41.2
"9654",13
"9655",28.4
"9656",56.4
"9657",9.3
"9658",40.2
"9659",38.5
"9660",79.6
"9661",13
"9662",14.1
"9663",9.4
"9664",1.9
"9665",16.7
"9666",1.4
"9667",2.5
"9668",47.6
"9669",19.2
"9670",30.3
"9671",3.4
"9672",51.5
"9673",31
"9674",67.3
"9675",27.4
"9676",18
"9677",8.1
"9678",39.9
"9679",6.3
"9680",18
"9681",18.4
"9682",13
"9683",21.8
"9684",5.1
"9685",24
"9686",41.9
"9687",77.3
"9688",32.8
"9689",68.1
"9690",17.9
"9691",5.6
"9692",7.1
"9693",6.4
"9694",1.8
"9695",24.1
"9696",44.6
"9697",6.1
"9698",31
"9699",15.7
"9700",13.2
"9701",4.7
"9702",3.9
"9703",2.7
"9704",8.1
"9705",3.2
"9706",2.3
"9707",27.5
"9708",9.3
"9709",4.3
"9710",83.7
"9711",11.5
"9712",11.2
"9713",30.5
"9714",3.4
"9715",53.2
"9716",3
"9717",10.2
"9718",40
"9719",4.7
"9720",2
"9721",19.7
"9722",177.1
"9723",11.4
"9724",48.6
"9725",15.5
"9726",76.4
"9727",5
"9728",53.6
"9729",24.7
"9730",39.8
"9731",13.9
"9732",6
"9733",21.3
"9734",9.8
"9735",5
"9736",1.5
"9737",46.4
"9738",6.3
"9739",1
"9740",45
"9741",9.7
"9742",2.7
"9743",37.4
"9744",41.5
"9745",56.7
"9746",23.8
"9747",7.9
"9748",36.3
"9749",28
"9750",23.6
"9751",29
"9752",9.3
"9753",2.6
"9754",25.5
"9755",21.4
"9756",22.4
"9757",5.4
"9758",28.6
"9759",8.6
"9760",14
"9761",6
"9762",55.5
"9763",40.5
"9764",30.5
"9765",6.3
"9766",10.8
"9767",4
"9768",19.6
"9769",30.2
"9770",89.7
"9771",5.3
"9772",18
"9773",14
"9774",58.2
"9775",15.4
"9776",44.2
"9777",23
"9778",9.5
"9779",107.4
"9780",5.7
"9781",6
"9782",44.6
"9783",2
"9784",20.8
"9785",59.4
"9786",59.8
"9787",35
"9788",52.8
"9789",94.7
"9790",1.3
"9791",29.2
"9792",23.9
"9793",8.5
"9794",6.8
"9795",3.8
"9796",73
"9797",11.7
"9798",73.5
"9799",38
"9800",29
"9801",48.4
"9802",18.1
"9803",56.8
"9804",13
"9805",1.7
"9806",16.1
"9807",6.3
"9808",6.4
"9809",24.2
"9810",152.7
"9811",99.6
"9812",3.5
"9813",9.5
"9814",37.9
"9815",13.4
"9816",10.7
"9817",8.5
"9818",53.2
"9819",8.3
"9820",52.6
"9821",15.7
"9822",48.2
"9823",71.5
"9824",29.7
"9825",33.7
"9826",1.1
"9827",69.8
"9828",70.9
"9829",25.5
"9830",14.7
"9831",41.5
"9832",21.4
"9833",24.8
"9834",17
"9835",68.7
"9836",38.6
"9837",3.2
"9838",22.4
"9839",7.9
"9840",32
"9841",31.7
"9842",59.3
"9843",43.4
"9844",12.8
"9845",7.4
"9846",36.6
"9847",49.4
"9848",13.9
"9849",16.9
"9850",10.6
"9851",17.6
"9852",62.5
"9853",7.2
"9854",29.1
"9855",15.2
"9856",69.1
"9857",22
"9858",2.9
"9859",15.9
"9860",26.9
"9861",24.7
"9862",9.4
"9863",7.2
"9864",16.9
"9865",80.4
"9866",54.5
"9867",36.7
"9868",42.6
"9869",20
"9870",4.7
"9871",88
"9872",41.2
"9873",26.8
"9874",2.3
"9875",18.3
"9876",23.3
"9877",71.9
"9878",99.9
"9879",73.1
"9880",74.9
"9881",11.8
"9882",26.4
"9883",37.8
"9884",5.5
"9885",9.5
"9886",36.9
"9887",11.1
"9888",10.5
"9889",30.6
"9890",58.5
"9891",32.6
"9892",44.1
"9893",84.9
"9894",30.3
"9895",9.4
"9896",23.3
"9897",59
"9898",51.5
"9899",4.8
"9900",58.4
"9901",53.1
"9902",21.9
"9903",3.9
"9904",55
"9905",31.9
"9906",12.6
"9907",2.3
"9908",6.5
"9909",16
"9910",30.4
"9911",26.6
"9912",80.2
"9913",48.6
"9914",15.2
"9915",5.2
"9916",10.3
"9917",68.4
"9918",4.4
"9919",16.3
"9920",3.1
"9921",106
"9922",20.6
"9923",31.1
"9924",13.4
"9925",11.9
"9926",51.3
"9927",1.5
"9928",59.1
"9929",41.2
"9930",15.1
"9931",12.1
"9932",55.9
"9933",23.4
"9934",2.1
"9935",19.4
"9936",69.2
"9937",74.3
"9938",28.3
"9939",3.3
"9940",24.7
"9941",4.9
"9942",10.3
"9943",26.7
"9944",32.5
"9945",8.1
"9946",10.8
"9947",4.7
"9948",48.4
"9949",4.6
"9950",2
"9951",31.6
"9952",84.3
"9953",41.1
"9954",8.9
"9955",44.7
"9956",8.8
"9957",9.8
"9958",70
"9959",33
"9960",3.8
"9961",58.9
"9962",49.4
"9963",5
"9964",22.2
"9965",33.8
"9966",23.5
"9967",73.5
"9968",57.5
"9969",0.7
"9970",1.9
"9971",8.4
"9972",17.3
"9973",14
"9974",48.8
"9975",19.9
"9976",63.6
"9977",32.8
"9978",8.1
"9979",58.7
"9980",18.1
"9981",15.4
"9982",19.7
"9983",1.4
"9984",29.7
"9985",3.7
"9986",31.2
"9987",9.1
"9988",98
"9989",33.8
"9990",43.2
"9991",9.4
"9992",33.6
"9993",19.3
"9994",21.7
"9995",10.9
"9996",1.8
"9997",37.5
"9998",9.5
"9999",29.9
"10000",28.4
