"","x"
"1",1
"2",0.841326379267061
"3",1.07582956328725
"4",1.08096636420096
"5",1.0257301792622
"6",1.14685672716536
"7",1.15636768995357
"8",1.17977798050421
"9",1.26896039402566
"10",1.00507523823396
"11",1.52666413750312
"12",1.84386966880947
"13",1.77976829592281
"14",1.31407429077825
"15",1.08255645938431
"16",1.06067405501979
"17",1.63404652066939
"18",1.58972320645155
"19",2.03498575029348
"20",2.45152144115706
"21",2.52288006685559
"22",3.11410040644734
"23",3.48019767573277
"24",2.23946330854337
"25",2.81557174170224
"26",4.6252605851857
"27",4.60048947341325
"28",2.60826130252085
"29",3.42619053064797
"30",3.7994391891468
"31",3.0560474967175
"32",4.16135030226103
"33",2.97037823266546
"34",3.32774758516404
"35",3.46889887828028
"36",3.866384592403
"37",4.42426967316682
"38",3.87150122220479
"39",5.6627617585711
"40",6.71484762486655
"41",7.34595085093841
"42",7.73003404937371
"43",8.25089617073268
"44",6.42644018780481
"45",5.85948677627453
"46",4.47466992229932
"47",5.23039716909591
"48",5.61286282202925
"49",6.15918067518199
"50",5.13270983103913
"51",4.70840705862161
"52",4.74223423936779
"53",6.11664472350717
"54",5.0494235963063
"55",4.06099578628235
"56",5.57175951630464
"57",6.85101771660146
"58",7.1004209790731
"59",8.33043019953729
"60",8.6856528624076
"61",8.66651169976117
"62",6.41268425316626
"63",5.68975880945741
"64",5.8718679646892
"65",8.33116760430694
"66",10.0543183000469
"67",8.50364726252964
"68",8.02277995515739
"69",9.27128621824762
"70",6.52116826442327
"71",2.26483871467844
"72",2.13869383519435
"73",3.14854476149097
"74",4.70977962662801
"75",4.53951989913173
"76",2.93341245237616
"77",2.30774266228092
"78",3.03602061068752
"79",1.31029914409825
"80",2.33349734551825
"81",2.40987810763731
"82",1.86950149028884
"83",2.12526212926201
"84",0.619074524817992
"85",0.855081174894187
"86",1.41188907398295
"87",1.07631805752008
"88",0
"89",0.988606908957634
"90",0.266205209170285
"91",0.292452433559747
"92",0
"93",0
"94",0.361879092929645
"95",0.467676032296354
"96",1.46535224559554
"97",0.252993870118729
"98",0
"99",0
"100",0
"101",0
"102",0.905158456826875
"103",0.607887493345359
"104",0
"105",1.68254360911693
"106",0.997464827229265
"107",1.10312065900776
"108",0
"109",1.36730549599565
"110",1.24766841240308
"111",0
"112",1.75856949929239
"113",0
"114",0
"115",0
"116",1.90712628562838
"117",3.99406661163598
"118",1.32978225556151
"119",3.15513454738642
"120",2.8561430357248
"121",3.84260701019361
"122",3.82607133607725
"123",5.59008357645548
"124",5.35781670423499
"125",5.12586879504566
"126",3.33236557795661
"127",5.65336278126042
"128",5.08724242167562
"129",6.42433021389717
"130",5.82887181731894
"131",5.6485343099018
"132",6.27713265088058
"133",5.65053797731883
"134",4.91440804792359
"135",5.18901195729703
"136",4.49380342212717
"137",4.07009677906577
"138",3.49789141466053
"139",3.84110879853737
"140",5.4560171207179
"141",6.10641908544309
"142",6.50586066048574
"143",7.32451428244291
"144",6.83318563704202
"145",4.77444211423934
"146",5.65984484459558
"147",5.65377146028188
"148",2.79313662417349
"149",3.826300539184
"150",3.58515938208076
"151",0.884848270505124
"152",0
"153",0
"154",0.969920838435434
"155",1.631733681595
"156",1.65035855150413
"157",2.91556308765945
"158",3.80289465900449
"159",2.92891037055459
"160",4.56639637402284
"161",6.94718966674082
"162",6.6498116261719
"163",5.64079265075417
"164",8.2975437600348
"165",9.45182848568709
"166",10.6626058105235
"167",10.8124793458953
"168",10.2011441389595
"169",9.07799541224193
"170",7.59083509225449
"171",6.29697768152316
"172",4.06052241789744
"173",4.52334507585308
"174",3.52091652309998
"175",1.76497451435788
"176",4.86241156016931
"177",5.30145562406356
"178",4.62041189516373
"179",4.76326270065942
"180",3.82542568127829
"181",6.0225443048372
"182",6.39011924623905
"183",5.49381587045151
"184",4.42131747248957
"185",4.95205405134465
"186",3.7920542860561
"187",3.13420446874544
"188",6.1932829748471
"189",5.33881897037514
"190",4.65409083024919
"191",1.6886884396823
"192",2.18067371700383
"193",2.97207535842507
"194",2.60167384227001
"195",2.97873808998289
"196",4.73827405902144
"197",5.83163819077551
"198",6.93179999351759
"199",6.14523685433829
"200",5.63286320458645
"201",4.36086487768596
"202",10.2171838718978
"203",11.0207883961801
"204",11.0977106194711
"205",10.1983021677288
"206",10.9355293368975
"207",11.2862485696457
"208",14.4704090613218
"209",12.1227635443373
"210",8.15863814369019
"211",7.54123618814257
"212",8.31163958220602
"213",12.3464033943064
"214",13.1092018593027
"215",14.4871487243158
"216",15.8633829645028
"217",13.4718031848432
"218",15.2954614527748
"219",16.0137041580544
"220",17.0336238696888
"221",18.3149759426548
"222",18.557348228017
"223",21.1825700604926
"224",22.8559013227429
"225",21.0365958661106
"226",21.9438158666811
"227",20.936033169386
"228",23.4921727734252
"229",23.222136997327
"230",18.7467017144975
"231",18.7687114634221
"232",15.6651877812212
"233",14.5142835475169
"234",12.6072186472359
"235",13.9103404076311
"236",12.9015446292219
"237",13.5427096996344
"238",13.2060693568536
"239",11.7686759399838
"240",14.6643220058955
"241",15.5179709376851
"242",16.3812739795413
"243",16.9530161618916
"244",17.9294520010832
"245",15.6457469387666
"246",15.0115441876512
"247",14.297239961505
"248",12.856635951446
"249",12.7275085475586
"250",11.8503076289583
"251",12.8825874054429
"252",14.5175357182404
"253",14.819134713611
"254",14.6148475617608
"255",13.3056323618999
"256",14.4720447774468
"257",11.5732575089962
"258",12.1428901923205
"259",11.8388895152342
"260",10.9037297130934
"261",11.9631323987754
"262",13.2434946370165
"263",14.6769109912039
"264",14.4003123614824
"265",9.77909444469355
"266",6.55025982144456
"267",5.38995886955621
"268",6.35554678052328
"269",5.63620816172434
"270",7.83141644105544
"271",9.42582428645976
"272",9.11915873392386
"273",7.48937578878256
"274",7.1018884973998
"275",4.26098298468276
"276",5.35480448734326
"277",8.04171448557129
"278",6.44789746960705
"279",7.83509184072408
"280",7.58101831715648
"281",9.04478301716792
"282",3.57504208236832
"283",4.72387764239705
"284",6.83757618416086
"285",7.57697597310763
"286",5.6493855447742
"287",8.76572971364202
"288",7.26979232885162
"289",7.88124162755226
"290",9.47249619005466
"291",7.530227749119
"292",7.95285076517759
"293",2.40719980921436
"294",1.92941018054739
"295",3.17866866838273
"296",0.904917488139115
"297",0
"298",0.275884117722753
"299",0
"300",0.105615510594642
"301",0
"302",0
"303",1.20382864238724
"304",0
"305",0.176033186849193
"306",0
"307",0.168178558948803
"308",0
"309",0.116141699870173
"310",0
"311",0
"312",0
"313",0
"314",0.885784973448244
"315",0.16022616791382
"316",0.814988766983498
"317",2.59351609471784
"318",0
"319",1.69718260320632
"320",0
"321",0
"322",1.29753677338256
"323",6.41608732466476
"324",6.60261689548651
"325",10.7864679139322
"326",6.73932924458562
"327",5.05642649808725
"328",4.12911416524941
"329",4.94298576859232
"330",5.00255064544292
"331",8.28657865411785
"332",9.01340386428744
"333",11.6317066689805
"334",10.8860055571817
"335",12.0183982166016
"336",13.4412930256602
"337",12.3696582976057
"338",12.0033455544081
"339",9.80150538324478
"340",10.7836048780292
"341",12.0454840549561
"342",10.1768296111359
"343",8.36839314449559
"344",6.53569874670386
"345",4.89633051313402
"346",2.54294672057984
"347",0
"348",0
"349",0
"350",0
"351",0
"352",0
"353",0
"354",0
"355",1.75555291732386
"356",2.98013891811729
"357",5.38708465655742
"358",4.42467371502609
"359",2.89433558313487
"360",3.67311993347754
"361",2.99545219738687
"362",4.13242932305647
"363",4.23361411644471
"364",2.01215329852348
"365",2.67636204492929
"366",4.74139013028952
"367",0
"368",0
"369",0.664051212936933
"370",3.39936466565397
"371",4.8006810513528
"372",5.93999587225984
"373",3.5476370495024
"374",2.33339343831509
"375",2.34693655769719
"376",4.28362222859923
"377",1.50953885633719
"378",0.827267100093532
"379",4.11235502871219
"380",0
"381",1.16843641365719
"382",6.75969776021036
"383",6.33403087824077
"384",9.90877101485533
"385",9.71243138552571
"386",12.7365561749827
"387",15.7778623080524
"388",13.4523310943737
"389",9.34168295330289
"390",7.33720182962889
"391",3.97844889430911
"392",2.47119716682729
"393",1.38911611659439
"394",0
"395",0
"396",1.61160394323733
"397",0
"398",0
"399",0
"400",0
"401",0
"402",2.49406638524275
"403",0
"404",0
"405",0
"406",0
"407",0
"408",2.44044317169315
"409",2.9368518605365
"410",6.03180317542172
"411",6.51239701278058
"412",8.19522902788994
"413",8.95997625851385
"414",11.8715825830081
"415",16.9339092022996
"416",20.8407903376834
"417",20.6626365177583
"418",22.6896476194977
"419",23.865000126747
"420",23.672425999422
"421",23.0234863460383
"422",25.120968295774
"423",25.4567408469202
"424",26.7865671076577
"425",26.0703210508779
"426",26.4531944842957
"427",25.3847944490804
"428",21.5708912363091
"429",21.8469665507165
"430",21.0077631351897
"431",23.2450501617093
"432",23.4308726149299
"433",21.2508500853799
"434",19.3375531842123
"435",18.0391138302453
"436",17.9153950324352
"437",15.1520574306576
"438",15.8195072790932
"439",15.6791351119655
"440",15.7832469177112
"441",16.303657060679
"442",15.8415016909657
"443",19.068810138354
"444",13.2108828916344
"445",16.2992806592935
"446",18.3148391432
"447",25.1765491225919
"448",27.9256171756261
"449",28.7545861688144
"450",28.453826211504
"451",29.6578694579161
"452",29.2077725369365
"453",28.514445339948
"454",29.5481716546486
"455",31.0581170135095
"456",29.6562436383763
"457",31.3625921299865
"458",32.8821859308059
"459",33.0529403520726
"460",35.4131877363309
"461",34.7332383316145
"462",35.5311140344043
"463",35.6683445860779
"464",36.2052415239455
"465",34.4871873185247
"466",35.5340663411957
"467",33.7122418461438
"468",31.9081072886586
"469",33.5752755193302
"470",32.812710850364
"471",34.0063116238493
"472",37.7378883954534
"473",39.5832474169257
"474",37.9194005828908
"475",36.228552710115
"476",35.6785184127176
"477",35.1913450760896
"478",34.7343983385734
"479",35.6082197218788
"480",36.2303271682179
"481",36.6179960437731
"482",34.8124581030726
"483",32.3054621336109
"484",28.0650909131874
"485",26.7054458682785
"486",31.1620086833747
"487",30.0973350672147
"488",29.5841508961599
"489",32.0984100182296
"490",32.455675033601
"491",30.1281052079842
"492",27.5190804870824
"493",23.9810073034375
"494",22.0086868946835
"495",22.3580825409813
"496",26.1054223492525
"497",22.7434530639358
"498",20.4817051273952
"499",21.162984456821
"500",21.6620102372778
"501",21.2168119975553
"502",19.7708405314247
"503",17.9985970549287
"504",17.6465675668417
"505",19.496025136325
"506",15.9471629027227
"507",14.4337247182186
"508",13.4448912756854
"509",13.5433612461553
"510",16.4959290707049
"511",20.4672886212635
"512",20.2618698769818
"513",19.263273748547
"514",16.6130219106093
"515",16.4398178617254
"516",15.8651694429669
"517",17.9499257507024
"518",16.1116600556222
"519",18.3409459802618
"520",17.2235989622095
"521",17.9887922374372
"522",15.8130232797777
"523",16.515414457544
"524",18.0587798863082
"525",18.0052467570342
"526",14.7854573316187
"527",13.0992173316515
"528",13.4495598693445
"529",16.7995766850297
"530",20.0700010820466
"531",19.1365455320423
"532",13.7437585349837
"533",16.6985427717026
"534",20.3271151748418
"535",18.9841032690525
"536",20.5808454618734
"537",21.0450986186585
"538",21.9280983430733
"539",20.652648255412
"540",23.7989687711062
"541",25.0617002520119
"542",29.8566985381864
"543",31.0686196298428
"544",35.2826045593512
"545",29.7902936637113
"546",30.8477151293422
"547",31.1383086597835
"548",30.691979335298
"549",29.0938023005811
"550",29.3951825502581
"551",25.8561306542206
"552",26.2874552759399
"553",28.5604458804772
"554",34.1629059072305
"555",33.3691213315135
"556",32.0898356981821
"557",29.4505347565187
"558",29.5919378016022
"559",31.7710645006155
"560",30.1012929905008
"561",30.2840372655391
"562",25.5435283472659
"563",17.5894124598704
"564",13.2414015383575
"565",8.08037558626253
"566",9.40558518548576
"567",11.1303998285477
"568",10.3622263521866
"569",14.4502566565672
"570",13.1488914573014
"571",9.89095888002998
"572",10.4688965695429
"573",5.88577098943196
"574",0
"575",0
"576",0.125085991863785
"577",3.4380184123093
"578",1.46670691749727
"579",2.65007938086872
"580",2.45577006393265
"581",1.47276215219841
"582",1.29196486350318
"583",0.330604300428545
"584",2.19913044520042
"585",3.69456128198385
"586",0
"587",0
"588",0
"589",0.15766199974373
"590",0
"591",0
"592",5.31951034031094
"593",10.8445799228559
"594",9.44771194320341
"595",8.53265609161664
"596",6.90396350919112
"597",12.3450192457618
"598",12.2323775604613
"599",10.1029852503148
"600",10.3019098079721
"601",9.90698815546014
"602",7.36883166549853
"603",9.12205166027036
"604",5.1359769369367
"605",3.31919298894896
"606",2.98439279895103
"607",0
"608",1.00629387598489
"609",1.09887576143086
"610",0
"611",2.08318947481335
"612",7.81410488617822
"613",6.36704034460479
"614",6.9694402862922
"615",11.2954335224935
"616",10.5153119207623
"617",13.1811751103038
"618",12.0496667608922
"619",13.3462125339607
"620",8.35943007159923
"621",6.87830870269581
"622",9.14791144493834
"623",10.5339884017489
"624",9.59877631768121
"625",9.98549238384079
"626",12.7071663848012
"627",13.0213868017472
"628",5.91049285284946
"629",5.77195594983469
"630",7.57098151766923
"631",6.37641537337058
"632",8.19521944331806
"633",6.11121085535929
"634",3.00287754757002
"635",2.08340931678775
"636",5.56310606861523
"637",5.18480268968224
"638",3.14059206184235
"639",0
"640",0
"641",2.83540397417627
"642",5.30113952530964
"643",4.59321400180346
"644",9.13629236931172
"645",5.11005593004435
"646",6.91689521296951
"647",8.20454675405731
"648",5.78346421972331
"649",7.70347408889404
"650",9.13985676392744
"651",6.63884628298332
"652",6.3732909175257
"653",10.7769605748525
"654",8.77540550594992
"655",7.03886382314529
"656",2.45838279802226
"657",1.48060635817679
"658",6.13078300544019
"659",3.79954510896282
"660",5.93679319843471
"661",2.02376258214842
"662",0
"663",2.73488906701798
"664",6.82139137593497
"665",8.45071037819083
"666",9.01057578016424
"667",4.51647168847275
"668",1.94372240128199
"669",0
"670",3.78716129477147
"671",7.86358331842301
"672",3.35685486923268
"673",4.81887026081636
"674",0.181325215787605
"675",3.83822608956352
"676",5.91122167980073
"677",5.4775329766556
"678",3.64951402177611
"679",5.42865878534015
"680",6.13757627688988
"681",5.65338118835842
"682",8.0701548539352
"683",6.27942744729565
"684",4.00450931436322
"685",6.91181082025608
"686",8.30624799109197
"687",6.03189641277991
"688",5.72099825182126
"689",4.62044236348771
"690",3.19185956565817
"691",1.79642698372275
"692",2.66537610219792
"693",3.16416280992554
"694",4.18489076732443
"695",3.9036527069057
"696",0.290433004069789
"697",0
"698",1.34937193756336
"699",1.3198181218107
"700",0.909012328179223
"701",4.10624667439123
"702",1.87220386583277
"703",0
"704",0
"705",3.39432850566194
"706",5.16857012481677
"707",5.86915337109051
"708",10.045025119786
"709",12.4027485630914
"710",14.5306898753603
"711",9.20752551971864
"712",9.57865214507448
"713",9.30989430439135
"714",3.99325307547362
"715",3.98167888740973
"716",7.74496550078261
"717",7.22389025031054
"718",6.71065839324333
"719",7.75745730827446
"720",3.79143967331276
"721",3.15681650837337
"722",3.31260932191357
"723",4.63825345332414
"724",12.5524310002934
"725",11.7149154499233
"726",9.02494709484169
"727",4.07431151695049
"728",5.05478925676857
"729",0
"730",0
"731",0
"732",0
"733",0.820566282926381
"734",0
"735",0
"736",0.110080129362596
"737",0.929109648595896
"738",4.36048533687125
"739",6.41799817519888
"740",7.30594803923836
"741",9.15334940440083
"742",11.6977878842501
"743",12.0092804647236
"744",14.2919015742514
"745",12.1299888446384
"746",13.2535722490825
"747",10.0792066150695
"748",7.50888623353902
"749",6.28714010250361
"750",0.0185536768518755
"751",1.63120532286313
"752",0.213481473623636
"753",0
"754",0
"755",4.93352686859752
"756",7.23073379199705
"757",3.72247989817572
"758",0
"759",0.149388213781137
"760",0
"761",4.01336909826908
"762",3.67961546401731
"763",3.86292469980979
"764",0
"765",0
"766",0
"767",0
"768",0.713066311354815
"769",0
"770",0.824669967593779
"771",4.77217476656692
"772",4.28000589241807
"773",4.33387196836077
"774",9.91803188865886
"775",6.16212601445769
"776",9.54956307424253
"777",7.60605526737361
"778",5.40123451776045
"779",6.72383136591575
"780",3.55481923160618
"781",0.570397168650207
"782",0
"783",1.55091716216884
"784",1.80370465904309
"785",2.37866210205793
"786",3.3743563134027
"787",3.63961686362631
"788",6.14813968422767
"789",6.20951718719371
"790",5.81033036286649
"791",7.12128789509068
"792",9.33331995704551
"793",12.9855155096493
"794",11.4465421159209
"795",9.84786274444816
"796",6.15007243328573
"797",6.33399023840283
"798",9.92470576957654
"799",8.70775487067152
"800",14.4207579451809
"801",15.0941514349893
"802",8.73804820743117
"803",9.06267768980796
"804",13.5218705525032
"805",14.3690170855081
"806",15.3412548995759
"807",10.1032235280684
"808",10.2069233035731
"809",2.4226839590112
"810",2.59428840806984
"811",2.35532004773888
"812",3.87410020510783
"813",2.5289887726226
"814",3.85913870214841
"815",0
"816",0
"817",1.61603885551251
"818",0
"819",0.932128641290227
"820",0.153603071103114
"821",3.87947441581827
"822",1.09720569199782
"823",5.61097390972738
"824",7.53350321508936
"825",7.50598611845815
"826",7.94563809805994
"827",5.99449219415497
"828",3.81389034659268
"829",2.17964738773227
"830",1.9279051697012
"831",8.64912871353823
"832",11.338680704548
"833",11.0003611130367
"834",16.276472400687
"835",16.3405732364196
"836",15.5583778689073
"837",13.4274719552557
"838",16.5354001844009
"839",15.4317449696481
"840",16.7798395811266
"841",19.5454640595064
"842",17.3560618920894
"843",15.4972363213591
"844",11.0029634136699
"845",11.5654011295395
"846",12.472489589504
"847",12.5338332517172
"848",14.9671875839971
"849",17.9379325808035
"850",19.8478566277934
"851",21.5938378841542
"852",18.6488583014931
"853",25.6819102592937
"854",23.7093361827666
"855",25.6492772176639
"856",24.4960632150613
"857",26.5424019071031
"858",26.2948326882813
"859",29.06858568354
"860",30.8381147669674
"861",32.7455277578005
"862",32.7875128983997
"863",32.8297284660326
"864",27.2141433821353
"865",27.093733862866
"866",25.9473963018618
"867",25.8071425977472
"868",27.860930773024
"869",25.0881508552922
"870",25.5583990217101
"871",22.8541139374631
"872",13.7437640989986
"873",10.4335345514887
"874",5.88025582510216
"875",9.66406111865497
"876",14.4175554888398
"877",16.2620717057877
"878",16.8127992201174
"879",18.1878244893917
"880",20.9502897771078
"881",18.5704741878568
"882",10.7056894428794
"883",10.8962075091983
"884",13.2577943185416
"885",18.2464190936521
"886",12.4268417239906
"887",7.04720193841883
"888",4.16526342010182
"889",4.59978286034224
"890",7.40834918537091
"891",10.3964390329902
"892",10.3682483749361
"893",8.25277198283091
"894",12.2054204127355
"895",5.99021017911096
"896",11.2680747734093
"897",7.96433690329631
"898",10.7741451539509
"899",10.5887536638582
"900",11.254227642536
"901",8.67859129328205
"902",11.6388692489689
"903",13.4100889631595
"904",13.3353451335057
"905",14.010158548743
"906",11.6405660651464
"907",17.7288814229677
"908",13.0843501997907
"909",9.95489801507617
"910",12.6724534096558
"911",16.12227880586
"912",24.9884069216775
"913",28.1935995432012
"914",26.496370853422
"915",30.7126817504313
"916",40.4129571392225
"917",41.156515869347
"918",43.7885012823131
"919",34.6436275928551
"920",39.1487868961885
"921",34.7670195422608
"922",36.9771438816655
"923",38.2182034423932
"924",39.1466431234749
"925",42.260075040879
"926",37.4736066901101
"927",36.0182339218366
"928",40.0587342874825
"929",39.326020002234
"930",40.2768570975048
"931",43.3418569924171
"932",48.0038603653555
"933",45.4373904069973
"934",41.7316839121093
"935",40.4059517555853
"936",41.4344431349846
"937",40.2545604911649
"938",39.3602401674141
"939",36.4492853302467
"940",34.2338505385876
"941",37.2191172083352
"942",37.5707866136593
"943",32.5013004819043
"944",31.7358667305562
"945",31.1859809295473
"946",24.9257685807149
"947",17.2440534722249
"948",11.613572685375
"949",10.7601916034993
"950",10.977913723287
"951",7.2254448142993
"952",8.56545013537212
"953",5.00923240709219
"954",3.3758981990346
"955",6.90731030417281
"956",10.6508391878692
"957",8.53699493976225
"958",12.4819739162948
"959",13.3452876450394
"960",6.7386620772857
"961",5.52101694643668
"962",3.07825231269058
"963",0
"964",5.28948818018041
"965",0
"966",0
"967",0
"968",0
"969",0
"970",0
"971",0
"972",0
"973",6.27146306598254
"974",6.51371786883282
"975",0
"976",0
"977",0
"978",0.847391309499064
"979",0.348341925478266
"980",0
"981",4.86113960084629
"982",0
"983",0
"984",0
"985",2.86697518007246
"986",4.9614692999105
"987",5.58537702802773
"988",5.50740086216547
"989",8.69439325639638
"990",12.4425478777514
"991",8.37024460199909
"992",5.22351888247568
"993",7.35524084341968
"994",10.935877213235
"995",10.2673113109658
"996",10.8308807393078
"997",14.3140161158503
"998",15.7771797248245
"999",11.5248093688828
"1000",10.5236475553512
"1001",11.9428195244328
"1002",15.3633316762254
"1003",17.732125813776
"1004",17.1724686012216
"1005",18.0951447082621
"1006",18.9095766676579
"1007",18.7684099275282
"1008",21.0394334664296
"1009",23.7718739941726
"1010",27.0955152030908
"1011",25.2546347853724
"1012",19.8592406275665
"1013",23.91219661462
"1014",26.5351158710886
"1015",22.7247884095358
"1016",16.4153180227939
"1017",11.1037751880647
"1018",11.133112880028
"1019",5.36469866615373
"1020",4.72689390807395
"1021",5.21425795965954
"1022",2.6583974189044
"1023",0.565526361263744
"1024",0
"1025",0.908869462645227
"1026",3.87864998048221
"1027",6.69625743488902
"1028",10.1560175045129
"1029",6.08051268114977
"1030",9.35180299799101
"1031",13.3228209041905
"1032",6.38462522325179
"1033",12.4002868507487
"1034",12.5986226326145
"1035",10.6181666678409
"1036",11.6517497587814
"1037",10.608116756832
"1038",10.0891091104556
"1039",10.9990546902089
"1040",8.88300340854815
"1041",8.9923367974049
"1042",12.7394802849146
"1043",14.7460877230131
"1044",16.4093606540309
"1045",19.0693855630311
"1046",17.4764174111505
"1047",13.0410313124937
"1048",13.6083188391748
"1049",11.7419186769351
"1050",10.0700088490892
"1051",6.18442897914772
"1052",9.97406043645225
"1053",17.3719063234372
"1054",18.5566988693872
"1055",22.1955447561754
"1056",23.6176950812723
"1057",18.5176182238935
"1058",20.1265768291707
"1059",12.5342086456262
"1060",6.64711564121441
"1061",8.00935513545227
"1062",4.68229593615062
"1063",7.49827419545094
"1064",2.96407635085114
"1065",0
"1066",0
"1067",1.58233087210098
"1068",1.23298806220998
"1069",0
"1070",0
"1071",0
"1072",0
"1073",0.392776598213189
"1074",0
"1075",5.08382761677975
"1076",1.29101173375898
"1077",2.55093588690498
"1078",0.474271754772161
"1079",0
"1080",0
"1081",0.574433840706606
"1082",0.18056191101499
"1083",0.318659427125229
"1084",0
"1085",0
"1086",1.60711603871074
"1087",1.97437260548734
"1088",7.03483274288
"1089",4.48402563310511
"1090",7.81705062990392
"1091",3.12107615224758
"1092",0
"1093",0
"1094",6.23875728477192
"1095",3.50235318431759
"1096",5.88265649386834
"1097",12.2256584931085
"1098",11.5478215097288
"1099",19.0075424980634
"1100",15.5587697933072
"1101",4.00826562252613
"1102",4.29587944574087
"1103",4.25726386070074
"1104",0
"1105",0.245324484314897
"1106",0
"1107",6.18817090406937
"1108",1.97391131253044
"1109",0
"1110",0
"1111",0
"1112",4.2342093470297
"1113",8.94486678291773
"1114",4.83611184003429
"1115",4.14516534181998
"1116",7.53869725476136
"1117",7.20078961350014
"1118",5.23405750384849
"1119",1.08539887359358
"1120",0
"1121",0
"1122",0
"1123",1.89806926272799
"1124",3.23903262526934
"1125",2.71192892639603
"1126",0.425949854560465
"1127",0
"1128",2.62126102531592
"1129",7.34792520963913
"1130",9.95940377814669
"1131",11.133210041637
"1132",20.5330127022971
"1133",17.4959905804179
"1134",17.5076065317432
"1135",16.8225133122641
"1136",14.2755002051046
"1137",17.3414160222091
"1138",20.3784002602976
"1139",22.9060212202149
"1140",20.6433773357948
"1141",15.981471960682
"1142",21.0182731934658
"1143",16.7017004651264
"1144",22.8343436103165
"1145",25.0662637582961
"1146",17.8504661126379
"1147",14.5444521707011
"1148",16.1419748552225
"1149",20.0966711385155
"1150",16.3378418662839
"1151",22.4005743607046
"1152",24.4088807283073
"1153",20.3399909655223
"1154",20.2508748984107
"1155",16.4626879091199
"1156",16.1878937726616
"1157",16.2236969724843
"1158",17.0303202350157
"1159",19.9684527351519
"1160",25.521367878611
"1161",26.1549884370988
"1162",29.4855171165125
"1163",30.4288927352895
"1164",28.8797111538461
"1165",28.4788518511555
"1166",28.0703001025188
"1167",26.6226098565512
"1168",25.4905918294858
"1169",27.1139044143356
"1170",25.7703963260168
"1171",27.2461655548547
"1172",24.6353755387059
"1173",29.9583552066257
"1174",31.3864513100112
"1175",39.8473373149497
"1176",37.5358699730562
"1177",31.408551536494
"1178",28.1049196542446
"1179",26.6736216545427
"1180",22.6117690556124
"1181",27.8258895979609
"1182",27.2729529201641
"1183",33.2642686646092
"1184",23.7873548465877
"1185",30.3115450248998
"1186",27.919631873297
"1187",26.7281903127052
"1188",33.2196413913938
"1189",35.1336440132655
"1190",36.0672751325673
"1191",35.1480062566576
"1192",36.6815435449598
"1193",36.8155993575633
"1194",36.5591245564933
"1195",35.9166363320078
"1196",32.7563424443906
"1197",35.5196218344502
"1198",36.863479691801
"1199",34.4298517593985
"1200",31.7835563642968
"1201",34.6324720863712
"1202",33.2243126510881
"1203",32.100464137873
"1204",31.6896146021612
"1205",30.0492573044009
"1206",27.0081828603533
"1207",23.6039895547831
"1208",24.2450421886634
"1209",19.2429051553907
"1210",19.5479719291827
"1211",23.4496115818439
"1212",20.4417761580348
"1213",19.2698208845364
"1214",18.610017010086
"1215",19.1158043493242
"1216",17.840150731121
"1217",20.4418092320576
"1218",24.6655096724178
"1219",23.4232201114854
"1220",27.8175557611178
"1221",29.5169753052785
"1222",23.9818343826962
"1223",21.6442846408754
"1224",21.6338197146392
"1225",18.3548255993555
"1226",14.3287433215963
"1227",16.6364816941529
"1228",11.9565033432038
"1229",15.1240538109006
"1230",16.3091486669255
"1231",24.8174060047092
"1232",32.291655671955
"1233",30.8225518059213
"1234",33.6105091837416
"1235",27.6509652081497
"1236",28.9154204737653
"1237",31.885739816267
"1238",29.0979988535786
"1239",31.8052872950284
"1240",31.7429251528672
"1241",29.0842494224889
"1242",31.2220052690367
"1243",25.3308974335701
"1244",27.5769110190183
"1245",25.0151553746363
"1246",17.9219509116204
"1247",19.3919518471912
"1248",20.4897228237859
"1249",20.3105685001545
"1250",16.6641851038455
"1251",16.218318077838
"1252",11.5351438320143
"1253",11.352225239819
"1254",14.3848330293315
"1255",15.2347728537042
"1256",17.3932191896906
"1257",19.3254973474181
"1258",16.857423069626
"1259",17.2465114191729
"1260",17.5025556394784
"1261",9.30349103885179
"1262",14.4990534114915
"1263",16.7482606217866
"1264",12.2333311490514
"1265",11.9444837728616
"1266",6.15403955496308
"1267",5.3977881003024
"1268",3.23442392096798
"1269",1.05253193504965
"1270",0
"1271",0
"1272",0
"1273",1.17308214693947
"1274",4.8256380327453
"1275",7.84382994250197
"1276",8.57815820367373
"1277",12.741000576372
"1278",15.0108723229444
"1279",10.2669675788821
"1280",10.7130933245699
"1281",6.60705458660054
"1282",18.6016149268346
"1283",16.58185147226
"1284",12.0265930746839
"1285",11.1879801855143
"1286",20.6253081416575
"1287",19.9002270036528
"1288",21.5145016661847
"1289",23.1767727082793
"1290",23.17518989069
"1291",22.010154183641
"1292",21.3058420079481
"1293",21.0751987517541
"1294",18.38568903301
"1295",12.5810801642118
"1296",10.2708033802999
"1297",10.1027407198216
"1298",7.29587956156788
"1299",1.27546397273319
"1300",0
"1301",3.05039692437417
"1302",5.56615495165041
"1303",6.8670200600424
"1304",10.2682265882675
"1305",9.00336620534609
"1306",13.6590503065784
"1307",5.23503928038715
"1308",12.6415699915701
"1309",12.2231687721102
"1310",14.5216318003742
"1311",18.0761975396291
"1312",22.9011669964447
"1313",28.4856746348104
"1314",32.0434404200768
"1315",26.8718280720551
"1316",26.7905436955587
"1317",19.6704680025099
"1318",19.7639878401023
"1319",21.7061224790966
"1320",26.0904783025345
"1321",19.0002318744891
"1322",23.1239261639697
"1323",17.8112849322751
"1324",19.6234586173933
"1325",17.2453250877666
"1326",12.5506881143072
"1327",22.0862064707116
"1328",23.9523488705719
"1329",16.5795954160525
"1330",10.6839494213139
"1331",14.9126640899504
"1332",19.7454482922449
"1333",21.1510599123548
"1334",17.9177404710306
"1335",16.5514043094643
"1336",13.0629238126235
"1337",14.5060767566504
"1338",15.5780211701211
"1339",10.7775291702052
"1340",9.71771720169368
"1341",13.2790464964725
"1342",7.67486143084335
"1343",0
"1344",0
"1345",6.16030209104369
"1346",7.36525572598786
"1347",10.4898820877646
"1348",10.6885577492825
"1349",3.95636203941374
"1350",4.34231797220016
"1351",4.08878689670342
"1352",5.12794398424918
"1353",7.97822258711318
"1354",6.16476975351091
"1355",7.87403303287064
"1356",12.848150347771
"1357",10.2897603856799
"1358",10.8094585342484
"1359",18.3074213875506
"1360",20.6052308919077
"1361",22.4826692171905
"1362",21.7911401242386
"1363",27.6730351507646
"1364",36.4155902961029
"1365",36.3964868186335
"1366",38.1983750759272
"1367",33.0855959982822
"1368",32.4866464572561
"1369",31.7764217063391
"1370",37.7077280328891
"1371",41.0381465127149
"1372",48.6958403592031
"1373",42.4827757027051
"1374",45.6439628849756
"1375",43.3040906124201
"1376",51.1925237402305
"1377",59.9899466779924
"1378",60.9546176838745
"1379",60.9129057814393
"1380",57.9426100858454
"1381",59.8272916963933
"1382",55.275746147345
"1383",51.5311240366432
"1384",44.5622554765394
"1385",44.7768529811526
"1386",46.9894473292571
"1387",47.3826742492635
"1388",39.8796870345341
"1389",41.1336625775268
"1390",44.2617032936689
"1391",44.1485150679705
"1392",50.5596303865636
"1393",59.6342952427551
"1394",54.7296398191633
"1395",58.9084725985324
"1396",58.153495278333
"1397",56.5158800682834
"1398",65.6422618967555
"1399",59.0245592751332
"1400",64.0305828300125
"1401",66.2232019654954
"1402",72.3406745791314
"1403",70.7639745912784
"1404",76.6065960900991
"1405",76.6660743973081
"1406",76.3912981032618
"1407",73.3565868541281
"1408",68.3212190692405
"1409",63.1801553249452
"1410",63.9885632316931
"1411",67.7182875564308
"1412",68.6813060728481
"1413",62.6582371522195
"1414",72.6053830950149
"1415",73.9472134595533
"1416",73.8788736479257
"1417",71.8156177920085
"1418",71.9313809577239
"1419",76.9476496159846
"1420",79.1129794902992
"1421",80.4767856586134
"1422",80.2538489250122
"1423",82.7789630606992
"1424",80.9001912990277
"1425",71.7235599783638
"1426",67.6703021364106
"1427",65.7410191867599
"1428",69.5649260252157
"1429",67.4709633240327
"1430",61.5984317671489
"1431",60.2097052302452
"1432",63.9224471931943
"1433",61.8404968804327
"1434",56.4631639006895
"1435",60.9372501477534
"1436",70.5200440927775
"1437",71.8844862661498
"1438",65.2891449761092
"1439",64.910246665815
"1440",65.0147109925167
"1441",63.5413410057991
"1442",61.4217495244248
"1443",57.2784704807677
"1444",58.1990551273633
"1445",59.4665957255043
"1446",60.3423485379196
"1447",55.8771465679425
"1448",49.3294702054064
"1449",53.2400306385341
"1450",47.8337447021412
"1451",43.5357287432129
"1452",49.2301028948625
"1453",45.6923900078184
"1454",50.8592419900103
"1455",41.306464527035
"1456",42.5399659863248
"1457",45.6261829574268
"1458",46.2857047492757
"1459",46.134622354904
"1460",44.1755900386134
"1461",52.3791285762986
"1462",49.7515486265702
"1463",42.3592142505616
"1464",41.7855429314236
"1465",32.3148705545852
"1466",26.8089945275318
"1467",28.3419713420441
"1468",27.016437715635
"1469",22.9812457582087
"1470",13.9972634967789
"1471",14.48917842984
"1472",8.88623809926422
"1473",16.3406555311857
"1474",10.7758199309977
"1475",20.1644708826779
"1476",20.0916073957469
"1477",18.1125680472
"1478",24.0927840981148
"1479",27.294406667867
"1480",28.9535683635775
"1481",19.148454528763
"1482",17.141577825069
"1483",24.2547522935087
"1484",29.1032705251413
"1485",27.4971462277628
"1486",31.7235790289438
"1487",34.0517154081377
"1488",35.1961409281804
"1489",39.3882853991607
"1490",40.4714986679344
"1491",42.8239306763049
"1492",42.1247241883959
"1493",37.9511801366355
"1494",40.207969378759
"1495",36.7156927340325
"1496",35.6247373335022
"1497",33.7106443625875
"1498",38.1309565411983
"1499",33.6018769730614
"1500",29.713141710245
"1501",24.7174118256854
"1502",25.8564395045792
"1503",29.2082152973667
"1504",29.8122019926003
"1505",33.0609993890836
"1506",40.275030080577
"1507",42.0809219540151
"1508",36.0886558751994
"1509",37.7904057502414
"1510",35.5101697969796
"1511",30.8356339242415
"1512",24.3027754179343
"1513",26.2381709572459
"1514",27.4927162750067
"1515",31.3677723526321
"1516",19.0704252276952
"1517",23.7610522793801
"1518",23.1904597580769
"1519",23.3568361704097
"1520",21.3089520673849
"1521",28.3033428468596
"1522",26.4892565665242
"1523",18.3723754980238
"1524",12.6620303681406
"1525",16.8059523412161
"1526",12.7697506590551
"1527",13.8977937204837
"1528",9.00843599280622
"1529",12.9414790293514
"1530",17.9116417015344
"1531",6.6369388217233
"1532",5.51862416634361
"1533",2.66511245638315
"1534",0
"1535",4.5777017059102
"1536",0
"1537",4.01254724073838
"1538",6.74226237031919
"1539",8.89350942381975
"1540",5.33406157175975
"1541",1.19679568450494
"1542",0
"1543",0
"1544",0
"1545",1.61963399635307
"1546",0
"1547",0
"1548",0
"1549",0
"1550",1.89111201198111
"1551",7.50497951979391
"1552",6.39467693289402
"1553",11.204714325242
"1554",2.53368671890522
"1555",0
"1556",0
"1557",0
"1558",3.69469215998031
"1559",4.60709328314113
"1560",1.87374418554773
"1561",0
"1562",9.8674280131451
"1563",9.50410366087286
"1564",11.0670745914708
"1565",16.5925041648803
"1566",16.2921101227256
"1567",6.31702089633153
"1568",3.12078548754524
"1569",4.7551306820481
"1570",0
"1571",5.71535293163119
"1572",0.125005655269537
"1573",0
"1574",6.66599479622251
"1575",3.71373885471163
"1576",0
"1577",0.15138529925726
"1578",0
"1579",0
"1580",0
"1581",1.61492237149838
"1582",0
"1583",1.31407060191797
"1584",7.69213073629804
"1585",3.30071185171789
"1586",0
"1587",0.183907337672593
"1588",1.04740302800584
"1589",0
"1590",3.01185156443856
"1591",4.41668941343238
"1592",2.14497388506997
"1593",7.49255991219238
"1594",11.6070711927062
"1595",11.6925812941383
"1596",13.9610920504432
"1597",13.0772513622356
"1598",14.505842131849
"1599",11.9522355534661
"1600",2.72710817051675
"1601",0
"1602",0.856181637491261
"1603",0
"1604",0.277169778833575
"1605",2.17916148812858
"1606",1.64607722961472
"1607",2.99242963132756
"1608",0
"1609",3.43919273731447
"1610",1.91570063705132
"1611",8.16514298436706
"1612",8.04712996290646
"1613",12.2828709861569
"1614",11.3910763697042
"1615",14.0945304466692
"1616",25.7958757367426
"1617",29.0841940579318
"1618",26.2852985223435
"1619",37.4258146312849
"1620",35.5471749076669
"1621",39.0654800724225
"1622",41.1437091867788
"1623",36.3261726905975
"1624",32.4298343975511
"1625",35.3584578222998
"1626",32.7398310228541
"1627",29.1426679273796
"1628",22.3849148366177
"1629",20.6900777509826
"1630",18.3304755944351
"1631",14.0297222255568
"1632",10.1603693980492
"1633",8.32552930637235
"1634",7.48160156256151
"1635",5.23013019229496
"1636",3.89702993575069
"1637",4.9965484083014
"1638",7.66630283293795
"1639",11.1957397396784
"1640",12.5254948372547
"1641",9.81721758061285
"1642",10.547623733451
"1643",4.6806709149922
"1644",9.06503635179235
"1645",11.1780145656789
"1646",18.81497196074
"1647",20.8966887438564
"1648",21.5579696687215
"1649",26.9020466905059
"1650",23.6961475693946
"1651",21.7290392598815
"1652",20.1000347305109
"1653",25.8435786110743
"1654",30.6447188594612
"1655",29.6144159631479
"1656",28.9064249682065
"1657",27.5464990086489
"1658",21.1984980010614
"1659",18.0761788961532
"1660",25.284895070512
"1661",22.0197114902585
"1662",24.0072169979249
"1663",27.9210532652757
"1664",33.0982697512376
"1665",35.3866180455036
"1666",27.5724151150857
"1667",24.5443714214049
"1668",18.8633245924487
"1669",17.6785312658605
"1670",20.7225163580921
"1671",21.2820537491109
"1672",25.0662092478207
"1673",27.6032091481226
"1674",22.4952793784352
"1675",28.1962346257221
"1676",28.4727539400668
"1677",20.6033026988026
"1678",13.1244334086804
"1679",19.6972480795386
"1680",15.8406234094986
"1681",21.3042843827067
"1682",18.0543599338869
"1683",21.7032358076789
"1684",24.2017127472699
"1685",26.2994911308938
"1686",26.8529438524267
"1687",25.4050621517986
"1688",20.1748919884626
"1689",17.5449874165755
"1690",18.1381833468757
"1691",16.428135632806
"1692",24.8452681379989
"1693",12.4503339556584
"1694",10.1413515124233
"1695",8.4067864596493
"1696",1.64956753922036
"1697",4.8881343520585
"1698",1.17313358737109
"1699",12.3395263470083
"1700",13.7910349811846
"1701",15.410543692985
"1702",24.6185658625827
"1703",23.8425941232118
"1704",22.4466855568534
"1705",17.224809856851
"1706",13.0529062552404
"1707",15.6683951984151
"1708",7.8303215221961
"1709",7.42183249851529
"1710",5.64152861946173
"1711",7.1567392844192
"1712",5.83499806521086
"1713",7.3126904323778
"1714",5.3136866300978
"1715",6.25429368182277
"1716",0.187646497244523
"1717",0
"1718",4.55072181227927
"1719",5.16869303468737
"1720",4.74519756822631
"1721",3.56065769426345
"1722",10.6309269753147
"1723",5.91173202161602
"1724",9.35945807722142
"1725",13.8886922441951
"1726",0.917921337004684
"1727",3.05239996065345
"1728",6.54568539045053
"1729",5.39251569350265
"1730",11.0505671145842
"1731",13.6140389706992
"1732",15.7377229163765
"1733",9.34222711623251
"1734",12.7481256784285
"1735",8.30487707089459
"1736",11.7852310606232
"1737",11.7275704961306
"1738",5.15485781077145
"1739",6.88764325867383
"1740",11.1815874090871
"1741",10.9143213608322
"1742",10.1537837559083
"1743",2.97096954308198
"1744",0
"1745",4.11152443466171
"1746",6.26264489935104
"1747",12.2975063377934
"1748",10.252241191173
"1749",10.2249682706761
"1750",9.74720963344381
"1751",7.91424032500486
"1752",5.45002049937098
"1753",8.64557128820188
"1754",4.79825156445943
"1755",4.6464353269473
"1756",1.80512242070843
"1757",0.136771700812947
"1758",0
"1759",0
"1760",6.92848465376932
"1761",8.74049406445905
"1762",7.99131388722681
"1763",7.76906955884737
"1764",5.44616963614919
"1765",10.2228238205587
"1766",12.1100847168594
"1767",12.2777313954852
"1768",6.9052256802133
"1769",3.37251194471497
"1770",3.22925618023531
"1771",5.49046920588532
"1772",3.24326194692584
"1773",0
"1774",0
"1775",0
"1776",0.0941691828633124
"1777",0
"1778",0
"1779",0
"1780",0
"1781",3.18987876360668
"1782",0
"1783",4.81314231224853
"1784",6.75668270935118
"1785",13.7871076183923
"1786",10.4768347120469
"1787",13.152007718268
"1788",12.0876588199233
"1789",7.56032404058974
"1790",13.1012773573811
"1791",15.2461925501054
"1792",16.5304884751163
"1793",18.2902808440652
"1794",27.4228277125121
"1795",25.3018455420295
"1796",23.6359741754844
"1797",28.2123203846366
"1798",28.8635868150776
"1799",37.8221249753621
"1800",39.2658436985002
"1801",41.8861352575491
"1802",33.2896771308484
"1803",31.6917331490576
"1804",39.6756362100062
"1805",46.9551226242508
"1806",46.9692158881981
"1807",45.6409549429191
"1808",49.7301276957609
"1809",47.1734736398997
"1810",51.865631503767
"1811",46.8354402619759
"1812",52.1768004244921
"1813",51.9009564132618
"1814",46.0770902992755
"1815",48.8889865634196
"1816",50.1389660996418
"1817",52.2157806601571
"1818",42.9197040007264
"1819",40.5908026004948
"1820",44.6983397004141
"1821",42.4126372495407
"1822",47.1123399346192
"1823",44.5701536435211
"1824",38.5029638729909
"1825",35.8674294950123
"1826",37.6724984886799
"1827",38.860052166773
"1828",33.7333851381251
"1829",32.7644148849589
"1830",25.491574655267
"1831",24.0814845246864
"1832",35.4870499305731
"1833",28.0626566029475
"1834",26.8704434690668
"1835",22.8321977633607
"1836",16.7027402938994
"1837",20.3674736304169
"1838",17.6518237641867
"1839",18.6479606539468
"1840",24.7736869545976
"1841",23.3411963460578
"1842",21.1736502505382
"1843",14.6502399869587
"1844",14.1437636770321
"1845",18.3638591646055
"1846",10.3066513917433
"1847",10.8875443277862
"1848",5.10070427880657
"1849",9.55907496145291
"1850",17.7432060287802
"1851",16.6573608992972
"1852",26.7021811599056
"1853",25.0954431161558
"1854",29.3371713693211
"1855",25.6829433100569
"1856",21.6968544643156
"1857",21.7789411367909
"1858",27.4420617534895
"1859",25.572306012981
"1860",24.8396413440458
"1861",22.2058337559248
"1862",31.6032534714955
"1863",33.3178042703964
"1864",41.9112530357135
"1865",47.0385991229872
"1866",50.0513562528192
"1867",53.4357470171179
"1868",50.162102847966
"1869",52.6581903497723
"1870",60.4045589583787
"1871",58.1460633715152
"1872",53.1262899803346
"1873",51.9237812710989
"1874",56.034305600802
"1875",48.1388370533075
"1876",48.0009094822645
"1877",50.6898801051205
"1878",47.3912474297831
"1879",49.1796070213442
"1880",43.0010856148518
"1881",49.441212153396
"1882",35.2137677732676
"1883",35.7055001162435
"1884",37.0195402169424
"1885",32.338057443408
"1886",26.7303581230049
"1887",31.0022504073523
"1888",35.1546649620341
"1889",34.9618916218045
"1890",31.9030689562241
"1891",25.2799519341087
"1892",26.1576038511019
"1893",22.2143713920898
"1894",18.6152254794079
"1895",17.6912379197295
"1896",8.15354365078036
"1897",7.57845112161829
"1898",4.95283175785328
"1899",5.34563568012858
"1900",5.22674770756659
"1901",12.0549881142268
"1902",14.6007292432094
"1903",7.56973327120256
"1904",1.86211916557545
"1905",8.40997958765353
"1906",17.216401083758
"1907",13.2621278791929
"1908",8.57705256935057
"1909",3.26397804437142
"1910",5.64016711613085
"1911",7.00209583376416
"1912",7.2650038620787
"1913",7.05909242928892
"1914",16.0941020082111
"1915",20.2816801717037
"1916",28.3006486544777
"1917",27.9571626015501
"1918",22.7588744903602
"1919",28.0689038646072
"1920",38.7641094072748
"1921",40.1220508430405
"1922",40.4255719464122
"1923",38.4002869015015
"1924",43.3569231306888
"1925",45.948845024385
"1926",42.4734547952179
"1927",35.4553812517296
"1928",32.9965985441083
"1929",32.5200142153322
"1930",32.4002345045679
"1931",35.3678091009661
"1932",42.9726908808074
"1933",29.5270447862127
"1934",32.0573375722761
"1935",12.5066492875487
"1936",10.0569033436569
"1937",21.055141434575
"1938",20.232380146798
"1939",16.6273923824496
"1940",12.6404431433661
"1941",10.573397873299
"1942",13.5419298038835
"1943",10.7580317694741
"1944",15.369412225841
"1945",24.5047063863978
"1946",13.8052213852561
"1947",18.1934297108134
"1948",13.0655971382213
"1949",19.8303582392128
"1950",17.7847696869836
"1951",16.3049382327175
"1952",30.9165528994208
"1953",29.5936040434026
"1954",30.6723631748033
"1955",31.3496997445248
"1956",35.9050827696109
"1957",33.7205505966078
"1958",34.4902579763468
"1959",31.2204565316935
"1960",24.8573760376847
"1961",16.0881317552865
"1962",19.8880094596739
"1963",27.1961131686169
"1964",31.8754875963575
"1965",31.056728366138
"1966",33.7080387551581
"1967",30.3109990920963
"1968",33.9431756073285
"1969",21.478060771528
"1970",25.1151635930483
"1971",30.3448945747098
"1972",35.6134475543444
"1973",30.2769474557486
"1974",27.9693238710745
"1975",21.1018147307871
"1976",23.1854865555371
"1977",18.0160535728855
"1978",30.274265401369
"1979",22.7678510257093
"1980",29.0569625304582
"1981",40.592739760651
"1982",36.7040423637644
"1983",30.6141264758706
"1984",34.5083171558632
"1985",22.8184105333575
"1986",17.2096943640138
"1987",16.8318020377517
"1988",15.9228706634987
"1989",4.92916158555271
"1990",13.2414123494477
"1991",21.3344449495676
"1992",7.31723034381923
"1993",0
"1994",0
"1995",0
"1996",2.70896020533499
"1997",0
"1998",0
"1999",0
"2000",13.208290211423
"2001",14.2636168216022
"2002",13.5783996393101
"2003",17.4947946790829
"2004",27.0523929341026
"2005",34.206280907979
"2006",33.321301376522
"2007",36.0626487885307
"2008",36.8634238525711
"2009",41.5839340325533
"2010",32.0939641145927
"2011",34.0116018337235
"2012",31.9035078558484
"2013",36.2273516393948
"2014",26.3428975250157
"2015",24.7941970807585
"2016",27.134016424299
"2017",30.2823082328513
"2018",35.0206004666126
"2019",34.9944262124961
"2020",39.8128174948012
"2021",40.7098253501482
"2022",43.234237317491
"2023",50.0819784015484
"2024",52.134367349566
"2025",53.6566420941937
"2026",57.4736721133634
"2027",67.7329235315931
"2028",78.8545689111422
"2029",76.4554634106858
"2030",80.0090438327079
"2031",84.6294376255391
"2032",87.0597479830182
"2033",95.5421833543224
"2034",89.4383313754687
"2035",87.1015424895482
"2036",87.0829050877731
"2037",84.0900940065415
"2038",99.6168709370268
"2039",92.8986845036024
"2040",86.4231169965854
"2041",87.7800380149776
"2042",84.7582261293433
"2043",82.5049514915687
"2044",84.1777828194641
"2045",85.5280614529047
"2046",83.1831370775532
"2047",84.0790908393878
"2048",76.1962060988264
"2049",80.524320892229
"2050",76.983603852539
"2051",67.5249369907516
"2052",68.9760581378557
"2053",71.4552690782118
"2054",62.8141494374017
"2055",61.0051574179227
"2056",59.4624954658993
"2057",53.128448021584
"2058",45.6602065805398
"2059",44.1378733978556
"2060",41.6316788580543
"2061",38.3931033278155
"2062",38.7684785802148
"2063",32.6065899624289
"2064",29.2355689447159
"2065",40.2724898081706
"2066",38.6870916577107
"2067",35.0325458979725
"2068",28.6991048894957
"2069",34.4051949467801
"2070",25.9580630986549
"2071",29.6087595347545
"2072",29.9538471491467
"2073",33.488698399423
"2074",39.5840750358026
"2075",46.6662570400508
"2076",60.2336456138005
"2077",60.9467623424728
"2078",64.6340930208077
"2079",61.4977348018308
"2080",44.9804299521695
"2081",41.8549803119936
"2082",32.6284340711669
"2083",28.0598752392604
"2084",30.2144503440472
"2085",30.3469594493383
"2086",33.2126026309399
"2087",37.4628692176596
"2088",37.6519429302783
"2089",36.0056144122793
"2090",31.3256437475911
"2091",24.9502991767491
"2092",16.224220246505
"2093",13.9028832249909
"2094",21.5517552850989
"2095",20.667785161146
"2096",27.6726392588571
"2097",35.1198944057278
"2098",38.3535815186437
"2099",43.8478930680314
"2100",42.8100533184429
"2101",44.7109871641301
"2102",40.5042882222768
"2103",38.6432452428139
"2104",39.3730916710416
"2105",35.2012170631907
"2106",35.6885114386686
"2107",30.2679088392938
"2108",39.4108213277863
"2109",39.4415138543724
"2110",44.5900478932275
"2111",48.6960769519049
"2112",53.0730574159523
"2113",51.5294483014499
"2114",55.2798252300112
"2115",53.0481251848068
"2116",57.2807758582356
"2117",63.947088156474
"2118",55.1496129070896
"2119",50.7784953930126
"2120",50.1841262341067
"2121",42.6358492026139
"2122",39.797379076614
"2123",47.0295004203957
"2124",55.4777983300135
"2125",60.5435149623067
"2126",62.1222351053653
"2127",60.8038868102924
"2128",62.1284566394682
"2129",60.5602668963108
"2130",57.7960241615363
"2131",58.1871838405032
"2132",59.8640370429301
"2133",56.0999777747495
"2134",58.5839815374777
"2135",47.1676721941782
"2136",49.1685956641262
"2137",41.9720803773415
"2138",42.0274660755726
"2139",50.783066008829
"2140",54.6713074555957
"2141",56.4921039292279
"2142",64.5481065227011
"2143",62.5223813187196
"2144",61.65920494477
"2145",68.9821133632982
"2146",67.3039862474282
"2147",70.3554762144667
"2148",73.2843845925542
"2149",65.933901275042
"2150",71.5883890588814
"2151",69.7230953975073
"2152",67.3128237417591
"2153",72.2281735520414
"2154",67.9468789234747
"2155",62.162090144035
"2156",56.0504450503995
"2157",50.9562155957511
"2158",54.6508948383086
"2159",53.1383043323251
"2160",51.4916277235995
"2161",56.5089519205257
"2162",48.7540465215126
"2163",56.0035825820591
"2164",52.0450841485132
"2165",51.3006769198336
"2166",50.8231655699741
"2167",50.0212477418866
"2168",49.9303758724733
"2169",50.2391467298136
"2170",45.5669007885239
"2171",42.9232159268112
"2172",38.8637209984873
"2173",43.8779376049416
"2174",40.473423772503
"2175",43.2019157277612
"2176",50.6558488871189
"2177",55.8545477072459
"2178",51.4710995202393
"2179",48.6946870718975
"2180",45.9253015959286
"2181",46.6998354674753
"2182",49.5100550810627
"2183",51.2810468348119
"2184",52.9342783137166
"2185",64.2050764327153
"2186",66.3828250862041
"2187",59.1593560525606
"2188",58.4402264807383
"2189",63.3804433616906
"2190",64.1277626580625
"2191",62.2647315410172
"2192",58.9816330958555
"2193",50.196582660389
"2194",37.9089421336217
"2195",38.4251384305809
"2196",49.7375735002114
"2197",53.214813302373
"2198",52.1762136067443
"2199",51.1047032854255
"2200",48.6806168503457
"2201",59.2676079373615
"2202",64.852287581382
"2203",62.6490585930292
"2204",63.8504884134776
"2205",61.1427213832616
"2206",56.2386452451199
"2207",54.5912124847428
"2208",58.5659622724406
"2209",57.7130051184983
"2210",52.3220939160384
"2211",53.1151459093732
"2212",53.5157711002705
"2213",55.639099651569
"2214",56.7611011381878
"2215",60.1031371466313
"2216",60.3201826917572
"2217",52.0978820954324
"2218",46.6149656863676
"2219",44.4755842584822
"2220",38.353618348159
"2221",42.3506060050896
"2222",47.1145809290758
"2223",47.1943598337403
"2224",48.8890938407291
"2225",48.3579792515127
"2226",44.6406980866927
"2227",50.2697222787806
"2228",57.5522465518897
"2229",47.2838578056972
"2230",46.1372827661958
"2231",48.7505843865672
"2232",58.9401251370023
"2233",55.5793758482902
"2234",53.6099748130023
"2235",61.0169779255327
"2236",60.9735390273294
"2237",55.0383848896937
"2238",50.6556399680285
"2239",48.4188562255839
"2240",42.0222940324667
"2241",52.5830946796693
"2242",50.9037375058874
"2243",57.9696080467087
"2244",44.1307111279604
"2245",49.8411432039395
"2246",55.689956963237
"2247",54.6928447631633
"2248",46.8989300159667
"2249",43.5130391050932
"2250",38.5165587881043
"2251",38.9692324892863
"2252",37.8895276124951
"2253",39.3326380253357
"2254",40.4879805279966
"2255",28.9914890085979
"2256",32.2156823402904
"2257",33.7542429153995
"2258",42.8299389933367
"2259",42.0926885808836
"2260",34.7578202325672
"2261",45.2393621037293
"2262",50.4878636018673
"2263",45.9029497678233
"2264",42.227508180126
"2265",41.8342160308187
"2266",37.3184051511704
"2267",40.2234219461475
"2268",40.5928418031145
"2269",44.5857226941123
"2270",46.7409585378751
"2271",37.3458090810982
"2272",34.4575135329867
"2273",41.6193299636199
"2274",41.520323773932
"2275",42.1474927685176
"2276",38.7609032960428
"2277",40.7646432173064
"2278",46.8826389890522
"2279",40.5264044619569
"2280",33.4017009595358
"2281",35.9561183989919
"2282",48.8022154553941
"2283",45.9631765790624
"2284",48.8309563727894
"2285",47.778350796769
"2286",42.8411994445291
"2287",41.5042373931067
"2288",35.3336115221792
"2289",36.7713698565683
"2290",43.3770430627106
"2291",38.1836323332909
"2292",36.8649983392421
"2293",42.3806961853332
"2294",46.9678117223915
"2295",43.8885954795862
"2296",59.1245404413441
"2297",63.8417569880429
"2298",69.2010920060693
"2299",60.540948739925
"2300",51.0129260217066
"2301",52.58369729998
"2302",59.4060237056121
"2303",56.8795201457781
"2304",52.1393934706837
"2305",44.9263192865732
"2306",43.8921180984542
"2307",38.3684156732265
"2308",41.3550431549021
"2309",38.1370863611791
"2310",31.311805304593
"2311",43.0660594370308
"2312",37.5612592984142
"2313",41.8022661675706
"2314",33.8959486884113
"2315",43.7708258434001
"2316",57.8895217854266
"2317",46.4628266814759
"2318",43.6597269288147
"2319",52.8482548013364
"2320",59.7165713496236
"2321",61.3556541622244
"2322",60.1311686800501
"2323",43.5997365123702
"2324",31.0313200598924
"2325",43.6849585303098
"2326",50.0656891766189
"2327",55.2733638011135
"2328",48.11732898878
"2329",46.0322630092162
"2330",42.030153681304
"2331",35.7044996810049
"2332",38.5453500375731
"2333",45.4862089944263
"2334",41.3160252853171
"2335",40.2050856074381
"2336",34.3342325021641
"2337",37.9602515132262
"2338",47.5478463640858
"2339",48.4017911035519
"2340",54.8408380507296
"2341",53.6411485692141
"2342",54.9529683092379
"2343",51.4784265600601
"2344",57.7174809311536
"2345",58.8563754534977
"2346",59.500580906918
"2347",60.6376705866108
"2348",57.3649949402907
"2349",62.2348332092075
"2350",71.7200575213693
"2351",72.4005214179314
"2352",62.6406817834715
"2353",71.2434873475326
"2354",72.5721327101835
"2355",79.0702626225895
"2356",74.7624512946923
"2357",87.8946708840382
"2358",85.016449151648
"2359",87.0965008343019
"2360",88.2502564733099
"2361",81.1194160338921
"2362",70.5410643345991
"2363",69.0114392586948
"2364",77.0467045587629
"2365",70.2262582074223
"2366",65.5155741398752
"2367",66.6666174784179
"2368",80.7549707092947
"2369",77.5227953549759
"2370",66.646094227875
"2371",63.1188076915097
"2372",69.7278085262038
"2373",75.1622101720276
"2374",82.0386115322895
"2375",81.8077802622347
"2376",78.5705347220149
"2377",75.4924315375709
"2378",64.6297049280286
"2379",59.6388315861363
"2380",65.8475515265614
"2381",72.0615304834312
"2382",72.9000639544964
"2383",72.5899895534594
"2384",73.7240569814534
"2385",77.5426764026553
"2386",80.1942670650092
"2387",85.9327253031409
"2388",72.6317479551986
"2389",60.5040509852491
"2390",58.2148017389684
"2391",47.3805177287223
"2392",64.6508794840883
"2393",74.0714350815874
"2394",79.3690428099101
"2395",76.5859807825787
"2396",75.1338723943359
"2397",69.1875838119971
"2398",59.1097701846625
"2399",56.505814657105
"2400",52.4448295260646
"2401",56.2982646734161
"2402",57.9629359679209
"2403",58.8386451756929
"2404",57.4997141148553
"2405",53.0510310911315
"2406",70.0613637996984
"2407",71.7519771636459
"2408",70.5858726567845
"2409",68.5261695374051
"2410",52.3642675264303
"2411",54.1836668487626
"2412",59.561045027651
"2413",64.0596060760374
"2414",72.0415358243367
"2415",79.0709259382738
"2416",91.2639516586639
"2417",87.6282509463505
"2418",85.8446795939303
"2419",86.2171532554865
"2420",92.3325708524114
"2421",94.0330240718167
"2422",105.144789398241
"2423",99.2430585946974
"2424",101.195105837802
"2425",97.8287801645704
"2426",103.280703471397
"2427",100.982974836633
"2428",94.9648458628014
"2429",87.7018939521171
"2430",90.8339069525658
"2431",96.6828039885398
"2432",94.4554607427393
"2433",94.1702829650407
"2434",91.2394831703145
"2435",88.9613829942925
"2436",82.3494584684554
"2437",80.899956759133
"2438",86.9935798364487
"2439",96.7124488955652
"2440",88.4665886188542
"2441",85.4887507425761
"2442",90.5583751068341
"2443",90.7029833664033
"2444",85.1400880690099
"2445",95.6457288540163
"2446",94.4710996108178
"2447",87.9213126032182
"2448",81.4296678828523
"2449",79.2291822823949
"2450",73.5844905547851
"2451",61.3458203991794
"2452",70.6647504573055
"2453",80.3614361780022
"2454",80.4091183833315
"2455",78.3572131604946
"2456",78.0756674346532
"2457",87.4720017363251
"2458",85.5671304517908
"2459",84.091429505631
"2460",94.5563142200588
"2461",83.4513776023931
"2462",81.6597311945912
"2463",80.5318894245957
"2464",81.47024701319
"2465",81.6936725815403
"2466",80.0572960175535
"2467",90.3506196825185
"2468",97.7296382551361
"2469",100.264948445546
"2470",100.333212925755
"2471",106.33132527414
"2472",109.985708107355
"2473",109.013266587477
"2474",111.374262261473
"2475",120.918050397249
"2476",124.086146392611
"2477",125.458091928581
"2478",115.589365920946
"2479",120.745894948899
"2480",128.931951016609
"2481",124.652971118407
"2482",128.337541234325
"2483",133.056168476517
"2484",128.079101346664
"2485",129.784994017605
"2486",126.089134595942
"2487",125.822072732181
"2488",131.851465299123
"2489",122.150875546902
"2490",125.43267783176
"2491",130.191677043374
"2492",139.990972223515
"2493",145.580140166986
"2494",139.965081007753
"2495",137.359854356775
"2496",126.935469496476
"2497",121.103730950989
"2498",125.343179180636
"2499",127.37712329345
"2500",126.554912350435
"2501",127.330663758602
"2502",121.50000488894
"2503",131.100539055195
"2504",126.235032967302
"2505",124.899484373637
"2506",136.634531340366
"2507",136.251253144103
"2508",139.195024124444
"2509",146.143614138619
"2510",144.472686086734
"2511",134.584676517456
"2512",137.624621381054
"2513",134.73198060018
"2514",138.718729441285
"2515",146.299439870244
"2516",142.145387504695
"2517",152.367514520606
"2518",152.522820292639
"2519",151.022352438672
"2520",142.215933672079
"2521",147.41602407045
"2522",145.645501851907
"2523",158.376829476356
"2524",141.818967223816
"2525",144.155657930602
"2526",140.335747559283
"2527",148.990904344321
"2528",146.620722385381
"2529",138.176091570425
"2530",144.226565920542
"2531",144.541168422776
"2532",152.785190659347
"2533",163.306778154311
"2534",164.445204586703
"2535",163.151636407242
"2536",173.26526307756
"2537",172.053213803444
"2538",170.755945284578
"2539",174.862053538719
"2540",164.411972789185
"2541",162.654365532313
"2542",155.386673888857
"2543",167.723918719294
"2544",158.970340339525
"2545",165.951862032547
"2546",170.368356977593
"2547",169.141019993905
"2548",157.50924650933
"2549",162.712006627583
"2550",156.681451552202
"2551",154.578724036703
"2552",153.949101410855
"2553",163.22322666289
"2554",162.500707888171
"2555",162.4744820137
"2556",156.507375503736
"2557",145.835294321192
"2558",143.466607558064
"2559",146.45175820582
"2560",142.018398505915
"2561",145.273117470573
"2562",139.169990613518
"2563",146.959075681546
"2564",152.392304152045
"2565",149.612990840195
"2566",142.350981451988
"2567",134.922474401563
"2568",134.751398216296
"2569",122.514277884947
"2570",109.931154038202
"2571",105.082525509528
"2572",116.669174489923
"2573",123.15178134096
"2574",112.63671495692
"2575",111.064421113456
"2576",107.167289582111
"2577",112.335796547389
"2578",99.4911951556555
"2579",99.6718432111748
"2580",100.683212747923
"2581",101.410214408324
"2582",92.5552025211893
"2583",83.731671023077
"2584",88.6284482356495
"2585",83.5903738462805
"2586",77.6968891205453
"2587",88.5003446390688
"2588",88.5142741089094
"2589",75.4608707539228
"2590",71.1445546320261
"2591",84.8736249324724
"2592",94.273438587742
"2593",81.105282397364
"2594",83.8180026149885
"2595",85.3814186069046
"2596",79.8377711519483
"2597",87.8135431764917
"2598",80.0793177471978
"2599",78.5202296447974
"2600",77.5404348963804
"2601",93.981835121382
"2602",90.8848999907104
"2603",95.4001001306278
"2604",87.2402091064882
"2605",70.6222929879736
"2606",77.1832916951449
"2607",70.7662549326203
"2608",79.2398293825888
"2609",62.2118664935616
"2610",69.7928876201306
"2611",85.4407894251119
"2612",80.8441955939287
"2613",86.7160698040387
"2614",88.1449118352681
"2615",84.5995617195167
"2616",71.5583175253821
"2617",65.2968621402864
"2618",72.8039888388092
"2619",72.5405755537236
"2620",59.4450881797138
"2621",50.8836839602975
"2622",44.8526863305066
"2623",48.420781182336
"2624",43.6004936148176
"2625",54.5127678617806
"2626",58.1845837093188
"2627",56.4668770842555
"2628",45.2725512049948
"2629",57.2057684109325
"2630",68.0824843217553
"2631",65.4678432161941
"2632",59.0915503560804
"2633",57.1499197940074
"2634",66.6122355829958
"2635",81.0803201450311
"2636",86.4044023445466
"2637",89.4258249592875
"2638",87.6038933081067
"2639",92.6559264735842
"2640",80.4385979034344
"2641",76.2194674167133
"2642",62.5597825992032
"2643",57.4819269073788
"2644",52.3815693415791
"2645",42.0115552342472
"2646",27.5544884628437
"2647",34.1660354300603
"2648",17.6079893402662
"2649",20.5150877732345
"2650",30.173609135377
"2651",27.7786812182555
"2652",45.3196450328186
"2653",35.5529577857788
"2654",33.3503290612738
"2655",33.1341964225341
"2656",39.518904832942
"2657",24.2361281394389
"2658",22.2269135761561
"2659",25.1258490083656
"2660",22.2256659842618
"2661",16.4460951877921
"2662",19.9955198591658
"2663",30.2411366080883
"2664",26.0624974204498
"2665",25.7088713205091
"2666",22.0036193643678
"2667",34.9177126879696
"2668",29.5617594067653
"2669",45.3567196308772
"2670",37.2142891963494
"2671",40.5696713110511
"2672",42.1729316648367
"2673",37.6172670094302
"2674",37.8977635315763
"2675",46.652719038349
"2676",68.1442074722133
"2677",74.8748829033173
"2678",67.225838012249
"2679",70.8870069068818
"2680",64.2361029752415
"2681",78.1943470502004
"2682",83.0736285920822
"2683",81.6880857730187
"2684",72.2270090101412
"2685",76.3978422730486
"2686",70.8570237274797
"2687",66.1963943406893
"2688",67.6579570510688
"2689",72.8286907098731
"2690",68.0550901674019
"2691",84.8501055183111
"2692",82.1030478034084
"2693",74.4295748603534
"2694",92.7896700333981
"2695",98.490211116713
"2696",95.7996740376347
"2697",87.4745058489603
"2698",94.3363048890738
"2699",88.138781159762
"2700",89.9107838887721
"2701",96.3055040323188
"2702",107.3321727171
"2703",109.481891471168
"2704",117.157175087691
"2705",130.661420987404
"2706",137.358152457746
"2707",130.754310469181
"2708",138.305195036241
"2709",144.231745190823
"2710",152.218803918736
"2711",145.337365336677
"2712",141.027839045746
"2713",144.169591432274
"2714",142.31607301817
"2715",129.089613438192
"2716",128.932239113628
"2717",128.117099666025
"2718",133.24675254042
"2719",141.302755547108
"2720",151.383495737875
"2721",148.343241943392
"2722",161.269067893199
"2723",177.107958355097
"2724",179.237513361126
"2725",175.334103070829
"2726",184.827807751287
"2727",177.621930217832
"2728",158.778742963923
"2729",159.571321967672
"2730",172.393919259383
"2731",161.764403315708
"2732",165.56807185565
"2733",165.896233418121
"2734",147.106339567307
"2735",146.425997106509
"2736",134.260306587695
"2737",136.437795990234
"2738",146.314033212077
"2739",135.366777067167
"2740",137.782161670752
"2741",134.971610977978
"2742",131.078764935924
"2743",127.131133692942
"2744",132.45050897386
"2745",137.274070140859
"2746",132.431351306445
"2747",132.57540994606
"2748",125.429855878203
"2749",123.179315178277
"2750",119.558577275259
"2751",107.798177552013
"2752",119.9474037646
"2753",131.611032477223
"2754",117.495612792779
"2755",110.177664917229
"2756",111.409897663357
"2757",111.900188214942
"2758",114.106471181885
"2759",117.975138000099
"2760",101.862385976932
"2761",88.7670062757567
"2762",86.8401231819902
"2763",85.6873263969898
"2764",71.0199390906754
"2765",60.9780632045209
"2766",72.2969151630592
"2767",78.2111668754224
"2768",86.7982706950575
"2769",91.3123143885498
"2770",88.0616878524198
"2771",103.347950971543
"2772",90.4127353825954
"2773",99.7098515440757
"2774",89.8454300664489
"2775",103.011909973852
"2776",88.1082990608752
"2777",77.5218314393374
"2778",71.3077403358576
"2779",61.5845101434371
"2780",78.6370407750895
"2781",83.5318747494639
"2782",87.5237913689794
"2783",80.2599104061448
"2784",84.9143381695619
"2785",93.9641579747602
"2786",92.3187714022565
"2787",72.7953541663174
"2788",81.7229581603635
"2789",71.0604228852023
"2790",83.0004251087092
"2791",71.9553482928178
"2792",76.5882979673919
"2793",75.9911080838881
"2794",62.8343851487544
"2795",68.4409558134767
"2796",56.7768331410755
"2797",62.6736771943519
"2798",59.2910106611259
"2799",50.808297517721
"2800",58.1930925484793
"2801",65.6525972908956
"2802",51.9287405302945
"2803",62.0131510172957
"2804",68.2745005144384
"2805",75.261608354429
"2806",60.9488902932538
"2807",56.8892887527651
"2808",61.7932527147934
"2809",51.7938747585464
"2810",49.8108289915811
"2811",56.7640742264297
"2812",43.4166511131099
"2813",38.5567361775772
"2814",55.4592025724426
"2815",43.3945095106123
"2816",52.7710131661252
"2817",56.8578741660329
"2818",51.876493516656
"2819",69.8248670584514
"2820",65.723983101532
"2821",53.7177797957036
"2822",50.3375664468688
"2823",42.6408104290433
"2824",48.975575085904
"2825",47.4767907310026
"2826",26.8137784259319
"2827",25.5757187058114
"2828",36.2363714824031
"2829",49.0306696124447
"2830",51.1371408196685
"2831",47.4622217708682
"2832",40.414781126596
"2833",31.1641932131913
"2834",23.8453023205307
"2835",42.7407473970229
"2836",56.5934251125746
"2837",68.6013989184508
"2838",62.1710300981254
"2839",62.6414501373934
"2840",67.2734994956556
"2841",64.2629046034217
"2842",78.7107334748375
"2843",76.3720699953399
"2844",52.8179294732162
"2845",42.5081731768511
"2846",35.011569632629
"2847",41.6875341601031
"2848",49.9438369113236
"2849",51.7755691663836
"2850",40.0916195129889
"2851",35.0505085607831
"2852",29.2422991766594
"2853",41.4687418307013
"2854",31.2982168018142
"2855",46.260860227956
"2856",44.1756114922123
"2857",38.7222552356524
"2858",47.3303743688295
"2859",49.5789809529326
"2860",58.9043968724284
"2861",66.4020256556101
"2862",71.700803973375
"2863",75.3990936421429
"2864",72.217819128364
"2865",63.423421439951
"2866",54.5218840946423
"2867",64.6317638963951
"2868",56.2055608161516
"2869",64.0531952515764
"2870",65.9472342673896
"2871",82.5964809471372
"2872",90.5211635280959
"2873",95.3746568328633
"2874",90.9353449910003
"2875",83.9425302752192
"2876",91.0924825115502
"2877",82.5527947761952
"2878",84.4772499799379
"2879",84.4927311034801
"2880",89.4282876148948
"2881",82.8324057521354
"2882",78.6932619280071
"2883",69.5420802713003
"2884",73.8948091585043
"2885",78.7001702154439
"2886",68.4545431872823
"2887",66.2060214029934
"2888",60.7215232222815
"2889",56.7200411070655
"2890",62.3320634403131
"2891",50.332535477871
"2892",51.6438207768364
"2893",56.1836435866939
"2894",50.5974321693984
"2895",44.4345882774978
"2896",40.408943390179
"2897",40.6330865486041
"2898",56.0345304793788
"2899",60.9026303512821
"2900",52.4186757715327
"2901",58.862710701119
"2902",62.9104112461245
"2903",70.1583874440027
"2904",67.0747633855515
"2905",63.5560275506788
"2906",65.098709396564
"2907",59.4488972224744
"2908",70.3479395568719
"2909",71.9841067316431
"2910",67.6245590802838
"2911",56.2686614870056
"2912",47.1773641409702
"2913",41.3761467109337
"2914",31.6249481061719
"2915",33.4887110632216
"2916",40.9292039938989
"2917",46.3017432834946
"2918",44.6700738789612
"2919",35.1931689663726
"2920",31.5107375566477
"2921",35.3686084536398
"2922",47.6054380980492
"2923",31.031974388896
"2924",21.0217353978913
"2925",34.0623708208788
"2926",49.8836166914388
"2927",45.6408643149491
"2928",34.6835253446775
"2929",20.493505917103
"2930",17.1574156962781
"2931",3.35864217486396
"2932",0
"2933",0
"2934",0
"2935",0
"2936",0
"2937",0
"2938",18.9774312418125
"2939",10.9939480643478
"2940",16.2635296630873
"2941",25.0713378666885
"2942",35.4574687293003
"2943",34.9199900115675
"2944",50.43618520819
"2945",45.7379579699193
"2946",29.0311061420395
"2947",34.8546513266389
"2948",37.5255955918766
"2949",53.7161675456311
"2950",66.4332921360075
"2951",61.9865083104375
"2952",59.5708417453969
"2953",63.0699759919413
"2954",82.5212767422794
"2955",101.874567073766
"2956",87.1624093577615
"2957",84.1191715004781
"2958",76.9892278338613
"2959",78.95167563862
"2960",82.5378825477433
"2961",74.9215762932614
"2962",77.8648605461633
"2963",82.0958178414988
"2964",83.7355537671257
"2965",81.3269888032372
"2966",81.0828498565489
"2967",83.2693296408113
"2968",98.8739206118542
"2969",110.333469067571
"2970",135.914232406545
"2971",131.783546708571
"2972",127.902817669435
"2973",128.406616798103
"2974",129.770636774123
"2975",118.109147816849
"2976",128.010764101529
"2977",133.20549775423
"2978",149.601670766324
"2979",160.554484244145
"2980",147.928831613627
"2981",138.533259019931
"2982",145.656275679929
"2983",151.98214377831
"2984",134.588392751577
"2985",146.603789125369
"2986",144.5657140944
"2987",137.469434918047
"2988",154.851590453956
"2989",167.337869239068
"2990",150.000797501522
"2991",151.638832717383
"2992",143.344812364356
"2993",134.106092309857
"2994",131.734704816073
"2995",131.013846271133
"2996",130.721818415909
"2997",128.422406621988
"2998",125.060573860672
"2999",126.039192146425
"3000",131.194644120624
"3001",147.138954730149
"3002",150.310214769796
"3003",149.381895995586
"3004",141.742858771921
"3005",151.03234288392
"3006",140.417087792281
"3007",158.40251714037
"3008",155.533673081589
"3009",149.402097895912
"3010",168.809244522691
"3011",154.743712351671
"3012",156.908286319439
"3013",168.730739119121
"3014",169.989894815267
"3015",174.200274791539
"3016",162.334553788276
"3017",179.927536409557
"3018",189.907541782788
"3019",183.619533459862
"3020",186.183777386505
"3021",179.953064758116
"3022",168.427269957591
"3023",157.831334269421
"3024",148.673935441227
"3025",136.878013310741
"3026",131.766995323643
"3027",114.015274172787
"3028",105.983042659009
"3029",109.277599270261
"3030",116.2310901868
"3031",126.500528213867
"3032",135.454198511243
"3033",129.766639817876
"3034",127.048592712268
"3035",113.172458637172
"3036",148.803788315786
"3037",154.119947503785
"3038",138.009770323517
"3039",144.17284061658
"3040",133.353987361153
"3041",130.809331862245
"3042",134.677959205444
"3043",121.560631139011
"3044",137.966871396187
"3045",150.763848004459
"3046",141.400919487079
"3047",133.00935194665
"3048",129.696505767748
"3049",151.713884219082
"3050",141.456503818481
"3051",142.890932452741
"3052",141.87946581034
"3053",130.667097993783
"3054",144.442866503514
"3055",155.995508292314
"3056",168.113093561773
"3057",147.281467928489
"3058",142.933971630803
"3059",145.987950255406
"3060",143.856454787216
"3061",137.612340720638
"3062",118.96740540178
"3063",123.184806200069
"3064",110.307729437293
"3065",114.99029011871
"3066",133.353561343493
"3067",144.32968305482
"3068",155.236406212373
"3069",142.117910681215
"3070",138.169629630756
"3071",131.840034271893
"3072",127.936139334571
"3073",136.497021937783
"3074",138.242662718472
"3075",140.00640921135
"3076",146.37821573886
"3077",139.638534096473
"3078",139.967780035238
"3079",149.808453076354
"3080",149.348976232408
"3081",146.828128864593
"3082",158.366378154239
"3083",165.606512964524
"3084",183.715825682478
"3085",191.649598992943
"3086",168.96146103521
"3087",159.54749620952
"3088",155.071482667519
"3089",169.665774121945
"3090",178.240083263991
"3091",186.666079062461
"3092",187.866254930671
"3093",165.099184480374
"3094",178.372711998169
"3095",175.436256676996
"3096",167.005266189386
"3097",189.845278965975
"3098",179.771771374156
"3099",174.365786938204
"3100",165.030829185192
"3101",168.120395829743
"3102",154.952138584536
"3103",164.715188582564
"3104",167.101809721026
"3105",157.099910695716
"3106",150.562809088921
"3107",147.814564707476
"3108",165.959320011761
"3109",179.828975502733
"3110",189.401988748265
"3111",197.178615258296
"3112",188.965736534845
"3113",195.926522511817
"3114",208.974999001013
"3115",216.072894623212
"3116",208.450867879673
"3117",204.185971514678
"3118",199.695372483271
"3119",214.910334202419
"3120",204.169181448292
"3121",199.512679497441
"3122",207.87014793684
"3123",206.21831870368
"3124",190.534681625194
"3125",207.376523930337
"3126",211.92986557555
"3127",191.236626043473
"3128",191.189715381488
"3129",180.669625218041
"3130",174.663737405648
"3131",159.170596288624
"3132",153.70053624267
"3133",143.300759609421
"3134",121.813438120568
"3135",129.830048154813
"3136",132.948722056492
"3137",130.035333130717
"3138",144.427755373212
"3139",124.237425411702
"3140",131.218201318545
"3141",157.647285075217
"3142",158.588396102635
"3143",172.597883061174
"3144",191.682511173126
"3145",186.045710065157
"3146",195.801861776536
"3147",208.127153671669
"3148",212.550445863985
"3149",216.632692621656
"3150",214.505675320242
"3151",207.057814343969
"3152",197.224096614306
"3153",199.978940418582
"3154",171.955191671779
"3155",150.559282248191
"3156",146.659926785076
"3157",166.946512102225
"3158",172.692368152059
"3159",173.279898955537
"3160",149.106374286595
"3161",145.827991130068
"3162",165.910537366931
"3163",153.285556448032
"3164",164.8428737965
"3165",171.520208263384
"3166",156.267634207966
"3167",146.698049946744
"3168",144.125389989468
"3169",139.451231126945
"3170",138.111861990292
"3171",157.829545830717
"3172",136.779445313086
"3173",127.721634476221
"3174",123.213861730718
"3175",135.511919549954
"3176",133.688524202429
"3177",149.276193694141
"3178",178.472042625963
"3179",182.095547894974
"3180",190.781425997601
"3181",183.948710901724
"3182",178.479176638995
"3183",154.648471515379
"3184",155.644346142958
"3185",163.677132922957
"3186",175.192862187198
"3187",170.45743141768
"3188",156.369939013547
"3189",170.908696373392
"3190",182.770619649642
"3191",175.611325984745
"3192",185.649494417432
"3193",174.917514503384
"3194",169.497119320504
"3195",169.694778036731
"3196",189.165390087785
"3197",175.177549903533
"3198",191.044297881195
"3199",191.044525359792
"3200",197.586556662937
"3201",195.619927144148
"3202",183.71978559902
"3203",173.694993415537
"3204",181.191479749952
"3205",180.731216022048
"3206",178.806451403021
"3207",170.905622814861
"3208",180.674236995741
"3209",164.241906145311
"3210",169.453954130594
"3211",177.251893669408
"3212",180.63136088652
"3213",199.076916981383
"3214",184.741189279086
"3215",178.384492966421
"3216",166.33824200415
"3217",172.117630243466
"3218",176.519897736185
"3219",173.827804055322
"3220",155.838203732587
"3221",157.698306931562
"3222",153.902711706764
"3223",149.703002119473
"3224",160.703289267349
"3225",161.355309627514
"3226",167.798902268519
"3227",155.175695978709
"3228",156.679495396096
"3229",172.170383035952
"3230",178.935179926783
"3231",184.942797529056
"3232",195.705167004946
"3233",160.590526831843
"3234",160.288323138848
"3235",163.530813809937
"3236",156.941009174648
"3237",164.964462698961
"3238",170.182986551276
"3239",151.329798350149
"3240",146.340219190689
"3241",156.052530636843
"3242",140.262971535669
"3243",147.978673289432
"3244",141.818746778966
"3245",142.960082557981
"3246",142.131921626551
"3247",152.038228495254
"3248",133.052107853307
"3249",133.558393836202
"3250",156.557079688554
"3251",158.594286238177
"3252",152.63530515439
"3253",147.662000497443
"3254",139.327330900579
"3255",133.330176509737
"3256",142.960960994085
"3257",148.46281738471
"3258",148.90838134754
"3259",171.580759369795
"3260",181.369983487065
"3261",175.837321085585
"3262",184.634948443356
"3263",193.937617204221
"3264",177.988562833383
"3265",176.793530001047
"3266",176.092842997635
"3267",166.230609242087
"3268",157.450093598955
"3269",154.383596419217
"3270",139.842200549302
"3271",140.896427608483
"3272",185.73140978675
"3273",184.534910842859
"3274",178.749470508499
"3275",187.255797115663
"3276",176.789216561193
"3277",165.513884574251
"3278",170.299412496618
"3279",170.644419830612
"3280",153.129728734215
"3281",134.490505487845
"3282",130.743805515335
"3283",145.978008110227
"3284",131.889491503894
"3285",129.526344627443
"3286",132.792101833315
"3287",155.29620351123
"3288",141.737619144966
"3289",149.070969223915
"3290",168.859918384251
"3291",174.753647573539
"3292",224.067386479774
"3293",228.94413209963
"3294",219.812072777274
"3295",227.995105634172
"3296",216.884789150011
"3297",229.05689062685
"3298",234.280971557553
"3299",246.185134743449
"3300",242.049543517654
"3301",260.996123589605
"3302",245.029281329447
"3303",245.402750213695
"3304",248.770820043767
"3305",249.006182311615
"3306",243.485325888793
"3307",244.545950036714
"3308",242.115690852664
"3309",238.040182631266
"3310",232.37504730037
"3311",240.223822435327
"3312",244.316191882177
"3313",239.122551242655
"3314",237.828139198657
"3315",232.360352061109
"3316",230.203152445718
"3317",240.156903522807
"3318",240.939149313098
"3319",236.518376988835
"3320",251.79810952984
"3321",250.682412163645
"3322",233.496491038194
"3323",238.28524508006
"3324",237.611110820572
"3325",242.973726901782
"3326",262.333718415881
"3327",261.162612302914
"3328",270.590762626761
"3329",270.652360105429
"3330",264.332742099574
"3331",268.582494549168
"3332",275.290987333097
"3333",306.867850925593
"3334",297.181971693149
"3335",264.99729464072
"3336",259.027709372569
"3337",263.971891974696
"3338",272.820482504288
"3339",251.926609449866
"3340",246.243737035183
"3341",256.837974283014
"3342",248.49298123357
"3343",261.698845649306
"3344",265.724110844404
"3345",277.126601546809
"3346",287.940992847973
"3347",288.100644176776
"3348",284.442018759115
"3349",259.512699960101
"3350",257.306792594168
"3351",240.419782216462
"3352",253.984079171241
"3353",264.587480561966
"3354",273.319843039206
"3355",257.544451337666
"3356",272.021844703812
"3357",267.097022236194
"3358",276.218141016562
"3359",282.939206591791
"3360",264.769159127686
"3361",257.245508578368
"3362",230.222910623629
"3363",233.751911376251
"3364",218.08842947392
"3365",207.00310080732
"3366",169.622257741256
"3367",167.490170359545
"3368",168.979780377668
"3369",170.756990218692
"3370",145.187579255252
"3371",124.441284832966
"3372",133.048408984304
"3373",144.142201815606
"3374",135.841998849505
"3375",172.579648846341
"3376",175.444368665842
"3377",175.386500335543
"3378",193.484795138183
"3379",206.485874818755
"3380",207.953172448292
"3381",185.530076091172
"3382",198.235784070216
"3383",202.040907041405
"3384",204.625772925786
"3385",208.703298676359
"3386",217.727817119189
"3387",229.397348684294
"3388",248.232413204254
"3389",262.506195497763
"3390",262.212010274394
"3391",252.387711964625
"3392",255.574084510549
"3393",253.906063314004
"3394",247.848786284532
"3395",260.152762552208
"3396",254.684792692505
"3397",254.046176193326
"3398",243.131450188644
"3399",259.364097059622
"3400",263.864709923576
"3401",260.542396439955
"3402",261.723570130961
"3403",247.953967169099
"3404",232.564549117744
"3405",224.26398626285
"3406",239.937259091323
"3407",225.903962425169
"3408",219.943108493589
"3409",233.718018114351
"3410",225.876798625908
"3411",211.111594543723
"3412",210.553683941479
"3413",243.0851041212
"3414",257.292113499995
"3415",265.559059153148
"3416",247.496050319568
"3417",242.587583691019
"3418",238.224928372805
"3419",218.385428867863
"3420",219.843748685168
"3421",225.172581394439
"3422",237.888143643362
"3423",240.754530962417
"3424",240.669063042613
"3425",250.200466514849
"3426",257.369245161039
"3427",251.156209280166
"3428",284.646972585878
"3429",289.043807245279
"3430",287.685521966
"3431",290.535162239873
"3432",290.071227058159
"3433",286.873772848489
"3434",284.355787877542
"3435",254.713949838864
"3436",251.094991921821
"3437",267.881646714165
"3438",261.312825162031
"3439",253.597403842469
"3440",264.578927978788
"3441",262.134832850957
"3442",251.700971437009
"3443",234.149484546884
"3444",251.723289234263
"3445",261.566867256922
"3446",279.367963406656
"3447",278.944335963803
"3448",287.105651160738
"3449",304.774584952562
"3450",293.542738514125
"3451",273.220128282903
"3452",255.717795237497
"3453",257.854634405371
"3454",234.895122794554
"3455",223.880679747691
"3456",248.928956450431
"3457",236.494385202854
"3458",218.20071276331
"3459",206.930638451602
"3460",217.599396061332
"3461",213.631295099665
"3462",213.53523841384
"3463",203.939376476512
"3464",201.935521765011
"3465",224.99616259964
"3466",251.934400006431
"3467",246.165562121338
"3468",236.210982001343
"3469",226.104765730991
"3470",207.716514856571
"3471",196.047151797087
"3472",203.669466319549
"3473",229.349964064414
"3474",207.046088272453
"3475",213.205866810319
"3476",206.567375275238
"3477",215.397744513732
"3478",194.316252129868
"3479",171.100954394158
"3480",201.074513493432
"3481",177.414382431383
"3482",184.779689703046
"3483",171.874196998211
"3484",175.809758958668
"3485",192.982535587135
"3486",191.052669457134
"3487",196.366410235625
"3488",193.261934296608
"3489",189.932246467197
"3490",199.490530824309
"3491",203.781261030339
"3492",194.945041997126
"3493",197.829348835848
"3494",198.400333524222
"3495",182.669583108143
"3496",181.996746242359
"3497",196.679954263762
"3498",222.07342277961
"3499",251.619881297769
"3500",285.789343189256
"3501",274.250616069015
"3502",265.243608658259
"3503",266.053302650861
"3504",266.144879914424
"3505",271.373259137477
"3506",289.335777735603
"3507",274.12920174063
"3508",274.702623505653
"3509",294.4350211397
"3510",311.019935255543
"3511",296.574759339972
"3512",296.604841049513
"3513",290.957643230719
"3514",316.337000579656
"3515",325.723302348309
"3516",317.984739692176
"3517",321.552929103142
"3518",327.682946613164
"3519",323.483299195247
"3520",317.390273185993
"3521",319.142232940672
"3522",332.11996998589
"3523",330.760762738955
"3524",334.762841434233
"3525",341.9871149283
"3526",322.131457429716
"3527",342.002912256602
"3528",345.555712237447
"3529",314.990901119437
"3530",311.5468622
"3531",312.676267724783
"3532",311.624276705217
"3533",318.891032948443
"3534",303.628114794575
"3535",316.007379813977
"3536",304.562642488495
"3537",304.520938188701
"3538",314.934966281474
"3539",321.248559402821
"3540",315.236153516867
"3541",328.32129638208
"3542",360.693303824427
"3543",342.09841064592
"3544",335.313621501071
"3545",313.968409160405
"3546",314.057416142022
"3547",292.393886043897
"3548",306.88900221217
"3549",334.252406280714
"3550",353.783672936202
"3551",350.581206340688
"3552",353.739228498817
"3553",370.988153646369
"3554",354.954701607392
"3555",370.611560500991
"3556",354.301754187755
"3557",356.258310934651
"3558",391.342959586038
"3559",369.113777703872
"3560",353.267814692299
"3561",371.311068879586
"3562",376.410008010857
"3563",375.488356833023
"3564",370.193965807345
"3565",372.353079653495
"3566",368.679397694219
"3567",375.618754998813
"3568",358.793829277219
"3569",321.67574626618
"3570",338.662382360648
"3571",317.720171998589
"3572",312.823645192593
"3573",321.79912893106
"3574",329.423131823259
"3575",310.993415574304
"3576",303.142517462929
"3577",296.169529726895
"3578",294.114845812709
"3579",297.266771856879
"3580",285.414649360902
"3581",261.798773828401
"3582",259.080129845314
"3583",297.014423157826
"3584",292.888551237816
"3585",270.068409823374
"3586",279.071865235962
"3587",284.353709350896
"3588",267.568999040039
"3589",284.416507175091
"3590",304.905662445983
"3591",301.153783334419
"3592",298.943884609478
"3593",307.624063823686
"3594",299.149214948758
"3595",260.785786265
"3596",253.978561308767
"3597",252.13962174486
"3598",248.77445286833
"3599",252.644936473174
"3600",262.513164171886
"3601",294.658267581346
"3602",277.846401935754
"3603",264.582681025481
"3604",253.141954512662
"3605",247.113026260801
"3606",232.288722803374
"3607",235.516676205528
"3608",215.37143725817
"3609",224.786995071777
"3610",229.25927895972
"3611",215.820702822113
"3612",185.127823764354
"3613",171.510086695996
"3614",182.867119665135
"3615",214.582827774734
"3616",229.10650663064
"3617",248.890830940577
"3618",215.100575710313
"3619",205.274602982054
"3620",205.028287962162
"3621",214.67669436983
"3622",195.827922698851
"3623",207.220802592963
"3624",228.444920882705
"3625",203.015756662208
"3626",209.119829076474
"3627",215.166181196022
"3628",220.919414659039
"3629",223.693350660268
"3630",243.880569630548
"3631",218.908494899709
"3632",209.727860172167
"3633",204.157333582288
"3634",199.696338433703
"3635",213.554056460851
"3636",209.414132421181
"3637",189.234746979844
"3638",170.770898447745
"3639",163.152404627861
"3640",188.329257783528
"3641",208.811043439697
"3642",223.577518381929
"3643",231.091486184979
"3644",232.918343176426
"3645",212.878868641548
"3646",197.204975033897
"3647",210.093021200645
"3648",202.065505542489
"3649",217.274927363281
"3650",217.057381389646
"3651",227.290365318751
"3652",219.526352027902
"3653",215.852109613986
"3654",225.363804570762
"3655",255.28162216748
"3656",249.283391662816
"3657",263.827685092285
"3658",267.298164429545
"3659",250.691172625655
"3660",237.569483384061
"3661",236.426140982813
"3662",267.468919505695
"3663",275.85260289907
"3664",275.994162959549
"3665",306.119353559296
"3666",324.687860466392
"3667",323.290548644601
"3668",327.460144583091
"3669",300.516397513397
"3670",327.105789799889
"3671",324.619170149841
"3672",328.017124763221
"3673",322.747257374095
"3674",319.072372176515
"3675",322.749744103257
"3676",326.734943983879
"3677",336.666879002458
"3678",370.429022534809
"3679",402.238620155496
"3680",397.103763043378
"3681",383.34972656905
"3682",383.261308323056
"3683",404.927048525129
"3684",382.79774032451
"3685",397.074176924576
"3686",415.371408606372
"3687",411.728209730312
"3688",415.438482368452
"3689",405.465925815848
"3690",435.48465470672
"3691",416.685309949432
"3692",417.535833568105
"3693",414.753149364611
"3694",409.220045317674
"3695",396.236191744439
"3696",406.461247958318
"3697",424.629714503343
"3698",439.427412582455
"3699",454.076141201362
"3700",460.216041123193
"3701",427.417921904691
"3702",442.707862681378
"3703",456.27929612847
"3704",469.399668903343
"3705",451.282817883558
"3706",483.785160370308
"3707",484.199070122373
"3708",464.755474948447
"3709",482.838234863626
"3710",494.413113388792
"3711",494.240428496005
"3712",471.826853323553
"3713",477.249651755678
"3714",455.333664175842
"3715",427.279464047539
"3716",424.536992417943
"3717",443.627582606239
"3718",440.909219169905
"3719",447.291282825234
"3720",422.074434435559
"3721",412.217598982224
"3722",417.009264717107
"3723",410.580000783977
"3724",399.667253396005
"3725",416.56713868993
"3726",436.002773963049
"3727",433.658012212281
"3728",424.744320874255
"3729",399.332980339634
"3730",413.941188429836
"3731",431.380759303376
"3732",445.113256001484
"3733",451.169854645955
"3734",461.236772229497
"3735",469.917024637908
"3736",466.267261436432
"3737",465.11444752674
"3738",469.064832888783
"3739",443.292171416884
"3740",465.280047979174
"3741",445.162585241948
"3742",447.408271898373
"3743",438.354668700679
"3744",435.895332004065
"3745",428.312537866343
"3746",420.053351179015
"3747",429.282783252689
"3748",446.418994186342
"3749",458.106596983317
"3750",462.991315485565
"3751",446.319113609747
"3752",452.985499314271
"3753",449.329227506707
"3754",437.607515245242
"3755",451.835669837972
"3756",450.11434430156
"3757",425.017337635613
"3758",434.092868139244
"3759",442.924395511335
"3760",428.757352864669
"3761",439.796686495963
"3762",432.064200767705
"3763",411.926531805418
"3764",420.048889432978
"3765",417.805801972064
"3766",434.079573627686
"3767",419.881784365501
"3768",434.513508586176
"3769",421.497089555908
"3770",427.813950410227
"3771",401.61455851859
"3772",403.152445679034
"3773",389.013816737516
"3774",382.570311309544
"3775",403.587392445356
"3776",414.370725197002
"3777",448.020308905312
"3778",447.123262866399
"3779",434.117635937177
"3780",447.712650777649
"3781",449.671247264988
"3782",450.201251608732
"3783",460.408196591877
"3784",459.672711533316
"3785",466.479363572497
"3786",445.250733422398
"3787",457.927371378696
"3788",454.364587757258
"3789",434.634509954954
"3790",406.452801618932
"3791",382.209369940514
"3792",404.178483537668
"3793",410.235626896479
"3794",431.421892436462
"3795",439.309634121592
"3796",468.154363845195
"3797",480.1304816127
"3798",480.142140983879
"3799",494.755909584935
"3800",494.342496148256
"3801",520.314652755668
"3802",503.808074365193
"3803",508.044307400684
"3804",524.769658878473
"3805",507.436667866184
"3806",482.336058784202
"3807",479.52400730463
"3808",517.169832346114
"3809",514.171476373086
"3810",509.315643693438
"3811",482.194484239638
"3812",489.070968466471
"3813",496.243408264995
"3814",449.79179519131
"3815",469.236115177574
"3816",500.03812997697
"3817",482.562609471599
"3818",475.640249269656
"3819",469.31585311636
"3820",498.262952420848
"3821",506.920067531864
"3822",538.982413396438
"3823",540.030575958833
"3824",539.435478287622
"3825",534.407924255795
"3826",553.144315630911
"3827",507.691602616105
"3828",500.849537198024
"3829",490.197521783282
"3830",451.773556445598
"3831",466.936312354414
"3832",474.008129597838
"3833",442.347489299767
"3834",456.558548554189
"3835",437.231981364401
"3836",444.563634482571
"3837",419.886055095454
"3838",403.025727549487
"3839",399.398757202992
"3840",422.244874005904
"3841",391.057052679173
"3842",422.71708190057
"3843",430.76235218023
"3844",401.307737245677
"3845",415.636541613489
"3846",427.396518826252
"3847",441.497146358902
"3848",432.072502122548
"3849",439.83880698979
"3850",463.430808265526
"3851",459.189887326731
"3852",486.031233573961
"3853",511.725086829195
"3854",518.372908000356
"3855",521.364752455383
"3856",488.403342248592
"3857",483.898372335823
"3858",496.098121226266
"3859",513.230375273364
"3860",545.145205076012
"3861",562.105924425992
"3862",566.531570724698
"3863",569.024898809657
"3864",556.68374001627
"3865",523.30741403729
"3866",522.042583397402
"3867",537.648442745139
"3868",538.222815232026
"3869",550.165949050741
"3870",512.995464387329
"3871",518.194302289379
"3872",499.352558690591
"3873",444.828087555784
"3874",470.39795280306
"3875",468.223748400431
"3876",440.282794106644
"3877",428.266343910183
"3878",421.271031095396
"3879",420.543497128453
"3880",377.945111160312
"3881",358.53548679787
"3882",408.037610552803
"3883",405.006967290384
"3884",388.178284942994
"3885",413.83491277178
"3886",398.226957704197
"3887",389.120476678443
"3888",404.224218353356
"3889",426.536165028706
"3890",397.801335405136
"3891",412.403668546974
"3892",421.248070931968
"3893",431.272125130067
"3894",426.818711366279
"3895",429.287471202091
"3896",451.796830234349
"3897",423.956715914713
"3898",443.341433102259
"3899",451.158836942755
"3900",480.333991118608
"3901",512.163562758375
"3902",545.652487896709
"3903",520.411054358648
"3904",513.783520951882
"3905",497.299863410161
"3906",497.856885111712
"3907",470.473949277074
"3908",423.136383691671
"3909",442.619831679374
"3910",444.972966445472
"3911",457.662767224106
"3912",429.862019216921
"3913",411.001376934822
"3914",424.990727368429
"3915",415.66461787688
"3916",440.86507302785
"3917",437.087752582661
"3918",475.130756098524
"3919",449.581896536956
"3920",471.122036603568
"3921",486.923151361189
"3922",515.828956259842
"3923",524.777588649008
"3924",522.46674349002
"3925",477.39991554012
"3926",486.678147702064
"3927",499.314472930797
"3928",532.800304569509
"3929",526.130730364141
"3930",525.645777296205
"3931",553.008544855072
"3932",532.07803643104
"3933",519.22378865467
"3934",506.653278845498
"3935",479.552503260497
"3936",472.026824320179
"3937",448.025388049476
"3938",475.474717053498
"3939",477.319582293716
"3940",467.115430650803
"3941",446.030710753192
"3942",429.108634116341
"3943",425.78371468839
"3944",433.286035124031
"3945",435.572084666805
"3946",402.248271830144
"3947",387.887605229655
"3948",373.995988181112
"3949",400.943728613955
"3950",381.090909536063
"3951",354.383523859389
"3952",359.098485215507
"3953",350.383778457119
"3954",319.06188343658
"3955",313.126441946946
"3956",304.598418887331
"3957",302.766169314804
"3958",296.687442665465
"3959",307.330770135165
"3960",315.326767564932
"3961",314.326074002682
"3962",324.737486827536
"3963",312.212402023016
"3964",292.360354958913
"3965",321.257622941139
"3966",354.697141750825
"3967",355.32853497828
"3968",372.907869058829
"3969",378.821994490891
"3970",369.456468984942
"3971",384.317583219267
"3972",382.086769020174
"3973",406.699911003027
"3974",417.440453961821
"3975",419.471128217508
"3976",419.243724332808
"3977",425.77433170624
"3978",435.234721929079
"3979",456.344549496933
"3980",458.173333101642
"3981",425.913133496285
"3982",441.902398979289
"3983",421.45331933257
"3984",422.166149393574
"3985",449.498975703786
"3986",452.535241602026
"3987",456.835493249581
"3988",455.189102183911
"3989",465.764875005407
"3990",469.13973524439
"3991",476.623755587918
"3992",463.808363231557
"3993",481.304864831584
"3994",513.468886990328
"3995",498.562705532816
"3996",480.819130126828
"3997",500.37636173873
"3998",529.404201659962
"3999",521.721171737511
"4000",520.928355953983
"4001",498.220663449288
"4002",475.47055779897
"4003",484.852709981453
"4004",534.595412817753
"4005",517.994635844625
"4006",519.916610365354
"4007",518.867331634634
"4008",502.864927891238
"4009",485.428973387407
"4010",476.127397460271
"4011",439.659025531328
"4012",442.33439926599
"4013",465.542103782582
"4014",447.568722773033
"4015",466.696832927815
"4016",487.5539071906
"4017",482.136265611985
"4018",474.613130814758
"4019",462.605564912299
"4020",417.204421740585
"4021",430.944406789696
"4022",390.581551581691
"4023",399.684512289913
"4024",369.979811207411
"4025",376.244206669611
"4026",384.456425894859
"4027",423.751820491593
"4028",423.387509631175
"4029",421.565512256299
"4030",398.733998586282
"4031",398.350991717718
"4032",398.678289657296
"4033",408.494517667736
"4034",416.00008520528
"4035",424.278012587013
"4036",425.164722954521
"4037",405.944531410032
"4038",420.161256908961
"4039",411.242770188235
"4040",410.721659117252
"4041",384.034070371282
"4042",360.799355012115
"4043",357.065314632633
"4044",427.651636109989
"4045",433.592569561739
"4046",460.932782745778
"4047",452.437444042744
"4048",453.46384820158
"4049",427.858271307891
"4050",446.571846111175
"4051",414.897614985536
"4052",424.634903668521
"4053",428.143451883661
"4054",393.726872414536
"4055",396.481560970257
"4056",389.709244469938
"4057",362.174610117313
"4058",380.496059428325
"4059",391.281390241328
"4060",357.978539612608
"4061",336.043043210672
"4062",375.269908921448
"4063",394.895090133047
"4064",406.748745159355
"4065",411.076328150164
"4066",406.751647038572
"4067",402.002431015743
"4068",395.214349375703
"4069",379.967587173057
"4070",405.866514292562
"4071",414.926094302131
"4072",411.71668205465
"4073",404.933059178386
"4074",398.393650811972
"4075",420.017198044108
"4076",381.725574363103
"4077",426.788304393136
"4078",440.823775961718
"4079",446.116783592459
"4080",426.708297751518
"4081",441.260175434515
"4082",420.881643713229
"4083",467.743564543097
"4084",458.226041258773
"4085",451.363978104354
"4086",440.930651756297
"4087",465.335441918094
"4088",459.504299443387
"4089",475.629276411236
"4090",483.636551088659
"4091",491.776441278222
"4092",500.024923926182
"4093",516.126809452132
"4094",557.328023843491
"4095",569.992651172505
"4096",567.862492383461
"4097",611.49499220235
"4098",620.835109869145
"4099",610.249308836298
"4100",596.198448835932
"4101",595.852820958933
"4102",588.822232353264
"4103",628.56351810716
"4104",627.902107611451
"4105",643.987274281717
"4106",617.138421917751
"4107",638.041069653548
"4108",617.82942030237
"4109",617.265762055676
"4110",654.337267639215
"4111",667.95505562989
"4112",654.005594833664
"4113",630.474076574154
"4114",646.689313580337
"4115",636.459597552333
"4116",615.936093127377
"4117",603.710341332785
"4118",602.072485084308
"4119",609.682511554055
"4120",632.722770111052
"4121",633.120331180674
"4122",601.713375042678
"4123",593.794756585865
"4124",591.622830152593
"4125",587.813213849084
"4126",619.702551229503
"4127",602.183369621109
"4128",625.668304402664
"4129",620.447965002125
"4130",642.502632938736
"4131",664.729601866476
"4132",668.648153608841
"4133",669.276038791608
"4134",623.459198172175
"4135",630.159105210757
"4136",627.835861671429
"4137",638.324487153118
"4138",616.810360903055
"4139",609.831276234235
"4140",603.690059199745
"4141",613.222388183959
"4142",636.15709461603
"4143",611.557771051051
"4144",608.979107145982
"4145",599.636140736339
"4146",586.367054828614
"4147",572.278415507565
"4148",566.269848206133
"4149",559.715944578998
"4150",530.503055941236
"4151",478.115611324697
"4152",474.647606359082
"4153",467.692710342542
"4154",491.319215551037
"4155",458.482113039458
"4156",479.032881375373
"4157",471.168642193528
"4158",453.23202434567
"4159",472.139899916117
"4160",477.055437143477
"4161",449.384612421445
"4162",455.634830291764
"4163",459.628966173486
"4164",459.126608296728
"4165",461.748958386106
"4166",480.581264331038
"4167",507.328923744522
"4168",506.121220453596
"4169",516.344272491415
"4170",542.411601487172
"4171",526.774115694163
"4172",519.320037276726
"4173",536.056094394188
"4174",514.165399876796
"4175",530.967510089757
"4176",530.278497500689
"4177",536.44735260209
"4178",515.948988394264
"4179",460.076663044145
"4180",476.19971887277
"4181",467.721426094543
"4182",450.266530881685
"4183",438.939803057844
"4184",427.825239113465
"4185",434.993290968709
"4186",449.464554761189
"4187",466.07779040649
"4188",407.061243754727
"4189",427.483815264332
"4190",476.810091258782
"4191",481.851724638136
"4192",489.904916787984
"4193",473.758683083568
"4194",472.486547071387
"4195",464.826833745988
"4196",473.215005720949
"4197",439.552616753034
"4198",465.576992620032
"4199",447.813199578173
"4200",429.825134570884
"4201",425.637400966591
"4202",416.257112447207
"4203",432.628728871124
"4204",403.331111395271
"4205",414.903113992267
"4206",410.225366406411
"4207",423.357780568428
"4208",427.082270903529
"4209",386.578275727783
"4210",387.997161292836
"4211",392.739818202099
"4212",398.24116245333
"4213",406.772291382249
"4214",416.524422634051
"4215",371.786427763798
"4216",381.593540365729
"4217",387.927582203446
"4218",440.211919205538
"4219",440.438613312147
"4220",402.807864234042
"4221",388.932515247305
"4222",401.565868603
"4223",402.165228854109
"4224",406.334347257987
"4225",385.804776214277
"4226",381.968446417193
"4227",391.546297186276
"4228",384.678546211171
"4229",387.884101526506
"4230",385.30962397566
"4231",465.023600481841
"4232",484.931918268639
"4233",427.100892840946
"4234",418.36735170035
"4235",414.127068748378
"4236",457.903479341919
"4237",512.382487414076
"4238",508.888211512692
"4239",512.806597085074
"4240",493.588900227109
"4241",509.655757978106
"4242",514.409880271989
"4243",527.160279471045
"4244",522.352830725877
"4245",463.930910274343
"4246",464.033013058229
"4247",432.646724055945
"4248",410.767841475055
"4249",411.37506258759
"4250",439.078300593176
"4251",437.171552589345
"4252",444.040230793445
"4253",436.066293718371
"4254",401.874666699188
"4255",411.031132585421
"4256",417.519077143616
"4257",385.606487794546
"4258",370.043403368638
"4259",363.313008389663
"4260",369.16390364834
"4261",318.713433851723
"4262",337.865232150627
"4263",330.554209827911
"4264",356.471102767646
"4265",360.762778936257
"4266",372.679708723898
"4267",389.425253108039
"4268",411.428435800544
"4269",395.982078194458
"4270",408.622324391556
"4271",396.90594355562
"4272",416.767238031606
"4273",401.197866057673
"4274",414.583242242643
"4275",430.525597216075
"4276",424.368887067279
"4277",441.902721207182
"4278",499.842226675293
"4279",509.989002972491
"4280",567.152926986228
"4281",562.030088655327
"4282",569.755421120359
"4283",582.137967008739
"4284",599.28136926497
"4285",618.826964762559
"4286",638.73178092694
"4287",658.01279119133
"4288",636.027015761671
"4289",631.37970104206
"4290",597.729265765046
"4291",595.546824623932
"4292",589.393389867638
"4293",589.465711687754
"4294",635.770860242921
"4295",634.017476371509
"4296",685.987821266456
"4297",653.03656424502
"4298",673.456666900055
"4299",672.331631663382
"4300",640.752629079981
"4301",666.167461407355
"4302",681.515467531536
"4303",712.499406642788
"4304",706.35150013405
"4305",704.607778852642
"4306",685.993383390904
"4307",708.462613610468
"4308",714.445140021457
"4309",718.667935493284
"4310",744.295930862071
"4311",734.719259831434
"4312",751.346893274585
"4313",783.743439133191
"4314",759.953980289593
"4315",761.651637891366
"4316",751.643158372282
"4317",749.589132647107
"4318",766.549864293049
"4319",784.390325934813
"4320",812.121021756356
"4321",847.238489510342
"4322",815.054673940738
"4323",809.768333993121
"4324",812.461120999097
"4325",816.345280343984
"4326",840.213575073148
"4327",887.060446267709
"4328",912.759448879019
"4329",883.986566716117
"4330",881.714408964293
"4331",814.475452587158
"4332",796.414737827167
"4333",792.055624623563
"4334",776.528777399021
"4335",797.744246997908
"4336",767.084001952019
"4337",738.247944332532
"4338",761.092434220163
"4339",726.918098838178
"4340",679.212310964234
"4341",696.357717459721
"4342",724.884096987062
"4343",716.900893811899
"4344",767.75300545886
"4345",757.890947641676
"4346",757.350021098569
"4347",786.018457488251
"4348",797.888600491545
"4349",817.427011595557
"4350",843.608252884301
"4351",875.75544704585
"4352",878.567240050981
"4353",877.91392970997
"4354",898.002468665086
"4355",911.898655150478
"4356",899.508495503513
"4357",865.401307742189
"4358",878.302486741583
"4359",911.931825670884
"4360",904.832543234402
"4361",929.596835461251
"4362",932.921645826287
"4363",953.105246447614
"4364",931.943305918526
"4365",928.759455259465
"4366",969.376303262822
"4367",982.67033026149
"4368",955.603948236381
"4369",970.096486148538
"4370",976.885020333854
"4371",990.159804932776
"4372",1003.44766558355
"4373",1024.22669934297
"4374",1061.68696663936
"4375",1070.90937702727
"4376",1079.92475700305
"4377",1092.21808518321
"4378",1077.32304144856
"4379",1096.1767733556
"4380",1083.56736716725
"4381",1070.13641353625
"4382",1087.27603111691
"4383",1105.23108924808
"4384",1126.98349657048
"4385",1107.58664710627
"4386",1077.74057198704
"4387",1035.73144779774
"4388",1038.57949524651
"4389",1043.53708290869
"4390",1027.34343320838
"4391",1049.71271171991
"4392",1083.92041364067
"4393",1072.45508489083
"4394",1133.81075970779
"4395",1136.84792992855
"4396",1058.40882605599
"4397",1069.02407495551
"4398",1068.74362482341
"4399",1108.97506615291
"4400",1073.33510887777
"4401",1058.20887458147
"4402",1015.40755203224
"4403",1007.20499340132
"4404",1058.4903500606
"4405",1094.25324814117
"4406",1066.11657671346
"4407",1086.87660797674
"4408",1026.95238720904
"4409",1070.16259721062
"4410",1068.634926477
"4411",1034.19202249269
"4412",1014.41687750595
"4413",972.531946015255
"4414",1009.23896365951
"4415",1028.57289469435
"4416",1012.85624854444
"4417",984.269920826046
"4418",1013.46340421756
"4419",1066.04116895457
"4420",1091.95974081981
"4421",1062.38657143432
"4422",1030.03803152517
"4423",1016.2515234176
"4424",1048.63854985491
"4425",1033.27916786743
"4426",1039.46009876784
"4427",1026.81205369607
"4428",1013.6449051337
"4429",1024.72532802979
"4430",1086.62955466315
"4431",1088.65306878345
"4432",1098.47601244563
"4433",1123.4425589646
"4434",1133.91119792386
"4435",1168.82931165869
"4436",1131.19437661646
"4437",1172.77879571041
"4438",1156.25026769397
"4439",1176.22801646981
"4440",1208.47987239222
"4441",1205.06442295362
"4442",1201.04041742455
"4443",1205.17820657762
"4444",1160.69475053844
"4445",1128.19707991033
"4446",1103.63354151824
"4447",1138.41662027473
"4448",1181.65469506828
"4449",1144.42182867679
"4450",1214.89375867448
"4451",1199.38305278242
"4452",1231.62836442159
"4453",1231.46242984664
"4454",1237.15924501024
"4455",1235.31911509667
"4456",1199.28504556006
"4457",1199.53766002987
"4458",1197.98262984339
"4459",1170.1075925201
"4460",1167.15768239568
"4461",1199.43084749196
"4462",1261.58993644694
"4463",1286.58668111446
"4464",1290.58170127071
"4465",1284.91182768023
"4466",1284.82978651762
"4467",1287.70328727062
"4468",1316.05601916752
"4469",1387.9274361074
"4470",1324.3491644282
"4471",1335.21499090367
"4472",1343.67501413186
"4473",1324.92607731449
"4474",1357.5279145842
"4475",1382.1034807996
"4476",1408.48312187529
"4477",1433.7551972694
"4478",1423.0318354363
"4479",1374.46568466213
"4480",1373.1156354121
"4481",1355.65709401166
"4482",1302.63360718491
"4483",1282.53880199924
"4484",1296.79610584496
"4485",1265.50239308763
"4486",1274.42106574623
"4487",1221.55281223907
"4488",1238.29380269441
"4489",1282.9457844849
"4490",1294.92668926049
"4491",1221.83804125849
"4492",1195.85343436684
"4493",1207.84567372295
"4494",1201.04649519887
"4495",1233.36459190782
"4496",1228.41642254496
"4497",1260.54190105421
"4498",1258.41478716247
"4499",1248.42475368083
"4500",1168.14412868767
"4501",1159.46251972214
"4502",1117.22346061668
"4503",1132.46824325609
"4504",1154.55431033556
"4505",1170.53928645757
"4506",1146.95272161517
"4507",1177.55612111608
"4508",1207.85597126049
"4509",1204.9557570229
"4510",1222.62478671066
"4511",1240.47498039489
"4512",1303.6471896065
"4513",1307.29892876791
"4514",1299.60269958404
"4515",1313.60194424094
"4516",1277.97070035872
"4517",1222.72010745771
"4518",1172.31134745718
"4519",1181.55204867341
"4520",1216.43311930696
"4521",1243.49436486791
"4522",1265.25859906265
"4523",1276.08562179053
"4524",1312.06694148981
"4525",1259.73718657813
"4526",1291.92855745738
"4527",1311.04131070489
"4528",1354.7249387492
"4529",1338.76784387893
"4530",1347.94307235969
"4531",1332.94166750534
"4532",1321.16720685954
"4533",1295.98001927865
"4534",1346.90120090853
"4535",1386.38301551391
"4536",1377.41349108649
"4537",1396.16059645309
"4538",1322.56198943303
"4539",1290.42062740945
"4540",1327.28171827703
"4541",1276.74567133534
"4542",1289.16403936661
"4543",1271.61691677502
"4544",1257.83592669408
"4545",1226.84379575075
"4546",1187.96045105299
"4547",1144.88891657815
"4548",1161.38007056597
"4549",1165.2822327865
"4550",1146.7385661255
"4551",1112.32162368433
"4552",1135.99686886595
"4553",1115.33429867793
"4554",1055.37124194927
"4555",1070.59573942701
"4556",1020.67257962532
"4557",1026.92145707307
"4558",1013.27256980387
"4559",1024.7032734987
"4560",1061.88219678205
"4561",1061.48882273796
"4562",1043.94157072201
"4563",1038.07470415382
"4564",1119.55331617167
"4565",1154.45418434065
"4566",1129.45806012498
"4567",1138.83799781803
"4568",1113.47833205688
"4569",1121.16574875755
"4570",1094.42097573975
"4571",1126.43567192872
"4572",1114.48344189133
"4573",1111.88196228008
"4574",1108.32444366097
"4575",1146.51114122882
"4576",1179.17550534152
"4577",1244.66858351504
"4578",1284.51201438576
"4579",1301.5589142348
"4580",1349.68754301498
"4581",1340.00315120789
"4582",1355.48793963108
"4583",1349.03100927629
"4584",1357.71349168656
"4585",1385.70509163325
"4586",1364.56108880567
"4587",1362.95982372587
"4588",1337.20870655934
"4589",1364.16352416655
"4590",1376.52386258157
"4591",1341.43242531998
"4592",1346.99271441585
"4593",1366.03590888183
"4594",1293.64701451397
"4595",1272.17757292482
"4596",1281.25338139052
"4597",1265.70252995818
"4598",1317.03249351533
"4599",1340.42317101906
"4600",1318.52690824404
"4601",1323.46007799072
"4602",1336.88125298372
"4603",1318.05897650549
"4604",1335.9703737902
"4605",1280.27916344846
"4606",1218.80295800711
"4607",1212.20978962064
"4608",1163.28995139195
"4609",1225.69126417518
"4610",1276.15245741877
"4611",1298.78201255251
"4612",1326.85628961386
"4613",1313.83120863982
"4614",1317.04632025743
"4615",1272.98724679544
"4616",1292.61133846718
"4617",1275.32726640806
"4618",1291.22051248101
"4619",1284.08271608471
"4620",1283.87681341638
"4621",1313.34651920531
"4622",1308.62347692869
"4623",1282.42886091524
"4624",1294.1468388142
"4625",1333.56189152932
"4626",1334.3329363152
"4627",1357.97726098803
"4628",1423.21639002283
"4629",1409.14878566976
"4630",1475.01163401961
"4631",1427.9849681332
"4632",1446.2693250983
"4633",1367.04523630381
"4634",1376.05429629749
"4635",1375.16008734941
"4636",1367.860761029
"4637",1373.77554796038
"4638",1288.4979638867
"4639",1332.8201859089
"4640",1333.30853305999
"4641",1351.24606850032
"4642",1381.71365132986
"4643",1385.16861729984
"4644",1364.32300945121
"4645",1406.49430602745
"4646",1374.32102965794
"4647",1380.87114867253
"4648",1419.84614802791
"4649",1495.70968957549
"4650",1505.52289092689
"4651",1483.37118614727
"4652",1465.6194453924
"4653",1503.02770658595
"4654",1536.76873495678
"4655",1520.3706884613
"4656",1566.14954857269
"4657",1553.7722565964
"4658",1588.69963125209
"4659",1586.1836943502
"4660",1594.94806057889
"4661",1621.03147874677
"4662",1601.89578561465
"4663",1591.82588787869
"4664",1574.67810646868
"4665",1540.28313126058
"4666",1529.27008622725
"4667",1514.48445064981
"4668",1525.70094963626
"4669",1523.04527488188
"4670",1504.36578432098
"4671",1488.83273620563
"4672",1428.52233597044
"4673",1433.09334345798
"4674",1431.1895648879
"4675",1422.48048775271
"4676",1446.91304516897
"4677",1413.60086677705
"4678",1330.01179426064
"4679",1294.01843342732
"4680",1329.64362382314
"4681",1315.56770489189
"4682",1251.24310147216
"4683",1281.16871833951
"4684",1249.51459881975
"4685",1187.60790622261
"4686",1230.95425312264
"4687",1310.6904476094
"4688",1277.23104051057
"4689",1272.84108493698
"4690",1227.91256376808
"4691",1195.87584427968
"4692",1216.86525932143
"4693",1173.81918523483
"4694",1099.36166214003
"4695",1098.78546156384
"4696",1111.62137048373
"4697",1147.73570622017
"4698",1175.61663258034
"4699",1256.51761416816
"4700",1237.80858327703
"4701",1304.39822262755
"4702",1370.45801812166
"4703",1390.63050122084
"4704",1402.27724570878
"4705",1441.66255846852
"4706",1451.24269766466
"4707",1466.5705647717
"4708",1455.42844733531
"4709",1464.16462615335
"4710",1459.81588365438
"4711",1445.86529999412
"4712",1459.64986086471
"4713",1442.69446234835
"4714",1427.18743374639
"4715",1450.6627754484
"4716",1455.65289230072
"4717",1454.88381920171
"4718",1415.18563774384
"4719",1396.65507276288
"4720",1400.92305167871
"4721",1355.83329927113
"4722",1355.90080061157
"4723",1358.4174562732
"4724",1382.6111752596
"4725",1342.28572130901
"4726",1313.68441824878
"4727",1296.22435593141
"4728",1229.98367899247
"4729",1244.10772838811
"4730",1325.56981456997
"4731",1310.78270340745
"4732",1327.21084990677
"4733",1343.47690950497
"4734",1357.07176214792
"4735",1377.44736516936
"4736",1384.08931435944
"4737",1506.62537866326
"4738",1584.16597149829
"4739",1518.59005372028
"4740",1546.51571943626
"4741",1517.82142172978
"4742",1498.58243811556
"4743",1540.3577435768
"4744",1511.88895807341
"4745",1464.02763024074
"4746",1486.6083534443
"4747",1454.48898165099
"4748",1482.39539346636
"4749",1468.19345063873
"4750",1433.36875710236
"4751",1428.34421502477
"4752",1422.21244541616
"4753",1357.07298756958
"4754",1355.80851842013
"4755",1371.91885321456
"4756",1359.73926124484
"4757",1452.02061055036
"4758",1515.12895863667
"4759",1537.1073456686
"4760",1535.94932002053
"4761",1565.15106848426
"4762",1581.52265808473
"4763",1597.58805978643
"4764",1590.33300777786
"4765",1591.22782166971
"4766",1649.93988355074
"4767",1669.23565480351
"4768",1731.22029439308
"4769",1750.26718730298
"4770",1761.18679448532
"4771",1783.38018405025
"4772",1729.3010812005
"4773",1781.95118204032
"4774",1753.71722531555
"4775",1799.33649244351
"4776",1871.14666546364
"4777",1897.55537180257
"4778",1936.2272113379
"4779",1969.36522997571
"4780",1869.82344234943
"4781",1902.68206687453
"4782",1888.46279131115
"4783",1859.92853109183
"4784",1886.82551568612
"4785",1820.72657207783
"4786",1833.79819796925
"4787",1769.99437353383
"4788",1785.62738415728
"4789",1805.08916899169
"4790",1855.08214174408
"4791",1885.05423059276
"4792",1833.25109335204
"4793",1880.96707391592
"4794",1904.52216143677
"4795",1878.34161874305
"4796",1910.07084120432
"4797",1918.15654351035
"4798",1862.41289373502
"4799",1861.107890865
"4800",1835.0385915013
"4801",1794.67257874307
"4802",1785.09503734719
"4803",1774.02614334154
"4804",1750.74293620419
"4805",1749.05241407065
"4806",1742.66105831854
"4807",1747.52841575199
"4808",1786.1037444609
"4809",1835.10405969277
"4810",1832.60701509086
"4811",1867.12607588712
"4812",1870.70052550393
"4813",1918.43145606735
"4814",1943.75315752282
"4815",1956.80368546326
"4816",1957.3796653254
"4817",1976.30561820143
"4818",1991.80718786871
"4819",2014.00394004865
"4820",2064.57801178273
"4821",2088.87953576581
"4822",2105.34712381239
"4823",2073.17229349703
"4824",2167.5205301554
"4825",2143.52585359374
"4826",2071.20899425204
"4827",2078.19195402804
"4828",2141.81064415533
"4829",2089.87447733032
"4830",2097.17211468502
"4831",2076.08683858373
"4832",1965.03871695888
"4833",1917.04716520065
"4834",1854.84276964887
"4835",1868.9679387765
"4836",1828.22062216396
"4837",1809.99277452404
"4838",1832.09763751224
"4839",1841.81277111179
"4840",1848.58886949216
"4841",1824.96459795843
"4842",1819.54447355818
"4843",1829.88069696689
"4844",1877.18977583176
"4845",1890.43809722067
"4846",1918.71948798349
"4847",1916.58682280922
"4848",1896.41235349035
"4849",1982.93675359604
"4850",1937.32619551017
"4851",1962.73504693296
"4852",1980.44873591611
"4853",1997.51827775515
"4854",2016.07363788265
"4855",2012.22706544612
"4856",2045.54538272758
"4857",1988.26366895135
"4858",2044.10984380086
"4859",2085.11867820634
"4860",2139.21549568626
"4861",2147.71101846312
"4862",2147.40774259046
"4863",2093.896427781
"4864",2056.61092166841
"4865",2060.97991524761
"4866",2061.77631329972
"4867",2028.99674476083
"4868",1982.43522632362
"4869",2007.47792676028
"4870",2031.52908978892
"4871",2045.56282784658
"4872",2013.27112480976
"4873",2018.0264487729
"4874",2004.87372668991
"4875",1981.29409793747
"4876",1991.55093954749
"4877",2019.12247656068
"4878",2011.90042799604
"4879",2062.06999485011
"4880",2031.26384445268
"4881",2061.21556045924
"4882",2015.22490466275
"4883",2003.49212344617
"4884",1975.40792825229
"4885",2054.98845765686
"4886",2113.31235867234
"4887",2148.26555914576
"4888",2086.74272304409
"4889",2024.42196310448
"4890",1986.42537207373
"4891",1911.19242257322
"4892",1965.73028661193
"4893",1965.10228277087
"4894",1965.38009511551
"4895",1984.54669174798
"4896",1946.46339760678
"4897",1970.82945324505
"4898",2036.88554339724
"4899",2071.84810395654
"4900",2077.20062111786
"4901",2074.37118154419
"4902",2094.49501939719
"4903",2004.23874533108
"4904",2077.98515138472
"4905",2094.51593644176
"4906",2051.43943046319
"4907",2064.31578522697
"4908",2013.41712999367
"4909",1983.58051290847
"4910",2016.53103898163
"4911",1945.88249820745
"4912",1958.71460342705
"4913",1975.59450455563
"4914",1951.00499165192
"4915",2005.56956137974
"4916",1874.22441399994
"4917",1829.04440002005
"4918",1811.48612824469
"4919",1839.25610156529
"4920",1839.86473245107
"4921",1790.67564892155
"4922",1743.83375012736
"4923",1800.01671326899
"4924",1789.82344851111
"4925",1799.87850156691
"4926",1809.76649956853
"4927",1775.69291406349
"4928",1797.95248427829
"4929",1750.50512016928
"4930",1765.96077637936
"4931",1777.07272821854
"4932",1744.5082863753
"4933",1773.65757225617
"4934",1771.52217216149
"4935",1856.20646822936
"4936",1797.43281828265
"4937",1866.29702889242
"4938",1863.26441815549
"4939",1874.17209903641
"4940",1847.1556583973
"4941",1851.43523682935
"4942",1869.73273788697
"4943",1820.12996193172
"4944",1805.73194791449
"4945",1765.5077970541
"4946",1739.62838750189
"4947",1713.37240439834
"4948",1765.50263003213
"4949",1785.18993754603
"4950",1748.37465452094
"4951",1804.74742609109
"4952",1824.87018691491
"4953",1843.9790844863
"4954",1853.38163660869
"4955",1921.32550040916
"4956",1964.42186910413
"4957",2021.97112010259
"4958",2042.14559131061
"4959",2057.05257886811
"4960",2040.16335742275
"4961",2048.33736613577
"4962",2077.06577840676
"4963",2040.74241801669
"4964",2026.73226269058
"4965",1999.8084853277
"4966",1969.41640989659
"4967",1957.9789571674
"4968",1892.68661276616
"4969",1949.55095329988
"4970",1964.42644228126
"4971",1956.21665389498
"4972",1978.88335286107
"4973",1956.68657933063
"4974",2062.01375418758
"4975",2047.84862182982
"4976",2031.6383030794
"4977",2012.8179670614
"4978",2069.18815344996
"4979",2056.00984176845
"4980",2134.53408821917
"4981",2127.30088720067
"4982",2113.58834260435
"4983",2054.72523278297
"4984",2089.21258418327
"4985",2108.74069167037
"4986",2103.3538423701
"4987",2067.26638624084
"4988",2053.78460189517
"4989",2085.29968613621
"4990",2107.0648724548
"4991",2099.66373422904
"4992",2190.57939249951
"4993",2214.8948677533
"4994",2264.96900191594
"4995",2274.6686480683
"4996",2198.34981159545
"4997",2197.10032528563
"4998",2245.4789175767
"4999",2176.78338864865
"5000",2152.5304859554
"5001",2185.16951346053
"5002",2199.06413730902
"5003",2235.00802672316
"5004",2175.20620699194
"5005",2210.91346222295
"5006",2229.96656035194
"5007",2212.37094847068
"5008",2259.34959613857
"5009",2302.99080553114
"5010",2262.54578602049
"5011",2275.07541777696
"5012",2271.87525996642
"5013",2296.3696792022
"5014",2293.91526305447
"5015",2245.95584743292
"5016",2260.6689091393
"5017",2211.09337560194
"5018",2217.07794881062
"5019",2229.74985277043
"5020",2198.00943137363
"5021",2204.65135159225
"5022",2127.59291413468
"5023",2127.29126105329
"5024",2117.04703874484
"5025",2052.24301666779
"5026",2036.71063714337
"5027",2042.6986914619
"5028",2031.17556752689
"5029",2021.30431042399
"5030",2058.37763132986
"5031",2065.58718565782
"5032",2096.29493155368
"5033",2034.10418251817
"5034",2037.36711496012
"5035",2011.8582573605
"5036",1996.40053013701
"5037",1979.91607254978
"5038",1973.55496146564
"5039",1944.84697641855
"5040",2007.48364753912
"5041",1939.17333716815
"5042",1916.61214866259
"5043",1911.34292950253
"5044",1996.08981272553
"5045",2027.0541806309
"5046",2073.72814734586
"5047",2093.8262154473
"5048",2177.59939703234
"5049",2142.65906122932
"5050",2107.09385626654
"5051",2094.36508493592
"5052",2101.40396421395
"5053",2091.24674773659
"5054",2149.17930174904
"5055",2200.45193472032
"5056",2204.42009922401
"5057",2240.82397848977
"5058",2283.90913190454
"5059",2294.65366461845
"5060",2306.50711256481
"5061",2194.26040839251
"5062",2171.29325138446
"5063",2237.1787618294
"5064",2269.13268613874
"5065",2249.69330363428
"5066",2240.58258235548
"5067",2229.5639146703
"5068",2249.61759288415
"5069",2251.24423346052
"5070",2213.2451125913
"5071",2237.51878660462
"5072",2230.13933904187
"5073",2278.62731375108
"5074",2239.20878882181
"5075",2269.61415467766
"5076",2211.23582374887
"5077",2174.92288216283
"5078",2119.04809136921
"5079",2118.72293784536
"5080",2174.83832361083
"5081",2176.96575574351
"5082",2189.0711666439
"5083",2180.32725147621
"5084",2176.75096481816
"5085",2189.26528371698
"5086",2200.5100870833
"5087",2178.01059108035
"5088",2179.17637945194
"5089",2176.14983752547
"5090",2191.15095927861
"5091",2193.57212970378
"5092",2065.80208220038
"5093",2092.8437124418
"5094",2081.60364916259
"5095",2050.85094385351
"5096",2022.65234180978
"5097",1971.24324177287
"5098",2018.7064173569
"5099",1992.38832094495
"5100",1904.30231496957
"5101",1908.38180037039
"5102",1909.75331831548
"5103",1898.05168486571
"5104",1930.30987479569
"5105",1929.5020190788
"5106",2000.84844690819
"5107",2030.71012427915
"5108",1983.26346663957
"5109",1989.26089183235
"5110",1976.88993976123
"5111",2005.61223009964
"5112",2000.14037493163
"5113",2033.75775035853
"5114",1945.56624093047
"5115",1938.10802118424
"5116",1959.59643953239
"5117",1977.25424622048
"5118",2003.24803125762
"5119",2016.81256048199
"5120",2051.44333346542
"5121",2091.67471274923
"5122",2201.86139759934
"5123",2287.68757777975
"5124",2362.95224080698
"5125",2407.27258012651
"5126",2423.19753536288
"5127",2423.71568108744
"5128",2387.88656128497
"5129",2255.50694840124
"5130",2242.38958477499
"5131",2296.85818282963
"5132",2303.27702484148
"5133",2255.3595598854
"5134",2276.43577323068
"5135",2271.50196241822
"5136",2293.25251735631
"5137",2324.63826656494
"5138",2298.4532040409
"5139",2309.83880611225
"5140",2280.78575730136
"5141",2333.29084661174
"5142",2361.28545917927
"5143",2454.54461182726
"5144",2491.79995378074
"5145",2562.97523658629
"5146",2476.20562962313
"5147",2415.06478424806
"5148",2382.64269182599
"5149",2371.62153440075
"5150",2304.7847798741
"5151",2338.50462910326
"5152",2284.98841745757
"5153",2323.27107380777
"5154",2261.62815630036
"5155",2233.82067142117
"5156",2264.12160101326
"5157",2296.71208153629
"5158",2312.55399349287
"5159",2335.42348784177
"5160",2284.44710313984
"5161",2324.94473803727
"5162",2400.32153354841
"5163",2439.00899727226
"5164",2432.04619633183
"5165",2338.39789526491
"5166",2459.10049765779
"5167",2532.10322834354
"5168",2536.15497569271
"5169",2536.18945604289
"5170",2512.50379177346
"5171",2511.65041542037
"5172",2546.1391895506
"5173",2594.25104734323
"5174",2550.37924598059
"5175",2548.78451048188
"5176",2596.31038387699
"5177",2578.01595736403
"5178",2599.23452174255
"5179",2623.89891011326
"5180",2578.67351570174
"5181",2599.98294517805
"5182",2577.52321585642
"5183",2619.79028384109
"5184",2564.88933058423
"5185",2500.13259541612
"5186",2529.81964612806
"5187",2577.15666595775
"5188",2524.68063025742
"5189",2493.64801403291
"5190",2587.94754379537
"5191",2516.06987648918
"5192",2599.08668408839
"5193",2567.55687107614
"5194",2538.31887630401
"5195",2479.84010391959
"5196",2471.08772107941
"5197",2416.00045873408
"5198",2478.9893919714
"5199",2429.31074426304
"5200",2360.34012121314
"5201",2407.89684550802
"5202",2394.88621405245
"5203",2404.03378927784
"5204",2435.31281938279
"5205",2469.10082134461
"5206",2445.87571093101
"5207",2460.25262247091
"5208",2470.69405081128
"5209",2511.72995662597
"5210",2495.15519087622
"5211",2479.82396051681
"5212",2582.9348751964
"5213",2669.16161757225
"5214",2612.4516338543
"5215",2561.96368897736
"5216",2534.0751853478
"5217",2562.51938025906
"5218",2574.74201436408
"5219",2655.85540590965
"5220",2642.2998006779
"5221",2585.51278938494
"5222",2546.26548642538
"5223",2528.99011582784
"5224",2566.63625041728
"5225",2492.12862140256
"5226",2425.52060386558
"5227",2438.78605624633
"5228",2467.46489122636
"5229",2570.4831867489
"5230",2542.41941613928
"5231",2569.67451626428
"5232",2519.80743199798
"5233",2494.19900095192
"5234",2452.72911623863
"5235",2481.2369086635
"5236",2558.54075784766
"5237",2473.05308718086
"5238",2492.11207672002
"5239",2436.19323504972
"5240",2483.19938045933
"5241",2418.8018644709
"5242",2469.54066435386
"5243",2490.00333460229
"5244",2557.99622549864
"5245",2646.34283944473
"5246",2612.68447465608
"5247",2626.77892701053
"5248",2552.89905169786
"5249",2599.76959294908
"5250",2533.09857728573
"5251",2590.56255581436
"5252",2560.45886056051
"5253",2591.01047709595
"5254",2611.71455525186
"5255",2677.23398754281
"5256",2695.06599726397
"5257",2658.17484752054
"5258",2710.20704152803
"5259",2836.48709789054
"5260",2898.56179683922
"5261",2853.70355931797
"5262",2906.91684294955
"5263",2917.43029965259
"5264",2995.00886790162
"5265",2991.3342614491
"5266",3005.98750161413
"5267",3031.93858876592
"5268",3001.54088147198
"5269",3076.43498214239
"5270",3088.78127653341
"5271",3105.93807437979
"5272",3055.14450008384
"5273",3110.06349484356
"5274",3135.59116752693
"5275",3170.62855244638
"5276",3212.49467533918
"5277",3194.89108394704
"5278",3095.73419634747
"5279",3078.5527507877
"5280",3079.81028719772
"5281",3019.46715415626
"5282",3013.97016196374
"5283",3101.74143553652
"5284",3036.57296664111
"5285",3111.69321423778
"5286",3090.85696151753
"5287",3081.83544706588
"5288",3055.76983790692
"5289",3087.76158923936
"5290",3072.01489626141
"5291",3024.17091777944
"5292",2918.85046972824
"5293",2825.91861263225
"5294",2866.65749708876
"5295",2829.54654478613
"5296",2784.57864943245
"5297",2759.33571787312
"5298",2804.55153937131
"5299",2949.56972081584
"5300",2880.38381257666
"5301",2877.63094013017
"5302",2921.68914921112
"5303",2831.757059943
"5304",2761.44907623456
"5305",2746.07520398769
"5306",2699.74678832098
"5307",2627.62235328669
"5308",2701.27356240998
"5309",2748.9533603843
"5310",2847.39429381945
"5311",2846.82773631891
"5312",2907.64081047593
"5313",2950.8132872424
"5314",3009.79475327725
"5315",3086.10595600651
"5316",3117.21289962454
"5317",3119.85622152991
"5318",3096.86371373146
"5319",3143.943951208
"5320",3063.5365889501
"5321",3098.65521530009
"5322",3036.92185302703
"5323",3001.45833230402
"5324",2913.79330207819
"5325",2977.17638652842
"5326",2999.76000670829
"5327",3085.60915959878
"5328",3053.98013395637
"5329",3026.92721023014
"5330",3104.8556005819
"5331",3120.59203536227
"5332",3156.28360415841
"5333",3167.58713546324
"5334",3137.75054493109
"5335",3130.08674466722
"5336",3116.06359969931
"5337",3214.28988589034
"5338",3232.85375610444
"5339",3273.08418811497
"5340",3368.36190380348
"5341",3374.37200099319
"5342",3279.44637633541
"5343",3395.51391943612
"5344",3374.29071000259
"5345",3294.34105040278
"5346",3272.38542617801
"5347",3246.10710830331
"5348",3259.29499601589
"5349",3299.16071884918
"5350",3267.60452035342
"5351",3295.53867237104
"5352",3347.5825869859
"5353",3373.5039873395
"5354",3409.61371206433
"5355",3382.93421290318
"5356",3355.64157234989
"5357",3319.01433152504
"5358",3377.21145563975
"5359",3292.53657459406
"5360",3243.14556083352
"5361",3228.86763667339
"5362",3199.90394678994
"5363",3232.48245364846
"5364",3243.01812371628
"5365",3226.26290517861
"5366",3267.62552887988
"5367",3245.37007289184
"5368",3299.1152906326
"5369",3268.20005866817
"5370",3237.0631104097
"5371",3188.48138412252
"5372",3149.48936126409
"5373",3209.36867920244
"5374",3205.83479574401
"5375",3169.32183077293
"5376",3170.27189697682
"5377",3217.35086340493
"5378",3250.54135477284
"5379",3343.55051355629
"5380",3374.52143957046
"5381",3362.60447201737
"5382",3460.00673374829
"5383",3517.56691008231
"5384",3570.11229808305
"5385",3504.68556028876
"5386",3577.44089350475
"5387",3653.89948123248
"5388",3673.88350567252
"5389",3681.46222328198
"5390",3676.50573355758
"5391",3724.40238560877
"5392",3823.50026981028
"5393",3950.36861435882
"5394",3964.69072252431
"5395",3925.87586827343
"5396",4023.98726052678
"5397",4015.24056378035
"5398",3971.1430657891
"5399",4013.58512265065
"5400",3994.01267751127
"5401",4019.82779782372
"5402",3870.91146638827
"5403",3912.69137399774
"5404",3901.51733038659
"5405",3894.44820634686
"5406",3861.76444196006
"5407",3863.93867560177
"5408",3869.13957282682
"5409",3899.33664631395
"5410",3908.98547946244
"5411",3895.57448533133
"5412",3839.87363156204
"5413",3831.18469468026
"5414",3845.68144809778
"5415",3811.9535250242
"5416",3771.56605281264
"5417",3874.16264966446
"5418",3804.93526951236
"5419",3899.52774640408
"5420",3825.3427988185
"5421",3896.3786387024
"5422",3832.90941593652
"5423",3843.68170666963
"5424",3900.63596455585
"5425",3765.19509294307
"5426",3794.10504664004
"5427",3779.99269533763
"5428",3767.4325724825
"5429",3761.51993757105
"5430",3842.95239627931
"5431",3848.37283939169
"5432",3838.72266641507
"5433",3861.8881207362
"5434",3894.22355293961
"5435",3962.24097373332
"5436",3983.29938234417
"5437",3949.34960705821
"5438",3914.44522446172
"5439",4014.80074910295
"5440",3980.84725845975
"5441",3965.95881470242
"5442",3952.74626434024
"5443",3954.5959157204
"5444",3960.46624062855
"5445",4008.19160446673
"5446",3894.91757834121
"5447",3873.10779509042
"5448",3872.09121663268
"5449",3871.77044512612
"5450",3832.13158841598
"5451",3831.20415370136
"5452",3920.18317489059
"5453",3932.05531278827
"5454",3960.58611086885
"5455",3985.19878793092
"5456",4011.50695491478
"5457",4015.14050701617
"5458",4052.118492091
"5459",4042.9848673148
"5460",4051.95492850846
"5461",4051.06637919305
"5462",3966.957518486
"5463",4019.16969962658
"5464",4034.65292411591
"5465",4131.76836478063
"5466",4075.7478415687
"5467",4081.62526697177
"5468",4219.85055142912
"5469",4288.28519993768
"5470",4299.89279236328
"5471",4307.42340780714
"5472",4389.79663384632
"5473",4404.30117748963
"5474",4423.30507446124
"5475",4521.01056512785
"5476",4471.16465319569
"5477",4423.70475317995
"5478",4512.29597605661
"5479",4454.67401501434
"5480",4474.34040787155
"5481",4460.5543348017
"5482",4509.69226070265
"5483",4431.54087495214
"5484",4419.2272275051
"5485",4400.52457359409
"5486",4372.74725406614
"5487",4431.18503180144
"5488",4439.44319221722
"5489",4382.844110475
"5490",4448.13668194202
"5491",4419.63198749865
"5492",4299.03611518014
"5493",4267.80963626358
"5494",4272.33950074144
"5495",4309.50122110692
"5496",4311.24069232948
"5497",4350.59253581681
"5498",4413.32281587645
"5499",4346.0661078624
"5500",4350.77596098169
"5501",4301.19787143123
"5502",4212.24975782512
"5503",4331.09679051809
"5504",4359.68712101762
"5505",4476.32124708594
"5506",4496.06094526765
"5507",4581.52964341021
"5508",4459.47752409134
"5509",4400.70956675541
"5510",4407.09045240397
"5511",4437.68620410598
"5512",4510.45029871737
"5513",4509.59493408209
"5514",4558.431994733
"5515",4592.81494467693
"5516",4468.85926058129
"5517",4489.27458813237
"5518",4419.97177813506
"5519",4365.98830185066
"5520",4429.49118581035
"5521",4497.8046194075
"5522",4541.77604891622
"5523",4554.35478679127
"5524",4546.65514083375
"5525",4553.1483213131
"5526",4600.2603926277
"5527",4614.31568676388
"5528",4542.74023512785
"5529",4468.64183638093
"5530",4582.57127201877
"5531",4657.07271425407
"5532",4659.91382899607
"5533",4757.13599454349
"5534",4677.13425237876
"5535",4686.50608512179
"5536",4693.41256351617
"5537",4801.62467867892
"5538",4732.61102163778
"5539",4807.62212852967
"5540",4890.0094673067
"5541",4966.6213024644
"5542",4960.15113212292
"5543",5059.17384691398
"5544",5085.81955875498
"5545",5200.87954850854
"5546",5128.96675155853
"5547",5151.63309219467
"5548",5160.97776819179
"5549",5077.20421365336
"5550",5193.85264725338
"5551",5165.35819497574
"5552",5231.27379609109
"5553",5155.88824937044
"5554",5108.16329199962
"5555",5102.81149934249
"5556",5048.47985093404
"5557",5030.75023326035
"5558",5071.17992696492
"5559",5084.95725064438
"5560",5125.98541638833
"5561",5114.11725674408
"5562",5181.08602656235
"5563",5212.39677263642
"5564",5218.59905400378
"5565",5263.86653660983
"5566",5266.23652803329
"5567",5215.15536887348
"5568",5230.0957980878
"5569",5066.748923461
"5570",5109.73463344664
"5571",5059.47607795867
"5572",5083.12996752111
"5573",5163.10396598139
"5574",5187.54409868156
"5575",5058.95414688774
"5576",5080.6085456413
"5577",5143.80787096753
"5578",5135.30551000499
"5579",5175.62301330623
"5580",5083.80640126805
"5581",5154.17340162536
"5582",5076.47115346743
"5583",4992.79785626853
"5584",5075.67276210007
"5585",5135.20004900624
"5586",5150.04217524732
"5587",5060.04577060255
"5588",5054.61983940935
"5589",5081.46835575044
"5590",5163.14472821302
"5591",5185.87198651526
"5592",5204.14568227035
"5593",5355.13260758441
"5594",5311.73457316518
"5595",5383.17537208359
"5596",5346.312407952
"5597",5269.58370507928
"5598",5306.90655535739
"5599",5451.84890505516
"5600",5485.84681890313
"5601",5503.27035196805
"5602",5458.3981103696
"5603",5552.59460311482
"5604",5550.09514127799
"5605",5609.6697418214
"5606",5627.74613868269
"5607",5660.78405603135
"5608",5643.78494519887
"5609",5586.2139560798
"5610",5641.16863461651
"5611",5633.00073571017
"5612",5464.50477723092
"5613",5444.83735025949
"5614",5428.32006876288
"5615",5424.98197937737
"5616",5343.78903529739
"5617",5434.78129838046
"5618",5393.68225758198
"5619",5285.49833167315
"5620",5352.88500274157
"5621",5364.32851629405
"5622",5361.5799364086
"5623",5426.38170791566
"5624",5396.17688841968
"5625",5435.9655000149
"5626",5354.85111281147
"5627",5422.22456643893
"5628",5496.07221122416
"5629",5498.11894273576
"5630",5560.97464718177
"5631",5440.48585196317
"5632",5349.0130674875
"5633",5343.05362742714
"5634",5530.70702982535
"5635",5578.65989612508
"5636",5496.79407908032
"5637",5422.38259923753
"5638",5413.4813784548
"5639",5443.39854903164
"5640",5474.50312045405
"5641",5453.52204739232
"5642",5508.34187740001
"5643",5437.9257080071
"5644",5356.56467230124
"5645",5432.05584353156
"5646",5410.38195923494
"5647",5395.55376223751
"5648",5350.16435899909
"5649",5347.91158850382
"5650",5354.23646293827
"5651",5306.86736685979
"5652",5380.65959171903
"5653",5370.25689617809
"5654",5371.51386175511
"5655",5233.06366638078
"5656",5228.72989197128
"5657",5255.60230358003
"5658",5266.37990571814
"5659",5234.56888525844
"5660",5227.64865417311
"5661",5246.12775659744
"5662",5152.79833461855
"5663",5120.86054134975
"5664",5142.17510499555
"5665",5019.21882614068
"5666",4964.52883696024
"5667",4917.99746231165
"5668",4852.42858349728
"5669",4906.87484740879
"5670",4824.81754631063
"5671",4751.98363978585
"5672",4784.79819087866
"5673",4878.40072891969
"5674",4988.63429257456
"5675",5061.9372289622
"5676",4868.26037268622
"5677",4965.29594349212
"5678",4883.36745493593
"5679",4845.38494924453
"5680",4714.38119738015
"5681",4818.36579514578
"5682",4850.18885147512
"5683",4896.51972424131
"5684",5000.4893111597
"5685",4965.13882784481
"5686",4994.76401915042
"5687",4931.84011149641
"5688",5040.66821150071
"5689",5004.31620510818
"5690",4839.8316775261
"5691",4709.69315494711
"5692",4744.86431719598
"5693",4683.77680870399
"5694",4825.30619087387
"5695",4881.20945965627
"5696",4746.00087797493
"5697",4692.1552919043
"5698",4710.47560442003
"5699",4736.95330325851
"5700",4764.65092811267
"5701",4824.87224566117
"5702",4897.7823118621
"5703",4924.954025398
"5704",4962.92988592291
"5705",5038.94706219128
"5706",5078.01683696787
"5707",5180.61988600746
"5708",5151.86047855651
"5709",5141.68575985272
"5710",5205.00381744674
"5711",5248.53246077888
"5712",5151.37000458837
"5713",5259.62639325551
"5714",5190.78319617978
"5715",5188.93401247405
"5716",5237.0111618614
"5717",5298.44440382445
"5718",5328.01575604225
"5719",5177.43561663205
"5720",5163.46183624041
"5721",5204.35200461378
"5722",5211.02816550477
"5723",5275.16699504852
"5724",5336.78468980967
"5725",5384.50451618871
"5726",5417.36324140202
"5727",5340.89610521979
"5728",5256.56427871695
"5729",5166.40234114771
"5730",5130.1634136981
"5731",5059.22909892928
"5732",5103.48433826112
"5733",5085.32294247753
"5734",5038.34885006092
"5735",5055.02411735867
"5736",5167.72354120017
"5737",5079.50264168542
"5738",5108.96070480579
"5739",5110.4377113305
"5740",5155.7504885628
"5741",5199.42622225083
"5742",5291.07946730773
"5743",5174.79123072833
"5744",5141.09209231649
"5745",5291.99515533651
"5746",5220.66452882756
"5747",5268.99046117462
"5748",5264.08747473772
"5749",5226.59472885936
"5750",5095.30992259536
"5751",5121.6827582332
"5752",5043.51539896314
"5753",4874.52145018937
"5754",4890.35478386068
"5755",4859.57286757274
"5756",4895.6261096467
"5757",4922.70808928404
"5758",5072.67873633486
"5759",5085.15547191771
"5760",5090.1870020479
"5761",5055.52956620136
"5762",5174.20429531528
"5763",5172.88757095772
"5764",5244.03367738767
"5765",5220.85070829333
"5766",5330.03796864383
"5767",5241.4407708723
"5768",5291.65130398309
"5769",5294.97411575798
"5770",5371.47133483714
"5771",5387.90142006767
"5772",5485.68577143882
"5773",5405.90161461271
"5774",5383.2665899893
"5775",5364.37147564663
"5776",5371.17888866331
"5777",5357.43733323335
"5778",5397.02857570437
"5779",5289.38157963967
"5780",5172.18030216728
"5781",5237.21940419014
"5782",5247.12232239879
"5783",5250.7918094917
"5784",5274.87410312542
"5785",5394.21539806965
"5786",5360.81144953577
"5787",5333.17500281497
"5788",5336.83833240457
"5789",5271.45084676005
"5790",5296.15435180745
"5791",5287.457305121
"5792",5320.14261233628
"5793",5453.11886407626
"5794",5589.75971840283
"5795",5621.42821126334
"5796",5647.95070635849
"5797",5724.42993301718
"5798",5773.35903623626
"5799",5825.75070234293
"5800",5829.98654847555
"5801",5893.04513331171
"5802",5931.09830109365
"5803",5941.58445098816
"5804",5978.46319784663
"5805",5997.00804585219
"5806",6083.46744058905
"5807",6065.86434663494
"5808",6200.9943782412
"5809",6231.18510959883
"5810",6404.28963992198
"5811",6442.82467228021
"5812",6573.3215005683
"5813",6649.08287079995
"5814",6670.51563795839
"5815",6750.27522867878
"5816",6774.92992705384
"5817",6853.68740590244
"5818",6799.91132054835
"5819",6825.50878799328
"5820",6864.8232396894
"5821",6771.46487514269
"5822",6902.76345204233
"5823",6817.28500369483
"5824",6745.64003659403
"5825",6671.7178712755
"5826",6661.61402256675
"5827",6592.64926522572
"5828",6693.72500645101
"5829",6850.8202382589
"5830",6836.39206405465
"5831",6927.03557883649
"5832",7012.08286431847
"5833",6989.54301300053
"5834",7022.83318324056
"5835",7062.79564838677
"5836",7070.27890671721
"5837",7196.09033664978
"5838",7187.28294154965
"5839",7299.88826426289
"5840",7255.31213770096
"5841",7290.13167556588
"5842",7263.16684013885
"5843",7259.95629908957
"5844",7162.13096342497
"5845",7224.18555799189
"5846",7229.66885776251
"5847",7111.25135503978
"5848",7154.22165632776
"5849",7191.58190423001
"5850",7200.60544086017
"5851",7226.30883188442
"5852",7346.67052464565
"5853",7222.45414757549
"5854",7375.52339899118
"5855",7350.25916168007
"5856",7350.7336689432
"5857",7437.62250044025
"5858",7398.53834048853
"5859",7392.32202600313
"5860",7388.61950315222
"5861",7409.53926576661
"5862",7352.61192177585
"5863",7296.97782443122
"5864",7272.19056395094
"5865",7364.29485366103
"5866",7340.29992037026
"5867",7404.5357964659
"5868",7329.29091839997
"5869",7250.5158960485
"5870",7309.39167230715
"5871",7375.75753006038
"5872",7455.85382197498
"5873",7455.36975364019
"5874",7353.74447769869
"5875",7563.26766872276
"5876",7505.21904752059
"5877",7483.71789791539
"5878",7580.23567238983
"5879",7509.06504996849
"5880",7484.27009152599
"5881",7557.81515854628
"5882",7534.98431541932
"5883",7556.47213138513
"5884",7735.36779940926
"5885",7690.40028911446
"5886",7720.51182194688
"5887",7708.7148754352
"5888",7712.71770282845
"5889",7744.47965542983
"5890",7712.40668490209
"5891",7571.26112309926
"5892",7524.9047796882
"5893",7632.07388951326
"5894",7649.3581050003
"5895",7877.14108586143
"5896",7828.64393202393
"5897",7913.13964466277
"5898",7931.90639887128
"5899",7969.71640513504
"5900",8122.68867428622
"5901",8062.84738598863
"5902",7982.86448280678
"5903",7981.56322444422
"5904",7956.38623407991
"5905",7973.12115121604
"5906",7907.87381924626
"5907",7957.34937062759
"5908",7961.68004310993
"5909",7857.01016278731
"5910",7725.47364329677
"5911",7752.80522245732
"5912",7689.64334689379
"5913",7875.6316440991
"5914",7784.11713461976
"5915",7580.89831845763
"5916",7567.347025795
"5917",7421.17532054705
"5918",7374.66979910673
"5919",7391.99725839972
"5920",7530.80653435703
"5921",7453.08795814048
"5922",7606.10994628878
"5923",7665.66849453718
"5924",7715.71644083001
"5925",7736.06084463223
"5926",7683.18561290617
"5927",7866.01887371458
"5928",7882.76400834761
"5929",7785.28525979384
"5930",7795.47815185232
"5931",7526.84546497416
"5932",7740.63815829479
"5933",7726.85841618943
"5934",7701.93075133334
"5935",7795.82824227464
"5936",7832.54573924136
"5937",7817.46378955579
"5938",7860.89899712223
"5939",7752.98486114959
"5940",7772.29274846278
"5941",7756.43463273873
"5942",7704.00577882903
"5943",7714.26876635691
"5944",7701.6888048799
"5945",7630.44452475047
"5946",7446.80690548869
"5947",7482.97278455298
"5948",7464.94476675813
"5949",7426.71175733524
"5950",7397.96065065267
"5951",7347.54656034472
"5952",7551.63604533161
"5953",7693.98612847751
"5954",7643.6116219895
"5955",7681.23378850784
"5956",7682.50103028433
"5957",7678.46781810013
"5958",7565.85682594851
"5959",7520.61072612706
"5960",7573.04311350388
"5961",7499.09428895434
"5962",7419.13374138891
"5963",7456.01719852787
"5964",7365.64889593914
"5965",7350.68375351451
"5966",7364.72977097866
"5967",7471.85282232074
"5968",7645.27207504358
"5969",7744.51726150455
"5970",7712.34915515455
"5971",7679.83066518688
"5972",7585.69428406014
"5973",7649.44545766721
"5974",7523.25905035776
"5975",7467.39248544734
"5976",7547.35024566916
"5977",7536.67265254173
"5978",7593.855273405
"5979",7518.9133881601
"5980",7652.75204064981
"5981",7577.57249468543
"5982",7501.3349827101
"5983",7416.09139874606
"5984",7464.36742323823
"5985",7429.93173442863
"5986",7403.10583184398
"5987",7498.12413055336
"5988",7517.6042772167
"5989",7539.44842430615
"5990",7459.90236121425
"5991",7465.59877013061
"5992",7455.47496456767
"5993",7431.12062388318
"5994",7466.47600515731
"5995",7457.7275209293
"5996",7543.7560441169
"5997",7475.0066305121
"5998",7501.89560663366
"5999",7494.47241099906
"6000",7529.33522357127
"6001",7579.35129900374
"6002",7488.64758128097
"6003",7460.37752702636
"6004",7617.76288936076
"6005",7634.73353580414
"6006",7619.84001263094
"6007",7639.23240323123
"6008",7747.57987489607
"6009",7789.21786737656
"6010",7778.79326327754
"6011",7897.07636650352
"6012",7867.91484870547
"6013",7795.14421204029
"6014",7835.16280295931
"6015",7787.02598426908
"6016",7745.98009361882
"6017",7833.53096240507
"6018",7740.16911561313
"6019",7769.41687939896
"6020",7869.32747020753
"6021",7719.25215525542
"6022",7784.77020320204
"6023",7791.68177751977
"6024",7790.00620785995
"6025",7810.72174430501
"6026",7696.07675151545
"6027",7707.92895818473
"6028",7667.41168547025
"6029",7616.2164453294
"6030",7652.19156868224
"6031",7667.84706327609
"6032",7856.61134389991
"6033",7963.01280562207
"6034",7745.45959680353
"6035",7675.25576761083
"6036",7618.5990944465
"6037",7735.02476788032
"6038",7757.0763181507
"6039",7831.14370890411
"6040",7913.8333631832
"6041",8011.81816277947
"6042",7965.37581834877
"6043",8040.45592232585
"6044",7956.77983004363
"6045",8143.09796558784
"6046",8109.75192843195
"6047",8026.6938350268
"6048",8109.82146895357
"6049",8159.81023280795
"6050",8001.43111264993
"6051",8039.5991180015
"6052",8084.2536820578
"6053",8090.35673315677
"6054",8155.98818333183
"6055",8042.65169928838
"6056",8114.7361597459
"6057",8039.6207289644
"6058",8065.05324553108
"6059",8102.1198947975
"6060",8180.96762655641
"6061",8263.52147404085
"6062",8230.6935269958
"6063",8204.74631978275
"6064",8275.75976886057
"6065",8335.50435456678
"6066",8236.98251454037
"6067",8169.61714712069
"6068",8345.90656693524
"6069",8323.69383761048
"6070",8317.81844802442
"6071",8168.30875546683
"6072",8309.09864566613
"6073",8276.53343629188
"6074",8363.95665834145
"6075",8487.04353837245
"6076",8579.83815492487
"6077",8457.04020329995
"6078",8478.98083495176
"6079",8450.96129097029
"6080",8489.62923031184
"6081",8607.66623760677
"6082",8689.5892408753
"6083",8691.55310078956
"6084",8702.96592618475
"6085",8564.99084461492
"6086",8411.98006846527
"6087",8423.45061313168
"6088",8417.68374751788
"6089",8398.22860083667
"6090",8500.23013002302
"6091",8533.97632388023
"6092",8644.13020571126
"6093",8839.40847013112
"6094",8853.34353829434
"6095",8856.73749024433
"6096",8873.82542348838
"6097",9068.17297747949
"6098",9064.60528946406
"6099",9003.14662252711
"6100",9108.27438856856
"6101",9170.45096640253
"6102",9210.76589243309
"6103",9170.00375644877
"6104",9090.57291787922
"6105",9245.4410670151
"6106",9320.59835594721
"6107",9237.68707628036
"6108",9196.14211013386
"6109",9364.76930614338
"6110",9434.22663741403
"6111",9429.67756758398
"6112",9289.40891471881
"6113",9338.3651645805
"6114",9264.79582900681
"6115",9396.10592654118
"6116",9279.47666907595
"6117",9446.50038188608
"6118",9349.54079587655
"6119",9406.20708634859
"6120",9515.61751740799
"6121",9452.09882834156
"6122",9438.8632528757
"6123",9383.85308546064
"6124",9454.05605520322
"6125",9369.75007683768
"6126",9481.41544886211
"6127",9438.97909329411
"6128",9344.50398838493
"6129",9391.17745995668
"6130",9319.1831539271
"6131",9310.06384142547
"6132",9399.36719491717
"6133",9522.29362653285
"6134",9580.91026105078
"6135",9520.7236544755
"6136",9413.32638475143
"6137",9571.46680234707
"6138",9694.27329319569
"6139",9655.59075451188
"6140",9379.94610637972
"6141",9403.9838605255
"6142",9387.92487505391
"6143",9440.03358492718
"6144",9676.10420677285
"6145",9675.61285018061
"6146",9742.06338764882
"6147",9793.52026027461
"6148",9878.75053216761
"6149",9776.98916404718
"6150",9692.00840334707
"6151",9670.58359624479
"6152",9622.50636218047
"6153",9534.00502925127
"6154",9524.41382730736
"6155",9556.73174369884
"6156",9563.44786622954
"6157",9787.16212003757
"6158",9836.15775129289
"6159",9846.33206650807
"6160",9714.4176651176
"6161",9742.14070191895
"6162",9759.43000670197
"6163",9792.44703595472
"6164",9829.94686895228
"6165",9770.81553329103
"6166",9737.2389048764
"6167",9748.70192005164
"6168",9828.48479652088
"6169",9924.77459780552
"6170",9992.16013013851
"6171",9996.14839663987
"6172",9791.37016678083
"6173",9828.45324940531
"6174",9848.14082521447
"6175",9825.15830007121
"6176",9995.58444641142
"6177",9943.61698031071
"6178",9917.02203125126
"6179",9814.30203149434
"6180",9932.00662943788
"6181",9835.99919638492
"6182",9831.86178499148
"6183",9805.7714425698
"6184",9834.86756532135
"6185",9932.72744680278
"6186",9883.49679523141
"6187",9939.70335607154
"6188",9989.93078970669
"6189",9981.74583099297
"6190",9869.74082161219
"6191",9988.70188883074
"6192",10059.2741928816
"6193",10053.0232200389
"6194",10237.7005820556
"6195",10273.6622629052
"6196",10195.0973086629
"6197",10203.998468917
"6198",10081.568242788
"6199",10168.2754779339
"6200",10197.5893294947
"6201",10103.8984573694
"6202",10066.2321949387
"6203",10030.7721335208
"6204",10035.682427424
"6205",10110.2880263372
"6206",10232.581543288
"6207",10281.0788985797
"6208",10251.3713104573
"6209",10226.43706681
"6210",10353.2328015557
"6211",10217.7990220869
"6212",10299.6419673678
"6213",10438.7325238372
"6214",10573.0590163573
"6215",10556.5885925793
"6216",10657.4902455312
"6217",10692.1746996063
"6218",10749.2075133163
"6219",10692.1298450652
"6220",10687.4307546981
"6221",10765.8626691179
"6222",11057.7284558679
"6223",11100.8091981202
"6224",11253.9364979258
"6225",11235.5447265259
"6226",11249.0881843209
"6227",11181.573574008
"6228",11108.4348255684
"6229",11181.0804353248
"6230",11257.9033564861
"6231",11227.5141186975
"6232",11098.3086968116
"6233",11123.6049182914
"6234",11181.249804252
"6235",11052.9496670424
"6236",11025.4284062601
"6237",11027.6750635272
"6238",11190.3763526196
"6239",11101.0313126239
"6240",11063.3413566464
"6241",10917.1087080626
"6242",10887.5811561714
"6243",10861.4882900716
"6244",10875.41106309
"6245",10846.5236660324
"6246",10899.6503025276
"6247",10833.2439029128
"6248",10859.0141398912
"6249",11016.2824608665
"6250",10957.8519935119
"6251",11059.2613861749
"6252",10890.0526746284
"6253",10955.598296085
"6254",10957.4865275627
"6255",10883.7093094235
"6256",10819.2843753493
"6257",10942.3302027544
"6258",11028.572505077
"6259",10961.6828272394
"6260",11074.6662163639
"6261",11188.3505725518
"6262",11067.8513675236
"6263",11121.8380250584
"6264",11191.380067949
"6265",11069.5832975887
"6266",11126.6916729597
"6267",10899.785318743
"6268",10947.2977784637
"6269",10978.2975976286
"6270",10993.8711703285
"6271",11105.9818814005
"6272",11084.4002831515
"6273",11133.7042055949
"6274",11166.7550176509
"6275",11279.0637625225
"6276",11341.6690038343
"6277",11315.2663294299
"6278",11425.0893213819
"6279",11556.4379756315
"6280",11643.1989770333
"6281",11697.0204902516
"6282",11656.6612464403
"6283",11729.7692652865
"6284",11817.6879506943
"6285",11851.7148593746
"6286",12088.871758742
"6287",12185.4940926066
"6288",12075.4808147044
"6289",12052.034812834
"6290",11993.2408573573
"6291",11988.8426125927
"6292",12009.0904631242
"6293",12152.4911009093
"6294",12222.6994592942
"6295",12103.2201509249
"6296",12134.7203367649
"6297",12277.5795810131
"6298",12544.5088450824
"6299",12443.2216615371
"6300",12498.9589765003
"6301",12460.4100265609
"6302",12516.1069352248
"6303",12556.5320251782
"6304",12472.8717642872
"6305",12402.7791756398
"6306",12510.382713726
"6307",12404.8910510835
"6308",12425.8324112258
"6309",12415.0888604712
"6310",12486.6862167944
"6311",12596.1472374758
"6312",12688.6247008939
"6313",12654.6242867145
"6314",12659.9160560779
"6315",12712.0582792718
"6316",12703.0775597583
"6317",12680.0069374102
"6318",12669.1585963066
"6319",12470.7318349393
"6320",12439.5183502802
"6321",12517.0024038207
"6322",12580.5106569679
"6323",12543.4588668924
"6324",12516.0450215385
"6325",12553.040752249
"6326",12720.6838479156
"6327",12679.2858473015
"6328",12704.6738397518
"6329",12642.9089801882
"6330",12611.8154720922
"6331",12564.6701641781
"6332",12490.8469689339
"6333",12461.2771104742
"6334",12566.9826260141
"6335",12415.0465015773
"6336",12464.6104433373
"6337",12661.3599694816
"6338",12569.6671399891
"6339",12698.8320057523
"6340",12764.2848693479
"6341",12848.1446665608
"6342",12923.3092581696
"6343",12751.488108585
"6344",12857.7737103552
"6345",12969.2437250594
"6346",12860.8445875489
"6347",12965.0421996846
"6348",12870.0981439082
"6349",12923.8158129905
"6350",13093.6576031025
"6351",13038.81281121
"6352",13057.0025739648
"6353",12931.3345555101
"6354",13143.1995928967
"6355",13274.0254104279
"6356",13119.429116242
"6357",12957.4149781487
"6358",13098.9683608606
"6359",13053.0309876296
"6360",13205.1516695445
"6361",13186.6616134457
"6362",13129.4992394086
"6363",13067.7690051723
"6364",12946.8871443145
"6365",12961.4037359013
"6366",12998.7227782953
"6367",13060.0848249688
"6368",13042.3026592341
"6369",12808.1172901527
"6370",12982.8142488278
"6371",13046.2758169694
"6372",13067.4779540707
"6373",13249.1124567186
"6374",13214.667852405
"6375",13291.8095518368
"6376",13533.3980319395
"6377",13537.7205006406
"6378",13701.6718136265
"6379",13951.2836117988
"6380",13719.2862443769
"6381",13539.0624613064
"6382",13780.6198741416
"6383",13610.3677674241
"6384",13678.8343121581
"6385",13809.6622194486
"6386",14006.4788920359
"6387",13851.8100335728
"6388",13739.0310514197
"6389",13671.8839852149
"6390",13747.3851977056
"6391",13737.8001922804
"6392",13546.1408230472
"6393",13628.0427110715
"6394",13678.924986175
"6395",13841.971193501
"6396",13719.8084732795
"6397",13712.4527047006
"6398",13914.8840496439
"6399",13771.4531225786
"6400",14008.8000242729
"6401",14079.7624297335
"6402",13893.6930408822
"6403",14008.0550987304
"6404",13962.8301748139
"6405",13980.7957152947
"6406",13990.2434454549
"6407",13964.8027967016
"6408",14022.1191150088
"6409",14038.5693711629
"6410",14095.1175566661
"6411",14234.7364657523
"6412",14288.6935220867
"6413",14263.0436545852
"6414",14186.0764278399
"6415",14239.4271918389
"6416",14332.9478563224
"6417",14253.5628929868
"6418",14170.7860832492
"6419",14262.1899593563
"6420",14240.3761188754
"6421",14224.8474076904
"6422",14004.8354831739
"6423",13980.5569796344
"6424",14078.4574308074
"6425",14142.2644378735
"6426",13896.3108589104
"6427",13951.1636224773
"6428",14283.5528472758
"6429",14426.1564177011
"6430",14324.9166884085
"6431",14541.8885612948
"6432",14530.2250561067
"6433",14484.8281399413
"6434",14679.7833353095
"6435",14677.6537243015
"6436",14658.3678114113
"6437",14766.3469788173
"6438",14940.2601873428
"6439",14868.5762868158
"6440",14949.9756812953
"6441",15040.4254255856
"6442",15055.0533684294
"6443",14976.36574244
"6444",15062.9362302133
"6445",14973.9030612362
"6446",14926.6029612206
"6447",14918.8778264258
"6448",15128.8010552251
"6449",15169.5763309937
"6450",15135.7037435796
"6451",15080.8656560028
"6452",15000.7643890244
"6453",15002.0245744822
"6454",15012.7533562198
"6455",15131.8933054222
"6456",15057.9836360753
"6457",15043.4779155716
"6458",15071.3171534894
"6459",15098.7943706964
"6460",15040.5491256942
"6461",15260.296940255
"6462",15084.6962096144
"6463",15295.0802158214
"6464",15443.6396680034
"6465",15506.5044636483
"6466",15789.0670014815
"6467",15736.1775674865
"6468",15672.6677744496
"6469",15781.1618505711
"6470",15787.3768808659
"6471",15855.8618020198
"6472",15819.2040684323
"6473",15701.27304216
"6474",15902.1782077355
"6475",15805.4154076526
"6476",15642.3184144858
"6477",15602.1971068064
"6478",15484.0314657732
"6479",15380.5291766732
"6480",15351.8402298865
"6481",15500.7562332242
"6482",15540.4195478164
"6483",15471.5161709603
"6484",15441.8468531836
"6485",15439.6774681796
"6486",15579.9494295454
"6487",15410.5617937806
"6488",15600.6180821124
"6489",15803.4590004721
"6490",15880.0949334729
"6491",15709.0837488723
"6492",15641.1546640882
"6493",15547.5001146226
"6494",15560.7032333459
"6495",15591.0338139173
"6496",15517.5859741819
"6497",15721.7274114869
"6498",15757.5996108365
"6499",15735.8174679251
"6500",15707.405925058
"6501",15854.5622955528
"6502",15902.3883732634
"6503",16025.6882553082
"6504",16126.9438246879
"6505",16345.9739396624
"6506",16322.114370404
"6507",16320.4108914355
"6508",16331.2668456564
"6509",16412.0946015008
"6510",16487.1749410269
"6511",16547.7522377168
"6512",16567.2270831872
"6513",16526.2927929471
"6514",16312.9071619641
"6515",16290.1643500886
"6516",16210.2266320913
"6517",16289.7475346092
"6518",16257.2474033327
"6519",16683.6798752826
"6520",16902.0604466818
"6521",16920.0610864839
"6522",16833.5923477608
"6523",16849.4616572258
"6524",17017.1365385008
"6525",17002.7726352462
"6526",16983.7535339914
"6527",16807.0767279557
"6528",16870.1582022602
"6529",16978.2552446509
"6530",16876.8356338947
"6531",16913.656758034
"6532",17168.4640897838
"6533",16966.9871092974
"6534",17030.3236863326
"6535",17059.4431479658
"6536",17154.086008457
"6537",17296.1542890012
"6538",17139.6255018991
"6539",17150.5581545251
"6540",17179.1979722502
"6541",17179.2396311046
"6542",17128.1011040833
"6543",17131.9478398073
"6544",17336.0753276545
"6545",17515.3562541792
"6546",17532.5832978375
"6547",17367.9158862859
"6548",17439.6338324705
"6549",17358.8117689141
"6550",17408.5281974703
"6551",17549.6715698248
"6552",17506.4773068198
"6553",17603.4650739067
"6554",17789.6246095149
"6555",17950.5382767221
"6556",17929.3385113017
"6557",18118.8799877408
"6558",18136.4025576896
"6559",18085.3767611051
"6560",18219.9755719944
"6561",18304.1742462037
"6562",18003.3612986191
"6563",17984.2076759385
"6564",17863.0093621192
"6565",17777.0263975892
"6566",17790.4098131557
"6567",17877.0862544645
"6568",17704.4692209137
"6569",17680.8242992583
"6570",17684.0313048056
"6571",17582.6984467806
"6572",17535.793173534
"6573",17502.2347441581
"6574",17597.2062150566
"6575",17595.2705445493
"6576",17740.9119600427
"6577",17711.1274481447
"6578",17967.5526713214
"6579",17970.8693201958
"6580",17945.348912556
"6581",17762.33674811
"6582",17829.5798636287
"6583",17950.9269455657
"6584",18014.1615376922
"6585",18254.8756990857
"6586",18425.1283503447
"6587",18463.6816751458
"6588",18546.2252736384
"6589",18709.5608359635
"6590",18827.5453791386
"6591",18970.3050554651
"6592",19129.3958478101
"6593",19241.4426174746
"6594",19230.0342805817
"6595",19128.566905384
"6596",19079.8203629546
"6597",19209.3156532699
"6598",19089.7419345122
"6599",19302.1123886971
"6600",19399.0528884103
"6601",19581.6014892459
"6602",19374.8535481929
"6603",19329.5897090684
"6604",19231.8713005474
"6605",19194.4584878355
"6606",19229.3323722735
"6607",19186.4241018718
"6608",19296.1350097632
"6609",19414.4092145881
"6610",19264.186338649
"6611",19318.4446392946
"6612",19402.3555052894
"6613",19232.5688095213
"6614",19083.2833552449
"6615",19165.4301220937
"6616",19219.8940063642
"6617",19286.1493959268
"6618",19174.0870469933
"6619",19231.765815903
"6620",19231.0459375164
"6621",19205.8492992266
"6622",19290.3082053209
"6623",19256.3502594587
"6624",19236.5346079856
"6625",19473.8824064893
"6626",19578.0491405043
"6627",19835.8256859276
"6628",19787.7937658621
"6629",19759.9313878497
"6630",19875.3587057447
"6631",19679.893436328
"6632",19842.4900821853
"6633",20029.0451857644
"6634",20175.0107154529
"6635",20093.7385804843
"6636",20021.6467981925
"6637",19977.7014126669
"6638",19913.1509333842
"6639",19795.7832979042
"6640",19722.2338804361
"6641",19628.8175988494
"6642",19583.3472992806
"6643",19715.211838143
"6644",19678.8507159873
"6645",19736.7359912406
"6646",19854.6975433988
"6647",19977.0637478721
"6648",20180.0299078517
"6649",20077.3494725607
"6650",20117.480939171
"6651",20323.047263374
"6652",20414.1092997347
"6653",20436.3954866342
"6654",20692.3599825155
"6655",20473.18995076
"6656",20627.4355670484
"6657",20597.5230186229
"6658",20615.8236227514
"6659",20325.3153267495
"6660",20137.0827345996
"6661",20064.0853040565
"6662",20206.9205720452
"6663",20251.3649278998
"6664",20290.366030693
"6665",20233.7133085771
"6666",20151.8863762094
"6667",20101.8857305505
"6668",20166.4158582715
"6669",20013.4992136125
"6670",20179.7143755088
"6671",20125.2115252649
"6672",20310.6090932127
"6673",20560.5160256397
"6674",20756.9730661295
"6675",20598.0343193485
"6676",20658.7031910965
"6677",20607.3832329625
"6678",20547.6246223773
"6679",20867.4188127572
"6680",20921.3421203006
"6681",20956.0966172216
"6682",20914.428694864
"6683",20841.0306525622
"6684",21004.8577676198
"6685",20980.6509978298
"6686",21005.4691582175
"6687",21128.9563141276
"6688",21332.866271018
"6689",21317.1140827064
"6690",21177.1300271329
"6691",21290.2013457525
"6692",21392.7658953372
"6693",21581.4535116293
"6694",21436.8824081089
"6695",21388.3597113898
"6696",21440.3027577432
"6697",21471.0918623988
"6698",21373.0759090172
"6699",21301.0613445233
"6700",21483.311230477
"6701",21561.9227407776
"6702",21649.0506486338
"6703",21468.2230465315
"6704",21253.9151022624
"6705",21343.796103601
"6706",21194.7555405131
"6707",21076.042509705
"6708",20879.6297309549
"6709",20997.9575250753
"6710",20989.6725424828
"6711",21093.7959774843
"6712",21028.2189735489
"6713",21052.9030798714
"6714",20944.5715363369
"6715",20904.3184521549
"6716",20959.7739334793
"6717",21054.0192138436
"6718",21227.7962139418
"6719",21334.2564078505
"6720",21544.8795326955
"6721",21605.6931815632
"6722",21668.4114062159
"6723",21408.5963662667
"6724",21265.9540145669
"6725",21112.0068699363
"6726",21291.0617648339
"6727",21257.0893533944
"6728",21017.7166413792
"6729",21168.5231736076
"6730",21178.5363918402
"6731",21007.9274842601
"6732",20967.7609150289
"6733",21113.0913181101
"6734",21178.703938757
"6735",21323.0545668001
"6736",21425.8889286984
"6737",21400.2542020727
"6738",21481.7895360313
"6739",21696.032251557
"6740",21406.5543751516
"6741",21629.2123440537
"6742",21647.2412657701
"6743",21594.7576223011
"6744",21544.6785797027
"6745",21677.3837484231
"6746",21762.2109074249
"6747",22003.0545136865
"6748",22242.0919229555
"6749",22456.7898176036
"6750",22428.3408312646
"6751",22582.9053885479
"6752",22807.3206901506
"6753",22784.4243096038
"6754",22691.0315129683
"6755",22740.0384264152
"6756",23198.8104295629
"6757",23404.6649829783
"6758",23467.8513700104
"6759",23471.9634897817
"6760",23468.650213427
"6761",23537.9370468427
"6762",23538.0973964378
"6763",23517.6860083302
"6764",23615.1074934696
"6765",23567.0752281296
"6766",23313.6053699132
"6767",23377.7729377957
"6768",23109.405513541
"6769",22993.8628387039
"6770",22649.8696531324
"6771",22885.653876441
"6772",22969.294565881
"6773",22782.362222376
"6774",22731.267969386
"6775",22824.5124430799
"6776",22955.9856059454
"6777",22700.3182616458
"6778",22685.8560034446
"6779",22652.7847364156
"6780",22794.1805320817
"6781",22734.8920921953
"6782",22927.7726588607
"6783",22770.137882159
"6784",22960.0959389123
"6785",23266.650394648
"6786",23224.7272800668
"6787",23369.57426668
"6788",23292.3828584195
"6789",23353.0219219295
"6790",23398.9013579258
"6791",23437.7319883883
"6792",23454.5762450024
"6793",23463.7190509714
"6794",23660.5098446933
"6795",23477.6024524106
"6796",23680.0784164118
"6797",23725.2373449424
"6798",23679.2042300135
"6799",23696.144490468
"6800",23802.386995104
"6801",23922.408121986
"6802",23965.1855105134
"6803",23940.9761846933
"6804",23981.1101645299
"6805",23959.8848325944
"6806",23916.1924596613
"6807",23645.1044473049
"6808",23748.4861877059
"6809",23733.91608427
"6810",24138.3244235948
"6811",24086.5205146601
"6812",23998.0415918464
"6813",24003.8940394461
"6814",23886.4180317208
"6815",23807.8675372373
"6816",23987.9128896666
"6817",24069.0986779546
"6818",23931.7915795723
"6819",23985.8983776652
"6820",23832.1679887766
"6821",24083.8720985876
"6822",24270.2732553796
"6823",24308.7084952366
"6824",24431.5915882506
"6825",24486.308848236
"6826",24341.2205289075
"6827",24845.9380938245
"6828",24899.9283203581
"6829",24793.1656594129
"6830",24768.8034386635
"6831",24650.9026932365
"6832",24589.6232681782
"6833",24645.3006067715
"6834",24773.023003798
"6835",24590.5717144923
"6836",24556.788933882
"6837",24367.485071215
"6838",24599.1967722161
"6839",24559.025465157
"6840",24262.9590512278
"6841",24442.1757540623
"6842",24551.4086948678
"6843",24628.810747433
"6844",24756.1208070106
"6845",24657.7061203191
"6846",24517.3881349511
"6847",24709.1063170165
"6848",24679.5863699861
"6849",24609.6211410751
"6850",24936.2455947552
"6851",25056.968426718
"6852",25099.4736331424
"6853",24981.7564948846
"6854",25088.4831224422
"6855",24966.2173405977
"6856",25049.1377837829
"6857",24929.9796152542
"6858",25052.236460023
"6859",25070.0283592692
"6860",25204.3480085045
"6861",25080.2855297388
"6862",25318.0580611305
"6863",25672.4284924229
"6864",25601.7428540205
"6865",25513.185137573
"6866",25331.82139811
"6867",25578.6302152339
"6868",25656.5676918695
"6869",26028.139678333
"6870",25910.6843642534
"6871",25703.0110398839
"6872",25813.7847975216
"6873",26046.0940472333
"6874",25990.8658383399
"6875",25984.1706393148
"6876",25656.2259329115
"6877",25800.0528589684
"6878",25507.3082386039
"6879",25523.0855535306
"6880",25646.0009821641
"6881",25624.1910212729
"6882",25602.5005812777
"6883",25450.9162857161
"6884",25467.3971789825
"6885",25795.3516251505
"6886",25715.7634487321
"6887",25710.6739645197
"6888",25555.2768160082
"6889",25480.6633226679
"6890",25322.042844261
"6891",25170.5333740073
"6892",24990.1321007325
"6893",24865.9547519708
"6894",24645.7068254134
"6895",24746.8616289306
"6896",24819.3190805501
"6897",24855.1134868009
"6898",24965.241612108
"6899",25160.3276859632
"6900",25353.8983943619
"6901",25104.7366650319
"6902",25215.5854877323
"6903",25145.9405282371
"6904",25209.7878754513
"6905",25078.1420036022
"6906",25121.3255205626
"6907",24805.8444282072
"6908",24846.6394768361
"6909",25035.417349833
"6910",24850.4489884285
"6911",25082.3508998071
"6912",25321.9721402716
"6913",25292.0586607304
"6914",25415.2852311787
"6915",25496.5356323101
"6916",25485.7601695867
"6917",25410.9872639472
"6918",25569.6172088793
"6919",25552.8387423241
"6920",25581.9603153495
"6921",25540.7560052965
"6922",25839.8946818377
"6923",25735.4208580616
"6924",25766.7877179172
"6925",25947.0807998333
"6926",26283.8599063273
"6927",26195.8652882748
"6928",26151.8627556539
"6929",26087.5077829469
"6930",26413.1583714073
"6931",26548.714532859
"6932",26756.225451605
"6933",26693.8404216012
"6934",26356.9487925974
"6935",26101.0732234111
"6936",26129.4102976901
"6937",26152.3220222701
"6938",26363.8571040305
"6939",26488.8314929881
"6940",26647.8253654655
"6941",27001.1020201717
"6942",26852.9260450295
"6943",26805.15184592
"6944",26999.7326232412
"6945",27014.2777399509
"6946",26876.7159681161
"6947",26956.3620746035
"6948",27167.9054568732
"6949",27206.3686686697
"6950",27415.1279856395
"6951",27299.4207034892
"6952",27107.4023320674
"6953",27003.3543005091
"6954",26956.8069084463
"6955",27041.6776779948
"6956",27122.3324137647
"6957",27052.2373061586
"6958",26949.6772536073
"6959",27114.392803137
"6960",27496.3223700332
"6961",27593.9456528954
"6962",27681.6375384103
"6963",27611.4735034669
"6964",27636.3257258842
"6965",27518.4613058964
"6966",27477.4118995756
"6967",27650.9710389917
"6968",27674.97879874
"6969",27669.0591006223
"6970",27559.0290970149
"6971",27513.8882119797
"6972",27601.9786965228
"6973",27758.0145308366
"6974",27912.9597832352
"6975",27676.5290766326
"6976",27855.0467233678
"6977",27821.8621697235
"6978",27665.4692918692
"6979",27241.6347509075
"6980",27401.7793000517
"6981",27492.6451617511
"6982",27600.1696792558
"6983",27434.7694518023
"6984",27308.2152610769
"6985",27484.4640981109
"6986",27934.2035994273
"6987",28374.7776894983
"6988",28266.8871951591
"6989",28078.9523366427
"6990",28169.4363989058
"6991",28009.0967576041
"6992",28064.4351726209
"6993",27895.8777476164
"6994",28011.4577765078
"6995",27873.0010840046
"6996",27771.4269248003
"6997",27609.0537956577
"6998",27834.007452796
"6999",28072.8365895541
"7000",28635.6592338818
"7001",28638.5601954438
"7002",28700.2510485975
"7003",28588.2482738004
"7004",28644.122312251
"7005",28787.1572347762
"7006",29013.3977474202
"7007",29244.1766515992
"7008",29118.7086263456
"7009",29280.1912864772
"7010",29056.0280028584
"7011",28972.1243006255
"7012",28932.2028128451
"7013",29317.0697093787
"7014",29270.6471609526
"7015",29118.2938193798
"7016",28748.6688570042
"7017",28853.7841292967
"7018",28799.3790867403
"7019",29003.4062605218
"7020",29152.5093543269
"7021",28981.9826849021
"7022",29093.4781351507
"7023",29168.7710817142
"7024",29236.7788267047
"7025",29302.1038778623
"7026",29154.3006019493
"7027",28917.6198166447
"7028",29062.1753598583
"7029",29327.9818998752
"7030",29424.923465498
"7031",29607.8052274533
"7032",29610.1647530794
"7033",29616.9524315251
"7034",29645.8349366379
"7035",29857.8486938777
"7036",29937.5051217854
"7037",30016.5508375948
"7038",30363.5571865015
"7039",30514.7332003936
"7040",30803.1243961734
"7041",30605.0238111935
"7042",30971.3223600445
"7043",30946.7608131877
"7044",30879.1025206821
"7045",30974.496624736
"7046",30852.7975446853
"7047",31284.8497156249
"7048",31379.0040561169
"7049",31874.2566493152
"7050",31993.7986338181
"7051",32274.4580857587
"7052",32336.4330956813
"7053",32510.4376325181
"7054",32634.013914887
"7055",32531.5106061092
"7056",32726.3259815556
"7057",32701.3156474364
"7058",32820.6445585841
"7059",32745.910765201
"7060",32875.4999217658
"7061",32888.6323806879
"7062",33019.9216743907
"7063",32928.4159911871
"7064",32831.3068190984
"7065",32964.2035230128
"7066",33012.6436653742
"7067",33173.1403757149
"7068",33103.7857265357
"7069",32850.8982899621
"7070",33071.2882417916
"7071",33103.399437419
"7072",32984.74859381
"7073",33401.3236449398
"7074",33206.5954496164
"7075",33502.6901392207
"7076",33530.6644507727
"7077",33768.3928037961
"7078",34030.1991354963
"7079",33985.1423749742
"7080",33950.3351432283
"7081",34182.1043985425
"7082",34252.3702308881
"7083",34153.0651578185
"7084",34141.9630348743
"7085",34115.0436325511
"7086",34365.5236220093
"7087",34503.2431559571
"7088",34379.7184838305
"7089",34413.1826865276
"7090",34496.5533534265
"7091",34773.3040549638
"7092",34765.0287299238
"7093",34616.8685108018
"7094",34543.6617668987
"7095",34540.0570944124
"7096",34728.4935513839
"7097",34653.4073167725
"7098",34689.7462679866
"7099",34613.5548309345
"7100",34500.2934966164
"7101",34785.9375568022
"7102",34890.8456082782
"7103",35000.037978293
"7104",35038.4444420187
"7105",35087.5697423067
"7106",34903.4743222833
"7107",34907.2614486281
"7108",35073.5115427665
"7109",35008.6667651109
"7110",34998.05000446
"7111",35238.2734701349
"7112",35036.5607211564
"7113",35424.6828682352
"7114",35712.4822690317
"7115",35946.7960663853
"7116",36195.3485199219
"7117",36379.4343974691
"7118",36159.6079605139
"7119",36210.4252387332
"7120",36397.8610811432
"7121",36371.837415749
"7122",36292.0720612233
"7123",36125.0132610304
"7124",36160.2982542192
"7125",36161.903700492
"7126",36535.3603652445
"7127",36541.2167128368
"7128",36693.6778667507
"7129",36878.6267930722
"7130",37126.9512815517
"7131",37332.0575525695
"7132",37558.9759295792
"7133",37669.344938324
"7134",37653.2543295086
"7135",37685.6223088962
"7136",37646.0366921722
"7137",37568.4035931627
"7138",37344.5034361802
"7139",37317.7880368888
"7140",37311.583993402
"7141",37017.2684230168
"7142",37194.6618938572
"7143",37284.3211920698
"7144",37352.3425864276
"7145",37634.2551013052
"7146",37469.0273385542
"7147",37728.8216376765
"7148",37676.8929268909
"7149",37787.2931463124
"7150",37821.461989713
"7151",37988.5431133234
"7152",38000.2222926008
"7153",37510.0392549175
"7154",37194.5081167467
"7155",36806.4601845313
"7156",36773.163192214
"7157",36830.0291393145
"7158",37075.4029526493
"7159",36909.6146919881
"7160",37015.8558488043
"7161",37111.6532430514
"7162",36994.4141568463
"7163",36910.2874535938
"7164",36776.3119461501
"7165",37019.6857414283
"7166",37378.3166913314
"7167",37450.3955159889
"7168",37325.4811687503
"7169",37323.1901857176
"7170",37507.731976819
"7171",37459.7143876107
"7172",37609.1614849677
"7173",37644.9232911483
"7174",37822.8820418118
"7175",37938.2295963758
"7176",37776.7963028199
"7177",37910.4238284121
"7178",37841.5193236964
"7179",37869.5065706499
"7180",38071.8060111743
"7181",38339.9945934039
"7182",38456.850492458
"7183",38496.2624301906
"7184",38609.7044617885
"7185",38869.3256929561
"7186",38925.9052635427
"7187",39076.6028739953
"7188",38765.1889616179
"7189",38896.0202684172
"7190",38914.3161701508
"7191",39327.3293336211
"7192",39550.0753933774
"7193",39682.0147036718
"7194",39787.8348682076
"7195",39974.8908737515
"7196",39952.1166153258
"7197",39862.3050816273
"7198",40025.1560454168
"7199",40022.505942545
"7200",39819.6093686095
"7201",40094.448968847
"7202",40077.4396262946
"7203",40221.0694945618
"7204",40463.1437240626
"7205",40449.1191721507
"7206",40619.3776827754
"7207",40753.5059043363
"7208",40467.5833750885
"7209",40511.7975170519
"7210",40704.7222654286
"7211",40775.6549198675
"7212",40929.7421665521
"7213",41129.7593418451
"7214",41216.6854124546
"7215",41318.9098842646
"7216",40984.2552634422
"7217",41048.2183781169
"7218",40909.5486008091
"7219",40882.0148397009
"7220",40716.5144694059
"7221",40828.160912816
"7222",41120.1163061822
"7223",41145.6815338176
"7224",41296.8957607522
"7225",41044.1853823835
"7226",41127.7545262059
"7227",41485.8030902444
"7228",41793.3919972396
"7229",41894.7473583081
"7230",42093.2329669468
"7231",42084.5374394263
"7232",41813.2280853761
"7233",41783.6281066996
"7234",42027.251249356
"7235",42453.7241312626
"7236",42816.4147808292
"7237",42714.216577818
"7238",42573.1002290404
"7239",42471.3938322946
"7240",42657.7590067892
"7241",42729.7239110697
"7242",42411.4141866214
"7243",42374.9846298175
"7244",42460.974089686
"7245",42448.0810695396
"7246",42304.0383698297
"7247",42409.1049457591
"7248",42498.7629276556
"7249",42693.8119558941
"7250",42877.1099166767
"7251",42802.3225485271
"7252",42833.1436465681
"7253",42889.3643881956
"7254",43118.6827697994
"7255",43526.7411456202
"7256",43621.4137044454
"7257",43546.8048293156
"7258",43516.5544245428
"7259",43619.2550816462
"7260",43679.1539464165
"7261",43596.7474612485
"7262",43750.7946463406
"7263",43859.9940382353
"7264",43879.188204631
"7265",43796.7209937808
"7266",43843.0088393581
"7267",44211.4148334725
"7268",44111.2105078086
"7269",44170.442445399
"7270",44425.4949696137
"7271",44513.0248261928
"7272",44053.2889835949
"7273",44437.029816872
"7274",44500.4325358488
"7275",44665.3462456086
"7276",44709.1988410439
"7277",44630.0307685704
"7278",44682.5717354953
"7279",44687.0243230646
"7280",44662.3179795143
"7281",44434.9195945078
"7282",45012.3629045008
"7283",44499.8327416996
"7284",44218.1128277281
"7285",44507.5269790324
"7286",44362.843232238
"7287",44394.2434429887
"7288",44483.968142413
"7289",44703.6996627429
"7290",45027.3279632148
"7291",45287.2833741464
"7292",45280.524835882
"7293",45643.5590634491
"7294",46030.3957434554
"7295",45933.0730468342
"7296",46283.0763185447
"7297",46628.108208696
"7298",46933.2653143366
"7299",47252.695706977
"7300",46813.652775437
"7301",47046.0673634181
"7302",47103.1925184156
"7303",46854.6398881428
"7304",46976.4108872392
"7305",46967.2515668819
"7306",46730.6188338385
"7307",47335.1583877383
"7308",47427.2647351689
"7309",47498.5710248059
"7310",47513.407049916
"7311",47592.7895370743
"7312",47506.2849715447
"7313",47156.6652340478
"7314",47371.1048232726
"7315",47311.1138256327
"7316",47222.1741600047
"7317",47328.8008221497
"7318",47353.651252653
"7319",47897.1573314497
"7320",47817.8133616496
"7321",47936.2075061273
"7322",48349.1834771236
"7323",48206.619695902
"7324",48332.0395278112
"7325",48585.9301906324
"7326",48191.5246402227
"7327",48116.1290854041
"7328",47754.4198099814
"7329",47819.8664220166
"7330",47496.0003957426
"7331",47706.1928327645
"7332",47570.2061447803
"7333",47847.2621853949
"7334",47949.8664752955
"7335",47974.0963510111
"7336",47899.9214954104
"7337",47675.6118038517
"7338",47664.8958130031
"7339",47886.880596771
"7340",47687.5994400193
"7341",47670.9765403721
"7342",47639.5125851217
"7343",47498.5294267149
"7344",47756.4594787109
"7345",47588.2780055323
"7346",47927.5909520437
"7347",47671.6367648602
"7348",47932.792803113
"7349",48378.8336659563
"7350",48208.6688533286
"7351",48355.3834359443
"7352",48167.3784846975
"7353",48810.5079882169
"7354",48593.7336996758
"7355",48885.2681602393
"7356",48814.6049697849
"7357",49087.8302111491
"7358",49345.728690179
"7359",49323.4220469827
"7360",49431.5390756799
"7361",49377.0695287412
"7362",49658.8558107714
"7363",49642.8337173052
"7364",49772.3110431288
"7365",49723.8447807956
"7366",49776.4272200739
"7367",49725.9144619662
"7368",49866.9313216545
"7369",50332.6944579169
"7370",50457.6984023942
"7371",50499.8886055398
"7372",50706.0908105287
"7373",50488.8210377263
"7374",50662.0735705662
"7375",50618.3677810439
"7376",50873.6596867937
"7377",51001.3243794871
"7378",51381.9161197997
"7379",51338.6139860207
"7380",51727.3443177567
"7381",51730.599866065
"7382",51841.5547592599
"7383",52322.2041403794
"7384",52693.8763025498
"7385",52609.2287914643
"7386",52845.7524035435
"7387",53182.618231054
"7388",53099.467712058
"7389",53018.8630446084
"7390",53150.6342579901
"7391",53608.5282277809
"7392",53528.3183751014
"7393",53749.4995175014
"7394",54276.3853081371
"7395",54225.1939596142
"7396",54567.4304358834
"7397",54897.0584202722
"7398",55124.2537809776
"7399",55285.5652137668
"7400",55457.6092309862
"7401",55535.1913101589
"7402",55617.7322901209
"7403",55487.143015454
"7404",55263.6283785154
"7405",55028.8545620129
"7406",54756.9551459904
"7407",54740.659988116
"7408",54760.7576672983
"7409",54024.7499075669
"7410",53858.6256582561
"7411",54089.5686572699
"7412",54020.9241281487
"7413",54068.2725975775
"7414",54439.950375042
"7415",54214.4980623178
"7416",54031.0844139792
"7417",54277.6728551555
"7418",54469.0152020764
"7419",54664.3042654857
"7420",54783.3072102086
"7421",54719.3336420526
"7422",54698.1360155097
"7423",54856.8131546369
"7424",54948.1378540566
"7425",55395.3901286176
"7426",55384.0038779378
"7427",55471.5179037886
"7428",55569.2431445215
"7429",56117.9644502296
"7430",56468.9558525571
"7431",56423.0526888921
"7432",56801.8435606278
"7433",56749.7189659094
"7434",56686.8486267698
"7435",56630.7087658762
"7436",56675.2975636772
"7437",56796.4868110551
"7438",56824.2563347898
"7439",56893.8131188713
"7440",56554.2594368587
"7441",56547.4968893132
"7442",56563.3483064667
"7443",56384.9685839065
"7444",56507.3226214904
"7445",56701.3036606567
"7446",56819.0284925958
"7447",56620.9536366656
"7448",56706.3591924445
"7449",56539.0328228993
"7450",56652.4272141515
"7451",56853.6227505717
"7452",56977.5004386098
"7453",56983.5002202698
"7454",57370.6021197505
"7455",57581.0593499754
"7456",57697.7535033292
"7457",58181.9681438479
"7458",57940.1681209207
"7459",57634.3871644388
"7460",57658.8163819694
"7461",57788.175769869
"7462",58048.4577942563
"7463",58250.0111964783
"7464",58675.8652697687
"7465",58924.1595277903
"7466",58707.3714961704
"7467",58971.6423984561
"7468",58698.6377777598
"7469",58701.2704061212
"7470",58276.7977338764
"7471",58610.8393709917
"7472",58655.0767512013
"7473",58435.0011077774
"7474",58615.2128858272
"7475",58495.4140208617
"7476",58701.7343982804
"7477",58747.5247461568
"7478",58950.6090571548
"7479",59249.1834302255
"7480",59555.3360162197
"7481",59906.6578960821
"7482",59825.2215857632
"7483",60109.9217635516
"7484",59893.9105558741
"7485",60323.387911204
"7486",60328.122717096
"7487",60411.024363674
"7488",60427.6509174912
"7489",60334.3452088155
"7490",60587.8824914681
"7491",60701.1074765535
"7492",60706.9579896411
"7493",61092.3696235506
"7494",60974.3208601525
"7495",61126.8494986937
"7496",61467.218934183
"7497",61387.531186448
"7498",60942.7433788188
"7499",61167.855245278
"7500",60945.1854770945
"7501",61281.0759117463
"7502",61236.8577389049
"7503",61521.8796988702
"7504",61819.9084780413
"7505",61893.5957756222
"7506",62051.191079763
"7507",62245.0156120156
"7508",62284.9779395829
"7509",62207.5565143128
"7510",62408.5670636149
"7511",62679.4645902703
"7512",63084.0406844335
"7513",63249.5485495515
"7514",63805.4196011836
"7515",63633.9890358867
"7516",64022.4373459007
"7517",63917.5276680421
"7518",64076.5448576821
"7519",63766.1908423217
"7520",63781.413148554
"7521",63755.0260453668
"7522",63959.7953056294
"7523",64427.2958413757
"7524",64763.1746058313
"7525",65165.3895162741
"7526",65633.7044072214
"7527",65685.2523380481
"7528",65871.7459144203
"7529",65677.4845612019
"7530",65988.664586207
"7531",66374.1360802925
"7532",66465.9898861905
"7533",66440.6232222392
"7534",66649.1880588131
"7535",67134.6748388636
"7536",67764.7429765232
"7537",67654.2213367766
"7538",67895.6315205802
"7539",68304.5860930201
"7540",68364.9764679063
"7541",68759.8809936081
"7542",68547.1900986336
"7543",68803.0264512647
"7544",69320.8822485781
"7545",69616.2790624349
"7546",69235.5308575728
"7547",69372.4676168277
"7548",69784.6705245923
"7549",69602.0522489314
"7550",69886.3492537161
"7551",69932.6187003016
"7552",69872.7153870041
"7553",69705.3213088624
"7554",69394.6882152932
"7555",69364.393962717
"7556",69359.1562651889
"7557",69218.6794005529
"7558",69741.7689005173
"7559",70174.3909286725
"7560",70204.2302340463
"7561",70803.9715682532
"7562",70639.1755339417
"7563",70813.926607093
"7564",71191.9504816852
"7565",71419.3651870584
"7566",71686.8991338086
"7567",71587.4895709872
"7568",71566.6842568917
"7569",71429.0510197405
"7570",71407.4211875485
"7571",71703.8970362142
"7572",71543.8081541532
"7573",71544.3742020659
"7574",71272.5221118002
"7575",71743.2671959293
"7576",72168.1629664614
"7577",72294.887731275
"7578",72596.0756058496
"7579",72357.2270421487
"7580",72202.4935296262
"7581",72071.5095975813
"7582",71950.4357420354
"7583",72034.1778820241
"7584",71886.7466922424
"7585",72140.866957497
"7586",72261.1627538884
"7587",72440.988656599
"7588",72222.3581688009
"7589",72065.8747751204
"7590",72124.3793045999
"7591",72333.6235648054
"7592",72153.5507294511
"7593",72508.5268826675
"7594",72255.2504198615
"7595",72029.8335863261
"7596",71958.1049706875
"7597",71960.5487522882
"7598",72045.798299844
"7599",72191.9184044935
"7600",71953.1925016354
"7601",71971.7249366322
"7602",71579.0902306662
"7603",72072.1666286554
"7604",71856.3447881392
"7605",71957.1361230906
"7606",72063.5086423582
"7607",72109.5726395183
"7608",72161.3211103478
"7609",72526.3943031106
"7610",72444.001012196
"7611",72487.4019281705
"7612",72362.564230488
"7613",72279.3632009593
"7614",72730.173581997
"7615",72454.4512841533
"7616",72269.1401481165
"7617",72190.8359461444
"7618",72297.5307674832
"7619",72720.2700810745
"7620",72957.9785123967
"7621",72577.3510843717
"7622",72955.7929051665
"7623",72880.2456293066
"7624",73057.4488037929
"7625",73106.8103181362
"7626",72898.0999453086
"7627",73178.0648119591
"7628",73491.64550546
"7629",73520.5067600333
"7630",73631.3414185112
"7631",73737.6832235513
"7632",73711.3737961354
"7633",73670.6767447288
"7634",74173.7990678216
"7635",74360.1786436013
"7636",74110.4028326426
"7637",74578.9250848816
"7638",74844.0679557056
"7639",74857.5334983302
"7640",75038.0899752299
"7641",75442.5347015662
"7642",75132.4011968631
"7643",75644.4089557911
"7644",75822.5101470487
"7645",75601.7594642808
"7646",75882.9240268135
"7647",75597.6878827663
"7648",75744.5521724574
"7649",75463.4612017373
"7650",76043.7698585284
"7651",76236.963908892
"7652",76541.6438188931
"7653",76462.1756992059
"7654",76739.7436509845
"7655",76709.5929224685
"7656",76892.7797926078
"7657",77131.8246715128
"7658",77250.9846503618
"7659",77046.698852082
"7660",77487.2329514796
"7661",77450.7460020075
"7662",77366.5935675116
"7663",77749.127562822
"7664",77708.0260186665
"7665",77558.9370417117
"7666",77610.4407833259
"7667",77545.6268098609
"7668",77730.3159524055
"7669",77607.1982171434
"7670",77892.1086563941
"7671",78350.1245179084
"7672",78120.9914889733
"7673",77816.2830548485
"7674",77970.1483216213
"7675",78096.3997931851
"7676",77962.7955760497
"7677",78232.9278386576
"7678",78644.8871382206
"7679",78354.5910759567
"7680",78307.4069078803
"7681",78334.6974160218
"7682",78161.3449013326
"7683",77962.9704884991
"7684",78227.7589730162
"7685",78847.2512558378
"7686",78988.9325549429
"7687",79274.4250250749
"7688",79325.8741345077
"7689",79604.084623961
"7690",79868.582906565
"7691",80178.6953985976
"7692",80669.584686422
"7693",80907.1236449821
"7694",80913.4213681131
"7695",81248.0102830807
"7696",81206.5632111375
"7697",80806.3359136078
"7698",81323.4726961761
"7699",81660.5068223383
"7700",81986.3280337313
"7701",82021.0081701548
"7702",81566.5701775283
"7703",81938.4462454854
"7704",82663.8173267543
"7705",82733.4457063549
"7706",82507.5030524239
"7707",82534.1047100109
"7708",83168.0960566889
"7709",83217.6476559144
"7710",83289.2040270728
"7711",83373.2376443207
"7712",83360.7442707219
"7713",83346.9939686386
"7714",83252.0793988249
"7715",83427.8363515411
"7716",84186.170119112
"7717",84163.3022449866
"7718",83906.7340356883
"7719",84037.0586248668
"7720",83924.2577816866
"7721",84099.7354687487
"7722",84207.3442398109
"7723",84540.3893402162
"7724",84592.2802791329
"7725",85041.501692277
"7726",85189.6629907309
"7727",85249.269784701
"7728",85306.9130934633
"7729",84924.6933587487
"7730",85238.6668105352
"7731",85073.4161234867
"7732",85533.541505057
"7733",85796.046979039
"7734",85680.6788672547
"7735",85741.0646039787
"7736",85877.2106594891
"7737",86123.7038411205
"7738",86371.808262959
"7739",86153.5642734627
"7740",86631.3588297781
"7741",86737.6924873159
"7742",87274.8117554721
"7743",87252.7762103897
"7744",87167.4359570034
"7745",87558.7292390855
"7746",87637.9575017219
"7747",87808.5366745138
"7748",87886.4962232078
"7749",87551.7266418132
"7750",87619.6960395269
"7751",87663.5172149865
"7752",88039.6836480573
"7753",87681.2711679587
"7754",88073.3810519745
"7755",88063.3240960725
"7756",88638.4667738432
"7757",88496.8257071884
"7758",88352.5964227657
"7759",88390.0218329624
"7760",88763.4756522219
"7761",88628.3191529864
"7762",89127.0300070436
"7763",88804.9800974924
"7764",88803.2922242843
"7765",89148.8663798501
"7766",88885.4199892094
"7767",89325.1834273365
"7768",88973.8252008345
"7769",89086.2672489615
"7770",88918.9916393192
"7771",89230.8238851581
"7772",89574.1686661961
"7773",89429.6812447179
"7774",89784.2084650832
"7775",89923.5832703781
"7776",90233.1497383844
"7777",90571.3408245385
"7778",91160.8666648266
"7779",91578.8295998978
"7780",91232.9811523374
"7781",91150.2801716628
"7782",91592.4736758887
"7783",91844.3413618714
"7784",92398.1290822527
"7785",92539.2991763428
"7786",92443.5957512094
"7787",92295.1220496357
"7788",92177.3159828404
"7789",92118.1428822996
"7790",92148.1232301685
"7791",92138.9156539041
"7792",92187.1058476026
"7793",92106.8796918229
"7794",91742.7906985352
"7795",91680.0463661266
"7796",92091.3282682932
"7797",91903.6027135289
"7798",92179.8713368037
"7799",92244.6727425263
"7800",92188.57086035
"7801",92412.0126904418
"7802",92705.2408557747
"7803",92710.8583884546
"7804",92341.8516588472
"7805",92457.8079139627
"7806",92820.1711079715
"7807",92445.5889853707
"7808",92279.9356003386
"7809",92731.202124723
"7810",92811.3681555571
"7811",92780.4613630214
"7812",92849.9010559793
"7813",92943.7256412295
"7814",93349.409325374
"7815",93183.0100025772
"7816",93153.8433840727
"7817",93197.8293637066
"7818",93118.9713489616
"7819",92752.7361283515
"7820",92923.0171755661
"7821",92852.7588559396
"7822",93021.0724181552
"7823",93156.2065465092
"7824",93660.9829187148
"7825",93560.9197822249
"7826",94018.5671671705
"7827",94098.9072530238
"7828",94454.4724776914
"7829",94838.4008950214
"7830",95156.3516169022
"7831",95500.5761018471
"7832",95595.5259637041
"7833",95295.0701645458
"7834",95389.7181183643
"7835",95824.0959228794
"7836",96183.9885554871
"7837",97049.9651353399
"7838",97150.6366174797
"7839",96856.7532422481
"7840",96739.4826194056
"7841",96177.7978014159
"7842",96354.9794612197
"7843",96602.2482242855
"7844",96408.3234877372
"7845",96883.3382635467
"7846",96950.5362931882
"7847",96901.2978442827
"7848",97172.6538413155
"7849",96975.2681827504
"7850",96916.334412609
"7851",97309.2308139114
"7852",97162.250013894
"7853",97802.8603601899
"7854",98253.2630547995
"7855",98509.2004346046
"7856",98376.1456074257
"7857",98113.737926002
"7858",98607.8895536796
"7859",99133.8647064103
"7860",98875.382561149
"7861",98793.7027697554
"7862",98975.3780303203
"7863",99520.4434821183
"7864",99740.4218605829
"7865",100005.754719224
"7866",100660.496241896
"7867",101244.137680516
"7868",101632.497481684
"7869",101590.827383671
"7870",101534.666547629
"7871",101597.846503132
"7872",101944.828122254
"7873",101482.876704782
"7874",101276.48435623
"7875",101057.074199327
"7876",101179.022904633
"7877",101233.790806653
"7878",101338.38555078
"7879",101569.833140475
"7880",101547.70338429
"7881",101415.079041071
"7882",100556.156630648
"7883",100744.651499032
"7884",101259.737463409
"7885",101732.626840884
"7886",101698.600304682
"7887",101488.100083024
"7888",101332.521520585
"7889",101288.422621171
"7890",101677.752868806
"7891",101796.652914926
"7892",102425.06579577
"7893",102143.809170944
"7894",101508.663231932
"7895",101292.641479813
"7896",101664.710490416
"7897",102079.236387918
"7898",102291.25042357
"7899",102454.884489054
"7900",102354.644936098
"7901",102083.43525002
"7902",102066.2254172
"7903",102573.222449475
"7904",102196.0088728
"7905",102492.144046443
"7906",102223.813646867
"7907",102689.734559626
"7908",102913.655530007
"7909",102972.883305674
"7910",103132.251306856
"7911",103538.160075844
"7912",103857.524589785
"7913",103996.173744788
"7914",104616.919023324
"7915",104429.469938758
"7916",104142.403840341
"7917",104042.213526384
"7918",104724.248498726
"7919",104879.951972699
"7920",105152.763868548
"7921",105268.144203981
"7922",105524.099285411
"7923",105249.486078865
"7924",105214.621496109
"7925",105849.779706062
"7926",106476.430344184
"7927",106455.501127386
"7928",106409.27787702
"7929",107021.163986357
"7930",107881.957780696
"7931",107989.699015612
"7932",108124.806686948
"7933",108286.353604509
"7934",108571.720169475
"7935",108417.997793012
"7936",109050.962772373
"7937",109538.44972122
"7938",110254.484348164
"7939",110907.808439276
"7940",111112.224558143
"7941",111352.976176563
"7942",110834.245231945
"7943",111302.183967026
"7944",111725.097307736
"7945",111542.312469377
"7946",112039.476049098
"7947",112196.674463548
"7948",112084.50363396
"7949",112505.231285173
"7950",112705.389379243
"7951",112770.032720699
"7952",113101.363732492
"7953",113060.503746855
"7954",113045.913071213
"7955",113302.889654758
"7956",113733.573536162
"7957",114313.332202101
"7958",114640.537720883
"7959",115124.848971609
"7960",115461.405993198
"7961",116276.662141572
"7962",116180.181497006
"7963",116148.256035918
"7964",116430.391881171
"7965",116428.364212719
"7966",115713.667470709
"7967",115885.144451264
"7968",116238.254547913
"7969",115705.956491101
"7970",116255.125034757
"7971",116856.183835308
"7972",116923.023839107
"7973",116963.910995705
"7974",117415.730372005
"7975",117488.077381512
"7976",117890.323320609
"7977",117644.267151505
"7978",117334.440563017
"7979",117701.796474521
"7980",117468.445090082
"7981",117340.422895026
"7982",117494.551178899
"7983",118122.88865661
"7984",118501.107444928
"7985",118433.951399291
"7986",118791.231795993
"7987",118825.725341906
"7988",118836.437370304
"7989",118931.775932396
"7990",119319.520330333
"7991",119149.654562536
"7992",119762.999507811
"7993",119646.30106318
"7994",119720.828310659
"7995",119926.965962134
"7996",120695.910820647
"7997",121002.302681566
"7998",121068.886610456
"7999",121361.054086556
"8000",121467.223123238
"8001",120930.369401117
"8002",120559.572310182
"8003",121126.750065389
"8004",121435.749874466
"8005",121381.141052016
"8006",121000.734245972
"8007",120719.607379803
"8008",121151.941409258
"8009",121416.601827537
"8010",121798.307329666
"8011",121639.99353482
"8012",121680.886568314
"8013",122341.688774248
"8014",122669.303077251
"8015",122686.014174507
"8016",123041.206074796
"8017",123113.126728274
"8018",123354.330544455
"8019",123533.336894762
"8020",124221.437523686
"8021",125075.279854377
"8022",125153.931200921
"8023",125011.28144471
"8024",125177.551689821
"8025",124761.853737966
"8026",125061.648212993
"8027",125087.770833172
"8028",124977.733838166
"8029",124919.497299114
"8030",125479.862216735
"8031",125484.29796674
"8032",125779.092718435
"8033",125288.481763793
"8034",125711.30599212
"8035",125902.15850884
"8036",126017.945790008
"8037",126521.565315997
"8038",126968.55958357
"8039",127303.326316357
"8040",127153.112064196
"8041",127130.593889562
"8042",127483.983600895
"8043",127485.97129881
"8044",127309.174744739
"8045",126847.099797083
"8046",127147.36139536
"8047",126677.965498212
"8048",126910.122935724
"8049",127401.734511046
"8050",127550.216585716
"8051",127764.511997042
"8052",128354.396935213
"8053",128345.987400731
"8054",128574.83167974
"8055",128972.644371229
"8056",129375.209495181
"8057",129577.952532161
"8058",130258.873158567
"8059",130373.088276301
"8060",129847.709594379
"8061",129903.979716166
"8062",129794.500953555
"8063",130163.421524418
"8064",131072.876497826
"8065",131835.979509426
"8066",131821.301280274
"8067",131874.924790146
"8068",131935.782779725
"8069",132205.628219171
"8070",132022.621755983
"8071",132123.303078201
"8072",132022.814026218
"8073",131603.186447757
"8074",131781.100007582
"8075",131646.989167938
"8076",131955.54471337
"8077",132143.228159072
"8078",132680.465600981
"8079",133051.455451199
"8080",133167.253984117
"8081",132960.468982012
"8082",133628.814134965
"8083",133922.46249762
"8084",134081.089879002
"8085",134568.627133655
"8086",134668.321660962
"8087",134548.723326596
"8088",134656.340016585
"8089",134822.179685093
"8090",135310.560598709
"8091",136088.564059547
"8092",136274.976899022
"8093",136315.072994666
"8094",136630.304253765
"8095",136981.621225119
"8096",137088.78917622
"8097",137232.473151036
"8098",137813.022626044
"8099",138051.796675574
"8100",138854.046921527
"8101",138635.497286653
"8102",138754.790480754
"8103",138543.778314475
"8104",138476.741508637
"8105",138707.829875065
"8106",139265.457193076
"8107",139283.010641642
"8108",139822.281443355
"8109",140379.780780279
"8110",140576.97996624
"8111",141107.147401974
"8112",141100.401270888
"8113",140827.521497311
"8114",140811.270522336
"8115",141329.322646223
"8116",140958.686174052
"8117",141258.475182609
"8118",141164.284866942
"8119",141719.91629613
"8120",141914.27547036
"8121",142129.890534251
"8122",141431.831570638
"8123",142052.52943159
"8124",142028.343005971
"8125",142261.693506241
"8126",142500.195780735
"8127",142716.71268294
"8128",142883.297704374
"8129",143085.707953604
"8130",142643.103437442
"8131",142799.902235033
"8132",143443.082718224
"8133",143185.258655645
"8134",143544.136386672
"8135",144038.93734263
"8136",143576.942862622
"8137",143450.574454104
"8138",143858.010472072
"8139",144035.502880312
"8140",144310.713932939
"8141",144191.344259813
"8142",144929.623390644
"8143",145381.643402573
"8144",145318.655045451
"8145",144934.31878204
"8146",145075.302072664
"8147",145235.234850378
"8148",145940.860125612
"8149",145409.389883015
"8150",146141.838337873
"8151",146977.306855804
"8152",147229.550291757
"8153",147152.755484243
"8154",147410.23360796
"8155",147102.323507193
"8156",147150.13378965
"8157",147721.220999197
"8158",147996.634134879
"8159",147972.212237593
"8160",148201.158673792
"8161",148413.731344286
"8162",148332.423640618
"8163",148199.142130244
"8164",148569.621055608
"8165",149098.783771505
"8166",149104.245258593
"8167",149947.151955174
"8168",149497.144216968
"8169",149516.846224622
"8170",149518.726105086
"8171",150082.428722912
"8172",150124.344481155
"8173",150398.086210283
"8174",150901.74821741
"8175",150858.127226257
"8176",151117.263725204
"8177",150772.826247079
"8178",151209.975626286
"8179",151675.370500379
"8180",151580.212055664
"8181",151463.420523577
"8182",151876.074703147
"8183",151671.772801086
"8184",152014.997791702
"8185",151978.81218379
"8186",151943.347471399
"8187",151685.186038981
"8188",152199.550703987
"8189",152517.466172797
"8190",152818.16139001
"8191",152934.312809368
"8192",153515.619609711
"8193",154633.903824994
"8194",154904.274696179
"8195",155256.093658286
"8196",155700.203212537
"8197",156106.668579875
"8198",156320.972941431
"8199",156945.569041761
"8200",157264.887193399
"8201",158027.224571863
"8202",158199.897324852
"8203",158116.966120665
"8204",158226.65546573
"8205",158289.950872594
"8206",158337.578853686
"8207",158729.729238333
"8208",158668.257061596
"8209",159086.015188679
"8210",159659.155055977
"8211",159716.972050707
"8212",159203.214834856
"8213",159041.068163754
"8214",158987.900275282
"8215",159397.45164096
"8216",159622.705642013
"8217",159624.686411881
"8218",159492.855387683
"8219",159951.979715161
"8220",160262.994115271
"8221",160486.413998434
"8222",161582.120652797
"8223",161859.377051028
"8224",161895.18038998
"8225",161997.040515691
"8226",162033.068964575
"8227",162730.758844178
"8228",162576.628088731
"8229",162850.758115932
"8230",162906.398367381
"8231",163508.862499284
"8232",163766.461446362
"8233",163676.5387666
"8234",163408.035802382
"8235",163420.679944761
"8236",163468.374430549
"8237",163458.517727237
"8238",164197.982828727
"8239",164116.166347578
"8240",164816.722346079
"8241",164180.62755701
"8242",164725.223757397
"8243",164781.391874219
"8244",164793.821882982
"8245",164969.902658669
"8246",165024.520710246
"8247",164585.277492
"8248",164818.698888002
"8249",166061.176694349
"8250",166679.163637742
"8251",166865.83457609
"8252",167108.373553141
"8253",167557.909998171
"8254",168499.215242801
"8255",168036.260053482
"8256",168542.393263449
"8257",168550.7373313
"8258",168583.59585662
"8259",168720.894202456
"8260",169398.863358538
"8261",168971.23032041
"8262",168594.216986295
"8263",169351.329533882
"8264",169563.239579062
"8265",170055.202598575
"8266",170517.25072202
"8267",171174.820998824
"8268",171061.126096625
"8269",171099.98537126
"8270",170801.225833916
"8271",171270.197716105
"8272",171761.165876621
"8273",171776.83078473
"8274",172158.647998664
"8275",172919.80192135
"8276",172739.44571354
"8277",173145.770376122
"8278",173672.632151596
"8279",174087.356253795
"8280",174521.780137888
"8281",174809.851484575
"8282",175101.266614971
"8283",175894.635722698
"8284",176283.968468145
"8285",176016.595464723
"8286",176669.995898683
"8287",177332.151928613
"8288",177884.837898623
"8289",178160.482522521
"8290",178853.339687622
"8291",178878.984665829
"8292",178531.108628054
"8293",178961.094468299
"8294",179395.007841517
"8295",179739.533254973
"8296",180925.116974166
"8297",181563.550601443
"8298",181828.475955555
"8299",181906.871712811
"8300",182536.984618557
"8301",183385.202899117
"8302",183667.581406596
"8303",183814.258812725
"8304",184550.723602345
"8305",185367.344779788
"8306",185720.969585783
"8307",185563.123041245
"8308",185250.580286482
"8309",185288.407470736
"8310",185403.524400602
"8311",185237.8693886
"8312",185834.792139196
"8313",186171.871682578
"8314",186732.70340021
"8315",186842.865940862
"8316",187465.613118516
"8317",187135.712488377
"8318",187299.283183899
"8319",187860.472148795
"8320",187808.182715712
"8321",188337.474154689
"8322",188973.258513545
"8323",189701.157850251
"8324",189807.391490866
"8325",190108.598662732
"8326",190725.738232598
"8327",190796.47313363
"8328",190907.352826154
"8329",190620.915379573
"8330",190581.801890087
"8331",190719.289974152
"8332",190785.229408813
"8333",191020.275396482
"8334",190887.751780892
"8335",190758.621107772
"8336",190577.76272451
"8337",190193.384345229
"8338",189989.533047761
"8339",190136.196773073
"8340",189872.181152572
"8341",190137.013326347
"8342",189950.776187766
"8343",190030.841573499
"8344",190851.851229083
"8345",191394.801509978
"8346",192365.49230949
"8347",192922.52868568
"8348",193439.503901806
"8349",193341.847103346
"8350",192791.554455518
"8351",193070.265421152
"8352",193720.251823853
"8353",194460.646445219
"8354",195077.422378026
"8355",195640.646700496
"8356",194767.524981564
"8357",194937.26893014
"8358",195230.862552553
"8359",195779.235143509
"8360",195790.416234895
"8361",196267.386569057
"8362",196652.27721102
"8363",196877.517411035
"8364",197013.131731748
"8365",197484.489816008
"8366",197315.82953117
"8367",197391.094937294
"8368",197318.893786321
"8369",197557.159488704
"8370",196617.655221721
"8371",196892.349486885
"8372",197581.971754944
"8373",198056.909076609
"8374",198467.60140166
"8375",198697.878555818
"8376",198530.055292335
"8377",198744.955322087
"8378",199400.31207613
"8379",199763.137418837
"8380",199581.823017095
"8381",199636.473553704
"8382",200404.681234502
"8383",200711.091953745
"8384",200961.083949746
"8385",200796.748937999
"8386",200352.593827782
"8387",200950.21869434
"8388",201388.312898666
"8389",201479.986228938
"8390",201684.322588476
"8391",201729.465988621
"8392",202050.989261582
"8393",202189.265621406
"8394",201666.028354524
"8395",201701.826007283
"8396",202541.68264742
"8397",202597.636063691
"8398",202581.185455785
"8399",203017.411232639
"8400",203487.529199188
"8401",204251.655009907
"8402",204500.884894563
"8403",204998.250285692
"8404",205223.61498583
"8405",204804.88825651
"8406",204735.067897717
"8407",205818.117253684
"8408",206217.872932393
"8409",206179.698304004
"8410",206153.630234784
"8411",206103.040232807
"8412",206550.585824876
"8413",206943.563518296
"8414",208268.802175303
"8415",207761.315945259
"8416",207363.445930905
"8417",207673.028211264
"8418",207791.189484143
"8419",207695.942813302
"8420",208623.935069991
"8421",209028.601786845
"8422",209100.778173405
"8423",209713.046385192
"8424",209812.798066771
"8425",209427.721558586
"8426",209850.217154687
"8427",209919.579027418
"8428",209644.252400599
"8429",210462.649507468
"8430",209882.359051721
"8431",210566.881474847
"8432",211115.688485975
"8433",211744.181238664
"8434",211628.886728307
"8435",211901.571457449
"8436",212144.722274396
"8437",212217.086780878
"8438",212243.698237295
"8439",212224.276079698
"8440",213114.637558799
"8441",214092.403532823
"8442",214579.685747254
"8443",214266.216550888
"8444",214045.625847402
"8445",214194.87056062
"8446",213879.814189429
"8447",214342.39726111
"8448",215124.243374681
"8449",216247.383782755
"8450",217107.756189023
"8451",217763.335923637
"8452",218416.016438071
"8453",219477.236612122
"8454",219841.414396062
"8455",220586.969866166
"8456",220500.341885281
"8457",221015.135639187
"8458",221293.313663863
"8459",220898.676977875
"8460",220852.574390949
"8461",221359.319684108
"8462",221325.142320729
"8463",221267.180680326
"8464",222085.182020878
"8465",222603.881231782
"8466",222750.740849333
"8467",223043.130564775
"8468",223639.201613994
"8469",222874.518839249
"8470",222653.834648559
"8471",222545.685501697
"8472",223128.498048721
"8473",222784.415661835
"8474",222540.267438252
"8475",223476.916624871
"8476",223295.243675036
"8477",223426.972976892
"8478",223717.21564507
"8479",223601.056794239
"8480",223838.47879472
"8481",224265.419178513
"8482",224294.552823518
"8483",223734.495976747
"8484",224522.343304979
"8485",224472.332954862
"8486",224836.43306448
"8487",225724.963103651
"8488",226523.297487314
"8489",227885.389521844
"8490",227816.954479383
"8491",228281.194907445
"8492",227705.462409343
"8493",227378.439068931
"8494",227331.882626411
"8495",227456.336099153
"8496",227386.876116052
"8497",227703.161249333
"8498",227357.290184589
"8499",227231.772667145
"8500",227800.37516398
"8501",227654.289841368
"8502",227589.270457241
"8503",227819.504813489
"8504",228384.054009039
"8505",228669.996271616
"8506",228707.006857081
"8507",229383.232991041
"8508",230139.014985494
"8509",230227.640748654
"8510",231329.963281265
"8511",232141.735202626
"8512",232061.732243981
"8513",232897.708809217
"8514",232773.751305496
"8515",232918.480406709
"8516",233128.904329638
"8517",233146.492967949
"8518",233827.365497921
"8519",233720.061006875
"8520",233711.427777514
"8521",233864.139486267
"8522",233975.667710454
"8523",235416.104218624
"8524",236535.901188912
"8525",236064.920781412
"8526",236312.473501476
"8527",236401.380676993
"8528",236336.146812813
"8529",237455.160358679
"8530",238241.520852471
"8531",238528.724796582
"8532",238829.896782241
"8533",239086.001985488
"8534",239528.541164429
"8535",240107.531549737
"8536",240575.499896828
"8537",241413.004915428
"8538",241685.746126786
"8539",242155.642766294
"8540",243412.043055328
"8541",243407.124498838
"8542",244075.540238063
"8543",244966.869778859
"8544",246071.504142864
"8545",245900.993217534
"8546",245926.373129734
"8547",246893.418810708
"8548",246443.199701096
"8549",246381.003490966
"8550",246188.911736508
"8551",246459.208068379
"8552",246758.778944686
"8553",247240.80589677
"8554",247584.861440407
"8555",248230.147544025
"8556",248508.55963707
"8557",249282.193770187
"8558",249983.790890992
"8559",250273.306219952
"8560",251481.828355595
"8561",251897.796502531
"8562",252198.603557442
"8563",252467.386498172
"8564",253337.868141163
"8565",253621.024271598
"8566",254007.899764794
"8567",254303.086812911
"8568",254832.388227223
"8569",255044.672578376
"8570",255438.282718754
"8571",255633.178885883
"8572",256807.014448284
"8573",257284.287806194
"8574",257929.741099918
"8575",257936.565663605
"8576",257434.554548605
"8577",257429.714933511
"8578",258308.904534663
"8579",258941.740627343
"8580",259094.127460778
"8581",259648.414044171
"8582",259170.069026859
"8583",259553.427662392
"8584",259492.762691746
"8585",260326.860920857
"8586",260263.08248662
"8587",260614.012170324
"8588",260048.749799798
"8589",260012.480767331
"8590",260388.341435321
"8591",260945.064603834
"8592",261514.488881582
"8593",261922.966898345
"8594",262376.877627404
"8595",262598.867838537
"8596",262930.351090403
"8597",263037.927060485
"8598",262858.281670278
"8599",263648.190995503
"8600",264120.547388073
"8601",265201.610100858
"8602",266129.453745139
"8603",266245.767916362
"8604",266145.680419323
"8605",265538.091691089
"8606",266006.578460854
"8607",265553.979108646
"8608",266244.182728888
"8609",266718.463612507
"8610",266938.266569795
"8611",267085.079680385
"8612",266912.283632466
"8613",267411.677987925
"8614",268355.742553967
"8615",268217.397448754
"8616",268492.190325492
"8617",269266.776852416
"8618",270304.10584591
"8619",271411.083416711
"8620",271675.515596276
"8621",272555.522889128
"8622",272656.939263312
"8623",272676.323628942
"8624",272625.810489902
"8625",273540.740696683
"8626",273804.250185419
"8627",274065.637635052
"8628",274033.859111797
"8629",273905.102721155
"8630",274581.453695111
"8631",275397.554707798
"8632",276609.022936632
"8633",277613.403112211
"8634",276566.927665939
"8635",276373.292884312
"8636",276416.625049688
"8637",276925.899123215
"8638",277890.858183625
"8639",278210.925745389
"8640",277287.990409965
"8641",277565.893232732
"8642",278223.494298072
"8643",278502.815944789
"8644",279273.09540112
"8645",280008.131431065
"8646",279937.743392343
"8647",279584.908582074
"8648",280242.18918557
"8649",280485.05996221
"8650",279437.481113495
"8651",279247.085824616
"8652",280077.370729887
"8653",281242.427228865
"8654",281556.555678103
"8655",281828.19175951
"8656",281277.875717851
"8657",280935.617602458
"8658",281414.460572043
"8659",281557.194461722
"8660",282771.395616021
"8661",283127.709800511
"8662",283127.176772947
"8663",282766.346755526
"8664",283100.711465513
"8665",283277.391821939
"8666",284292.25519143
"8667",284636.637371096
"8668",285034.259451989
"8669",284409.040063393
"8670",284894.244781787
"8671",285382.307991002
"8672",285832.45108947
"8673",285585.051484438
"8674",285063.499866602
"8675",285814.883114695
"8676",286124.301929919
"8677",286578.163625092
"8678",286481.448625714
"8679",287268.800234821
"8680",287232.299580996
"8681",287798.878719918
"8682",287905.512756513
"8683",288594.330944752
"8684",288719.794952631
"8685",288601.158531558
"8686",289339.233053659
"8687",289844.143039269
"8688",290046.428345066
"8689",290122.787512829
"8690",290336.885604894
"8691",291257.672144586
"8692",291559.203405637
"8693",292251.575319844
"8694",293102.873177684
"8695",293578.8624249
"8696",294062.344782812
"8697",294010.574154054
"8698",295588.322416963
"8699",296255.555866814
"8700",295859.50382573
"8701",296676.403126059
"8702",298075.6409618
"8703",298189.74353905
"8704",298001.066238232
"8705",299534.74387433
"8706",300584.452809837
"8707",300769.907217349
"8708",300564.8203089
"8709",301503.353218478
"8710",302154.531974527
"8711",302240.461056168
"8712",302665.243673742
"8713",302409.947441156
"8714",303228.98243668
"8715",304464.710559783
"8716",304643.11890225
"8717",305090.699089259
"8718",306109.726428319
"8719",306353.208733058
"8720",307976.331215762
"8721",308787.77045119
"8722",309124.32945348
"8723",309424.320295213
"8724",310307.60789508
"8725",310126.815631688
"8726",310006.531665127
"8727",310845.999661352
"8728",311003.892279774
"8729",311931.509823364
"8730",312149.75228104
"8731",312215.256728667
"8732",311906.962527924
"8733",313025.614200207
"8734",313172.99989432
"8735",313389.309335703
"8736",313285.327540951
"8737",313908.752212853
"8738",314479.805535855
"8739",314699.795176
"8740",315492.022788722
"8741",314789.311486853
"8742",315718.316581685
"8743",316136.500209938
"8744",315972.674160873
"8745",317044.009216981
"8746",319659.440870861
"8747",320209.037727133
"8748",320286.883329611
"8749",321170.103224552
"8750",321229.356604386
"8751",321300.851068936
"8752",322397.042051166
"8753",323089.585798319
"8754",323596.78071776
"8755",324290.250751007
"8756",325153.061836054
"8757",324896.061744816
"8758",325054.817563743
"8759",325146.527202839
"8760",325250.695404489
"8761",325575.632201066
"8762",325037.738669193
"8763",324985.923232002
"8764",325167.207552725
"8765",324999.503290659
"8766",325103.486598996
"8767",325632.11976256
"8768",326860.317948457
"8769",327359.046204164
"8770",327844.128062049
"8771",327760.817766178
"8772",327658.414746831
"8773",327761.997639373
"8774",327683.338119049
"8775",327511.738122763
"8776",327940.288410012
"8777",328133.35105721
"8778",328073.532889805
"8779",328231.44182572
"8780",328834.29884598
"8781",329479.345810422
"8782",329094.990685149
"8783",329649.610162467
"8784",330186.689436224
"8785",330636.013218956
"8786",329845.853982358
"8787",330655.235526723
"8788",331748.920771451
"8789",332171.950131847
"8790",332592.414610804
"8791",334043.355807395
"8792",334780.404835946
"8793",335204.955884532
"8794",335682.90502754
"8795",335860.434576127
"8796",335695.872291991
"8797",335668.752033138
"8798",337340.060680559
"8799",337840.634283371
"8800",338324.425754248
"8801",339039.19354679
"8802",340526.037409205
"8803",341343.279041031
"8804",341975.308286037
"8805",342433.966467063
"8806",342430.040510181
"8807",342264.690402358
"8808",343076.242079102
"8809",343252.080043007
"8810",344841.452472411
"8811",345035.648269059
"8812",344925.954821978
"8813",345111.214390058
"8814",346024.113868141
"8815",346337.621170938
"8816",346962.386433311
"8817",346789.115369813
"8818",348095.751234809
"8819",349094.111310484
"8820",349113.984707851
"8821",349968.617441678
"8822",349928.881009454
"8823",350621.543095141
"8824",350386.46248327
"8825",351558.05993264
"8826",351637.903608927
"8827",352146.879134389
"8828",352800.90633517
"8829",352430.85301354
"8830",353042.704924567
"8831",354384.305950734
"8832",354953.291931897
"8833",355393.496125172
"8834",355612.145493343
"8835",355279.679761371
"8836",355443.608996401
"8837",356225.563740826
"8838",356027.602261398
"8839",357723.105768011
"8840",358996.847111198
"8841",359669.710970131
"8842",361465.953041353
"8843",362649.3473291
"8844",363577.248170209
"8845",364764.134217645
"8846",365238.729329238
"8847",366687.350891964
"8848",367753.480600814
"8849",367953.303366415
"8850",367706.767699128
"8851",367975.561128449
"8852",368362.646057586
"8853",369613.681126215
"8854",370793.130167956
"8855",371300.450719887
"8856",372169.482230541
"8857",372006.249686768
"8858",372274.009649923
"8859",373231.197655529
"8860",373595.176822985
"8861",373851.691163942
"8862",374619.833396797
"8863",374308.103669746
"8864",374420.126824675
"8865",375775.378683672
"8866",376303.854099616
"8867",376618.64065075
"8868",377476.714817857
"8869",376252.853985495
"8870",375814.015557223
"8871",375486.916054045
"8872",375094.441808728
"8873",375610.565665374
"8874",376239.15622616
"8875",376849.211667705
"8876",377335.031718726
"8877",378049.860779749
"8878",378816.020539796
"8879",379936.612604624
"8880",380671.575010872
"8881",380095.982875512
"8882",379358.249109979
"8883",380670.898171151
"8884",381190.806572346
"8885",381186.065848441
"8886",381797.315321171
"8887",382793.327380156
"8888",383923.614577935
"8889",382975.52993753
"8890",383503.983599164
"8891",384349.688892869
"8892",385167.287913375
"8893",384758.051814564
"8894",384613.881813438
"8895",385198.295650299
"8896",386657.15964309
"8897",387586.539523883
"8898",389202.933942132
"8899",389777.026162307
"8900",389424.697103476
"8901",390272.589316295
"8902",391006.404195914
"8903",391519.407153767
"8904",392481.871849163
"8905",393999.327521258
"8906",393822.179803305
"8907",394767.396276516
"8908",395910.431672373
"8909",395924.144858312
"8910",396552.040633181
"8911",396822.64296697
"8912",397790.468140337
"8913",397320.740292825
"8914",397921.111704134
"8915",398655.146771432
"8916",399797.052695783
"8917",400509.881507539
"8918",402292.48650221
"8919",403494.941621711
"8920",404639.608534121
"8921",405811.921692748
"8922",406060.287807423
"8923",406352.711808995
"8924",407238.702730425
"8925",407420.143829229
"8926",407143.699515664
"8927",408330.681463552
"8928",409521.227311308
"8929",410727.180988569
"8930",411385.944756363
"8931",412493.312292791
"8932",414219.652091767
"8933",414873.202488412
"8934",415617.756005786
"8935",415414.919324326
"8936",415684.168890973
"8937",415672.828511435
"8938",416085.517801045
"8939",417269.219153632
"8940",417925.222199043
"8941",419237.946834401
"8942",419079.463342219
"8943",419323.309411701
"8944",419898.801444286
"8945",420693.389081044
"8946",420553.489213679
"8947",420856.721788558
"8948",420412.719821731
"8949",422337.419436627
"8950",423084.791971319
"8951",424066.518789269
"8952",425189.998728913
"8953",425174.33105186
"8954",425866.56310259
"8955",425176.07411681
"8956",425673.803798637
"8957",425692.524780359
"8958",426788.374489661
"8959",426218.542260257
"8960",426530.092668292
"8961",426353.052626969
"8962",426348.437944597
"8963",426904.111942889
"8964",426806.670821628
"8965",427227.229508192
"8966",427537.263139658
"8967",428148.328294904
"8968",429206.270924353
"8969",429131.744417436
"8970",429547.542058338
"8971",429910.28632287
"8972",431520.796981742
"8973",432345.928186465
"8974",433219.278483911
"8975",434328.386774108
"8976",434575.479774017
"8977",434505.908754773
"8978",435958.652132713
"8979",436857.821439637
"8980",437139.261521376
"8981",437541.96580692
"8982",437409.69943471
"8983",437923.152394329
"8984",437551.031121374
"8985",438641.96627799
"8986",439589.85245546
"8987",440317.945907074
"8988",441176.922636062
"8989",441800.128039845
"8990",441575.562376284
"8991",441774.654966376
"8992",443181.547240681
"8993",442977.660947275
"8994",443763.578755558
"8995",444009.062841765
"8996",444836.565661896
"8997",445615.10032617
"8998",446487.236965396
"8999",447467.894548908
"9000",447531.198624442
"9001",448456.697037821
"9002",448542.207628013
"9003",448488.860170968
"9004",448787.113961353
"9005",448796.183238464
"9006",449712.189928478
"9007",450563.471166064
"9008",451879.760050917
"9009",452125.350818939
"9010",453464.923949403
"9011",452954.879619796
"9012",453403.145768854
"9013",453350.936439023
"9014",454209.184891345
"9015",454336.289813257
"9016",455434.520037755
"9017",456388.153327584
"9018",456919.790951109
"9019",456625.448901079
"9020",457920.317017779
"9021",458835.574931473
"9022",461005.005728833
"9023",461759.974768029
"9024",463386.316032539
"9025",465061.809507863
"9026",464570.387042749
"9027",464160.187606452
"9028",464393.002629027
"9029",465383.688664316
"9030",465973.311085469
"9031",467577.828261219
"9032",467271.985176844
"9033",467606.30471007
"9034",468427.736414369
"9035",467666.453785947
"9036",468931.616182503
"9037",469734.488140773
"9038",470319.179758976
"9039",471692.550302314
"9040",472123.306303438
"9041",472941.981868536
"9042",474039.044333294
"9043",475508.491143105
"9044",476246.128204302
"9045",476610.144873813
"9046",478081.091284011
"9047",479659.211759744
"9048",479929.16626223
"9049",481046.777678049
"9050",482458.049464325
"9051",482785.917119863
"9052",484203.221099532
"9053",484980.811682405
"9054",486261.281926576
"9055",485784.480717444
"9056",487124.523501526
"9057",488447.218713665
"9058",488633.707530391
"9059",488894.974289727
"9060",489825.869111413
"9061",490791.837210693
"9062",490202.204969616
"9063",490601.93338968
"9064",492646.07075105
"9065",493232.649799044
"9066",493438.797736827
"9067",494394.481915918
"9068",494587.890887275
"9069",496093.747575476
"9070",497315.194834022
"9071",497851.982274182
"9072",499155.343749631
"9073",499514.126597537
"9074",500708.00985139
"9075",501469.48931056
"9076",502485.993297343
"9077",503745.34859902
"9078",503866.5438686
"9079",503449.062644609
"9080",504512.648699818
"9081",505206.130052424
"9082",506516.627439238
"9083",506866.937545138
"9084",508388.255905197
"9085",508353.443573622
"9086",508728.024120768
"9087",510832.744315815
"9088",510141.41592762
"9089",511029.753135231
"9090",510717.31465037
"9091",510489.304015216
"9092",510570.905295446
"9093",511832.646895229
"9094",512656.931005724
"9095",513005.26094313
"9096",513887.012920231
"9097",514957.999394434
"9098",516807.01927184
"9099",516831.785182571
"9100",519063.029051437
"9101",518983.114606133
"9102",520146.421483966
"9103",521493.326541783
"9104",522200.127278306
"9105",522706.747442593
"9106",523561.855801491
"9107",523258.110144454
"9108",522287.119660637
"9109",522323.646738714
"9110",522167.740276561
"9111",523298.544722565
"9112",524006.516692456
"9113",524729.798323695
"9114",525672.685588228
"9115",526669.163296788
"9116",528106.355574555
"9117",528038.852794184
"9118",529114.588305735
"9119",529435.148953151
"9120",530933.055992571
"9121",531400.504282395
"9122",531542.387423801
"9123",532562.825119753
"9124",533957.898674611
"9125",534459.501540603
"9126",536477.40001109
"9127",537792.531832696
"9128",538870.957341103
"9129",540182.611908445
"9130",540631.816810687
"9131",541710.876338973
"9132",543671.888462073
"9133",545003.513745482
"9134",546604.499103311
"9135",546532.128892206
"9136",547492.401350607
"9137",547756.717288015
"9138",548494.363639959
"9139",549484.520297054
"9140",550631.32401837
"9141",551998.733165621
"9142",551833.361215064
"9143",553087.924834573
"9144",553657.901486757
"9145",553497.936509378
"9146",552871.738406926
"9147",553326.79308474
"9148",553450.745283148
"9149",554084.431980018
"9150",555788.31325421
"9151",557088.543735725
"9152",558116.45677695
"9153",558807.15482307
"9154",559291.275557014
"9155",560521.590973706
"9156",561555.645739704
"9157",561931.596903078
"9158",563997.371801279
"9159",565248.315327867
"9160",566305.274405461
"9161",567105.785156787
"9162",567856.549155556
"9163",568585.761863953
"9164",570448.293309093
"9165",570917.97725395
"9166",571480.235975139
"9167",572104.586800125
"9168",573186.614597404
"9169",573566.154277507
"9170",574153.004496785
"9171",574875.866085421
"9172",574849.803655481
"9173",576877.61103417
"9174",577567.562627761
"9175",577921.918141881
"9176",578028.982293159
"9177",576989.346018032
"9178",578765.124713112
"9179",579223.119530618
"9180",579055.289955077
"9181",579481.083458342
"9182",581205.418414365
"9183",582483.893404727
"9184",583156.642038174
"9185",583559.841732584
"9186",584660.979213771
"9187",585011.53791039
"9188",585041.632707849
"9189",587084.043225536
"9190",588359.260062365
"9191",589067.144355846
"9192",588270.639848825
"9193",588716.571462195
"9194",590245.700298848
"9195",591166.481053174
"9196",591460.370624179
"9197",591547.404849716
"9198",591725.517388162
"9199",592478.729045346
"9200",593367.795479034
"9201",593999.060665724
"9202",594413.891850002
"9203",594312.378721347
"9204",594090.035669467
"9205",594231.299994661
"9206",595441.023673704
"9207",595277.528440372
"9208",595554.271694359
"9209",596393.971556966
"9210",596473.199706422
"9211",596705.655601416
"9212",597080.879235802
"9213",598006.519655031
"9214",598677.49575444
"9215",599236.875887167
"9216",600362.806812942
"9217",602468.416671286
"9218",603588.500166183
"9219",605098.047029607
"9220",604341.519779221
"9221",603903.040025086
"9222",604657.790845464
"9223",604745.865663997
"9224",605288.901028564
"9225",606708.933525581
"9226",606982.888116383
"9227",608044.950014434
"9228",608068.393783922
"9229",609150.500105176
"9230",609704.527108582
"9231",610333.682181898
"9232",611569.382108726
"9233",612982.135523186
"9234",613650.814724243
"9235",614313.771075782
"9236",615103.521618439
"9237",615775.153102394
"9238",616367.858719915
"9239",616525.182729708
"9240",617800.186269469
"9241",619130.72307182
"9242",619092.919027765
"9243",619989.710838175
"9244",621153.225377788
"9245",621971.8167817
"9246",622680.987979841
"9247",622478.354082045
"9248",622104.221265365
"9249",622730.818702932
"9250",623430.142604893
"9251",623818.272562299
"9252",625699.616035138
"9253",626958.729513252
"9254",626671.199524741
"9255",626660.946121722
"9256",627083.988088035
"9257",626475.920216342
"9258",627926.383271834
"9259",628415.911828744
"9260",629560.704769684
"9261",630001.311541401
"9262",630634.20642837
"9263",631429.853535673
"9264",632676.414410479
"9265",633781.285900735
"9266",635720.538424723
"9267",637986.14279153
"9268",638505.926692909
"9269",639707.267792824
"9270",639949.67848198
"9271",640897.781569453
"9272",640896.305168658
"9273",641541.902392792
"9274",642235.605929241
"9275",642013.483906111
"9276",642956.083699947
"9277",644875.052084791
"9278",645375.662037401
"9279",646065.096999992
"9280",647526.447851294
"9281",648789.0928398
"9282",651289.551504269
"9283",651918.021561199
"9284",652338.141571294
"9285",652657.845543297
"9286",653796.660350702
"9287",653546.764999657
"9288",654085.141988084
"9289",654345.890444353
"9290",655840.498839142
"9291",655940.623078957
"9292",656669.858007562
"9293",657590.484235893
"9294",657985.498300294
"9295",657375.274290591
"9296",657745.797934369
"9297",659654.15813752
"9298",660636.243090764
"9299",660045.460130986
"9300",661177.427451662
"9301",661527.017214999
"9302",661903.062838109
"9303",663393.468379497
"9304",665462.485099073
"9305",667943.949364329
"9306",669336.225764945
"9307",669649.039797932
"9308",670129.439261178
"9309",671973.613345184
"9310",672250.981229849
"9311",672105.096503686
"9312",673063.067431292
"9313",673130.976725001
"9314",674850.078702113
"9315",675928.153247275
"9316",677437.161266921
"9317",677895.940234491
"9318",679514.372482139
"9319",680674.376618446
"9320",682264.95564117
"9321",683269.746667486
"9322",684790.431880784
"9323",686378.504219465
"9324",686733.345055523
"9325",688355.976931284
"9326",689904.178659421
"9327",690247.270952744
"9328",691163.688425918
"9329",691916.928305779
"9330",693156.416701143
"9331",694277.303311749
"9332",696385.729834538
"9333",696075.918020058
"9334",697358.19717909
"9335",696894.957147899
"9336",699485.981991251
"9337",701985.910096758
"9338",702067.420271194
"9339",701654.655847458
"9340",704180.395818951
"9341",705113.298222845
"9342",707050.517464627
"9343",707774.762434092
"9344",710150.58551109
"9345",710979.168199611
"9346",711765.37702754
"9347",712167.669775354
"9348",713051.294681421
"9349",714542.607691323
"9350",715428.874742787
"9351",717160.596508947
"9352",718230.560723108
"9353",718692.422832513
"9354",720130.440533749
"9355",721434.644813705
"9356",722004.421766225
"9357",722554.091516712
"9358",723343.761835462
"9359",726355.391547292
"9360",727558.774394281
"9361",728336.125839466
"9362",729445.166532227
"9363",729764.607184886
"9364",730064.777700272
"9365",732138.140380486
"9366",732831.112408041
"9367",734085.515644597
"9368",735040.446906059
"9369",736142.002421983
"9370",738081.268840646
"9371",738472.813301734
"9372",739984.660423878
"9373",740298.125669752
"9374",741137.726517434
"9375",740971.854064572
"9376",742105.784750731
"9377",743720.663993983
"9378",744925.466513692
"9379",745888.223806104
"9380",746498.812898931
"9381",746423.48442621
"9382",746811.378853436
"9383",747494.762733638
"9384",749824.221411436
"9385",750803.829438052
"9386",750986.880592363
"9387",752852.456531148
"9388",753037.75766333
"9389",753356.091121896
"9390",755507.465334599
"9391",756353.597471028
"9392",757025.479067079
"9393",756880.303752361
"9394",759747.738478662
"9395",760328.644380581
"9396",761641.587239142
"9397",762693.7657197
"9398",764043.30394669
"9399",765758.999390258
"9400",767731.337923081
"9401",769010.838182396
"9402",770041.779070633
"9403",769930.727917714
"9404",771382.149542555
"9405",772578.305010197
"9406",773724.352963086
"9407",774890.203476392
"9408",776730.600336545
"9409",778585.112485205
"9410",780125.14204474
"9411",780959.110078213
"9412",782801.738882778
"9413",784743.80146291
"9414",784293.37922756
"9415",785806.03123702
"9416",786105.01660694
"9417",786264.563083496
"9418",786689.608497982
"9419",788793.10749566
"9420",789594.944289702
"9421",791064.853590426
"9422",791236.376251998
"9423",792045.872421746
"9424",794033.252691422
"9425",797153.322071509
"9426",798223.679298774
"9427",800783.730493585
"9428",802056.291584958
"9429",803149.730284833
"9430",804833.095858151
"9431",805763.514560421
"9432",805001.331771498
"9433",805164.719699728
"9434",805738.494411808
"9435",806487.465822061
"9436",808780.437245664
"9437",809107.987909618
"9438",811732.710919139
"9439",811696.098065404
"9440",812985.719849137
"9441",814275.214632368
"9442",814611.99047247
"9443",816337.113158282
"9444",818180.032434289
"9445",820407.481100973
"9446",821522.008278275
"9447",822597.744458702
"9448",824207.394476835
"9449",824227.939072163
"9450",823942.052443594
"9451",825912.931696017
"9452",826252.705074936
"9453",827792.082258797
"9454",830501.882532985
"9455",831423.646171731
"9456",831536.958529631
"9457",832361.407279889
"9458",832221.136795858
"9459",832366.828713122
"9460",834012.028660268
"9461",834481.966226694
"9462",836384.434061198
"9463",836444.337423445
"9464",836153.002777576
"9465",836660.37467011
"9466",837791.460839624
"9467",838999.902314022
"9468",839584.711088004
"9469",841612.408783829
"9470",842312.727119925
"9471",844177.10937416
"9472",845777.017063975
"9473",847105.763142952
"9474",847916.46422314
"9475",849738.372433164
"9476",851603.757265643
"9477",852265.086023784
"9478",853879.002673858
"9479",853404.938553322
"9480",854209.219246513
"9481",854018.486949345
"9482",855057.836652578
"9483",855790.102102169
"9484",856341.287236638
"9485",858027.447058928
"9486",859148.044719703
"9487",860833.554535492
"9488",860914.634369604
"9489",862340.141319154
"9490",864364.199439226
"9491",864865.700016203
"9492",866632.800636165
"9493",867848.026811886
"9494",868059.627338928
"9495",871500.262443185
"9496",872146.135642039
"9497",872509.698585723
"9498",873839.120441401
"9499",874910.159756603
"9500",876448.157877214
"9501",878346.112683363
"9502",879956.457592149
"9503",881022.296625356
"9504",881588.087215646
"9505",881043.075689708
"9506",881722.394173502
"9507",884418.330263201
"9508",885305.514791746
"9509",885849.039752288
"9510",887476.146344867
"9511",889402.464804978
"9512",890428.005685406
"9513",891145.434755436
"9514",892317.937412772
"9515",892681.673135304
"9516",893697.915346935
"9517",894867.049956108
"9518",896040.605330072
"9519",898159.06213341
"9520",899561.540299981
"9521",900692.236477359
"9522",902571.218029437
"9523",903750.338607089
"9524",904816.341837896
"9525",906143.952350206
"9526",907579.116406134
"9527",909229.726909004
"9528",910982.343131887
"9529",912457.999894315
"9530",913792.915866552
"9531",915541.873927604
"9532",916372.393719207
"9533",916715.267712054
"9534",917383.428166782
"9535",918860.429960949
"9536",918351.672842521
"9537",920644.018250797
"9538",922291.921716179
"9539",923720.116866695
"9540",925452.397698768
"9541",925846.727575834
"9542",926135.358286487
"9543",927397.026994862
"9544",929357.932788718
"9545",929050.756861024
"9546",930323.699247741
"9547",930371.999786556
"9548",932533.994502682
"9549",934260.968364812
"9550",936029.844033202
"9551",936818.850851157
"9552",938053.812786048
"9553",938252.773145991
"9554",938870.579571276
"9555",939227.97364238
"9556",940134.777407497
"9557",940438.891472984
"9558",942343.594438529
"9559",943936.355404799
"9560",944167.785812858
"9561",945835.084954788
"9562",947201.692576036
"9563",949545.090774158
"9564",951750.398138695
"9565",953489.654685522
"9566",954414.412442019
"9567",955770.524888039
"9568",958449.726858221
"9569",961378.389257024
"9570",962207.092886612
"9571",963542.877780475
"9572",964798.501782763
"9573",965244.275388584
"9574",967799.874445328
"9575",969675.080255749
"9576",970768.335279815
"9577",972898.132762165
"9578",973373.815956929
"9579",975375.124871945
"9580",976998.153996887
"9581",976651.864299544
"9582",978542.920870881
"9583",980420.29492109
"9584",980663.328322244
"9585",982546.785107145
"9586",984099.232789253
"9587",983797.780351507
"9588",985001.150741157
"9589",985438.523296725
"9590",987223.157851996
"9591",987188.357698091
"9592",989529.665157355
"9593",991833.221751126
"9594",994600.533425923
"9595",996549.336810982
"9596",997975.076048874
"9597",998319.748707462
"9598",999320.119391449
"9599",998828.787951489
"9600",1001327.72823849
"9601",1003297.22252488
"9602",1004992.69605605
"9603",1004866.80313696
"9604",1007006.676169
"9605",1007490.04796734
"9606",1008621.47014187
"9607",1009648.05530248
"9608",1009713.02552883
"9609",1010947.19737196
"9610",1013680.28346352
"9611",1014711.97919062
"9612",1015015.97383052
"9613",1016391.34402544
"9614",1017948.19428306
"9615",1018366.66752446
"9616",1020082.52272881
"9617",1018679.53308424
"9618",1020544.19721324
"9619",1021633.25028497
"9620",1023603.38719348
"9621",1024574.97027316
"9622",1026485.88342133
"9623",1028145.03002058
"9624",1030377.62931843
"9625",1031183.08403621
"9626",1033145.51788421
"9627",1034407.27972749
"9628",1037418.90242093
"9629",1039750.62016907
"9630",1040845.99242385
"9631",1042628.41847752
"9632",1044843.59064348
"9633",1046627.94075616
"9634",1049142.4766583
"9635",1051304.1343427
"9636",1051733.52643884
"9637",1052141.85888659
"9638",1053031.35506054
"9639",1055156.67310266
"9640",1053300.57879735
"9641",1054367.89306034
"9642",1055142.78648232
"9643",1055842.35694134
"9644",1056570.01547879
"9645",1058378.46005148
"9646",1058352.28498109
"9647",1057790.98705632
"9648",1058703.35525995
"9649",1059064.90729817
"9650",1059094.40000207
"9651",1063074.82354241
"9652",1064526.18627025
"9653",1066745.73224885
"9654",1070202.6948222
"9655",1072238.83121313
"9656",1072658.05615811
"9657",1073084.05639654
"9658",1074642.8287827
"9659",1074327.61347318
"9660",1075377.59008037
"9661",1078359.25619463
"9662",1079318.57789686
"9663",1082077.37582281
"9664",1082103.910119
"9665",1082919.89598352
"9666",1084732.89798723
"9667",1088613.89694671
"9668",1088828.44852353
"9669",1090277.68932119
"9670",1091572.15362315
"9671",1094143.64646425
"9672",1094565.21115169
"9673",1098419.96352886
"9674",1099081.27002449
"9675",1100211.83731568
"9676",1101306.80856731
"9677",1102959.02048267
"9678",1105301.32648102
"9679",1106621.83246044
"9680",1109002.09052894
"9681",1109159.30405862
"9682",1110522.66479215
"9683",1110136.45674095
"9684",1111522.06795566
"9685",1113863.92328789
"9686",1114556.08176793
"9687",1116992.32799364
"9688",1119200.93154841
"9689",1122721.43628487
"9690",1124365.21013181
"9691",1125339.00542732
"9692",1125135.18371478
"9693",1126524.12031445
"9694",1127395.41046843
"9695",1129446.84581236
"9696",1131139.33117591
"9697",1133659.81362129
"9698",1134622.88141615
"9699",1135942.18495026
"9700",1138313.94026708
"9701",1140596.65852065
"9702",1142401.52462376
"9703",1143798.9828435
"9704",1145149.79042046
"9705",1146065.17670242
"9706",1147361.29448103
"9707",1150157.78956319
"9708",1151971.67872585
"9709",1154141.76979012
"9710",1156188.77195907
"9711",1157246.37153038
"9712",1158910.86229916
"9713",1161193.64311785
"9714",1162216.2714592
"9715",1162809.22255228
"9716",1162975.92680896
"9717",1163289.52665174
"9718",1163615.57517388
"9719",1166775.6134783
"9720",1168989.46324483
"9721",1169486.80100082
"9722",1170899.57347628
"9723",1171848.98349567
"9724",1173658.87879631
"9725",1175636.21589408
"9726",1177240.53047119
"9727",1179717.86044214
"9728",1181052.26903136
"9729",1181961.12462797
"9730",1184759.90158724
"9731",1189101.72593857
"9732",1189930.94322501
"9733",1191512.20089069
"9734",1191816.8563694
"9735",1195170.95579364
"9736",1196291.19268716
"9737",1196966.52566457
"9738",1197536.09549401
"9739",1199659.07659466
"9740",1200963.54826845
"9741",1203431.32952727
"9742",1204801.75006288
"9743",1207072.17269475
"9744",1210377.95351778
"9745",1212141.38972887
"9746",1213276.96887293
"9747",1215047.12416416
"9748",1217136.40952017
"9749",1218596.53026142
"9750",1221335.95829525
"9751",1222947.58225663
"9752",1223800.45511445
"9753",1226459.90536652
"9754",1228007.17548431
"9755",1230153.47396826
"9756",1231391.01248731
"9757",1232862.82815624
"9758",1234875.67790155
"9759",1235175.78954398
"9760",1236856.03992257
"9761",1238121.97871718
"9762",1241346.29633098
"9763",1242100.85559379
"9764",1243358.33114033
"9765",1246190.39113564
"9766",1248793.73169644
"9767",1250665.26311411
"9768",1253634.519484
"9769",1253865.59731686
"9770",1254576.13015359
"9771",1258200.62550525
"9772",1260476.43949555
"9773",1261779.79738356
"9774",1262692.69452758
"9775",1265951.47182018
"9776",1267358.902692
"9777",1268132.69800229
"9778",1270253.97996038
"9779",1271648.19956041
"9780",1273103.9228125
"9781",1274620.68365293
"9782",1276507.57584336
"9783",1277942.44866231
"9784",1280010.14812827
"9785",1282316.19112974
"9786",1282875.50472998
"9787",1285571.31701343
"9788",1287163.97506407
"9789",1290418.40992232
"9790",1291582.93713853
"9791",1293271.04081994
"9792",1297623.9201234
"9793",1299609.38223794
"9794",1300705.88972527
"9795",1302585.11160479
"9796",1306822.87907832
"9797",1307777.41906981
"9798",1309892.81921761
"9799",1312006.6335107
"9800",1315990.76179519
"9801",1317732.94490647
"9802",1318815.91822748
"9803",1320415.7142291
"9804",1322509.38494941
"9805",1325737.76823838
"9806",1328911.33772228
"9807",1330394.07347468
"9808",1331690.68152326
"9809",1333177.19314659
"9810",1335405.73251505
"9811",1336231.88087159
"9812",1337919.33408132
"9813",1340010.74592402
"9814",1339503.95606236
"9815",1340262.63479407
"9816",1344271.53575495
"9817",1344062.48754907
"9818",1345342.18548197
"9819",1346149.14316012
"9820",1346534.39700286
"9821",1345817.12104638
"9822",1350065.33640324
"9823",1353393.6562723
"9824",1356003.77260157
"9825",1359383.3454122
"9826",1361069.66892022
"9827",1365227.20687575
"9828",1366400.2545768
"9829",1368821.36289137
"9830",1370274.45934972
"9831",1373451.81244621
"9832",1376442.23131639
"9833",1377742.92495993
"9834",1380980.1703501
"9835",1383940.99703677
"9836",1385848.54412283
"9837",1386629.5107638
"9838",1387028.32377097
"9839",1387553.68729667
"9840",1391399.25282982
"9841",1394127.52523686
"9842",1394866.31664751
"9843",1397010.79923617
"9844",1398093.0936707
"9845",1400513.43874732
"9846",1402933.45398797
"9847",1405460.49948403
"9848",1405522.27623384
"9849",1407195.69461508
"9850",1408394.44736478
"9851",1408906.16008211
"9852",1409369.19300305
"9853",1410820.63671227
"9854",1410914.27851227
"9855",1412365.02528805
"9856",1412938.25974011
"9857",1412723.91845994
"9858",1414867.68895329
"9859",1416189.46395831
"9860",1417844.81729685
"9861",1419669.83768618
"9862",1420819.0152597
"9863",1425958.41077909
"9864",1428799.96480805
"9865",1431064.28968735
"9866",1434410.11917811
"9867",1439281.18338719
"9868",1442625.90990571
"9869",1443944.66807713
"9870",1448151.21349218
"9871",1450284.08011084
"9872",1453048.72579585
"9873",1455557.12035955
"9874",1456940.87615186
"9875",1459361.83617503
"9876",1462126.42026564
"9877",1463288.10082259
"9878",1466086.06404528
"9879",1468142.42744112
"9880",1470923.09825163
"9881",1470783.83178825
"9882",1472829.05677631
"9883",1472478.0345077
"9884",1474936.90868199
"9885",1475770.71449373
"9886",1479044.64964526
"9887",1481819.13203897
"9888",1484000.17524124
"9889",1485628.57743197
"9890",1486437.98143115
"9891",1487655.95102687
"9892",1487496.28065591
"9893",1488798.59101076
"9894",1489874.31643751
"9895",1492361.07813781
"9896",1495373.34030671
"9897",1496047.72186828
"9898",1496020.55254196
"9899",1495455.30911303
"9900",1497185.52893024
"9901",1500130.60716885
"9902",1500842.16535442
"9903",1504340.47805342
"9904",1506099.03076259
"9905",1508651.18864713
"9906",1509557.5725147
"9907",1510044.27211459
"9908",1512818.86973681
"9909",1515684.46763682
"9910",1518465.62240688
"9911",1520751.31799216
"9912",1523125.18805861
"9913",1524165.16411966
"9914",1527303.40987217
"9915",1528417.85785367
"9916",1529960.90968445
"9917",1531888.24692168
"9918",1535753.01263414
"9919",1538952.42942651
"9920",1541236.64066985
"9921",1542364.64839194
"9922",1544852.40910695
"9923",1547465.02249759
"9924",1550978.6766792
"9925",1553927.73125059
"9926",1555662.07203219
"9927",1558798.08896056
"9928",1558802.65028422
"9929",1558787.85003246
"9930",1559690.96286661
"9931",1560837.36448383
"9932",1560952.21901968
"9933",1564141.89434216
"9934",1568808.34293654
"9935",1569473.0256881
"9936",1572184.44958844
"9937",1573349.03966555
"9938",1575051.22745922
"9939",1576764.09567888
"9940",1580335.89302234
"9941",1584151.30900992
"9942",1586486.00018723
"9943",1589147.87379998
"9944",1592946.96073164
"9945",1594166.67058872
"9946",1596267.23338543
"9947",1599428.72706654
"9948",1601643.86448476
"9949",1604091.7814553
"9950",1606027.38474614
"9951",1607286.06738536
"9952",1610911.47234338
"9953",1613549.77811072
"9954",1616435.19532028
"9955",1616843.576322
"9956",1618946.36807406
"9957",1622871.32075656
"9958",1623707.51964545
"9959",1626034.54685675
"9960",1628181.25467344
"9961",1630581.56739907
"9962",1631302.79927336
"9963",1633411.47303027
"9964",1636457.7671954
"9965",1638479.70880344
"9966",1640314.4486798
"9967",1641969.00408721
"9968",1642698.3607754
"9969",1644873.69416367
"9970",1647006.44556808
"9971",1650671.515932
"9972",1653123.22876567
"9973",1655324.08898522
"9974",1658212.12071682
"9975",1660501.31098156
"9976",1663426.5650645
"9977",1664669.58327265
"9978",1666753.35436669
"9979",1670052.20339709
"9980",1671925.48345658
"9981",1671278.44984909
"9982",1672369.66700429
"9983",1676148.48783458
"9984",1678809.76429734
"9985",1682211.15461157
"9986",1684430.00804169
"9987",1685719.51565197
"9988",1687081.23609006
"9989",1690022.62711216
"9990",1690224.18334733
"9991",1694202.86104395
"9992",1697776.82777557
"9993",1700767.48549905
"9994",1703667.050125
"9995",1704657.6544158
"9996",1707472.04773624
"9997",1708834.59193784
"9998",1710254.799687
"9999",1711968.67696096
"10000",1715363.21153163
"10001",1719794.30959521
"10002",1721578.82653886
"10003",1725721.84709517
"10004",1730021.93286233
"10005",1731931.86644957
"10006",1733281.60509871
"10007",1735489.07868288
"10008",1736792.65663172
"10009",1738987.27216826
"10010",1738328.89728594
"10011",1741062.60067179
"10012",1744558.25524956
"10013",1744739.32215205
"10014",1745507.37337274
"10015",1747734.48483145
"10016",1750298.55252118
"10017",1753063.37329317
"10018",1752811.11288687
"10019",1754972.57819647
"10020",1755937.7213377
"10021",1757958.4163811
"10022",1760443.40373773
"10023",1762717.27210213
"10024",1766856.36281653
"10025",1767181.70088177
"10026",1769141.73183842
"10027",1771942.83044846
"10028",1775279.0616533
"10029",1778598.75099232
"10030",1780108.16705457
"10031",1782093.5672039
"10032",1784471.51589317
"10033",1787826.82409374
"10034",1788425.28101226
"10035",1790922.33460672
"10036",1794770.48709739
"10037",1796531.08875793
"10038",1800339.16955173
"10039",1802287.54281474
"10040",1807415.04302493
"10041",1808624.59028759
"10042",1810193.54805299
"10043",1812460.01522642
"10044",1817489.97504236
"10045",1819711.82299208
"10046",1821047.67049613
"10047",1824498.36987633
"10048",1826717.86447626
"10049",1828034.06523311
"10050",1832216.35451609
"10051",1833135.04717651
"10052",1836269.44066844
"10053",1838322.21572317
"10054",1840981.41890153
"10055",1842092.31118188
"10056",1843788.94402086
"10057",1844868.27776305
"10058",1845447.85309474
"10059",1848157.65884104
"10060",1850014.28408007
"10061",1852009.1747342
"10062",1853929.38220689
"10063",1856661.91724277
"10064",1858307.5289169
"10065",1862312.64407056
"10066",1865964.90128649
"10067",1867580.84112288
"10068",1871755.22367167
"10069",1876770.23179133
"10070",1877155.65201234
"10071",1880910.66574513
"10072",1883896.46132058
"10073",1887856.41302782
"10074",1892310.81907149
"10075",1894496.83814073
"10076",1895521.10210307
"10077",1897636.30012986
"10078",1900576.71918175
"10079",1903400.83122579
"10080",1904222.1051932
"10081",1907516.96860984
"10082",1910660.14476189
"10083",1913591.33033035
"10084",1916455.95395978
"10085",1920662.21468535
"10086",1924723.91940422
"10087",1926958.34537648
"10088",1931116.54171143
"10089",1934132.92088327
"10090",1935330.1257977
"10091",1936309.58089372
"10092",1938270.59137246
"10093",1940795.51525915
"10094",1944299.3095732
"10095",1947218.39566659
"10096",1947555.11229992
"10097",1950826.98895625
"10098",1951746.70184064
"10099",1953339.61048397
"10100",1955741.13820136
"10101",1959659.48340904
"10102",1961454.19204491
"10103",1965010.15398686
"10104",1966373.28010618
"10105",1968909.10733011
"10106",1971711.21057125
"10107",1975945.00807013
"10108",1978448.87591383
"10109",1980951.42009067
"10110",1983372.6650349
"10111",1986130.06473882
"10112",1988663.56302834
"10113",1989780.92723951
"10114",1991924.32865444
"10115",1994921.36285032
"10116",1995465.0916519
"10117",1998599.99606715
"10118",2002249.04307904
"10119",2006388.16868151
"10120",2010644.07969187
"10121",2011815.14487152
"10122",2014859.89292141
"10123",2016803.71173243
"10124",2020839.42033802
"10125",2023971.43077988
"10126",2026180.74540984
"10127",2030361.80435057
"10128",2034505.94047777
"10129",2038860.51106749
"10130",2042271.75700751
"10131",2044686.7319101
"10132",2046877.8234044
"10133",2050471.9033288
"10134",2054031.7976499
"10135",2054231.71207371
"10136",2054372.24670989
"10137",2059674.72776526
"10138",2061129.73241135
"10139",2065375.58614728
"10140",2069278.88576839
"10141",2073048.07634958
"10142",2077009.67969323
"10143",2081513.93636987
"10144",2085681.86464326
"10145",2086977.52131356
"10146",2090687.2827294
"10147",2091996.17752941
"10148",2093960.91516704
"10149",2097163.12096991
"10150",2100291.51004887
"10151",2103349.09382909
"10152",2105214.34231676
"10153",2109368.66502556
"10154",2113021.38127308
"10155",2116678.33715853
"10156",2121922.35392304
"10157",2125988.2684071
"10158",2127235.73859944
"10159",2128346.29707407
"10160",2131466.59321831
"10161",2133793.24851391
"10162",2138238.77035326
"10163",2142871.85972041
"10164",2142476.25150828
"10165",2147346.19655072
"10166",2148434.83921541
"10167",2150425.56394151
"10168",2152441.76892609
"10169",2157542.57040777
"10170",2159597.30718263
"10171",2164445.81253195
"10172",2166608.04848463
"10173",2170727.17582318
"10174",2170712.89684063
"10175",2173109.81801734
"10176",2177151.62789901
"10177",2181321.24047802
"10178",2184250.5257327
"10179",2187950.17178631
"10180",2192003.23197964
"10181",2194573.87284342
"10182",2197290.97846677
"10183",2200225.63442515
"10184",2204149.53318131
"10185",2206339.26550829
"10186",2210199.37014648
"10187",2210563.79851513
"10188",2214442.39400683
"10189",2216333.13046241
"10190",2219928.27355224
"10191",2221488.88942324
"10192",2224610.96652952
"10193",2228709.62764356
"10194",2234818.6638388
"10195",2238819.66304641
"10196",2240712.17856727
"10197",2242812.70445981
"10198",2247404.37800951
"10199",2248751.62357948
"10200",2248930.58775627
"10201",2252342.80924948
"10202",2255810.02333754
"10203",2256820.23358972
"10204",2261236.20284122
"10205",2263443.65907126
"10206",2266129.90169807
"10207",2266791.18753464
"10208",2268476.19134931
"10209",2269808.77949994
"10210",2272877.15570235
"10211",2276591.38901572
"10212",2280387.30774067
"10213",2285393.52711775
"10214",2289194.69391844
"10215",2291674.68347853
"10216",2291969.94061324
"10217",2292580.21403546
"10218",2294213.72791204
"10219",2299107.36968489
"10220",2301511.09635345
"10221",2301838.32828548
"10222",2303480.97034898
"10223",2308675.27383538
"10224",2311315.74693398
"10225",2313532.33470644
"10226",2314925.91911317
"10227",2316442.18822915
"10228",2319268.87040138
"10229",2324339.75231939
"10230",2328590.6719477
"10231",2331879.95098059
"10232",2335512.50413524
"10233",2336313.75749915
"10234",2339877.52001447
"10235",2342384.56711107
"10236",2346489.52382844
"10237",2349742.51953095
"10238",2352894.80808945
"10239",2357234.68892738
"10240",2361733.84028827
"10241",2366642.49067795
"10242",2367946.90027755
"10243",2372096.50506205
"10244",2377155.11978178
"10245",2382146.41464831
"10246",2386415.90061947
"10247",2388819.24044667
"10248",2393689.67292692
"10249",2396655.24033097
"10250",2399684.78237646
"10251",2400780.82143829
"10252",2405217.44367567
"10253",2406625.20784052
"10254",2408073.27195586
"10255",2411290.86616079
"10256",2414016.97425148
"10257",2416943.72014081
"10258",2421601.81224258
"10259",2426380.06038878
"10260",2431791.43372405
"10261",2434378.97666712
"10262",2435123.83378138
"10263",2436935.17401602
"10264",2440615.7092436
"10265",2445479.90515716
"10266",2448313.10700529
"10267",2451408.58856161
"10268",2455072.22602813
"10269",2458878.44257196
"10270",2462594.71954687
"10271",2464560.73452109
"10272",2467902.82847343
"10273",2470969.40375606
"10274",2474269.08347059
"10275",2476923.31346451
"10276",2481617.38495911
"10277",2483900.33581045
"10278",2488455.77977615
"10279",2493719.70936693
"10280",2498625.18035086
"10281",2500139.69131975
"10282",2504217.49067435
"10283",2507006.12056966
"10284",2509492.52344357
"10285",2513296.59962177
"10286",2516715.76692296
"10287",2520110.92086249
"10288",2521480.43625363
"10289",2525015.62722742
"10290",2526936.29614207
"10291",2529867.50364495
"10292",2534272.56211677
"10293",2536922.79211442
"10294",2540529.33854176
"10295",2541429.35477966
"10296",2545622.84301597
"10297",2546882.00976507
"10298",2553117.90588895
"10299",2556667.61676421
"10300",2559208.70724785
"10301",2561462.53588154
"10302",2564511.56544141
"10303",2566513.24211594
"10304",2569761.21853798
"10305",2573267.76440738
"10306",2577736.56848793
"10307",2580245.46006793
"10308",2582394.1135441
"10309",2585773.93504959
"10310",2590275.19597246
"10311",2592302.32407288
"10312",2596610.56030255
"10313",2599812.86995525
"10314",2603167.43556019
"10315",2606141.70121998
"10316",2608734.88228583
"10317",2610622.56828423
"10318",2615226.6400485
"10319",2622026.24246813
"10320",2626379.59447336
"10321",2629752.73655151
"10322",2634300.51061704
"10323",2639995.65069434
"10324",2643750.60478134
"10325",2646710.09264974
"10326",2649768.89154726
"10327",2653170.98941991
"10328",2655529.40110899
"10329",2658464.46483562
"10330",2659352.79243238
"10331",2663259.11540362
"10332",2669160.56124212
"10333",2676753.99415158
"10334",2678515.21081379
"10335",2683165.21001958
"10336",2687155.82783337
"10337",2692767.9079964
"10338",2696873.58304982
"10339",2701590.48918741
"10340",2706287.4916363
"10341",2709741.90126009
"10342",2713493.0990716
"10343",2717014.11421645
"10344",2718256.37897932
"10345",2722389.80195075
"10346",2721787.53650033
"10347",2725419.52642138
"10348",2727007.92861068
"10349",2731094.78455801
"10350",2732828.06252881
"10351",2734690.02997115
"10352",2738031.02412463
"10353",2740080.86222393
"10354",2746282.8941553
"10355",2751256.45988202
"10356",2752856.59113443
"10357",2756584.93984275
"10358",2759888.00034416
"10359",2766615.46030177
"10360",2769706.02954088
"10361",2775513.57589071
"10362",2782202.71247533
"10363",2785646.32870297
"10364",2788172.37647782
"10365",2791108.69725513
"10366",2795483.04874496
"10367",2800690.56324142
"10368",2805129.56802675
"10369",2809223.29421181
"10370",2812400.18601838
"10371",2816570.7812044
"10372",2818578.15496639
"10373",2826619.78264231
"10374",2833069.38270374
"10375",2834909.09998702
"10376",2840138.34959756
"10377",2843347.28728317
"10378",2845606.20192246
"10379",2848858.70301445
"10380",2851577.47812291
"10381",2858204.73366554
"10382",2862479.30813281
"10383",2868138.54028066
"10384",2871746.81873416
"10385",2874963.38564946
"10386",2877072.61541689
"10387",2880369.46717306
"10388",2885521.39647345
"10389",2887782.72054861
"10390",2888802.20311184
"10391",2895383.21230925
"10392",2899812.13084489
"10393",2904576.11893039
"10394",2910384.50803398
"10395",2915836.92862475
"10396",2919096.5994362
"10397",2923010.05747529
"10398",2928012.13083831
"10399",2931442.87544777
"10400",2935973.38304674
"10401",2939469.20559495
"10402",2945489.35020428
"10403",2948291.93076073
"10404",2951871.32990922
"10405",2954939.86759952
"10406",2958922.77396808
"10407",2961184.78352149
"10408",2966144.25191565
"10409",2972876.47540288
"10410",2978102.02488339
"10411",2984288.62525004
"10412",2988107.59003955
"10413",2995140.57636917
"10414",2996420.31756199
"10415",2999039.64422775
"10416",3001534.78199907
"10417",3002866.181694
"10418",3007124.41525203
"10419",3011481.05580707
"10420",3014089.57327286
"10421",3020187.51831504
"10422",3022746.31942836
"10423",3027398.739908
"10424",3032550.26700129
"10425",3041258.85203356
"10426",3044653.06154618
"10427",3048860.74298249
"10428",3052999.36386844
"10429",3058036.08369526
"10430",3061646.28494934
"10431",3063499.07866836
"10432",3066609.63719573
"10433",3072952.28753513
"10434",3076811.40198169
"10435",3080336.01897928
"10436",3084517.24747608
"10437",3090987.34614831
"10438",3095888.64793155
"10439",3100195.85406608
"10440",3102325.51168926
"10441",3107015.16759747
"10442",3110129.20130586
"10443",3112323.20196915
"10444",3115534.43910009
"10445",3123408.13173759
"10446",3126442.92510898
"10447",3128894.67832879
"10448",3131511.94815051
"10449",3135229.52490088
"10450",3138771.08805439
"10451",3143479.80445599
"10452",3147568.17137548
"10453",3152480.68184761
"10454",3158431.52818837
"10455",3161151.57676088
"10456",3163419.74731287
"10457",3164065.78572477
"10458",3165602.52689878
"10459",3170668.7398324
"10460",3173061.35973614
"10461",3176354.79655646
"10462",3181976.93342816
"10463",3185101.16879738
"10464",3188428.31975918
"10465",3195500.76665668
"10466",3198858.78093985
"10467",3204383.07793909
"10468",3206615.34930853
"10469",3210561.18392323
"10470",3213294.46421298
"10471",3213803.88537097
"10472",3217394.34897176
"10473",3217840.49895223
"10474",3219287.8339716
"10475",3224204.95488706
"10476",3225081.1646103
"10477",3229143.12787159
"10478",3234131.83150299
"10479",3242652.71182251
"10480",3247226.48978975
"10481",3250866.08702706
"10482",3251420.92404639
"10483",3258856.25814631
"10484",3262302.45579271
"10485",3265839.76043057
"10486",3274740.55205758
"10487",3278074.74873956
"10488",3279064.38777914
"10489",3285115.13203564
"10490",3289944.19268327
"10491",3293167.68266636
"10492",3294514.91107925
"10493",3303034.00338282
"10494",3306603.72650499
"10495",3312091.5315378
"10496",3317548.36034078
"10497",3319593.65919408
"10498",3323170.46461688
"10499",3328709.42409944
"10500",3335331.0197141
"10501",3339975.70401347
"10502",3346038.0382041
"10503",3352687.85197995
"10504",3356791.02987271
"10505",3361482.64820815
"10506",3366402.46141679
"10507",3369333.15724754
"10508",3374464.85707748
"10509",3379879.01161872
"10510",3387967.13790108
"10511",3391808.20994483
"10512",3398239.11083132
"10513",3405387.54635304
"10514",3410437.86847893
"10515",3414463.60189126
"10516",3415472.34406017
"10517",3422914.12879801
"10518",3426132.10533716
"10519",3428890.74859295
"10520",3432801.95687796
"10521",3437078.68190928
"10522",3442949.85712794
"10523",3447557.98171476
"10524",3456084.96872386
"10525",3461029.97190089
"10526",3465715.14580949
"10527",3470862.29713078
"10528",3471426.70602286
"10529",3475916.13975072
"10530",3478511.33170031
"10531",3484121.17651635
"10532",3488549.16027897
"10533",3494039.37538429
"10534",3497231.06737107
"10535",3501510.99937769
"10536",3504568.04541092
"10537",3507951.63334168
"10538",3511093.09110854
"10539",3519721.6051471
"10540",3527189.81199265
"10541",3531830.35290994
"10542",3535208.24905337
"10543",3539030.73097005
"10544",3543485.09173332
"10545",3549508.07353374
"10546",3555293.61046577
"10547",3560476.70846978
"10548",3565330.25104704
"10549",3567615.50508763
"10550",3569431.86628207
"10551",3572063.87953876
"10552",3574792.46804259
"10553",3579338.81849235
"10554",3582720.97724783
"10555",3585485.36524256
"10556",3592232.54656971
"10557",3596566.13512033
"10558",3602654.9457206
"10559",3606386.95363029
"10560",3613621.56606149
"10561",3618865.51127448
"10562",3623001.31072213
"10563",3629624.24640162
"10564",3631699.88723408
"10565",3637508.95642858
"10566",3640367.7610236
"10567",3643970.36208427
"10568",3648465.87792647
"10569",3653170.70698106
"10570",3654169.39167456
"10571",3660843.99086293
"10572",3663502.0679471
"10573",3669520.19986802
"10574",3677120.45713593
"10575",3679633.40290364
"10576",3683380.98358588
"10577",3688351.84283183
"10578",3692962.45109704
"10579",3699952.75517857
"10580",3704228.84506875
"10581",3712896.80565547
"10582",3717997.84696802
"10583",3724645.94638786
"10584",3728186.282326
"10585",3733212.89085507
"10586",3740537.09911989
"10587",3747962.61764209
"10588",3751966.00571012
"10589",3757330.02835034
"10590",3763132.19279191
"10591",3768509.05276003
"10592",3778373.41221956
"10593",3777131.75197679
"10594",3784590.6905242
"10595",3792292.74594326
"10596",3799233.16614913
"10597",3805127.37468671
"10598",3810503.85976272
"10599",3815562.93527975
"10600",3821916.85402244
"10601",3827285.93882652
"10602",3834784.95234372
"10603",3838343.10291145
"10604",3840260.28588102
"10605",3843739.07288645
"10606",3851843.3461421
"10607",3857615.89400236
"10608",3863703.20916303
"10609",3871789.93738962
"10610",3876351.60831301
"10611",3882250.36606968
"10612",3890196.09523908
"10613",3896244.95143001
"10614",3903485.05876258
"10615",3908413.8313035
"10616",3914601.51449197
"10617",3921811.9804662
"10618",3929946.8000027
"10619",3936596.94001551
"10620",3942258.00614151
"10621",3950968.51123832
"10622",3953329.25604016
"10623",3959503.91616902
"10624",3964766.02116613
"10625",3971381.87157347
"10626",3975867.53938658
"10627",3978051.30652904
"10628",3980141.20910633
"10629",3987088.49743074
"10630",3994057.70338995
"10631",4001406.82710305
"10632",4008481.63518958
"10633",4015659.8480969
"10634",4023844.39613944
"10635",4028302.7628577
"10636",4029998.51643567
"10637",4037855.15101994
"10638",4040444.89430379
"10639",4046585.67784221
"10640",4049290.54377896
"10641",4052028.83538066
"10642",4056731.31867626
"10643",4062359.96892422
"10644",4069386.72074276
"10645",4072532.3145515
"10646",4078750.88439495
"10647",4087375.3600978
"10648",4092527.19323699
"10649",4099738.23782209
"10650",4101836.01456402
"10651",4107370.44035537
"10652",4111560.11006813
"10653",4116722.3932821
"10654",4123134.22621444
"10655",4128193.5470243
"10656",4132231.24630452
"10657",4134056.08113312
"10658",4140463.39308619
"10659",4146275.77829813
"10660",4148819.19203638
"10661",4156896.12891116
"10662",4161599.2318307
"10663",4161660.97324531
"10664",4168553.44385435
"10665",4174377.52018013
"10666",4180984.06286828
"10667",4186265.74147615
"10668",4187975.04104976
"10669",4196482.23000259
"10670",4201708.6273152
"10671",4203121.98285057
"10672",4207329.43030416
"10673",4210543.50184847
"10674",4216099.17257142
"10675",4220240.56694509
"10676",4225066.85166919
"10677",4235660.38709189
"10678",4238677.23884977
"10679",4246158.48053898
"10680",4252588.08481567
"10681",4257086.90005875
"10682",4261287.66840373
"10683",4269749.08646219
"10684",4277253.68778176
"10685",4282414.05001985
"10686",4292309.85059459
"10687",4296177.5530853
"10688",4303448.48036545
"10689",4304292.43602912
"10690",4311738.75888102
"10691",4322521.9134377
"10692",4330966.50324561
"10693",4338119.2464379
"10694",4343907.41723002
"10695",4348075.47291832
"10696",4353613.23074723
"10697",4359059.89438388
"10698",4365519.79994618
"10699",4372451.07023645
"10700",4378007.58940679
"10701",4385141.43419565
"10702",4391094.05984213
"10703",4397049.59920812
"10704",4405159.85652085
"10705",4410896.95020307
"10706",4415614.08034631
"10707",4425009.36719955
"10708",4430820.80015262
"10709",4436804.13453481
"10710",4444857.87521248
"10711",4450638.80510786
"10712",4457789.45381557
"10713",4465153.18315018
"10714",4463949.55722761
"10715",4469644.26178524
"10716",4476526.185178
"10717",4483434.4175405
"10718",4488443.97708308
"10719",4493474.17858698
"10720",4500327.90034602
"10721",4507969.96324963
"10722",4514082.34341816
"10723",4521619.09812329
"10724",4525104.91672753
"10725",4530734.49642124
"10726",4538585.65593103
"10727",4542869.92596494
"10728",4548940.00734022
"10729",4554489.71468476
"10730",4563777.07779768
"10731",4569758.71392997
"10732",4575166.40003624
"10733",4582878.48134493
"10734",4589314.95228816
"10735",4593376.52884769
"10736",4599277.77884745
"10737",4605673.2336484
"10738",4612312.41479504
"10739",4617552.9927141
"10740",4626149.36273856
"10741",4633976.72556879
"10742",4643098.25635513
"10743",4648859.09810616
"10744",4650770.60440048
"10745",4655579.98676932
"10746",4659623.52592685
"10747",4664059.58602885
"10748",4672483.05265244
"10749",4679914.01280802
"10750",4686396.07630875
"10751",4692787.01301722
"10752",4696301.17768398
"10753",4707852.76189565
"10754",4715188.11116495
"10755",4723996.76598683
"10756",4731698.70925395
"10757",4737001.75194273
"10758",4739706.98950378
"10759",4744368.31124356
"10760",4750261.01783758
"10761",4757087.81624483
"10762",4762374.23322188
"10763",4766882.29107177
"10764",4774615.75030325
"10765",4783888.11310006
"10766",4794028.99027764
"10767",4801209.56070846
"10768",4803337.65705929
"10769",4807981.79212843
"10770",4815431.45433971
"10771",4819919.28600985
"10772",4825847.05397519
"10773",4833045.06115214
"10774",4842104.79492288
"10775",4849991.26227057
"10776",4853701.43638577
"10777",4856997.6149639
"10778",4861086.3229135
"10779",4870888.79146937
"10780",4878870.81155521
"10781",4884551.13419463
"10782",4892046.44622582
"10783",4895863.09649638
"10784",4901875.8999747
"10785",4907785.41714816
"10786",4914526.19053473
"10787",4920803.17652709
"10788",4923406.77903075
"10789",4925354.2968284
"10790",4932137.7518011
"10791",4940900.90928754
"10792",4947161.35379239
"10793",4954049.98792142
"10794",4964395.24447965
"10795",4971652.89463418
"10796",4976575.99632812
"10797",4982638.55539169
"10798",4987711.70716876
"10799",4994230.82080655
"10800",5000587.17891139
"10801",5007422.89097056
"10802",5015367.45094895
"10803",5021623.06518329
"10804",5027563.6157479
"10805",5033670.67498321
"10806",5038470.71542287
"10807",5043908.71514874
"10808",5055494.15701858
"10809",5062519.43360338
"10810",5069931.5251739
"10811",5072377.85707508
"10812",5077368.14980272
"10813",5083276.25614602
"10814",5088187.8193181
"10815",5095579.12831884
"10816",5102296.46301017
"10817",5111122.0861503
"10818",5115697.32002055
"10819",5123671.00758338
"10820",5131490.35717979
"10821",5139720.66991626
"10822",5145377.12492996
"10823",5152973.79992541
"10824",5160649.55710989
"10825",5168369.31508802
"10826",5175501.06317603
"10827",5182122.03582519
"10828",5187742.34006803
"10829",5193882.13943235
"10830",5201113.04530633
"10831",5205506.77919235
"10832",5213914.819607
"10833",5216885.25412756
"10834",5216040.39735039
"10835",5222617.13302573
"10836",5229320.86001631
"10837",5231929.703254
"10838",5238176.6100294
"10839",5240187.03664142
"10840",5248881.78495095
"10841",5257674.16216234
"10842",5263448.19880871
"10843",5270580.89299373
"10844",5278383.29444814
"10845",5285624.66868105
"10846",5297845.56762868
"10847",5305293.7087926
"10848",5310578.15595923
"10849",5316249.59777405
"10850",5321431.47404456
"10851",5323772.98961138
"10852",5333609.84203702
"10853",5338900.31322894
"10854",5348033.82868984
"10855",5356245.76282391
"10856",5361569.90212251
"10857",5365298.98895221
"10858",5370866.70363161
"10859",5377938.84879846
"10860",5386566.22952922
"10861",5392594.10846425
"10862",5396944.22649775
"10863",5402654.22415916
"10864",5412420.89703209
"10865",5416027.82553328
"10866",5422966.07073455
"10867",5428123.25624375
"10868",5437730.60587409
"10869",5442343.30020668
"10870",5449564.08017552
"10871",5453544.59711563
"10872",5459481.28927858
"10873",5469183.61615656
"10874",5476688.10361372
"10875",5485306.51309447
"10876",5494619.98221626
"10877",5500091.11869867
"10878",5509349.07768057
"10879",5517560.23414641
"10880",5525171.50227993
"10881",5532434.25108748
"10882",5541207.07728264
"10883",5547330.94113356
"10884",5554153.29234402
"10885",5563359.00394778
"10886",5567944.84417588
"10887",5576438.00313437
"10888",5585015.31960454
"10889",5592033.08900989
"10890",5598711.80001323
"10891",5603692.96067145
"10892",5614865.92577266
"10893",5625223.58895577
"10894",5634713.12500389
"10895",5644297.6345915
"10896",5650467.42787524
"10897",5658298.42808422
"10898",5667264.32098453
"10899",5675189.36450532
"10900",5682351.26122577
"10901",5688441.98993975
"10902",5694678.24310079
"10903",5705204.95008289
"10904",5712399.8883404
"10905",5719589.11234727
"10906",5727034.81381357
"10907",5732985.35885343
"10908",5743771.6844107
"10909",5751424.93258612
"10910",5760659.73291819
"10911",5768654.56185077
"10912",5778370.04614451
"10913",5791308.01184711
"10914",5795734.77325767
"10915",5804982.23066776
"10916",5814753.03954966
"10917",5820578.84376627
"10918",5826819.24179761
"10919",5837516.94000778
"10920",5842343.66796534
"10921",5844504.61349047
"10922",5851889.01672124
"10923",5858524.07524114
"10924",5865667.92402833
"10925",5876894.12520163
"10926",5887624.78652329
"10927",5895547.1809109
"10928",5904146.93108099
"10929",5912500.9844329
"10930",5923598.84966415
"10931",5930295.82222315
"10932",5938132.91748867
"10933",5948173.91461723
"10934",5955635.58131027
"10935",5961304.57756401
"10936",5967597.41675627
"10937",5976523.25179148
"10938",5986419.96902117
"10939",5991323.58848517
"10940",5999914.73534497
"10941",6010845.87974512
"10942",6020545.23030543
"10943",6031294.65282816
"10944",6035397.35195897
"10945",6046049.66893767
"10946",6054283.04682743
"10947",6060826.94583703
"10948",6070849.62599536
"10949",6078736.75070349
"10950",6088347.84025207
"10951",6098340.83078305
"10952",6105445.11286512
"10953",6114698.63637592
"10954",6123201.62651215
"10955",6133690.17085988
"10956",6138304.96320353
"10957",6144717.24738945
"10958",6154997.62399343
"10959",6166048.26199865
"10960",6176437.44681465
"10961",6182305.17478972
"10962",6190167.33944397
"10963",6202928.35204869
"10964",6211940.79174447
"10965",6221007.76785477
"10966",6229728.53127425
"10967",6241102.43944406
"10968",6249658.39611082
"10969",6257384.9586552
"10970",6263564.21728794
"10971",6275275.16136412
"10972",6284307.48710974
"10973",6297671.69719996
"10974",6305895.79768648
"10975",6315266.86122592
"10976",6325529.14000963
"10977",6334271.25556503
"10978",6343754.29471788
"10979",6353178.25381631
"10980",6362071.87367064
"10981",6372809.9778656
"10982",6376600.13678565
"10983",6384887.37367798
"10984",6394087.6235967
"10985",6403598.69993889
"10986",6409622.17975652
"10987",6420284.01777304
"10988",6429663.74941666
"10989",6437686.82173411
"10990",6447549.21480753
"10991",6458969.73371837
"10992",6471764.05471164
"10993",6477590.33637252
"10994",6482260.23268649
"10995",6493821.28234123
"10996",6500163.00941419
"10997",6506803.89599796
"10998",6515119.44964255
"10999",6522300.06756255
"11000",6530736.86130809
"11001",6539860.94920514
