"","x"
"1",82.1198712130019
"2",30.5573016956127
"3",48.5398210777462
"4",29.4713920761242
"5",58.6893171826086
"6",14.563552591959
"7",130.171862840018
"8",55.384021800081
"9",40.7307412770535
"10",58.6219099751628
"11",11.5726953051064
"12",49.5630333902252
"13",55.2713062811501
"14",21.6687102340934
"15",16.4559413511601
"16",62.7418705998195
"17",52.5674788668188
"18",29.3506265770669
"19",57.1905105808083
"20",22.7913285888772
"21",43.7165147832329
"22",37.6386373552695
"23",16.4322438212453
"24",34.876716121192
"25",50.3804243900354
"26",54.7810254845314
"27",89.7125218828154
"28",24.4221109191484
"29",49.1315350708421
"30",29.8243541132016
"31",21.0416288655604
"32",27.415729128513
"33",19.8077434367975
"34",81.2311437881199
"35",19.0732168657697
"36",13.0518409884915
"37",39.4960874910514
"38",22.2211526969589
"39",26.2848669514615
"40",18.3347278268228
"41",58.3439649514424
"42",9.83669910792528
"43",35.7258996398351
"44",23.536634394368
"45",76.6145825163313
"46",49.4293584329738
"47",53.8463671005309
"48",82.5484776068592
"49",15.8596651545941
"50",57.2590790586107
"51",25.0967823198134
"52",45.785860980874
"53",58.4749023708333
"54",21.9587082958275
"55",44.6785931046837
"56",23.1504185707547
"57",25.8638405999141
"58",79.2391613111745
"59",33.1130080950094
"60",50.9859437013482
"61",51.2978053847159
"62",52.9298701508603
"63",78.1846150960865
"64",25.6561309124076
"65",56.4891365769365
"66",36.9094139535888
"67",23.6079643904981
"68",11.0353118499546
"69",106.795675908662
"70",47.9184626852173
"71",30.3130823933811
"72",35.8982504351194
"73",53.2313842778568
"74",19.2975757835805
"75",33.8865823632011
"76",24.590455810392
"77",12.5880665907497
"78",16.8720470478031
"79",70.4661707444046
"80",14.3404593769923
"81",74.4441080815846
"82",51.2987336203634
"83",65.5884078114457
"84",26.1016487396444
"85",103.087273578053
"86",25.3775154489031
"87",31.8752273792404
"88",65.7777463614974
"89",50.6179437250567
"90",36.8979506220588
"91",27.8020740410464
"92",23.3453008614445
"93",74.2126256369668
"94",40.0007050912945
"95",64.5691546919927
"96",10.9231988811101
"97",77.345101673565
"98",23.6785722766572
"99",49.4497848199669
"100",37.037360931389
"101",22.3278867470708
"102",45.5226939440341
"103",22.7472053058499
"104",14.9283215437582
"105",81.2332039127568
"106",24.4572726763997
"107",30.865777710809
"108",56.5854978573982
"109",49.4593051078026
"110",35.25172830729
"111",48.7131465048593
"112",33.5121084909602
"113",53.1216789918185
"114",64.9657469388573
"115",25.9800974254141
"116",127.954551201675
"117",13.0929184501002
"118",12.2812860724397
"119",76.0470001807622
"120",15.5404983129363
"121",58.485476303879
"122",28.9335478527192
"123",40.549718403729
"124",75.321285601332
"125",50.8836023811353
"126",180.996175597703
"127",10.9065510238516
"128",14.0067865833106
"129",20.1182513095595
"130",40.0521436221248
"131",37.9144150312618
"132",91.6993831839343
"133",25.9129526113275
"134",36.9971250973678
"135",40.6078692672038
"136",17.2507849226123
"137",35.9130624361619
"138",108.902047389746
"139",12.5993440064716
"140",32.3575570621443
"141",19.5891938538589
"142",20.8227819023133
"143",67.5023214626752
"144",27.4297131249182
"145",22.75313040357
"146",25.5806052574792
"147",53.9153676033028
"148",32.0123653489026
"149",44.5064136908742
"150",22.9624161228098
"151",21.6541062624148
"152",27.2119106785729
"153",47.6761671041584
"154",52.4188916711837
"155",18.8884984304798
"156",101.445388310872
"157",80.0639542117498
"158",91.0387927033073
"159",43.5500854992217
"160",63.3889053551348
"161",25.175440823484
"162",114.127031935349
"163",117.132821768781
"164",25.7421591368696
"165",26.1904875402483
"166",34.9384423706521
"167",41.9660395775668
"168",56.8850914328476
"169",11.8301394598965
"170",54.011356895381
"171",45.741617167912
"172",46.8514178868265
"173",24.7164532322934
"174",23.5893230995502
"175",188.317697880363
"176",28.9571564799819
"177",39.9552655423102
"178",39.2409173772781
"179",11.3852353549376
"180",141.122728258321
"181",14.4353282813824
"182",21.9434251860703
"183",89.156683516618
"184",28.5216933017459
"185",21.7443979105598
"186",22.3836994698206
"187",64.9459279937477
"188",27.5234760876304
"189",16.1887829928443
"190",45.4101591102547
"191",37.0219186108419
"192",48.7628848199988
"193",35.4750345087834
"194",89.3841134424264
"195",19.5147824035791
"196",51.5311519235957
"197",20.8841819054393
"198",39.9357260852593
"199",26.0440649236605
"200",44.2242999400853
"201",16.7237222317146
"202",61.776652383661
"203",56.7359851826859
"204",62.0323826046098
"205",10.8094652384728
"206",75.7736371127986
"207",37.4613561566655
"208",33.7636131703314
"209",26.4716767454126
"210",26.6220224511848
"211",33.6450013578693
"212",60.7817075127483
"213",39.6205953927101
"214",48.7336678129929
"215",61.925036832352
"216",30.9660792186707
"217",12.3031600187835
"218",9.82630228529134
"219",35.426703977776
"220",40.2457596691702
"221",34.1832936626601
"222",101.795848944051
"223",45.6464961625694
"224",69.611702207006
"225",46.1009356863634
"226",42.2522885831447
"227",42.4698054562726
"228",34.2511373089538
"229",23.1191318167224
"230",25.5993531271715
"231",78.9016416449162
"232",17.2858900123632
"233",39.5719453147975
"234",55.655393679222
"235",43.0830983285849
"236",55.5209642784356
"237",49.4956811488095
"238",24.6061762938483
"239",48.6150858285677
"240",46.0842577306196
"241",93.6620201736034
"242",36.1496414983471
"243",101.173419148097
"244",36.5265407373667
"245",41.4595256689903
"246",16.4389959102228
"247",41.7250326285343
"248",26.2634017617193
"249",39.8833841152324
"250",33.2960065503582
"251",66.4339761134292
"252",45.7398710190501
"253",92.5014349901436
"254",104.368651574062
"255",42.4637798908337
"256",105.641569583267
"257",31.095466680573
"258",43.8423376748304
"259",26.7664867354068
"260",33.0646639264567
"261",65.7797680963473
"262",37.0730680048979
"263",43.9740143439996
"264",66.996241113277
"265",66.5458968855829
"266",21.9905600876533
"267",30.9928058574335
"268",81.7637478815181
"269",61.6832638751683
"270",25.6680201689827
"271",63.7622449494965
"272",125.871592168451
"273",17.4550129957225
"274",36.5779192571851
"275",48.5542684833394
"276",22.8871468219145
"277",81.530031772161
"278",21.2251770210631
"279",64.310091243433
"280",27.4937707624104
"281",21.7983190308865
"282",67.8214825274087
"283",97.4282094702079
"284",30.8246985651658
"285",25.3973128128627
"286",69.6417604342415
"287",24.3661031519599
"288",17.0237101091494
"289",54.0540251114495
"290",18.3590525061232
"291",52.6420682571569
"292",58.0583612930774
"293",38.2111456015717
"294",179.073336844691
"295",51.7420483797143
"296",25.7386714779667
"297",36.8158783148741
"298",19.3652726193481
"299",97.5807038611321
"300",19.8160278249719
"301",38.7918110053658
"302",184.330890587687
"303",30.120304802591
"304",28.2409898765249
"305",47.0131165486147
"306",67.5758954437004
"307",76.6275132644132
"308",85.4784302935975
"309",28.9482542036965
"310",45.1640588170763
"311",23.0986637230373
"312",46.4643115249164
"313",45.7757691296677
"314",40.8533306556895
"315",16.8444300964302
"316",23.7564407728466
"317",88.5083056152167
"318",36.7547885704395
"319",21.5293013685098
"320",55.9588974168912
"321",23.0615365022246
"322",30.6209853256893
"323",59.0354457005287
"324",14.1314143127414
"325",27.0428521492688
"326",58.6049245470906
"327",23.976980874992
"328",47.9953116992479
"329",18.5654488550358
"330",48.9362768772111
"331",19.1919771274619
"332",20.409439730597
"333",52.2382658737994
"334",26.1102009207291
"335",31.4300341302511
"336",51.9030496232781
"337",58.3330344326813
"338",12.6773482752031
"339",21.3853164447287
"340",36.8512918189022
"341",85.450123245349
"342",64.0865916011672
"343",57.7303727185501
"344",24.1990077441153
"345",30.0522418929821
"346",10.3428956399823
"347",67.6512706748722
"348",77.8119239812244
"349",26.6979766755203
"350",13.5794388113925
"351",47.5633287567563
"352",29.9475913063494
"353",51.801617342476
"354",42.6939191442237
"355",37.521953365306
"356",35.6541580198785
"357",51.5458942169779
"358",96.5882174402136
"359",28.1697494937546
"360",54.9626985211209
"361",11.5570073055897
"362",8.60357712949687
"363",28.3649261929585
"364",30.9733385867969
"365",17.0928804949819
"366",60.6830654558822
"367",67.6812451916717
"368",56.6228243855486
"369",76.002534465827
"370",46.6749577448871
"371",72.407985831748
"372",74.8716788897296
"373",48.7960409276507
"374",32.9435113268688
"375",32.8056320682486
"376",9.18142699916676
"377",46.928941920332
"378",16.7964326133638
"379",70.8039976981841
"380",8.9647729934893
"381",24.656508126138
"382",68.2242780622048
"383",23.4355084035986
"384",11.8365886476537
"385",81.9820963029302
"386",66.2205766146256
"387",63.8250901419658
"388",24.3409108042318
"389",64.8639758526968
"390",95.8862634074609
"391",21.3856172665886
"392",45.1825839825407
"393",43.192810608682
"394",105.466822841502
"395",49.5411571540948
"396",34.2924174790777
"397",34.8864575130639
"398",29.3854543019299
"399",34.3643395423827
"400",27.6865880704348
"401",25.0606873337344
"402",39.7798974463044
"403",22.4415998836493
"404",50.3701340932494
"405",35.0730918825663
"406",16.6455225073307
"407",36.7803540658363
"408",32.9253702057136
"409",118.556863621251
"410",28.673724497984
"411",45.633186421371
"412",26.7663808210035
"413",72.0460492484772
"414",47.9760318867451
"415",28.4217075529947
"416",68.8480168418538
"417",37.5284930099497
"418",10.2790316204569
"419",93.1474435073093
"420",30.8881531656716
"421",120.274300965685
"422",43.2562508847266
"423",40.7084533884288
"424",59.8179009771066
"425",36.3960436046162
"426",70.7209555070508
"427",15.9501595410872
"428",20.356197603125
"429",138.428481977789
"430",27.1673683855402
"431",11.7300482011767
"432",11.8589521987199
"433",18.8975768593475
"434",37.7647939566199
"435",49.9280735488734
"436",38.3139995577858
"437",34.7551762985318
"438",115.421388286961
"439",43.219484614491
"440",98.1537844042755
"441",58.5853403784174
"442",64.1174385724312
"443",24.2822634617333
"444",58.2689001432443
"445",43.4238934871951
"446",69.2697734139544
"447",68.6389232393496
"448",33.1068855968751
"449",22.6928385579633
"450",30.3231730750483
"451",48.5540708238029
"452",54.0616484090956
"453",47.2962612504556
"454",24.2590038784376
"455",64.7967897673976
"456",26.7552277098719
"457",41.321660584621
"458",74.2958299125385
"459",86.7773488537162
"460",33.9263234593633
"461",48.708695180967
"462",51.7177100785992
"463",32.4690918815057
"464",39.2466089826372
"465",41.1778573384079
"466",65.9423497440777
"467",40.6885094321659
"468",17.2915712089466
"469",96.3223943990207
"470",35.3266441779856
"471",31.1332245004849
"472",55.4825534971837
"473",25.8413294670681
"474",35.0871917465342
"475",13.8604225741462
"476",89.5367240055603
"477",53.8612973683825
"478",19.6755612750551
"479",38.1233497982882
"480",18.5686774817
"481",39.1378645876606
"482",32.0677297340796
"483",49.7757119052508
"484",49.5089832165121
"485",39.8957724814139
"486",30.4117960254317
"487",41.1108631413535
"488",43.9908915640744
"489",25.2307171223171
"490",42.8158669664882
"491",20.8113364554925
"492",51.4456337183926
"493",47.4250266074047
"494",25.2251579494609
"495",36.6639245443862
"496",29.7093393336858
"497",20.2831022398746
"498",55.2968185579924
"499",23.185592449844
"500",25.431855806336
"501",13.3754532812118
"502",32.1182978367203
"503",46.1370301336877
"504",13.2620368615134
"505",123.017280291595
"506",65.4941293838973
"507",20.8941651677531
"508",40.5483762077617
"509",151.122790393643
"510",58.7409981968093
"511",19.4177600048229
"512",59.9770785559826
"513",41.5154930089595
"514",38.1451314847889
"515",39.250658250751
"516",56.7810259022477
"517",37.1307769766394
"518",27.8370428280041
"519",40.1967455632914
"520",15.7307866895524
"521",27.8519484552525
"522",43.3533113848386
"523",57.3549138382895
"524",66.9637090206328
"525",32.2208963900725
"526",35.118539561882
"527",44.3548184958238
"528",79.9159846342609
"529",31.8782901272935
"530",49.1793088476152
"531",19.3577303287218
"532",20.8429800119278
"533",79.1865572179392
"534",56.163311923857
"535",39.4932188892019
"536",38.5360353161561
"537",30.1297909187944
"538",26.326488616927
"539",38.1745141077167
"540",39.3222295962242
"541",30.9294286251662
"542",44.6404283838205
"543",35.8813910613487
"544",37.7551988780079
"545",48.1541614132241
"546",36.2857121980097
"547",24.7160912481701
"548",56.612140295384
"549",17.9824635030941
"550",53.7788249673284
"551",50.89389096891
"552",55.5850269421801
"553",29.3848837348133
"554",58.8360776155377
"555",56.4874633977021
"556",280.181412746515
"557",16.5959596547717
"558",105.006708324229
"559",50.4720788915637
"560",64.6440280455004
"561",90.8076388126909
"562",99.8313777780774
"563",50.6573694871175
"564",47.376576508661
"565",29.9894026240587
"566",48.6710946707155
"567",21.3541024824495
"568",46.7452333825618
"569",49.1951093020575
"570",40.3193012177306
"571",18.4359292945456
"572",14.9826053125913
"573",22.2152580425122
"574",39.83252463528
"575",45.6347486264151
"576",23.1584614260884
"577",22.0576303997139
"578",49.1754478537302
"579",16.0592469003495
"580",30.4324100984566
"581",25.9664154194518
"582",21.6579456925056
"583",21.3007827144655
"584",13.2695123912548
"585",88.0546215599856
"586",81.9707461295049
"587",76.1498770705228
"588",73.499725342096
"589",22.2989684709821
"590",53.4103509400532
"591",94.8768775664929
"592",22.0521754431682
"593",24.1006030744308
"594",85.894944250781
"595",43.3253259916916
"596",66.6842532681256
"597",46.1697825886216
"598",44.3500700813729
"599",49.2759104211888
"600",41.5530010007907
"601",54.1163318737574
"602",24.7212097539573
"603",72.7593021210867
"604",30.4036088147957
"605",28.2436482542611
"606",17.9357447613808
"607",16.0288611054471
"608",122.18921974124
"609",7.91842958903998
"610",70.3297757080529
"611",35.4139341679633
"612",28.619250406082
"613",50.3255557328635
"614",40.5019558720736
"615",46.426996797902
"616",39.1231106849373
"617",41.4164756134886
"618",90.6837440886875
"619",20.6777891116721
"620",39.8363647769093
"621",36.5354022873117
"622",64.0068128322758
"623",31.7022872246852
"624",28.6970654576083
"625",32.1141262020725
"626",41.5463436635753
"627",90.4290637799785
"628",82.2211421285753
"629",30.7779285570363
"630",46.541833687256
"631",43.2041799131812
"632",31.0263947807411
"633",16.6321371606448
"634",26.2236857337588
"635",36.1773127631575
"636",120.433180371761
"637",52.5258895534544
"638",33.6439258220194
"639",17.672554668827
"640",72.5017623132227
"641",20.168989305896
"642",41.6047287425708
"643",44.0671578250693
"644",81.9027351041456
"645",20.3426271529037
"646",13.3584829283141
"647",35.6815452645159
"648",101.031421029331
"649",42.7265255402066
"650",72.859818940589
"651",88.2034790167533
"652",58.5613802896664
"653",31.4733458047922
"654",80.9233528526465
"655",48.2596554641788
"656",153.648872142923
"657",24.1409687385655
"658",37.8666653964398
"659",28.1247489695743
"660",22.4204040401264
"661",27.7560431515506
"662",131.96540769546
"663",70.5007588260931
"664",28.9462362922821
"665",24.5143317322726
"666",49.4313071444934
"667",85.2944578544786
"668",45.7477862290885
"669",33.6506963970352
"670",25.1328155212031
"671",83.1833883525653
"672",111.300235472083
"673",35.6578325820154
"674",52.9110542202857
"675",40.7792922160079
"676",87.6044602920238
"677",14.6448397409191
"678",100.463328884582
"679",43.5527738437091
"680",51.4865999175796
"681",68.8448323040774
"682",15.320121916196
"683",73.705802991914
"684",87.9783511472301
"685",39.4159785337429
"686",14.854274700767
"687",122.406247638186
"688",23.7792843494837
"689",81.6103783043525
"690",48.2012583960783
"691",44.5895351773655
"692",37.7859317162001
"693",18.0024519998035
"694",48.5806525052174
"695",29.3869801379178
"696",42.0123409676402
"697",155.013123254668
"698",33.8355349930677
"699",30.5268115635147
"700",42.7456421613548
"701",14.3298304487469
"702",59.3027147725472
"703",48.8655770045609
"704",90.2561678235786
"705",10.7083889844988
"706",71.1968410797038
"707",36.8545293508735
"708",30.6968815118506
"709",45.1906527704681
"710",27.209666566211
"711",35.5020421835607
"712",60.2997330640912
"713",34.7300577858315
"714",66.3467420040915
"715",50.9707543917001
"716",19.6973846309508
"717",20.2907647680912
"718",34.812833824635
"719",17.0903833707657
"720",50.9724516243007
"721",36.3452573936608
"722",36.8443812201161
"723",42.8549446904194
"724",24.7327859897882
"725",46.1834274735151
"726",82.2884028904162
"727",38.5199367359042
"728",13.3767378837969
"729",25.5611070923566
"730",57.7023176537372
"731",37.1431673852599
"732",81.0886805179867
"733",39.9456164571807
"734",19.8609167914082
"735",21.9327691420005
"736",114.21906208255
"737",34.66312554148
"738",48.6041857279085
"739",61.2440800294342
"740",27.030847453173
"741",53.1196938401317
"742",38.9300302966386
"743",22.0054187433645
"744",18.2192881614213
"745",15.3017773744808
"746",37.1095350987689
"747",45.1295665649637
"748",62.7801101707577
"749",43.9113947132994
"750",21.6997998655858
"751",20.1444928738963
"752",55.4222377387655
"753",12.4255121743519
"754",17.3154708388483
"755",17.7810521562128
"756",76.8572976501872
"757",80.8505683680549
"758",21.2687022499328
"759",12.6095661908851
"760",49.3540910797302
"761",35.5588759026208
"762",15.0347727525062
"763",36.3780787276671
"764",24.954715963612
"765",28.4151624886683
"766",20.3292562806962
"767",24.8915402945704
"768",55.6672263466465
"769",9.27706562292799
"770",145.359137973559
"771",95.3338198843453
"772",30.7373637359087
"773",61.733526970307
"774",25.7203655304528
"775",9.41001809002378
"776",68.8397050641149
"777",11.2615177376674
"778",44.9280073235606
"779",33.36006226013
"780",39.526633612782
"781",49.8107729104207
"782",14.4451037348924
"783",143.335402328168
"784",15.8168267328289
"785",58.8752735833013
"786",34.1585493828923
"787",16.293566805436
"788",20.6081500659648
"789",9.49348724379687
"790",41.2741891746317
"791",33.989707365674
"792",39.7902047670235
"793",26.5003456092286
"794",69.8867099857498
"795",104.844094509319
"796",35.3029632839738
"797",35.7934750430721
"798",38.7919958173546
"799",68.2374613172153
"800",50.5530256774971
"801",93.1866355286977
"802",98.6930096519643
"803",70.0287648541991
"804",77.6023439245882
"805",33.896176098587
"806",46.4595360829679
"807",16.6381238440452
"808",16.3886655050341
"809",81.677406454877
"810",32.6076423740671
"811",18.5004295338401
"812",16.7039033579543
"813",72.051945931806
"814",58.1814110454783
"815",40.6450202959874
"816",21.1817696418147
"817",14.6156900380344
"818",33.9453391873754
"819",44.2160810538541
"820",23.6098814409022
"821",96.3842751131489
"822",40.854531462573
"823",44.3999514790607
"824",8.62600806941918
"825",73.5164319585403
"826",36.1449433634794
"827",26.2163250291042
"828",46.2202988080831
"829",36.5914934008745
"830",31.5495911764797
"831",51.0709700896553
"832",35.6982369565957
"833",44.2329759685433
"834",47.9900444531745
"835",18.7605655464288
"836",46.790385763965
"837",48.0555563272682
"838",35.9877041104576
"839",49.0922976004755
"840",36.2418505362171
"841",67.0582763812154
"842",37.4687503161348
"843",39.4810420008914
"844",19.5701962452827
"845",46.3003715440069
"846",23.7705980710567
"847",38.9765925019131
"848",31.4395926738722
"849",27.1936022607652
"850",37.7616833729328
"851",17.6784416560294
"852",39.642831345548
"853",16.118285864347
"854",39.3615485420748
"855",206.192629211932
"856",39.9048577386887
"857",27.2187039332878
"858",27.7961868938851
"859",10.9086663747599
"860",101.477406410761
"861",32.8462379710165
"862",8.28143019202279
"863",36.6235098361323
"864",100.610655258721
"865",82.4380362249074
"866",82.6725294320957
"867",21.3266348810204
"868",28.5063210034282
"869",34.7639805727519
"870",29.0416391769237
"871",25.2843743840561
"872",27.7309867823252
"873",20.3754228667771
"874",37.7031969756257
"875",34.1786395288037
"876",81.5845944873526
"877",27.0679019728181
"878",30.0664812293307
"879",57.4596046793059
"880",27.213846184853
"881",18.7431425908203
"882",49.660082961515
"883",70.6371462761153
"884",41.4600787287972
"885",42.4001434626951
"886",49.2487551627474
"887",35.8002989416911
"888",140.540597688965
"889",16.1122276062048
"890",16.4736256111301
"891",76.7525668439812
"892",45.0557408669891
"893",21.5602600299692
"894",35.353417506965
"895",38.8902263587333
"896",46.5838344952617
"897",9.16228010354963
"898",17.0495302973631
"899",38.9773500322817
"900",17.8291849154746
"901",36.1359182583813
"902",23.0834600947049
"903",31.8772659032377
"904",54.3789713314259
"905",24.5109563705263
"906",38.1965595586735
"907",43.2360627700595
"908",21.9622432363292
"909",33.0887469744221
"910",33.8823425448984
"911",38.8552052092992
"912",23.4889277406279
"913",20.1808560311514
"914",41.9957084415839
"915",39.7393506924385
"916",16.0127289458322
"917",18.2611022169689
"918",56.9575975653831
"919",44.916789506255
"920",58.5842756590038
"921",120.811439808522
"922",108.807038122334
"923",15.1540680828663
"924",48.0061491942018
"925",25.5560024646143
"926",24.8628742166079
"927",16.6442454303576
"928",26.0227377000937
"929",59.5081037270525
"930",29.0978860587734
"931",24.177481095219
"932",57.1451798002115
"933",50.1827602449048
"934",103.004125138889
"935",39.6225501595719
"936",38.5426574292358
"937",20.7563320604159
"938",69.674871140993
"939",75.5919726164205
"940",30.1231824343173
"941",43.5416097975211
"942",65.5246106299781
"943",66.1985027404394
"944",100.934961574945
"945",32.4445768540058
"946",90.2670803512119
"947",17.8888687137085
"948",42.0973818049082
"949",22.053882502723
"950",34.9092938644556
"951",55.0653753380264
"952",78.146337908004
"953",18.7289289463217
"954",25.6715768213681
"955",77.9847828047889
"956",25.2800283401858
"957",41.9365320266703
"958",75.6903616666614
"959",15.7931625299965
"960",20.5944118415701
"961",24.2817753430954
"962",50.7653506839503
"963",31.6955534805843
"964",57.8842964339397
"965",42.8178207363613
"966",11.1150008571405
"967",58.3328032501095
"968",51.4555861448266
"969",36.1390922305784
"970",37.5207285586828
"971",32.2564666615332
"972",18.8210254703421
"973",19.1926330213892
"974",27.1804556199285
"975",15.3682739873029
"976",30.6340685086102
"977",22.8604403106691
"978",12.2224446756438
"979",33.3967872434174
"980",23.0921492555036
"981",59.0108076243577
"982",31.081274452097
"983",75.1488731337221
"984",22.7245421867236
"985",61.0898881552043
"986",31.1747748432746
"987",74.3734475098084
"988",32.5416373866401
"989",23.9845076840787
"990",19.3050903915262
"991",43.7996219823652
"992",28.3917476951866
"993",15.2658753469851
"994",60.9341393138417
"995",12.2802063284761
"996",65.9987142417437
"997",68.4960589083439
"998",20.3497923931866
"999",52.7953945373234
"1000",29.6568843834336
"1001",48.1811860663531
"1002",42.2166717186812
"1003",72.9911007497831
"1004",79.5739655947225
"1005",23.2217330217941
"1006",35.1198781742104
"1007",33.4817807197325
"1008",29.0713351408214
"1009",25.9224398694679
"1010",39.3563765602993
"1011",17.3335180729188
"1012",51.3393416206981
"1013",41.6556446561859
"1014",51.8576705603116
"1015",104.45371663355
"1016",38.0693504559083
"1017",104.820494154021
"1018",30.8262209543491
"1019",29.3507215812529
"1020",15.7243976826477
"1021",34.9922112533735
"1022",54.3966831181775
"1023",28.1480430089714
"1024",87.0071589260756
"1025",66.8360203096809
"1026",89.2839379879875
"1027",32.2935994579936
"1028",22.3138238702512
"1029",66.4176651692813
"1030",40.0193350341315
"1031",43.84196444385
"1032",30.819806863866
"1033",77.2284770192648
"1034",56.0056927114964
"1035",59.6430594871012
"1036",21.7468554431295
"1037",35.3102175986039
"1038",17.5106200987894
"1039",22.457613244315
"1040",72.0901951372321
"1041",60.8266453718549
"1042",65.9242830674138
"1043",16.4716084145245
"1044",55.5482119064852
"1045",59.3309033406099
"1046",64.6876122358267
"1047",32.1228153864374
"1048",65.0379272719788
"1049",26.1540205075545
"1050",18.9911443381771
"1051",74.0898364283883
"1052",74.434159849256
"1053",42.6374248336524
"1054",46.3194898577626
"1055",77.956420008082
"1056",31.6189183513891
"1057",23.8749606487167
"1058",45.441131582776
"1059",36.5046742632559
"1060",82.0591335495688
"1061",60.5350219252978
"1062",128.042818313586
"1063",20.5272537550868
"1064",63.3397126955517
"1065",19.9604912284825
"1066",59.3944103288295
"1067",207.554596987007
"1068",34.2354493240934
"1069",49.2126429378211
"1070",23.105688777439
"1071",36.0015640501313
"1072",83.6715723175574
"1073",63.4865387746409
"1074",18.9512805575533
"1075",65.1962092235146
"1076",246.059601170343
"1077",116.134084908282
"1078",20.6430850633242
"1079",38.6611346701914
"1080",15.6645731038775
"1081",24.3915428874367
"1082",190.796980941883
"1083",27.9415932219002
"1084",89.9823761605209
"1085",48.5525296306845
"1086",58.0199725379818
"1087",18.4665971756327
"1088",30.506765924346
"1089",27.2408731241826
"1090",15.548103873703
"1091",29.8440415591983
"1092",41.1625826595591
"1093",55.9741769235236
"1094",52.2242968373403
"1095",19.0476648822506
"1096",182.658666306592
"1097",28.9690700112365
"1098",39.69714758333
"1099",21.0762250089781
"1100",55.581973785263
"1101",113.281633172008
"1102",31.7386033314198
"1103",27.7504100287799
"1104",52.7183077104675
"1105",33.1359056374533
"1106",27.7585954928165
"1107",95.2090600958459
"1108",68.6879789369134
"1109",50.8346555176012
"1110",63.982244089815
"1111",85.1290083148258
"1112",100.292894472059
"1113",57.0934777857259
"1114",25.3498305520668
"1115",44.4499270643583
"1116",33.613719646662
"1117",28.9880064024492
"1118",24.4210462847999
"1119",29.8090983313788
"1120",30.2496800343982
"1121",34.2109223722333
"1122",53.8989008504587
"1123",29.3361571999957
"1124",19.9202562955949
"1125",32.0642538639287
"1126",11.8256475235828
"1127",43.1882984130655
"1128",121.831101093176
"1129",41.913608207439
"1130",18.5503800539133
"1131",22.1513284278941
"1132",49.0160093552597
"1133",20.5348767491988
"1134",31.9488057562977
"1135",17.3985836441489
"1136",52.5780130395701
"1137",52.0255894854219
"1138",24.7331913201691
"1139",107.368721900854
"1140",50.3994486587049
"1141",32.1229685328378
"1142",25.0147403030074
"1143",27.0624930225238
"1144",67.8788700518896
"1145",78.858323142891
"1146",69.5867696552182
"1147",14.2880745692349
"1148",23.4165239516943
"1149",63.9264479210169
"1150",21.6981261546741
"1151",30.1177806686989
"1152",25.5664992304266
"1153",22.3795611468592
"1154",39.6135371796271
"1155",40.7580827663824
"1156",40.1278033579447
"1157",54.1222127348342
"1158",51.7324479324992
"1159",54.5276141773191
"1160",54.1302834990154
"1161",35.5418424370934
"1162",21.2602180472794
"1163",61.2655341895054
"1164",35.9505630857291
"1165",106.240720918595
"1166",25.2963502158497
"1167",32.9549976362293
"1168",22.1085689458474
"1169",38.2429450959378
"1170",54.6115070714309
"1171",14.783118160158
"1172",15.8135831574736
"1173",30.8234974907948
"1174",37.7031682619442
"1175",73.1637166999532
"1176",55.1731004762443
"1177",64.6590547208318
"1178",77.4568449090441
"1179",36.7642725983155
"1180",31.6908918246443
"1181",26.3499730939717
"1182",36.0703523711619
"1183",37.1169598444957
"1184",26.4995609542359
"1185",43.1819752067512
"1186",24.527043958965
"1187",85.9629533940398
"1188",61.8283791628364
"1189",31.338098789127
"1190",23.1544190548921
"1191",24.629775439606
"1192",68.1216136101789
"1193",27.8928123592656
"1194",108.285170540166
"1195",68.0714983404527
"1196",63.4269823727178
"1197",47.1578609044433
"1198",65.1010144135101
"1199",20.9854042600128
"1200",69.8925977577415
"1201",53.3975923456038
"1202",9.92961134361744
"1203",30.3337629573205
"1204",48.477264510981
"1205",23.6184995794308
"1206",30.1788397619538
"1207",37.2281067621616
"1208",61.6340758317788
"1209",9.94380678441871
"1210",39.8298950592606
"1211",47.7317758073249
"1212",61.6847311012878
"1213",38.2409783808483
"1214",40.3910415672066
"1215",35.8154958430432
"1216",42.0528146219876
"1217",89.5050948078309
"1218",47.2036597191855
"1219",60.3185119906581
"1220",46.1279431254204
"1221",159.477869503357
"1222",87.9795641778969
"1223",85.0707997365803
"1224",35.3211114874862
"1225",87.3117954237528
"1226",42.5005464028331
"1227",39.0913155534817
"1228",63.7888568542775
"1229",149.481365235458
"1230",25.6387115034264
"1231",52.2953875726757
"1232",31.2380351180148
"1233",85.7671266434195
"1234",56.8447434407347
"1235",120.998038357609
"1236",23.8102609094371
"1237",40.2098502258042
"1238",40.9364162336247
"1239",58.5814896361477
"1240",13.7604326417381
"1241",60.6272050604247
"1242",50.8108819498947
"1243",71.9141368738587
"1244",69.4966521306255
"1245",21.7836041319511
"1246",37.7853993225893
"1247",98.5554351615394
"1248",12.8985521477589
"1249",123.497527907136
"1250",38.7562360211675
"1251",19.6663951306079
"1252",34.0491872603702
"1253",30.9242809279113
"1254",43.3982973688515
"1255",13.5923636902279
"1256",31.6368494269245
"1257",17.6377657660886
"1258",56.093721092703
"1259",45.9072462761811
"1260",84.7672623055168
"1261",21.3173440573703
"1262",35.2435652841116
"1263",83.5011376042282
"1264",24.9658837293775
"1265",32.1357793764975
"1266",41.6553154104116
"1267",42.9098306139454
"1268",56.6418815596531
"1269",19.4500286149584
"1270",26.9743547478142
"1271",45.2536875472788
"1272",48.3284797863803
"1273",13.5505482672399
"1274",59.6630593457544
"1275",43.7351209084689
"1276",53.1700902658974
"1277",57.6971718525754
"1278",40.14510438451
"1279",23.9395673825968
"1280",68.3415541039262
"1281",83.2409806387991
"1282",42.797134794467
"1283",47.7404963066142
"1284",42.22307374971
"1285",20.3110259572156
"1286",28.1149632070876
"1287",21.0032608193363
"1288",81.5500867167769
"1289",27.186321603772
"1290",13.9942140027322
"1291",79.1719511988036
"1292",44.8688460338619
"1293",34.8171734781922
"1294",36.7602907899598
"1295",102.201702741419
"1296",19.174244277917
"1297",18.7449447361092
"1298",12.462643107159
"1299",105.133724039302
"1300",32.2800351562723
"1301",38.2147262706014
"1302",60.5538528423299
"1303",25.3312116423821
"1304",32.1234722997913
"1305",12.3976138508956
"1306",36.5014271921971
"1307",25.5055474139159
"1308",112.779613662567
"1309",23.0471241627681
"1310",69.224904253121
"1311",64.3648183049725
"1312",33.0012838665654
"1313",29.8115478969989
"1314",23.6078771381562
"1315",26.450815040075
"1316",38.0622670139955
"1317",27.126931809189
"1318",47.1156270453252
"1319",35.2453301766371
"1320",49.0404744821139
"1321",63.6085641494934
"1322",37.1879473339916
"1323",34.4215268270744
"1324",53.5538886739193
"1325",23.6367980252096
"1326",35.5121291334978
"1327",22.5668572835728
"1328",26.5598335474071
"1329",62.9760481653135
"1330",51.6830549534999
"1331",11.7890605217325
"1332",28.7533835756425
"1333",17.2252546436749
"1334",57.6691494893322
"1335",22.6526835415031
"1336",26.8288292841321
"1337",44.2371496198616
"1338",32.7524616132361
"1339",27.54253882743
"1340",24.2106064250157
"1341",48.2272938756646
"1342",86.3697699399954
"1343",27.5044882938001
"1344",59.6472282841188
"1345",122.234721833952
"1346",18.3442294373949
"1347",24.8611409299494
"1348",39.9587849352039
"1349",50.2054089815372
"1350",32.4314033973768
"1351",55.1959223849662
"1352",106.018297870861
"1353",83.5613985607851
"1354",28.1791591404415
"1355",86.7805055764445
"1356",14.3924202305336
"1357",63.2519300273033
"1358",35.3191637917335
"1359",27.4250648127111
"1360",44.4440714965368
"1361",21.7051346773717
"1362",71.6713546025035
"1363",55.6525870171206
"1364",17.6730547425876
"1365",26.0673786796979
"1366",22.8086818521895
"1367",31.848461072973
"1368",37.1968615125325
"1369",28.08620617328
"1370",57.667861924283
"1371",48.2776421100001
"1372",46.7814729036569
"1373",25.1001183974964
"1374",56.7555942703491
"1375",67.0916158111955
"1376",140.912183471842
"1377",20.3081346034939
"1378",94.7263729177468
"1379",70.7880734073923
"1380",37.1862724248224
"1381",42.8040973880623
"1382",35.434174141236
"1383",100.326472219692
"1384",59.5159014643176
"1385",30.4741663669065
"1386",32.9290170106893
"1387",14.4230961022006
"1388",52.9572149904221
"1389",32.9798385888705
"1390",40.4273645316299
"1391",46.041110153516
"1392",36.1569616330931
"1393",162.914315623282
"1394",63.6112954853173
"1395",49.8352858824786
"1396",76.8259303294412
"1397",26.3447391562744
"1398",28.8862138268495
"1399",26.1839330177863
"1400",75.6190787248166
"1401",34.2537175876165
"1402",28.992900398693
"1403",132.461710236493
"1404",17.4495898784789
"1405",27.0513307552683
"1406",37.5112692507182
"1407",51.5533369320878
"1408",64.5719807050373
"1409",50.293889406143
"1410",28.8358232846423
"1411",45.1052461834239
"1412",62.0262623387546
"1413",119.105961897285
"1414",27.9958343642534
"1415",56.2150719367333
"1416",39.4707774967497
"1417",67.7256581058329
"1418",67.0696403785766
"1419",12.351191714571
"1420",55.218510835894
"1421",16.5362552152614
"1422",32.0804654656972
"1423",60.8998817989629
"1424",41.6486928174485
"1425",9.99521109758509
"1426",33.6240846526023
"1427",55.9332589329849
"1428",12.0065868987779
"1429",23.1017322446515
"1430",17.4938452010921
"1431",74.060458133145
"1432",30.6998383826138
"1433",68.6191152174045
"1434",35.4364921958951
"1435",53.06906109181
"1436",67.0024418238613
"1437",24.1727883052538
"1438",22.1178722509023
"1439",57.931395412075
"1440",55.8880921199279
"1441",21.7349607581047
"1442",60.6336873162017
"1443",45.9112933726206
"1444",29.0982014740667
"1445",106.326918344542
"1446",89.6623195147428
"1447",58.9226003962777
"1448",79.8676515635284
"1449",107.091438019585
"1450",12.1091347897764
"1451",30.1125539363643
"1452",43.2338809070672
"1453",46.9298000609442
"1454",62.6071833469739
"1455",20.8527001991654
"1456",30.9818562994438
"1457",106.048445839828
"1458",47.6536732599115
"1459",52.4947158267255
"1460",20.3033805577933
"1461",41.7085692984833
"1462",28.7174858425603
"1463",79.196807481703
"1464",65.6541797310678
"1465",76.4546114051772
"1466",47.1694320382874
"1467",32.6020754421725
"1468",113.138197422998
"1469",21.5559783985848
"1470",66.5779321420025
"1471",8.66836749442489
"1472",18.6094087406314
"1473",25.9860963958355
"1474",70.2192892130245
"1475",82.218312639232
"1476",19.2907296503918
"1477",35.7144092663434
"1478",44.4087798769334
"1479",10.7643126840056
"1480",59.17738927088
"1481",22.4824074488291
"1482",46.9619205771183
"1483",13.7599036801855
"1484",29.7986292007735
"1485",22.7251375699347
"1486",11.5038983887551
"1487",70.8135790268215
"1488",6.72609499243454
"1489",36.6259984683432
"1490",56.899409969428
"1491",67.2312756215723
"1492",65.7131913543146
"1493",47.592856657452
"1494",27.0597921318261
"1495",35.9981397668192
"1496",97.1269590931987
"1497",31.2182828682144
"1498",26.1042825006563
"1499",26.8112597696607
"1500",54.4090561124946
"1501",21.1141379912355
"1502",47.963230322116
"1503",51.5315761985216
"1504",40.476927275511
"1505",61.5352028697942
"1506",40.766255468427
"1507",35.6537361575813
"1508",12.1842208206038
"1509",103.60558313064
"1510",59.0174711751203
"1511",64.9521766648941
"1512",14.13810908358
"1513",19.4752440559708
"1514",57.5539510624978
"1515",6.37986153097962
"1516",30.6698040732469
"1517",55.346948903375
"1518",55.5170447839299
"1519",83.1924685488572
"1520",19.5710731384846
"1521",26.4280038585101
"1522",55.6818384459512
"1523",49.4259329593864
"1524",82.2587108112491
"1525",17.2491673857744
"1526",31.4935135497334
"1527",15.5094988727515
"1528",67.3048249849252
"1529",40.2273033979335
"1530",15.4086912666203
"1531",39.4311073727283
"1532",51.6222610220556
"1533",29.2466945838327
"1534",30.7796062749968
"1535",14.6077519838466
"1536",20.6721358895631
"1537",46.2600804782133
"1538",41.5568503017815
"1539",37.8890487533831
"1540",32.1012739116565
"1541",22.8854517170379
"1542",27.0322256648782
"1543",40.0210061103122
"1544",117.826387807112
"1545",49.847997041403
"1546",16.5091008478915
"1547",35.1394816250781
"1548",36.5157065178024
"1549",33.5877870995744
"1550",64.3526665961353
"1551",49.6907290022338
"1552",22.733995639091
"1553",57.8659357048962
"1554",22.3965724950628
"1555",38.3401755050345
"1556",40.999633181444
"1557",71.4963538612407
"1558",70.4790288092059
"1559",31.5207843720598
"1560",68.5822831676922
"1561",25.0900110481107
"1562",28.9590735260512
"1563",50.3231151489927
"1564",30.9243760565806
"1565",43.0481353651567
"1566",67.0607316615679
"1567",36.3472890013503
"1568",31.3682730227226
"1569",73.2582255745558
"1570",42.3087706583759
"1571",18.0493608868001
"1572",118.694343497832
"1573",50.0485339028126
"1574",78.3392840811099
"1575",37.5330988215031
"1576",31.2131308307117
"1577",26.5951295724893
"1578",13.9804522296002
"1579",53.796146066406
"1580",43.3385700152238
"1581",45.3170828645767
"1582",62.3800814314201
"1583",18.1255135040062
"1584",138.44463944168
"1585",17.7489600980093
"1586",34.6235456776866
"1587",40.658860394781
"1588",33.6387668258939
"1589",34.0871870404667
"1590",27.8338518994048
"1591",31.5302952481497
"1592",84.6408294462694
"1593",24.6146058511751
"1594",104.282135838365
"1595",16.9410811375204
"1596",86.1497187978666
"1597",32.7356319035643
"1598",26.3063173875737
"1599",49.3425332333615
"1600",42.5359501287196
"1601",97.6976226175773
"1602",47.7259280755679
"1603",39.3096564211639
"1604",41.0208380345013
"1605",35.907216241309
"1606",129.414521950399
"1607",30.6667889568954
"1608",30.7559758460031
"1609",27.2364406295448
"1610",48.1050352494509
"1611",17.0488406350975
"1612",53.9673001258314
"1613",57.1953388439802
"1614",31.633643938227
"1615",106.837073539571
"1616",44.57347251254
"1617",46.2445725188264
"1618",36.4529571144217
"1619",40.0259837352124
"1620",13.4153760603941
"1621",46.3264855405193
"1622",12.3321928067067
"1623",35.9540987977101
"1624",21.7226940411222
"1625",47.1728779332052
"1626",48.0089236997969
"1627",49.940702961388
"1628",52.6862762432099
"1629",37.7400039467467
"1630",97.0855529073157
"1631",28.197294584774
"1632",29.9206126092719
"1633",35.3637882338237
"1634",111.842826956853
"1635",21.6504375853869
"1636",36.9170939764541
"1637",24.8662718896243
"1638",27.430915168787
"1639",19.1830691131624
"1640",49.3026706227871
"1641",98.7067086379767
"1642",68.8257172624123
"1643",40.1184942646009
"1644",49.2080561647879
"1645",24.0701846981797
"1646",44.3920132432264
"1647",25.1982516283633
"1648",75.2404681660941
"1649",9.91956614765387
"1650",100.590445753112
"1651",42.128025846578
"1652",77.5971909200202
"1653",15.8771010563027
"1654",55.451366808716
"1655",46.9135426488629
"1656",53.6756308652162
"1657",68.9790520778477
"1658",44.8432941479526
"1659",22.6043347183684
"1660",24.7746594238742
"1661",70.2934929070039
"1662",25.4318101485212
"1663",53.1283769692689
"1664",62.309442147316
"1665",32.3747240687076
"1666",50.9944333669978
"1667",16.1043880548237
"1668",84.4934184834708
"1669",26.0877320184601
"1670",130.511321621745
"1671",43.5402542844413
"1672",14.2112309549931
"1673",87.176278373086
"1674",48.0771120220052
"1675",113.98287439458
"1676",35.4652219301097
"1677",34.405256065503
"1678",51.7684681990207
"1679",40.5922278618532
"1680",25.0416633017173
"1681",37.8755093306214
"1682",17.351727969701
"1683",17.0172700513581
"1684",18.7411424447916
"1685",31.2312812464222
"1686",45.4096965313503
"1687",32.8487867723406
"1688",49.6241951879054
"1689",50.7686922024882
"1690",29.0282780471555
"1691",35.4682802266064
"1692",21.9596374749102
"1693",37.2714788663698
"1694",29.4079177796591
"1695",62.9082326518978
"1696",27.8456928595997
"1697",78.625232012493
"1698",28.0953412012385
"1699",27.5511350043217
"1700",47.1707946398432
"1701",29.1881565068847
"1702",125.804483273042
"1703",53.5421440985946
"1704",25.8948150358042
"1705",32.8448474416697
"1706",43.4749343649474
"1707",27.7913133580494
"1708",31.9281262585861
"1709",32.8894005822268
"1710",16.9962657084616
"1711",37.1724232933847
"1712",42.7172179733705
"1713",10.6762070868782
"1714",52.3035045540262
"1715",69.8587682267691
"1716",32.6646138821078
"1717",15.4767814071236
"1718",71.5807070311446
"1719",35.094317434008
"1720",11.3480209223522
"1721",57.7652271829589
"1722",58.3656271166156
"1723",36.4508759372552
"1724",46.64390422905
"1725",62.6310962994594
"1726",38.3069332929336
"1727",25.5701556914152
"1728",25.0502930030799
"1729",186.002148189432
"1730",156.767245956605
"1731",100.390076461896
"1732",53.5176299752638
"1733",41.6483404813848
"1734",27.4892840075931
"1735",56.4981986577215
"1736",24.7935398297981
"1737",62.4510859660913
"1738",40.9143138597351
"1739",34.6117435805315
"1740",28.9214432762444
"1741",81.9188857312872
"1742",66.2554711040831
"1743",32.8123696503613
"1744",77.0016411666723
"1745",120.027953007588
"1746",23.9586547492104
"1747",87.5595142337716
"1748",128.749881083123
"1749",116.265285272277
"1750",43.348659250808
"1751",99.1735693958772
"1752",21.9311500884913
"1753",39.8936208254021
"1754",55.6197721308756
"1755",31.116054255043
"1756",37.8081439958018
"1757",52.8701879572127
"1758",44.8109466280106
"1759",40.3854518183346
"1760",25.5113651939649
"1761",36.6494699821473
"1762",56.4116919620831
"1763",33.5378721881056
"1764",29.8540646501086
"1765",35.0733194674605
"1766",32.046934027165
"1767",14.8024416849235
"1768",49.2580871766195
"1769",48.437725943091
"1770",37.7840918328707
"1771",49.9523532652507
"1772",28.2475622652786
"1773",23.1497386724223
"1774",115.569276744747
"1775",25.1121070200688
"1776",32.8469216794709
"1777",28.5777696496864
"1778",71.545994488428
"1779",39.1776100188946
"1780",78.9159578986585
"1781",29.4095829637674
"1782",18.2635510062384
"1783",23.8342668256545
"1784",29.0443085746205
"1785",63.6398882732423
"1786",44.2039910070578
"1787",27.7828740426942
"1788",19.6647744812337
"1789",116.203582647641
"1790",46.9821812841812
"1791",15.1586250257952
"1792",125.755054973482
"1793",112.831084255403
"1794",20.9980452388271
"1795",35.7075613435854
"1796",29.7884233477834
"1797",20.0996468393913
"1798",62.8896854297066
"1799",39.4837079037473
"1800",41.8976930759414
"1801",102.463571483767
"1802",20.1996131674586
"1803",70.0572302625384
"1804",44.524754416003
"1805",22.2202620116416
"1806",51.4169930235956
"1807",77.1610071509331
"1808",43.9483281504167
"1809",38.632120124706
"1810",23.0434157323078
"1811",42.8504239079278
"1812",26.0245239534465
"1813",67.9991524294291
"1814",22.2124452091821
"1815",18.3890777846391
"1816",29.5680377836358
"1817",116.154980480893
"1818",56.8490890986501
"1819",47.4686867681602
"1820",64.8604726430876
"1821",22.0882999720757
"1822",15.160944123621
"1823",32.3302376479472
"1824",66.6166341197656
"1825",73.8773536287473
"1826",42.8538127487147
"1827",53.2382003372609
"1828",73.7865837643769
"1829",28.4747942555156
"1830",40.9284982869497
"1831",44.8938123818561
"1832",53.4518178036333
"1833",39.5514317446069
"1834",26.5119828149804
"1835",42.9455491403476
"1836",84.8237982516573
"1837",19.8767406171657
"1838",83.5215833432445
"1839",29.1555112761837
"1840",22.1625870914845
"1841",19.0724833406385
"1842",17.8375812443692
"1843",43.1890118419594
"1844",13.2217355852887
"1845",68.2494182000112
"1846",29.2268240245843
"1847",13.4758470314942
"1848",51.0860588247172
"1849",95.7945886661747
"1850",68.5218322094585
"1851",22.2231060430404
"1852",28.752195863745
"1853",51.2430336577395
"1854",23.7723498460884
"1855",41.011869286881
"1856",18.4988972548265
"1857",21.938055330183
"1858",32.4708531614431
"1859",57.1024827519408
"1860",24.5746759152431
"1861",20.7807746886779
"1862",42.9945684509068
"1863",50.3685508050441
"1864",52.4865683482597
"1865",39.0056464041446
"1866",20.4866929756772
"1867",105.521933572647
"1868",89.9994911693945
"1869",25.2969441009444
"1870",47.3500491254102
"1871",14.3282269058573
"1872",114.439862802591
"1873",24.8742679658607
"1874",78.6342057212862
"1875",37.2908358956561
"1876",16.3447910828822
"1877",28.1153138416098
"1878",42.5103858916552
"1879",19.9025642106101
"1880",16.5018159910064
"1881",62.9633038088416
"1882",104.003826040134
"1883",11.3787625274838
"1884",40.7284973828786
"1885",37.2169815654048
"1886",32.9534796854292
"1887",45.7928671912927
"1888",39.374200400746
"1889",12.4342984737742
"1890",41.9036672678086
"1891",91.1372504103375
"1892",35.2253387643348
"1893",82.1516915794833
"1894",83.6263402948051
"1895",39.512166674247
"1896",24.3014815063556
"1897",40.938113357271
"1898",24.302738161739
"1899",34.7326922962248
"1900",23.2470977586056
"1901",24.6629539693454
"1902",64.4576777868922
"1903",64.9386537639406
"1904",37.7588579094832
"1905",28.4544044666939
"1906",13.2237712068852
"1907",27.0551507706474
"1908",85.3927676440068
"1909",32.3018871566195
"1910",16.9063873105492
"1911",29.1446236821509
"1912",67.880282251625
"1913",18.0967907279379
"1914",63.2495066341006
"1915",17.6267329773246
"1916",130.987442869179
"1917",56.7873901082764
"1918",27.1191998975529
"1919",22.2279711018771
"1920",37.3991016576073
"1921",18.3999397309042
"1922",41.8657132637406
"1923",47.8813151311376
"1924",23.466523196846
"1925",46.2924238214636
"1926",47.3418818002543
"1927",121.032279005891
"1928",69.5722150452686
"1929",76.1212969219957
"1930",22.3478200930426
"1931",121.698763193224
"1932",17.4086528968992
"1933",37.5548903359304
"1934",24.8851593443162
"1935",29.1594764127764
"1936",26.3900205176005
"1937",25.1136701848655
"1938",105.7268178875
"1939",53.1333827897056
"1940",52.1121129643217
"1941",44.4456287750726
"1942",51.484490089588
"1943",18.1069102549601
"1944",28.5381059839661
"1945",60.1009987158499
"1946",100.900296589747
"1947",77.3598528707576
"1948",26.6200553264698
"1949",36.5454527565311
"1950",21.5263989017941
"1951",22.3277023953078
"1952",48.9894173769801
"1953",47.8773193647451
"1954",34.9641702268657
"1955",30.8949330382456
"1956",11.5253179985287
"1957",21.1325137513338
"1958",99.838782422912
"1959",27.3685352293787
"1960",9.33540503137397
"1961",35.4302657581965
"1962",17.2651563226354
"1963",22.7629921673318
"1964",79.3912171807451
"1965",32.6478480187243
"1966",48.6879412572369
"1967",62.9367403027486
"1968",46.1994700867628
"1969",32.746324705322
"1970",47.0925518122281
"1971",36.6066973584064
"1972",40.2105300608484
"1973",80.5599699469174
"1974",12.893748035181
"1975",11.5493415484962
"1976",86.160173838355
"1977",7.78761830789721
"1978",23.97454428044
"1979",55.2075474123944
"1980",49.5424413088531
"1981",98.552501178168
"1982",32.3723272702728
"1983",82.330991419483
"1984",48.5911183948426
"1985",14.4225758618622
"1986",28.5494250031481
"1987",16.9569413398607
"1988",43.5153555178155
"1989",22.8575583515638
"1990",38.7052799147216
"1991",89.9822311359374
"1992",23.1462628608601
"1993",17.8320378063074
"1994",92.7898498452446
"1995",66.6559798171316
"1996",102.542732062989
"1997",26.1148915346752
"1998",72.3041326453862
"1999",50.7277413641737
"2000",37.6977402561132
"2001",103.916172801552
"2002",34.4251617143156
"2003",86.755915526712
"2004",52.821138637425
"2005",16.4605621901056
"2006",25.0448253511987
"2007",68.3524183917561
"2008",71.1702119863107
"2009",26.9977368218062
"2010",52.616126263084
"2011",23.824705909724
"2012",47.5615850414019
"2013",37.9735895117203
"2014",11.5054390365012
"2015",76.1088475715397
"2016",45.7842288446456
"2017",44.7209476426003
"2018",36.5048663167854
"2019",22.3441595518556
"2020",39.0622797533953
"2021",32.3416409917446
"2022",49.71359458753
"2023",26.0199367231874
"2024",25.798889194107
"2025",47.8353811770427
"2026",44.667449090531
"2027",19.3683678858434
"2028",44.5767873055334
"2029",37.1496939007949
"2030",66.0592048550426
"2031",13.6799652852412
"2032",35.3421141465828
"2033",43.8154881438443
"2034",39.6674799707779
"2035",51.0981080609352
"2036",11.7741495604082
"2037",30.6741528627579
"2038",28.516920926547
"2039",58.3638613665938
"2040",35.1424849044874
"2041",39.4797063968288
"2042",137.438101752982
"2043",30.8808217933907
"2044",26.4867847879216
"2045",35.5266833851068
"2046",35.0131222948353
"2047",39.2337454674422
"2048",19.623721695815
"2049",31.8706043320089
"2050",57.706003719082
"2051",13.5524465387159
"2052",47.0015278503
"2053",41.1022281968594
"2054",50.619664591053
"2055",23.0127687178669
"2056",104.198803591739
"2057",78.3020379618406
"2058",53.2875258150556
"2059",25.0657949340287
"2060",25.0315214363204
"2061",49.8657910906455
"2062",44.6959644756808
"2063",15.5821165481673
"2064",12.4788208167764
"2065",63.1242899511687
"2066",38.3029581543718
"2067",31.5346196945035
"2068",25.954734064261
"2069",34.8782953502826
"2070",29.7657675028426
"2071",33.8599303085317
"2072",24.430684028993
"2073",66.9211464971783
"2074",25.5205769088262
"2075",71.055345050857
"2076",49.1441526709376
"2077",30.627072463211
"2078",41.9989567907452
"2079",56.5362013237166
"2080",55.1813445450854
"2081",42.5497494476686
"2082",44.3637415370282
"2083",51.1047574067865
"2084",17.7468601653673
"2085",88.641356772564
"2086",18.9260163191496
"2087",16.259224840385
"2088",16.8888684172391
"2089",44.3911842834584
"2090",48.4286490300645
"2091",14.1057919884133
"2092",54.1105776703234
"2093",40.949688304626
"2094",36.2925533268696
"2095",28.3968353660878
"2096",38.8285967984171
"2097",92.6329394106677
"2098",32.4872611959781
"2099",62.5998492868839
"2100",54.0099057001859
"2101",87.845727281327
"2102",77.5217291850463
"2103",24.3573005348614
"2104",58.0975807102021
"2105",65.744230179529
"2106",127.26128445426
"2107",56.7597355802661
"2108",57.395988726158
"2109",47.9693047110489
"2110",45.2916373059697
"2111",19.975026639859
"2112",67.7900935198202
"2113",30.892679702303
"2114",26.4485464806423
"2115",34.0449020238251
"2116",48.0237925955181
"2117",59.1091272423838
"2118",23.5108995968112
"2119",22.8509819614303
"2120",64.4295839542398
"2121",53.0456887712835
"2122",28.0699514209966
"2123",51.4651118182177
"2124",27.6216420620969
"2125",68.6031934965327
"2126",88.8944348292037
"2127",42.9062777826592
"2128",39.8397940369625
"2129",38.0539571343139
"2130",57.3449953732643
"2131",53.1542039002423
"2132",29.2302027609627
"2133",11.4011503669799
"2134",71.2043467745168
"2135",65.4176743493132
"2136",21.4552401824274
"2137",40.5796617332527
"2138",41.9386219897291
"2139",36.2936270430464
"2140",18.330907946274
"2141",23.4107180458453
"2142",29.5866856285791
"2143",45.9890496470164
"2144",85.3350332242597
"2145",41.1352776850344
"2146",39.7034819412563
"2147",78.2556884167269
"2148",27.623477784517
"2149",12.2269181309076
"2150",114.014324580132
"2151",18.5621604337724
"2152",35.8492154154789
"2153",55.8798923085268
"2154",40.3079179842886
"2155",45.7536720236774
"2156",41.6181604320618
"2157",66.3030199302235
"2158",47.9689701320363
"2159",17.8954140918337
"2160",76.9524600100969
"2161",79.5762182965752
"2162",47.8929713571791
"2163",25.3497230363101
"2164",52.982742657338
"2165",34.9619858572102
"2166",59.2770098780541
"2167",55.6415533091795
"2168",7.85232553517263
"2169",81.0505009268519
"2170",92.1384792625753
"2171",59.2430699380599
"2172",27.0400660766538
"2173",31.5607567819643
"2174",104.020619095161
"2175",16.5633424289934
"2176",25.7861004450738
"2177",42.9089043596801
"2178",60.70327950223
"2179",90.7703196067531
"2180",23.9956905296113
"2181",25.7841060445012
"2182",54.2426867193834
"2183",20.0479517385571
"2184",25.5698224646908
"2185",15.3063610920353
"2186",70.9545064953406
"2187",28.1872402570068
"2188",26.3631035848236
"2189",54.1239955989373
"2190",13.6321047972547
"2191",71.8791445644831
"2192",73.7893963716587
"2193",51.3151270721578
"2194",54.8794700182145
"2195",40.1991128767028
"2196",69.2308642147633
"2197",52.7584869610666
"2198",37.5042377089162
"2199",51.6157890162649
"2200",35.7085206247321
"2201",123.664381409742
"2202",24.4704889028189
"2203",19.7006426066732
"2204",34.5841938131172
"2205",16.4219301723758
"2206",41.4349325691325
"2207",42.8971189242589
"2208",29.6559957010417
"2209",26.7806144051091
"2210",70.6636525642051
"2211",11.8968017660082
"2212",21.2716071435257
"2213",40.1760707860743
"2214",104.481868333452
"2215",25.4563743533194
"2216",17.3304455010575
"2217",22.5060080465938
"2218",38.6050114437472
"2219",61.0743637311242
"2220",20.9513546341204
"2221",62.4427201869566
"2222",68.402419523526
"2223",38.8721124135508
"2224",35.0879536995627
"2225",15.546191497014
"2226",21.4456608510495
"2227",90.1979143928552
"2228",34.142309818379
"2229",106.246618015925
"2230",12.9382122300024
"2231",43.9655418710223
"2232",17.9482078095183
"2233",6.7736484522037
"2234",57.7838059026281
"2235",67.5732624114476
"2236",17.2449633115065
"2237",93.8861673013161
"2238",83.8605866911367
"2239",19.6860043763506
"2240",45.5447503447521
"2241",96.8247916958679
"2242",40.2988820679445
"2243",45.5595896991361
"2244",58.962438508586
"2245",26.5193605438054
"2246",51.876807701091
"2247",21.0691018660247
"2248",51.1009141318366
"2249",40.2808525430118
"2250",35.9408900127975
"2251",52.1012754084625
"2252",26.6022577519407
"2253",26.1535690984296
"2254",42.8950180445048
"2255",44.6109643266264
"2256",42.6195888184505
"2257",20.653908203558
"2258",19.2671208893802
"2259",42.0228526725696
"2260",49.7695450666263
"2261",32.659028990536
"2262",48.8856447556818
"2263",41.4625185790132
"2264",23.5473353370953
"2265",33.8921634984613
"2266",36.4659246964396
"2267",28.6302811892256
"2268",43.9797400986134
"2269",6.88580573506569
"2270",48.153281765449
"2271",46.9571373022846
"2272",62.9966272917325
"2273",69.332605067638
"2274",15.9754978225278
"2275",44.3159050392424
"2276",40.3726374803767
"2277",23.7565104178025
"2278",21.6378361216755
"2279",44.1395288919132
"2280",23.6202132085945
"2281",30.0776804969877
"2282",31.7722694321895
"2283",48.6897701680738
"2284",51.6620118315575
"2285",49.6184076317874
"2286",14.3220660884152
"2287",149.52630501996
"2288",42.922538714663
"2289",81.8535108883734
"2290",103.403099505987
"2291",44.7474564311497
"2292",11.2951562161982
"2293",26.3800266687007
"2294",22.1894540838173
"2295",16.1071189362619
"2296",25.6503853875645
"2297",54.5493664239414
"2298",117.932147329417
"2299",21.5936929358572
"2300",18.3779894397105
"2301",44.322977778143
"2302",59.8777473598372
"2303",81.3372109097405
"2304",94.0649276434638
"2305",17.5444157341494
"2306",30.2253826698647
"2307",19.7858300631469
"2308",19.7801761246031
"2309",55.3122177535504
"2310",62.9059382940602
"2311",61.5044434950715
"2312",61.3922706656119
"2313",66.3457382093812
"2314",35.0725388473705
"2315",56.2742912851005
"2316",34.477703009706
"2317",18.0407986095084
"2318",65.0202223813614
"2319",39.6340374617969
"2320",29.3400902513861
"2321",42.0103676563812
"2322",78.07927880597
"2323",32.074805401502
"2324",29.0959137018397
"2325",55.2351864174458
"2326",84.6554292823298
"2327",34.4746534708975
"2328",31.8575484007776
"2329",28.1932066265588
"2330",33.1407372846054
"2331",33.5281486038672
"2332",11.7611628050252
"2333",32.8717943884975
"2334",30.2764921764825
"2335",32.8187700221163
"2336",26.2651017440832
"2337",56.1857925232421
"2338",41.1569714756833
"2339",11.2712184010261
"2340",31.9494333849707
"2341",96.232151611602
"2342",27.8436666191916
"2343",12.2349893545058
"2344",84.0998137131677
"2345",43.2742132338851
"2346",70.7148454069459
"2347",35.3624863529645
"2348",22.5052138946899
"2349",22.2818536417438
"2350",20.5419082743637
"2351",11.7593034768925
"2352",27.9136821859247
"2353",35.7130224745665
"2354",42.9509023898117
"2355",53.4742987036004
"2356",60.859998754792
"2357",30.6061791987471
"2358",26.5920058714023
"2359",75.7559662914612
"2360",71.2567882090932
"2361",53.007487927369
"2362",58.1986232145039
"2363",88.8481636871752
"2364",28.3065693623392
"2365",81.0389443680494
"2366",66.4621829390176
"2367",71.8149761472333
"2368",21.6412352913809
"2369",90.1052758814582
"2370",50.5711962127613
"2371",68.5411543388671
"2372",68.577143212692
"2373",25.4915388011788
"2374",74.0435486889628
"2375",27.5519492102059
"2376",52.7066236951773
"2377",35.5295770844767
"2378",67.4852372143467
"2379",66.7999827150758
"2380",76.6560849746418
"2381",11.4974587701074
"2382",27.5875399643259
"2383",54.1083696205798
"2384",17.1450322360857
"2385",25.2684590704606
"2386",25.0909025660153
"2387",28.4020713657045
"2388",27.3800160730528
"2389",36.8473191348236
"2390",37.606901176454
"2391",26.6768360229867
"2392",40.357062376835
"2393",75.4054913164205
"2394",35.6917549516821
"2395",36.1655584462397
"2396",24.0658671562607
"2397",36.5063232459808
"2398",45.3263528922111
"2399",39.9482927844339
"2400",39.1869908023436
"2401",21.7512189439503
"2402",46.7900738587943
"2403",20.1141704946951
"2404",32.7090867129361
"2405",29.4740323304976
"2406",53.445560442258
"2407",15.5907950427947
"2408",22.901377864519
"2409",16.914680183203
"2410",15.988266095853
"2411",49.5002521479525
"2412",35.4389014523602
"2413",35.0742517623832
"2414",18.2506605905458
"2415",95.967647687535
"2416",28.5212022112397
"2417",28.3644964187114
"2418",13.9919996412794
"2419",42.8347072765178
"2420",28.1815560326954
"2421",46.8993724948748
"2422",47.1084527311123
"2423",20.1455829367095
"2424",27.6904726379884
"2425",66.5428030840193
"2426",28.9259866007255
"2427",46.5961391420337
"2428",14.3016684328746
"2429",35.5188476545193
"2430",38.578869103997
"2431",18.5983088109926
"2432",64.4240951428258
"2433",25.2115411268324
"2434",39.4233173067928
"2435",47.0632138756844
"2436",17.5159338432562
"2437",68.0477795059242
"2438",21.4134112831465
"2439",24.4351042623649
"2440",53.8719526107422
"2441",72.2108462368808
"2442",26.5739030840824
"2443",140.405276286906
"2444",43.5412198724879
"2445",114.156308414894
"2446",19.5612368980902
"2447",52.6210521823264
"2448",10.0181352384553
"2449",19.6215135241091
"2450",28.5157524164206
"2451",56.423877999188
"2452",17.4538224772559
"2453",21.2215011571623
"2454",35.1458432037983
"2455",27.3027250491513
"2456",60.0542333118997
"2457",37.0559801265385
"2458",132.715915357864
"2459",58.3523676574788
"2460",63.2484394641421
"2461",32.3583917985025
"2462",69.1494353286041
"2463",30.2608196260277
"2464",43.7333360720025
"2465",62.9513182145506
"2466",25.4954692962194
"2467",59.6511653020272
"2468",106.416164251401
"2469",46.4651145813778
"2470",41.9017982627992
"2471",39.3131185389399
"2472",70.2369713907549
"2473",64.6385508778324
"2474",33.4942197233779
"2475",25.5185852309709
"2476",15.7836556412222
"2477",26.0323580909283
"2478",73.7655611065107
"2479",18.589521738183
"2480",33.0309610985291
"2481",32.7152139938643
"2482",26.3098865427628
"2483",78.7924610200734
"2484",14.3759340343615
"2485",37.6769241273808
"2486",37.7891177525776
"2487",67.972245781178
"2488",45.2540356841693
"2489",35.8286784685534
"2490",30.4200028471543
"2491",52.1611443848598
"2492",74.4191432629949
"2493",55.1449483715441
"2494",40.630307415817
"2495",63.0892743014668
"2496",86.3112967844483
"2497",40.0212236245026
"2498",63.9474416000126
"2499",17.9117321099886
"2500",81.2230824184991
"2501",28.1944646934201
"2502",41.9891547077724
"2503",16.6285284417062
"2504",29.8906050349309
"2505",31.1470615992208
"2506",117.364863341047
"2507",65.9828874866975
"2508",65.1939020744489
"2509",73.0178679003884
"2510",36.2380524960326
"2511",70.9343318856468
"2512",22.8468053436699
"2513",45.8828387659817
"2514",39.7588341836595
"2515",31.8864025510857
"2516",67.841867931616
"2517",67.0309662229736
"2518",43.9845628689753
"2519",25.5678962165848
"2520",49.6232266791931
"2521",37.3283462804842
"2522",35.9673211896149
"2523",45.272777523574
"2524",56.6985849081596
"2525",80.1999838312941
"2526",29.3933388599261
"2527",29.1728117986307
"2528",47.4906882072257
"2529",49.4966641419302
"2530",10.9353339650558
"2531",20.8551376739178
"2532",47.6434068554653
"2533",67.5873322043237
"2534",77.2172852277435
"2535",46.8540781851661
"2536",102.953008202236
"2537",94.351265701888
"2538",157.314989532913
"2539",40.4940811302866
"2540",32.8958632260525
"2541",18.047475947896
"2542",97.2815842530257
"2543",86.2059490061321
"2544",39.206988494965
"2545",21.241978990923
"2546",48.5865621597481
"2547",61.235974479855
"2548",18.2555611832686
"2549",151.229544732407
"2550",19.6759725949429
"2551",13.5478312171746
"2552",55.1427432901695
"2553",43.7765820880494
"2554",32.7057975047336
"2555",23.0635715144319
"2556",28.997862525069
"2557",60.1441914114381
"2558",73.8447529408651
"2559",63.1703649195646
"2560",37.9663992697243
"2561",51.4984113001065
"2562",15.0670742246033
"2563",27.374475525427
"2564",34.2423458046688
"2565",57.1683080561751
"2566",34.4721791120204
"2567",16.1376915358541
"2568",50.0585723153262
"2569",25.4228511126568
"2570",27.9848689659848
"2571",68.9599335476791
"2572",173.117283139046
"2573",72.6923149386224
"2574",63.981165806033
"2575",22.7361178582768
"2576",63.6891573169288
"2577",32.5439972000995
"2578",53.492734701861
"2579",44.4619795935476
"2580",45.3657824109375
"2581",37.1616667078352
"2582",57.3327973822686
"2583",61.9500233288545
"2584",64.5447971444828
"2585",44.9202820751157
"2586",32.7537222199157
"2587",24.2691990868271
"2588",63.6048939177747
"2589",51.2300136485853
"2590",42.3145557963141
"2591",45.918418110018
"2592",40.7939098176078
"2593",38.6010151462554
"2594",82.4022239397563
"2595",34.1425082017713
"2596",17.4344634688749
"2597",87.9922962383563
"2598",35.0380640560081
"2599",36.1988466824422
"2600",38.677781669608
"2601",21.2564901274279
"2602",25.0204094541964
"2603",49.71092690363
"2604",11.1079036807321
"2605",73.1579117361637
"2606",34.6215319166855
"2607",11.9179226110931
"2608",38.4480009211869
"2609",11.8176374221323
"2610",23.3610384271693
"2611",35.4164087752251
"2612",35.9035060817776
"2613",31.97853596866
"2614",33.7258850736315
"2615",35.5848746174197
"2616",16.4298962837814
"2617",20.9283360725087
"2618",13.0491137494407
"2619",13.7806957815156
"2620",18.4030436914128
"2621",56.4375686959641
"2622",43.9472018903035
"2623",25.6501610047184
"2624",14.2637182612511
"2625",48.2901150751083
"2626",59.4623096778858
"2627",19.0669693775781
"2628",69.3113958638806
"2629",45.3487754807337
"2630",68.2075429403039
"2631",24.6774539469267
"2632",44.1114578881896
"2633",38.8706231253496
"2634",76.8526224947154
"2635",27.4547313642996
"2636",45.2139276508567
"2637",38.947113272477
"2638",25.5668250768476
"2639",16.091174649356
"2640",69.6911885579568
"2641",25.4920272906894
"2642",143.485039130509
"2643",47.7071050655563
"2644",51.9169909356361
"2645",27.7001662511902
"2646",106.176966634385
"2647",16.6365020109291
"2648",36.7902769641013
"2649",21.3262488411366
"2650",14.3515587618336
"2651",51.8785521800652
"2652",19.7989221880061
"2653",35.6745383880509
"2654",48.9674935739577
"2655",20.8151512778966
"2656",22.1059174207029
"2657",70.2279373623196
"2658",53.5256223054021
"2659",68.0627298258957
"2660",44.4688985604253
"2661",37.5273870861611
"2662",24.8333251184666
"2663",15.5302617477132
"2664",16.037207105018
"2665",48.2551770427251
"2666",93.4099124122657
"2667",37.1495944568394
"2668",19.5269040266364
"2669",49.6633402800415
"2670",98.6180788691882
"2671",29.2497038643579
"2672",39.6571476202018
"2673",139.199315907945
"2674",28.2244603995692
"2675",24.3143384333078
"2676",31.913792237442
"2677",52.6895479081178
"2678",30.4978380054005
"2679",23.3328077976485
"2680",36.7702421030618
"2681",106.627378168314
"2682",20.1344904148388
"2683",12.98982458651
"2684",28.5972949955695
"2685",53.486683620499
"2686",25.90718895604
"2687",33.9902772670619
"2688",92.1723184678828
"2689",14.6848851806503
"2690",63.4381937999221
"2691",31.0450789088946
"2692",34.6620347118089
"2693",49.9956630724904
"2694",35.7465107806801
"2695",25.3006925597895
"2696",59.557914370443
"2697",20.4407618227418
"2698",31.8428894918326
"2699",56.480935466276
"2700",95.3817602328964
"2701",128.999292348731
"2702",98.9922534083955
"2703",21.0532891978586
"2704",43.0736178476329
"2705",8.02368912940177
"2706",60.0280163422383
"2707",12.5050133313334
"2708",32.7333970308334
"2709",60.3641359235674
"2710",69.9628351466458
"2711",45.9235545001272
"2712",62.1047243924133
"2713",67.339036388941
"2714",33.5604862417784
"2715",117.983277645547
"2716",38.2639832536675
"2717",60.1918806295225
"2718",27.1801731103233
"2719",55.9168730176049
"2720",109.176736925465
"2721",30.144609139151
"2722",35.2730773106304
"2723",44.3733978832058
"2724",22.2910983201561
"2725",46.6908218082925
"2726",59.1879890423971
"2727",49.2994070368431
"2728",34.3961029933351
"2729",29.7026329879412
"2730",50.1656153004082
"2731",42.6421257963349
"2732",53.9973096954009
"2733",51.6655377560428
"2734",43.4687002307076
"2735",62.4014749625714
"2736",25.1687305792091
"2737",71.8677742596054
"2738",26.6972369227658
"2739",28.2108256436204
"2740",28.2209979693024
"2741",53.8878207249974
"2742",56.5358987666104
"2743",42.6284388107747
"2744",26.0529533159178
"2745",25.0584408606303
"2746",72.6297015356895
"2747",24.1872460308017
"2748",58.429104942472
"2749",135.519733023102
"2750",46.7778681742657
"2751",16.277380362039
"2752",48.6995422444041
"2753",135.114747764687
"2754",46.9330894134215
"2755",112.246680733413
"2756",32.3301275605463
"2757",74.7520538335664
"2758",30.4001175500471
"2759",34.6905685246749
"2760",53.3892514916056
"2761",59.206591872671
"2762",15.2584171640866
"2763",53.9077250947146
"2764",113.430107365534
"2765",34.1823480324691
"2766",73.5276196890601
"2767",26.0661117081302
"2768",26.528367017645
"2769",63.3998717186484
"2770",139.689373627539
"2771",69.8392070881261
"2772",41.2413974205209
"2773",70.8961417301424
"2774",144.547303869421
"2775",85.7350912072127
"2776",78.2139325916196
"2777",50.2567470422387
"2778",36.3312162403242
"2779",38.1143448686942
"2780",47.0035759970896
"2781",48.8326877380547
"2782",53.4338955940728
"2783",22.9569220445014
"2784",48.6487198512687
"2785",31.7004259552273
"2786",34.2808031809614
"2787",40.4736579380694
"2788",19.8910752217271
"2789",16.2682676597243
"2790",30.4338358689355
"2791",42.7192884250974
"2792",70.628928475682
"2793",100.434324547521
"2794",60.0555743506237
"2795",26.1722587665712
"2796",109.551721129335
"2797",95.8427928937086
"2798",32.3730620658563
"2799",51.6616291150861
"2800",45.6867503850576
"2801",40.2240208429772
"2802",29.071924412305
"2803",11.8416677248331
"2804",73.986920938072
"2805",21.4080623497765
"2806",32.4442099272516
"2807",33.7698756846742
"2808",28.5229743116035
"2809",49.8873197150508
"2810",41.8907069635274
"2811",40.0638256486138
"2812",40.6552718312957
"2813",23.2568101106498
"2814",88.8877636430275
"2815",25.6944823843115
"2816",50.5742548931882
"2817",99.254197525871
"2818",66.3815800852855
"2819",96.3039983111394
"2820",59.468621092824
"2821",35.2063744113259
"2822",48.8392932612885
"2823",64.6651293046988
"2824",115.153408911024
"2825",27.2129633460303
"2826",87.2520445309287
"2827",64.6364205623864
"2828",104.942969359969
"2829",19.1045290832335
"2830",65.4248207393627
"2831",57.2556765984066
"2832",42.7623886684852
"2833",72.3239383318659
"2834",26.5428959146712
"2835",32.9283698625573
"2836",42.0997431196902
"2837",23.8998923791881
"2838",35.628378699138
"2839",54.1528096808232
"2840",68.8724707573484
"2841",21.7339779683641
"2842",60.2584053225318
"2843",19.8861794621036
"2844",29.1980491479866
"2845",61.7005128590576
"2846",15.6478608581258
"2847",60.12444284088
"2848",99.0103625938319
"2849",25.111546122278
"2850",52.7736371393899
"2851",20.0839947142936
"2852",26.5265888748896
"2853",16.8471300020111
"2854",55.6719213158846
"2855",94.8447537811048
"2856",27.3145359983526
"2857",69.26294454161
"2858",56.2943509436495
"2859",74.6334821593235
"2860",32.2164347706603
"2861",52.4196902549389
"2862",78.4827715292166
"2863",88.6615516797044
"2864",35.1899462271586
"2865",37.530607107324
"2866",15.5147975113776
"2867",41.6140077153752
"2868",37.6209878798327
"2869",67.558655300951
"2870",81.6837625128981
"2871",24.603944751545
"2872",42.0020460900884
"2873",74.8221170016318
"2874",35.5403995578675
"2875",37.4017953925003
"2876",22.7827050789956
"2877",14.9601522390984
"2878",65.872513727201
"2879",41.6226844157798
"2880",30.3290015431106
"2881",59.4344350685765
"2882",126.935839558585
"2883",26.0668199989003
"2884",24.6929440565777
"2885",53.8383747304743
"2886",38.2205520063812
"2887",22.0233480226358
"2888",94.4154492412156
"2889",76.924916911643
"2890",54.7552129464211
"2891",29.8870882321078
"2892",31.4428495395252
"2893",33.9476061914509
"2894",137.222860808091
"2895",37.4457985277154
"2896",76.4016836903464
"2897",42.9214870807058
"2898",48.3425295304579
"2899",53.6700426424878
"2900",55.1503178721594
"2901",16.3828310132598
"2902",63.9922156516601
"2903",51.65969825158
"2904",32.8754287663606
"2905",21.0661802329159
"2906",17.679294976543
"2907",33.4584845655843
"2908",25.5706363908347
"2909",32.616389216406
"2910",20.1718936522107
"2911",21.4769874131527
"2912",59.4609290903249
"2913",39.7321593385786
"2914",41.2622673646098
"2915",171.132053419134
"2916",16.6580871876544
"2917",39.9464730972817
"2918",20.6866654839514
"2919",27.9295180043051
"2920",17.9314246789531
"2921",44.2133405081684
"2922",68.9645947766741
"2923",48.1476840453688
"2924",30.1711111204669
"2925",25.9700267263904
"2926",68.3036590252012
"2927",136.786979976837
"2928",28.6313307112641
"2929",116.339427243254
"2930",18.8353198037422
"2931",30.2817534327123
"2932",61.7253985379382
"2933",20.9591767525838
"2934",41.0532583310355
"2935",25.2079116540467
"2936",122.433082190698
"2937",23.910335833237
"2938",51.1836801711855
"2939",180.904250037894
"2940",37.4602220870703
"2941",74.063714796683
"2942",52.4249899334559
"2943",35.6320581015006
"2944",42.1097273656295
"2945",36.8606694600728
"2946",41.7077835071748
"2947",77.5424681544943
"2948",18.1771996787044
"2949",48.1975053803809
"2950",28.7687751452962
"2951",78.8412249779239
"2952",23.0187716374404
"2953",60.8777717624266
"2954",55.4965565387306
"2955",58.3174593118491
"2956",20.2264481345828
"2957",38.7178567385773
"2958",37.4632044642922
"2959",30.4714919554292
"2960",50.8903174258662
"2961",22.163897104502
"2962",19.2612276287187
"2963",43.2227734650244
"2964",25.1730896558605
"2965",37.8677259385604
"2966",130.387084515175
"2967",22.1173438480934
"2968",22.5981890312824
"2969",61.0703316061941
"2970",53.5681956542617
"2971",48.1878578521049
"2972",70.0454339890849
"2973",32.0152137319664
"2974",95.6184077689934
"2975",48.5301642552819
"2976",34.8986042553044
"2977",30.5630690612891
"2978",102.647674139535
"2979",29.4685048239648
"2980",29.4684822145413
"2981",47.5639188523572
"2982",64.4348778169284
"2983",15.5452740987235
"2984",47.2778705599093
"2985",75.2173252411207
"2986",38.3623361166215
"2987",21.5582990680253
"2988",69.8806567016008
"2989",43.5793742291571
"2990",35.4257608963803
"2991",34.7901838195133
"2992",6.96902627873829
"2993",23.2975853876385
"2994",21.4201953752963
"2995",18.2837528396974
"2996",29.1622511574944
"2997",49.1067171222057
"2998",52.7379623384976
"2999",62.2907260828166
"3000",58.2359879863709
"3001",23.1116159118855
"3002",30.7042953540278
"3003",49.9640959559868
"3004",100.666029277617
"3005",38.4584598497852
"3006",16.9209141206397
"3007",78.8519990094379
"3008",24.7151462201831
"3009",70.8476486554947
"3010",34.0385385378347
"3011",25.3077645053129
"3012",45.6954847868855
"3013",42.6667250876838
"3014",25.9642712557832
"3015",74.3324983642938
"3016",55.6888541921035
"3017",23.8471315553985
"3018",70.3274644206567
"3019",17.0166780723164
"3020",38.6621619741538
"3021",44.4997346735187
"3022",134.145150884123
"3023",76.1069386376827
"3024",25.0924430998653
"3025",33.1927578845284
"3026",63.1086690342833
"3027",40.888986047382
"3028",40.2085701580805
"3029",11.8090151231298
"3030",26.0937388242711
"3031",37.028235970964
"3032",45.1886322750792
"3033",8.20624235191659
"3034",53.7767717658159
"3035",58.0169685363292
"3036",41.1499928030083
"3037",16.6558857230013
"3038",37.759786462851
"3039",24.0594600372678
"3040",35.4554086248938
"3041",26.2218928355083
"3042",49.866228312224
"3043",31.7560122930464
"3044",45.9373917774377
"3045",27.5854820209671
"3046",40.0545461336749
"3047",20.2903053928686
"3048",51.7600219316185
"3049",84.2489406032229
"3050",22.3980135361559
"3051",33.9134381698339
"3052",55.0158118821065
"3053",36.1517247682361
"3054",56.9767356642652
"3055",76.1897087330711
"3056",23.0805244726303
"3057",37.0961319649909
"3058",35.0572100513903
"3059",49.213982137631
"3060",63.0087817888247
"3061",22.1985813012703
"3062",30.6903338261849
"3063",19.8865148806453
"3064",32.3509829079095
"3065",24.8454778791948
"3066",23.9792653755976
"3067",96.0593775026897
"3068",66.3595909728393
"3069",73.8374070254812
"3070",46.4230303936696
"3071",20.2793578843429
"3072",18.802037097944
"3073",54.9488125936211
"3074",33.2874451590045
"3075",24.2741114061828
"3076",146.292370535186
"3077",46.4599225759858
"3078",28.3268160794045
"3079",22.9862391130937
"3080",67.661954218755
"3081",9.39656284920291
"3082",42.7759047131577
"3083",26.728067819047
"3084",23.687164240736
"3085",32.6581892480546
"3086",68.6852354722572
"3087",19.8807175522975
"3088",87.4123950742439
"3089",19.4595280525746
"3090",25.8380315376639
"3091",41.7470789179438
"3092",29.9132317046635
"3093",45.7678295430697
"3094",14.2886419759437
"3095",24.9227135381742
"3096",34.3003815972457
"3097",23.3509154046055
"3098",20.2530666961466
"3099",42.3967117053331
"3100",27.1411969870846
"3101",43.2693789307605
"3102",58.6141814500779
"3103",29.3105459579286
"3104",45.1642157192992
"3105",74.6338244247618
"3106",48.8509053773922
"3107",56.3151275343873
"3108",15.4027021621131
"3109",69.8002604120159
"3110",62.9473721149367
"3111",26.3227154942882
"3112",54.4847405204575
"3113",24.0722718681668
"3114",36.4099677836296
"3115",43.6060360654909
"3116",56.3754553127414
"3117",16.4034542898854
"3118",38.6392883593364
"3119",61.9131001385851
"3120",38.2099631610399
"3121",23.9826317889683
"3122",38.1664565768191
"3123",36.2006765923638
"3124",100.344356424659
"3125",44.8640765613143
"3126",19.6630270850042
"3127",65.6212766756618
"3128",60.6652893037241
"3129",29.7891622783968
"3130",55.1357145563177
"3131",19.5518791266357
"3132",70.1747741114647
"3133",18.1803844386929
"3134",9.78716337627197
"3135",78.2043254064838
"3136",74.2209353173924
"3137",21.9207656517563
"3138",33.1845387526222
"3139",23.1626707385394
"3140",16.3275111359921
"3141",29.8482643378905
"3142",23.5383912365563
"3143",33.3039639184889
"3144",37.1047995527942
"3145",43.722824593002
"3146",139.761657265077
"3147",17.914026080326
"3148",62.6039476974809
"3149",21.2191840526299
"3150",56.0139381958148
"3151",19.6735187022614
"3152",64.2407396609459
"3153",29.6746691038699
"3154",84.1410276546093
"3155",146.620723089579
"3156",55.7387297046505
"3157",39.35190934474
"3158",16.2136059874113
"3159",62.3058405936236
"3160",33.5428465194884
"3161",71.6293653366925
"3162",43.5679845627161
"3163",18.9771399262182
"3164",91.8558416932015
"3165",54.9063476320878
"3166",87.9927615192784
"3167",20.0086441950531
"3168",12.216771455557
"3169",13.1128739847013
"3170",26.338589413472
"3171",116.657683555351
"3172",38.9037236237334
"3173",26.786127899169
"3174",21.4573949837903
"3175",46.3207322076276
"3176",73.2791283210202
"3177",26.2205152734637
"3178",67.3817381513961
"3179",40.7931828924432
"3180",50.1128950059568
"3181",56.2970248001465
"3182",61.6889354932428
"3183",129.026507220423
"3184",48.0981941346843
"3185",16.5379653387434
"3186",35.061510058462
"3187",58.8341800308425
"3188",65.177017452445
"3189",33.8834059671342
"3190",86.2378835595643
"3191",31.0384541072761
"3192",13.1121345650381
"3193",39.8143807825132
"3194",20.3037176560889
"3195",37.4473273829269
"3196",18.1422008842409
"3197",113.770934548714
"3198",67.1409459942695
"3199",35.5503951578194
"3200",44.3550849061904
"3201",32.2852509406238
"3202",36.5892665367484
"3203",31.9351032396507
"3204",33.9818149112423
"3205",98.9937949022641
"3206",43.7825172838
"3207",136.895116471042
"3208",18.452605472969
"3209",37.1798357887828
"3210",107.57862768724
"3211",55.431999329806
"3212",24.7142034876698
"3213",98.0506112598691
"3214",48.8598914551111
"3215",28.0269536932499
"3216",38.8376893468931
"3217",42.3639157050449
"3218",60.2622457101872
"3219",30.1999295248448
"3220",65.6137255558901
"3221",33.7592584224396
"3222",20.3878265182617
"3223",21.6560020117964
"3224",27.0526571837718
"3225",23.2650021378761
"3226",19.9162661540652
"3227",30.7434330895697
"3228",80.3501316811935
"3229",79.1749262609683
"3230",62.4615590214196
"3231",32.9380254552835
"3232",56.1101258568832
"3233",28.9791291051831
"3234",49.7512803260648
"3235",19.8896490577433
"3236",41.7250863691737
"3237",32.8775784239542
"3238",42.2412497891832
"3239",29.4380950356416
"3240",31.6081375171413
"3241",24.3200677730178
"3242",49.8912474139172
"3243",38.8740534477554
"3244",40.8017131180283
"3245",50.5065619374847
"3246",26.0817435260439
"3247",23.4821398005608
"3248",34.0386758636615
"3249",68.0674035623331
"3250",10.9924838734183
"3251",54.8009691137062
"3252",57.5790816958623
"3253",21.0434002249031
"3254",95.5518052357896
"3255",73.2009399646784
"3256",73.5947479391555
"3257",62.6358786727505
"3258",8.49016041171194
"3259",27.5058015680621
"3260",15.1469802354719
"3261",40.5416681033243
"3262",106.515851265165
"3263",59.8687781806553
"3264",63.924699706154
"3265",42.0920603383509
"3266",50.9033642382833
"3267",64.5801871522128
"3268",29.1454957040602
"3269",24.7004857693109
"3270",33.6296582219186
"3271",15.1453682247579
"3272",95.3308192245829
"3273",53.2886955157918
"3274",34.9133593638455
"3275",86.7500635574058
"3276",42.069855291877
"3277",74.1956995510903
"3278",66.0622135733861
"3279",27.3964890897335
"3280",76.219081477261
"3281",37.8341992008645
"3282",36.4914608292953
"3283",50.9126901731028
"3284",24.6151809407161
"3285",58.6157025880968
"3286",35.153472123743
"3287",74.2966102087193
"3288",27.3404737951791
"3289",16.5274171223756
"3290",114.486019731244
"3291",51.0585032780483
"3292",18.9151213084952
"3293",23.7325144365321
"3294",35.1559304147949
"3295",22.6183320243109
"3296",26.8720022238584
"3297",35.6277468324249
"3298",26.1805174399713
"3299",13.1999805937725
"3300",28.8012451973272
"3301",80.5318304999101
"3302",15.1321670153413
"3303",54.5713063433354
"3304",49.9116496147707
"3305",31.3194978165062
"3306",30.2115639164716
"3307",21.3425118018148
"3308",59.9691819528009
"3309",61.1464696668821
"3310",55.1893752225072
"3311",17.1858997975026
"3312",23.1187910191941
"3313",65.5268578452096
"3314",109.948939872579
"3315",30.692343864457
"3316",42.6504354202211
"3317",12.5382089315159
"3318",35.0304845371948
"3319",67.1502908825611
"3320",63.230097066475
"3321",157.424650113316
"3322",115.58177245667
"3323",32.0847656443234
"3324",54.0264473589973
"3325",40.7361227944754
"3326",13.390655673437
"3327",39.4293393495217
"3328",73.31613480734
"3329",55.4295219803773
"3330",10.0597338543936
"3331",38.3743056680955
"3332",85.5666798897032
"3333",35.3028889802261
"3334",28.0760727419238
"3335",45.8034419204165
"3336",11.7300082734855
"3337",103.917366832923
"3338",17.5065410146047
"3339",30.1682339395298
"3340",106.657224990391
"3341",45.270890739593
"3342",118.905221788937
"3343",31.9426583052761
"3344",27.1413899376471
"3345",29.6026386375391
"3346",69.3452442128296
"3347",37.350872051747
"3348",29.4151168166521
"3349",40.8192963287243
"3350",30.3321900550213
"3351",8.06343594209259
"3352",43.9751463363353
"3353",31.1190320396569
"3354",15.8952461273797
"3355",33.269085633963
"3356",41.0675245387611
"3357",66.1980755031679
"3358",43.8452034686841
"3359",36.0320374699837
"3360",50.5198183100876
"3361",25.9958669416922
"3362",15.5155947634545
"3363",25.7186337648765
"3364",29.9686328309525
"3365",56.0009628080094
"3366",49.770759254939
"3367",38.0978372021058
"3368",27.6789803526602
"3369",58.4506972134426
"3370",25.6001320790318
"3371",48.9992641294419
"3372",39.5011264227884
"3373",19.8242527211547
"3374",97.4601271978772
"3375",14.3378040653789
"3376",24.5074452397065
"3377",15.3579387865229
"3378",88.6875528751711
"3379",84.5311197878499
"3380",58.8187122385296
"3381",97.8251572063377
"3382",58.9300918837277
"3383",27.2324905875888
"3384",53.1987830181073
"3385",85.9986611181916
"3386",27.4078089866152
"3387",73.3190050444254
"3388",57.067262677354
"3389",20.7463709568856
"3390",102.14715129225
"3391",52.1448127103061
"3392",41.204522879138
"3393",41.7806031358028
"3394",53.5786384335655
"3395",48.2796817070381
"3396",22.4350751894893
"3397",74.0113753559335
"3398",53.2854817500285
"3399",26.6930245430717
"3400",67.1045458896113
"3401",144.501278404307
"3402",68.1871138845436
"3403",63.4732755500825
"3404",39.9285353781755
"3405",71.4633912882419
"3406",59.0664017475491
"3407",31.8643102371971
"3408",34.0995887223894
"3409",32.726041367713
"3410",17.1020592446555
"3411",61.1680069533517
"3412",29.1244265310081
"3413",82.6894815802258
"3414",23.9705298646536
"3415",111.899489625494
"3416",37.4186771763095
"3417",85.4169971968077
"3418",46.6694675661779
"3419",94.9233941078205
"3420",55.396512844121
"3421",29.2860274614068
"3422",41.7454559455135
"3423",31.8761413736282
"3424",31.1556168357441
"3425",50.6587915801117
"3426",11.7158925533362
"3427",61.5453862798785
"3428",26.0410471718259
"3429",50.6961767980872
"3430",28.3325126364822
"3431",90.9692744462323
"3432",58.9273867690493
"3433",9.94781727148492
"3434",59.3023351548768
"3435",24.3403086906449
"3436",26.5466287167779
"3437",71.3270617033286
"3438",49.2282149381302
"3439",26.8536521883265
"3440",69.6104803149395
"3441",23.92240124707
"3442",90.8971076755104
"3443",26.961979974278
"3444",141.419949213513
"3445",24.6937065155926
"3446",60.7519866986093
"3447",113.466819892283
"3448",24.945142708334
"3449",28.3687395534371
"3450",49.8480983732445
"3451",22.4665198677504
"3452",43.050080860657
"3453",54.0272128533023
"3454",38.8773223421189
"3455",56.8170613398139
"3456",43.716814750336
"3457",57.9218200659803
"3458",13.560149155715
"3459",33.8028861766746
"3460",55.2019107151272
"3461",27.236575707119
"3462",11.4606236924022
"3463",7.76589887924998
"3464",19.7157872583244
"3465",65.4117639528392
"3466",41.4489215212908
"3467",53.2311199826651
"3468",39.0813867822068
"3469",84.0056257127006
"3470",127.583255307379
"3471",13.8260819840231
"3472",18.9426328808078
"3473",93.932492905989
"3474",47.7442217938138
"3475",43.965203451875
"3476",80.7046573984689
"3477",107.541320682416
"3478",25.6181753769598
"3479",45.3931371213262
"3480",86.4119828012247
"3481",23.667200183727
"3482",107.205401352028
"3483",75.0682816963844
"3484",61.8079818307095
"3485",100.425966275635
"3486",81.2286927608283
"3487",39.8340119032371
"3488",50.3281122290549
"3489",33.0079322646802
"3490",20.2660722223339
"3491",15.16034125235
"3492",142.402910240214
"3493",29.0563330192996
"3494",16.5721867089797
"3495",33.0904171647208
"3496",42.5382972049443
"3497",45.6039880654099
"3498",15.8774607733029
"3499",154.304144449236
"3500",26.8362264342052
"3501",37.1296570858596
"3502",21.9817445684094
"3503",43.250377396984
"3504",36.765927126068
"3505",61.7033971383092
"3506",42.9155618804509
"3507",50.5433787981734
"3508",49.9045107155794
"3509",68.1766833301082
"3510",73.286726297244
"3511",26.4195925713581
"3512",38.1644227869605
"3513",81.3522345037701
"3514",53.3860742026775
"3515",118.680652446505
"3516",14.8476382521478
"3517",23.9626147173592
"3518",21.3475757015273
"3519",28.654660437535
"3520",41.9815152712893
"3521",28.1928109644441
"3522",26.8411862512551
"3523",104.474313198906
"3524",63.7146884932104
"3525",27.9952611300914
"3526",19.7835113873226
"3527",99.6474169549165
"3528",104.919335608668
"3529",93.2511921203786
"3530",44.0555116536194
"3531",49.6808073301458
"3532",154.044535150505
"3533",53.183798395823
"3534",15.1426402639851
"3535",35.857055459915
"3536",24.3162287744182
"3537",53.1679171755992
"3538",70.8691921026299
"3539",33.67103289459
"3540",28.0286404037836
"3541",19.3953030542128
"3542",30.7343054160414
"3543",14.8991121649832
"3544",34.469411222393
"3545",50.7416299544138
"3546",37.0155691887717
"3547",17.7178797875282
"3548",182.027019972989
"3549",15.997816522296
"3550",28.3541079863209
"3551",46.2031138025026
"3552",28.5089991981386
"3553",66.7388252518618
"3554",25.6457176602046
"3555",245.70737992038
"3556",22.0274157078282
"3557",44.8162898258379
"3558",33.4370012793696
"3559",123.175748048785
"3560",34.2995702054701
"3561",13.2979514110783
"3562",10.7192305337542
"3563",78.511344124523
"3564",29.1098671789367
"3565",50.8374877537247
"3566",41.5979649190359
"3567",156.183419324069
"3568",21.398360053901
"3569",36.872907066048
"3570",55.0788180543735
"3571",65.6433827848071
"3572",26.2899722127807
"3573",67.7122296617866
"3574",54.0462830863909
"3575",47.381902390978
"3576",28.1475145476747
"3577",30.4192740677024
"3578",27.2894182008559
"3579",41.4138237828917
"3580",23.6947190034811
"3581",65.4063138756837
"3582",40.5593274737887
"3583",93.9828426314936
"3584",94.9119147281599
"3585",45.0049183532417
"3586",28.9357321317629
"3587",35.4663982756418
"3588",47.0697666794942
"3589",16.485044409243
"3590",78.3323689643821
"3591",60.1731685955039
"3592",64.0462538945693
"3593",20.2971325214904
"3594",28.3731639583266
"3595",21.9109145284054
"3596",58.2493682473763
"3597",42.7456404903619
"3598",27.5366106217278
"3599",90.7627972961944
"3600",78.2357498998029
"3601",29.9967768642537
"3602",22.6776367727265
"3603",80.2548844236814
"3604",18.7293049562263
"3605",28.8056899243508
"3606",46.2337735488627
"3607",28.6091767113734
"3608",27.7874103109142
"3609",65.0574946341148
"3610",24.5093629193426
"3611",29.3850691400739
"3612",15.7510084857799
"3613",49.7451060200106
"3614",15.3254948539615
"3615",27.9799463748729
"3616",47.6889432028378
"3617",43.3543743933345
"3618",105.618142948777
"3619",55.9173441268028
"3620",67.8157614060968
"3621",74.9001368845036
"3622",74.917110296259
"3623",16.368768077348
"3624",31.5002338873255
"3625",29.8061435486688
"3626",38.279974379095
"3627",13.4667203430693
"3628",24.085269085129
"3629",25.2680370375736
"3630",23.4107126461954
"3631",52.1447125211163
"3632",50.9471011542924
"3633",32.2991091323268
"3634",15.3750729967497
"3635",45.4427317204813
"3636",73.4861775260991
"3637",67.0961612210385
"3638",24.6170787336376
"3639",90.0363267866997
"3640",65.7504016149756
"3641",46.5640438869572
"3642",8.50475709303103
"3643",21.3418831468334
"3644",30.5902073227538
"3645",32.6726195361125
"3646",15.3535565416017
"3647",43.926226567916
"3648",149.191194907943
"3649",20.2170332622388
"3650",95.9242090253513
"3651",24.427424035025
"3652",78.1115922465483
"3653",106.364704781185
"3654",22.0139893272823
"3655",46.118765791325
"3656",56.7219667073719
"3657",21.4468660375094
"3658",77.2317851604994
"3659",23.6437489187333
"3660",33.8192196378173
"3661",28.9616317785813
"3662",20.0925841483417
"3663",29.1214266868459
"3664",77.2799425718764
"3665",23.9089067603103
"3666",42.9735470836754
"3667",67.801391030473
"3668",120.237072606435
"3669",74.4475915975538
"3670",24.2921520271311
"3671",41.4426194994813
"3672",37.5759769533866
"3673",58.2347661444962
"3674",46.5402705316886
"3675",45.4462021700062
"3676",53.6358235190099
"3677",33.8193832103601
"3678",45.659781051599
"3679",39.6425598374977
"3680",26.2734861701863
"3681",24.9912421763111
"3682",31.4986870913396
"3683",21.4546493178619
"3684",42.2979303372999
"3685",92.1510341587908
"3686",34.0101817447785
"3687",41.2424286169309
"3688",61.1133357626804
"3689",102.927760770533
"3690",79.2123843057951
"3691",29.3668134322731
"3692",76.1712249118036
"3693",24.0138992759442
"3694",26.4902195244995
"3695",16.0421791239556
"3696",87.5129578283335
"3697",25.5755314767025
"3698",57.9199331488348
"3699",27.4125193158802
"3700",44.0836223576716
"3701",78.9376714837276
"3702",25.1587113116648
"3703",39.2390268052761
"3704",59.2623866179718
"3705",68.5645097503777
"3706",76.1218840557839
"3707",32.1270355642515
"3708",25.1789304648181
"3709",28.5946797644492
"3710",60.6054117258596
"3711",70.8814822045243
"3712",47.0226158385722
"3713",32.6240801495222
"3714",53.8401198262865
"3715",57.7119610942885
"3716",20.4621987105271
"3717",44.2334073549979
"3718",43.935969603407
"3719",18.7502214830574
"3720",33.3895450811257
"3721",24.5158564842085
"3722",63.4948551260608
"3723",42.3949710375673
"3724",50.8284295095811
"3725",16.8987025976902
"3726",39.3387347817096
"3727",27.2097922915044
"3728",56.4411699057895
"3729",29.4711067485531
"3730",64.2235547831488
"3731",44.4857972826036
"3732",120.617807128492
"3733",92.6241429597782
"3734",22.4185509627562
"3735",79.9989887122759
"3736",37.81473713679
"3737",87.3627774614524
"3738",35.0316273152822
"3739",51.9870235758751
"3740",29.9084423864598
"3741",57.8691364659434
"3742",42.5523509332134
"3743",41.1954184957945
"3744",72.8164316211537
"3745",73.0804537154459
"3746",78.6524701055661
"3747",26.9401701316065
"3748",146.025107218992
"3749",31.9706155707676
"3750",45.2317210845047
"3751",57.6882586069895
"3752",26.567023841551
"3753",46.9552437234249
"3754",55.0822546265233
"3755",19.4664470450573
"3756",35.7132431215791
"3757",44.2369631241072
"3758",156.575238695387
"3759",51.1882004979229
"3760",36.9499976657882
"3761",20.6070583376708
"3762",17.8963167674858
"3763",70.752074518432
"3764",53.1269055217842
"3765",28.7735969963578
"3766",8.24244506122078
"3767",52.29876837496
"3768",30.9881230508358
"3769",71.977627009763
"3770",36.5958780517487
"3771",69.2249979353205
"3772",30.4190969294096
"3773",28.6466168662907
"3774",36.0316785908946
"3775",35.8519496575265
"3776",42.9518069035306
"3777",86.0957671980492
"3778",79.0266785617015
"3779",63.0558404193692
"3780",46.1189549725912
"3781",40.2158876249135
"3782",47.7206497000193
"3783",11.941601085902
"3784",14.5764924669361
"3785",46.1283189632306
"3786",127.741724875094
"3787",28.6332621122658
"3788",154.536578189112
"3789",40.0704963613771
"3790",27.5374046781487
"3791",12.1534793629958
"3792",34.1490272739536
"3793",56.504446914246
"3794",49.6291165401635
"3795",53.7105460392291
"3796",51.6731286854543
"3797",50.0953197635477
"3798",86.598763094021
"3799",27.9739377066681
"3800",103.170972959776
"3801",22.8591184845526
"3802",19.1828146979994
"3803",24.4941835386204
"3804",45.1171533470988
"3805",44.9352305536633
"3806",14.3312987272858
"3807",114.909435224514
"3808",18.7779030271353
"3809",42.8062192430838
"3810",9.36389621525346
"3811",50.5515174377195
"3812",27.2871305179059
"3813",48.8396961740332
"3814",45.3308909441841
"3815",35.2658644024129
"3816",21.0259304560687
"3817",29.0847209350462
"3818",62.4192364891999
"3819",18.9347996614397
"3820",78.4762205578185
"3821",18.925098591282
"3822",32.4852057152796
"3823",18.2483801904756
"3824",10.5147534633924
"3825",17.2161909028745
"3826",12.9424952151758
"3827",32.6733598529056
"3828",37.8841543107469
"3829",69.8730658602222
"3830",34.6392227624377
"3831",40.5390547531372
"3832",52.7693053468231
"3833",57.1023565887085
"3834",32.2566930903646
"3835",6.2013741750367
"3836",18.489706936738
"3837",33.2526715252392
"3838",12.897968681844
"3839",61.7082569891347
"3840",29.7090379927568
"3841",20.2983256511899
"3842",47.3647840118542
"3843",68.2199531851097
"3844",36.5846038286048
"3845",182.278948949287
"3846",29.9031409075207
"3847",23.117874007236
"3848",64.7239693286304
"3849",24.465216033409
"3850",63.9388836854818
"3851",15.7920530464846
"3852",39.3845740456516
"3853",32.5752634866737
"3854",42.4602702350401
"3855",74.9119038371781
"3856",18.1539241169382
"3857",40.0836688285768
"3858",24.3584859151923
"3859",46.7947923727795
"3860",26.9303244675862
"3861",22.2335263350053
"3862",60.4926698678332
"3863",68.7297315104334
"3864",118.674197882011
"3865",49.7864027469359
"3866",89.0515644589899
"3867",39.3496270946972
"3868",16.2661245635086
"3869",42.1374289739377
"3870",19.6809705157331
"3871",79.0679159134025
"3872",72.9127391429703
"3873",25.4401539553659
"3874",126.677224695539
"3875",47.374339596763
"3876",104.205666916236
"3877",17.7279831154622
"3878",24.5998483701406
"3879",40.0773117159131
"3880",35.6496194304851
"3881",20.0841442000147
"3882",16.9134701093389
"3883",25.4563670691941
"3884",13.3034554871218
"3885",23.3311153240437
"3886",47.0384739577896
"3887",50.181778179426
"3888",23.9277674908183
"3889",75.0477429437004
"3890",45.5844617017846
"3891",46.8639056204818
"3892",61.4751234929607
"3893",24.3398108106096
"3894",26.8868334547722
"3895",31.7555489398322
"3896",50.557398398041
"3897",91.104075119195
"3898",16.790995650777
"3899",13.8994814329921
"3900",28.7950612894543
"3901",14.0202105836305
"3902",85.2197148267967
"3903",93.8065552837734
"3904",24.6868944291151
"3905",77.1384931007234
"3906",33.4183552790926
"3907",30.4662415265953
"3908",26.9976671394164
"3909",32.4143486083301
"3910",55.1377622598384
"3911",41.8312747142599
"3912",106.504001713214
"3913",34.2919845713864
"3914",65.9354834864348
"3915",22.6938088673155
"3916",43.840431999822
"3917",23.2492613883094
"3918",73.9561377715053
"3919",70.8439954590534
"3920",171.079857097256
"3921",28.8122757962116
"3922",47.989606765337
"3923",21.645272286553
"3924",40.1140567418086
"3925",36.4044422366255
"3926",65.3426490397559
"3927",71.5748177743297
"3928",6.62855034732469
"3929",59.6067220072513
"3930",48.3607692278087
"3931",33.2816026694651
"3932",39.4581930732849
"3933",64.3677633803799
"3934",30.1416970740876
"3935",44.2235506940373
"3936",37.5571775093405
"3937",46.1274411873341
"3938",97.1243293200384
"3939",32.5677538218265
"3940",11.6141042208441
"3941",62.1107507055776
"3942",32.5131049933651
"3943",60.3803954687455
"3944",50.987757429627
"3945",75.3461807262876
"3946",54.1786385039367
"3947",40.0749151387823
"3948",31.1665086455894
"3949",39.7523687905785
"3950",20.3414969809728
"3951",36.2524810176316
"3952",39.6315388868526
"3953",29.5677120849386
"3954",17.1688065484047
"3955",50.9956343323881
"3956",56.1222926772375
"3957",57.5091346587673
"3958",39.7201910871108
"3959",8.18351190027312
"3960",42.6805039070751
"3961",22.8052981525899
"3962",52.1751172631501
"3963",14.7493827174693
"3964",34.6029487996695
"3965",42.6425662578333
"3966",11.7690852367392
"3967",27.725131680916
"3968",67.1859369447105
"3969",31.9725112820868
"3970",31.0091327763001
"3971",131.725893167193
"3972",49.6043258252313
"3973",44.0023540634657
"3974",23.3920644275454
"3975",62.8222566471249
"3976",42.1205853269173
"3977",57.7034815073559
"3978",39.484074092999
"3979",43.9142585737881
"3980",39.4829731024101
"3981",36.6300257062375
"3982",14.0065501989437
"3983",27.2832820627787
"3984",28.0324761095539
"3985",82.6360962825566
"3986",20.769801806575
"3987",19.4464793381759
"3988",140.924191073067
"3989",88.1150089942828
"3990",24.6266725743171
"3991",45.650581816865
"3992",61.00811109678
"3993",48.8164391145146
"3994",163.770812832049
"3995",29.048387741742
"3996",26.6066765544706
"3997",56.4160448212157
"3998",57.8708767818879
"3999",43.2374502550849
"4000",29.3168144920722
"4001",17.2684834785755
"4002",49.4101505542833
"4003",28.0243269467635
"4004",19.8266107559944
"4005",56.7016435018488
"4006",50.0472075346391
"4007",78.2141020024854
"4008",26.1557722328212
"4009",72.8433645548273
"4010",35.7329253430816
"4011",20.5910032319998
"4012",44.5823489955206
"4013",173.736392875781
"4014",86.2634396818471
"4015",79.9294445080411
"4016",48.7086549194023
"4017",46.8662330307023
"4018",36.2696541197434
"4019",17.0332603011314
"4020",18.7379826480611
"4021",28.4775369361699
"4022",83.6294061283333
"4023",60.6194147193457
"4024",40.1176206573899
"4025",74.5446613463934
"4026",75.4691839616683
"4027",67.7096141855231
"4028",27.4667602860071
"4029",35.0084778104478
"4030",66.053308129673
"4031",26.8885962649018
"4032",56.0686514931273
"4033",37.0969562425878
"4034",21.85914921769
"4035",62.1461730915129
"4036",79.4378828383587
"4037",32.1387759313803
"4038",56.7146705084729
"4039",25.1912969751218
"4040",71.504202572046
"4041",31.9179727842677
"4042",47.1168540143575
"4043",85.0322513942903
"4044",35.7817163562378
"4045",36.3505750014857
"4046",38.5007175659327
"4047",82.9708639421746
"4048",41.719196588044
"4049",23.4654548993525
"4050",72.5027156984157
"4051",28.7203710613943
"4052",16.0700685182088
"4053",38.8766212573011
"4054",22.7494997015138
"4055",30.7890822558654
"4056",42.0979909928812
"4057",31.7741342228015
"4058",12.3465519098677
"4059",20.1585529602934
"4060",36.3623309617009
"4061",26.6892954221472
"4062",19.4532163214416
"4063",45.3245009863973
"4064",52.692472070585
"4065",20.857083293795
"4066",15.9634512092325
"4067",31.6079671978391
"4068",41.5136566186047
"4069",12.5132310706602
"4070",84.6664425901348
"4071",51.9873255176606
"4072",28.2202901093716
"4073",30.8277608101123
"4074",57.2546336403817
"4075",32.7805551035717
"4076",39.9693678843641
"4077",28.955467662039
"4078",17.0430129006415
"4079",70.9234946300838
"4080",37.8465865823616
"4081",51.4488274234527
"4082",49.3201927709439
"4083",19.0836461421151
"4084",100.587701542026
"4085",18.604017675728
"4086",54.8268902051804
"4087",54.0473133540479
"4088",44.3122803300656
"4089",94.8847708250819
"4090",92.7239093885712
"4091",54.6934309801496
"4092",46.5763224631043
"4093",34.2770718233639
"4094",26.8813033628907
"4095",17.133815035743
"4096",135.972631541035
"4097",49.655571627584
"4098",17.4204544568755
"4099",57.5015014369734
"4100",14.5525406491946
"4101",23.2153383721074
"4102",25.3744928857186
"4103",52.3244047039368
"4104",31.2743041009917
"4105",54.3338211493936
"4106",72.5702690126999
"4107",30.5979490039965
"4108",21.6838766076741
"4109",55.5618707872182
"4110",75.4556790748565
"4111",36.8213798420495
"4112",86.4519709441212
"4113",70.09751101825
"4114",77.473056694458
"4115",30.884721641363
"4116",30.8764986775404
"4117",44.5766740159981
"4118",15.4751034396173
"4119",25.743136158914
"4120",53.537348520582
"4121",58.0543934648694
"4122",32.1750438443248
"4123",27.6417126228667
"4124",61.6280811938405
"4125",25.5074512324111
"4126",20.6616560718991
"4127",25.8917605063101
"4128",68.9162469451327
"4129",53.456736955082
"4130",25.2589426160486
"4131",72.3367709644269
"4132",70.1066530847903
"4133",94.3901897512604
"4134",18.4897382915516
"4135",26.0831014676676
"4136",34.173872778034
"4137",20.8791335399656
"4138",56.5477216883734
"4139",33.1854487153054
"4140",42.8972012570961
"4141",16.1870634538502
"4142",11.435879599584
"4143",54.2599641846129
"4144",45.8621566693893
"4145",26.8813424397418
"4146",40.5726415998351
"4147",44.3124250220782
"4148",75.4499769331178
"4149",37.6613902957662
"4150",41.3390756116776
"4151",71.9420200843997
"4152",41.4634885848017
"4153",25.4210241075228
"4154",53.5793913915819
"4155",45.6688814043062
"4156",95.2700336996613
"4157",16.5763446469435
"4158",32.4569116345913
"4159",49.6522140128556
"4160",60.9280579680926
"4161",47.0323155089705
"4162",18.1694677088802
"4163",17.7916632800261
"4164",50.9687484194069
"4165",55.7670957753402
"4166",25.3790499797116
"4167",24.7919926749243
"4168",18.6550735294414
"4169",21.502219834722
"4170",28.9359759910513
"4171",20.7876006937537
"4172",19.6319762493945
"4173",30.9115286245124
"4174",29.8392753639461
"4175",25.1687532449812
"4176",10.4689135795327
"4177",87.6488376503168
"4178",44.8206542336727
"4179",75.5116061020844
"4180",132.579696636967
"4181",24.8436679218305
"4182",51.0022899313421
"4183",33.5920458548678
"4184",16.0677028391526
"4185",51.4537952700458
"4186",58.6970891760859
"4187",81.1391273616381
"4188",113.193322646732
"4189",70.74580293629
"4190",26.9990136843244
"4191",155.954042185308
"4192",30.3711626134416
"4193",50.7173760526873
"4194",42.0839719586035
"4195",26.9147440176499
"4196",26.8617607926554
"4197",41.263047369584
"4198",30.6848425711498
"4199",36.9525944530001
"4200",42.543147079008
"4201",60.2400910488567
"4202",108.996360591807
"4203",58.8248070789337
"4204",39.3037037484561
"4205",26.5547823724169
"4206",43.985981000511
"4207",61.8029885327843
"4208",20.9812897306835
"4209",28.2439058420656
"4210",35.3677580134204
"4211",24.0903444287556
"4212",28.0454570548166
"4213",53.9058255502025
"4214",12.5750562106623
"4215",38.3404334150707
"4216",17.105331779711
"4217",30.8257522853117
"4218",74.7309502820682
"4219",51.9700967301189
"4220",20.1214335034329
"4221",78.9993936923585
"4222",70.4919032206953
"4223",31.3907491091638
"4224",147.698199521736
"4225",52.5796621769507
"4226",30.5666682334588
"4227",66.0843643538466
"4228",22.432926552001
"4229",46.2457995119586
"4230",39.9995069373603
"4231",26.1869701187983
"4232",23.7698483767222
"4233",18.4296464728713
"4234",17.8923193913515
"4235",31.8292141865805
"4236",50.0821747018968
"4237",10.8520110438113
"4238",52.3198653986401
"4239",16.0444558495943
"4240",72.057624194725
"4241",42.8752788144599
"4242",33.09570943673
"4243",40.9721033119477
"4244",34.3675783555835
"4245",100.256813097027
"4246",33.5670558895275
"4247",11.816703781599
"4248",10.6538830329303
"4249",39.9027498520935
"4250",40.5432328075989
"4251",32.6195668840635
"4252",28.6496574260018
"4253",42.9821499001215
"4254",115.620302214635
"4255",24.0527228294993
"4256",32.1848794072514
"4257",42.8088188381772
"4258",40.5810784285217
"4259",29.7281256198202
"4260",40.1352900073257
"4261",18.5460817941553
"4262",38.4358794892629
"4263",82.8489740863626
"4264",23.6814110956637
"4265",117.848739459786
"4266",13.4048678719907
"4267",31.2674370942792
"4268",57.5920754254199
"4269",19.5295846153761
"4270",54.3892440552798
"4271",16.9896087165905
"4272",30.177350841895
"4273",16.6582464611318
"4274",49.9799157811169
"4275",82.9068167165505
"4276",37.6008300320885
"4277",37.8453609071407
"4278",26.5684574702126
"4279",93.0554553246503
"4280",12.8602592750565
"4281",21.4542757992802
"4282",14.9476528750736
"4283",34.1680336955127
"4284",73.0282185892669
"4285",74.7678908255369
"4286",74.7906561066432
"4287",35.5509635355101
"4288",114.82582482595
"4289",27.5534180826832
"4290",18.6306334105501
"4291",41.2008470974837
"4292",81.4694224448299
"4293",43.5969386335538
"4294",37.6847232140077
"4295",18.4216002981975
"4296",25.6514434957091
"4297",42.5733615978041
"4298",19.7031793283501
"4299",31.9922354941999
"4300",76.9361553290923
"4301",22.8002457528731
"4302",13.2962232704918
"4303",26.411699927673
"4304",31.3199367332177
"4305",12.4904267701878
"4306",91.5716339964598
"4307",52.3980013835203
"4308",25.1515846379875
"4309",24.7820223125357
"4310",155.020331427629
"4311",40.3485576021848
"4312",32.3633705374417
"4313",22.0827743044557
"4314",15.6005074419445
"4315",78.63987853239
"4316",32.6284092989949
"4317",102.185299306946
"4318",31.739125539537
"4319",17.3278649141507
"4320",62.6584801936501
"4321",14.6467209896655
"4322",33.0006549107706
"4323",199.114852111007
"4324",8.25565563652201
"4325",51.9937558591519
"4326",16.5381437836494
"4327",15.8206930832326
"4328",7.29586807007142
"4329",65.7896463637255
"4330",35.1466510194099
"4331",21.5198884400331
"4332",30.3296867960023
"4333",48.9670002894971
"4334",22.1885426966616
"4335",47.1367379247861
"4336",13.5934093381843
"4337",30.4678560729789
"4338",68.2836838362249
"4339",77.8943326568157
"4340",20.7295900943604
"4341",68.5072033167749
"4342",25.0607476478851
"4343",72.6581749249137
"4344",35.323461032858
"4345",74.8060952726216
"4346",38.1676256721836
"4347",46.5019124852114
"4348",60.2169080074734
"4349",23.6043655985745
"4350",29.8965075447496
"4351",36.1644317271554
"4352",31.2741255201693
"4353",12.0208886621871
"4354",37.3426311941998
"4355",22.9362829379432
"4356",98.8770632455026
"4357",56.7595628698317
"4358",19.8152788406061
"4359",95.8278688657839
"4360",19.3438225636997
"4361",54.3952527471401
"4362",89.9447847820306
"4363",22.9386981153537
"4364",16.8953771670628
"4365",52.8083236589591
"4366",75.1642760845282
"4367",44.2177885951011
"4368",30.9304775695089
"4369",17.3720120741487
"4370",15.0777418372353
"4371",55.234163738784
"4372",89.0215580248164
"4373",55.4476424781757
"4374",27.4713951716106
"4375",32.2575440921967
"4376",30.7211394427701
"4377",38.4754762898927
"4378",18.7294230367113
"4379",29.1672824105486
"4380",36.503107178651
"4381",24.2563526846453
"4382",13.8221853808897
"4383",22.9795914619147
"4384",29.4885072534903
"4385",46.3201506643347
"4386",41.1290590794002
"4387",52.5945543131725
"4388",111.231108873894
"4389",19.4629485251716
"4390",33.5284920210816
"4391",18.2906109628282
"4392",127.082210581619
"4393",27.0118844984876
"4394",30.3639711767984
"4395",81.7551439872885
"4396",29.2094169340752
"4397",45.2423933729886
"4398",96.2166281076206
"4399",18.1708162697122
"4400",38.4602020600156
"4401",30.3995051722053
"4402",49.6900418788576
"4403",44.0732942539703
"4404",31.3107948846432
"4405",26.9482724121564
"4406",8.97383679811909
"4407",22.4224055527174
"4408",50.8553157118502
"4409",49.5058248581054
"4410",96.4948436502972
"4411",17.2552794822287
"4412",63.006905993327
"4413",31.3747869121142
"4414",15.7524255091146
"4415",76.4589387372281
"4416",44.4110092023478
"4417",29.2940288299331
"4418",39.839449764701
"4419",55.5876567774203
"4420",69.62355526923
"4421",30.1887420740058
"4422",84.0998237317318
"4423",36.3658984152354
"4424",29.9821178727581
"4425",26.2466611520419
"4426",20.068836057968
"4427",40.7595703369189
"4428",34.8299737844415
"4429",48.2550701792134
"4430",12.5914138435925
"4431",27.2934973203277
"4432",22.1985062373155
"4433",30.4766001735372
"4434",55.4848313719176
"4435",46.1913857394038
"4436",30.9951272467507
"4437",58.9245776429052
"4438",39.6798217357563
"4439",39.531203351613
"4440",51.7932766273228
"4441",31.7821872800126
"4442",44.4823817847388
"4443",87.0904141171503
"4444",32.6732042922191
"4445",21.9385418446971
"4446",25.7831426566139
"4447",33.8634524092431
"4448",49.5054332739997
"4449",55.4922915923389
"4450",12.167541516093
"4451",31.5304125409955
"4452",144.696350328084
"4453",61.5614378690805
"4454",21.2450486655182
"4455",47.9526229320988
"4456",22.536961877748
"4457",43.7948781400332
"4458",27.1410810100874
"4459",24.771620964162
"4460",44.6997291238724
"4461",29.8004490137592
"4462",62.622020649642
"4463",39.4427112698201
"4464",13.4181686248427
"4465",52.2162914508774
"4466",54.1647003200693
"4467",23.3706622226771
"4468",50.9517758689995
"4469",27.1610474505268
"4470",41.972816605853
"4471",44.4914106791168
"4472",167.070215527161
"4473",146.389737826543
"4474",108.171635896792
"4475",27.8730457137222
"4476",29.3471130135065
"4477",62.8760941822624
"4478",47.2543951973853
"4479",83.8493435747899
"4480",65.0263363396316
"4481",39.5395907785815
"4482",102.188010862908
"4483",132.715483366036
"4484",18.1083345151833
"4485",29.3572858507382
"4486",228.169720034242
"4487",37.8797058231201
"4488",81.8618839757333
"4489",49.987371373995
"4490",28.9995392340958
"4491",30.6770808226452
"4492",37.6410307832224
"4493",34.5087677163161
"4494",28.5426457604907
"4495",18.3641106708568
"4496",33.087607152779
"4497",34.930495428242
"4498",36.0427678735719
"4499",76.5466104510045
"4500",21.2550636120149
"4501",68.2315783456885
"4502",12.8389535179498
"4503",65.5081686662562
"4504",96.774445364572
"4505",36.0827019496455
"4506",22.9915775619473
"4507",40.9124629900979
"4508",42.6817110445067
"4509",25.8193345366454
"4510",22.2071489044546
"4511",9.04769686514363
"4512",32.5751816057639
"4513",12.7651660434691
"4514",66.2272434896021
"4515",18.6942255881148
"4516",59.4093665504611
"4517",31.322577503812
"4518",27.190624127723
"4519",144.039967234243
"4520",43.8009456902039
"4521",18.6613329798206
"4522",65.7536170311722
"4523",38.794305767503
"4524",61.9472668006537
"4525",39.7490029926742
"4526",15.8725726128975
"4527",49.6803481501377
"4528",57.7999560913167
"4529",43.0962629037711
"4530",29.5596971428049
"4531",52.6026911141886
"4532",24.503976718832
"4533",18.6209264366549
"4534",41.1981712111267
"4535",51.5354993282365
"4536",45.2421338152119
"4537",39.0300937366829
"4538",32.9316992628039
"4539",48.5296833464655
"4540",67.1894993930403
"4541",95.9688392546362
"4542",25.5608059243786
"4543",36.5242893325668
"4544",25.8160760613678
"4545",11.9683651149412
"4546",54.8625492318827
"4547",18.2387139636414
"4548",66.0095466425228
"4549",38.7052960368018
"4550",83.4215564456694
"4551",92.8277140867003
"4552",31.8098165601808
"4553",26.6041553263363
"4554",31.7472347465262
"4555",47.531432897422
"4556",56.6255732228351
"4557",47.4561991724647
"4558",28.8154992642742
"4559",43.8623696573074
"4560",31.4732781294409
"4561",20.5891663156815
"4562",20.7482874591612
"4563",93.7926869545489
"4564",29.2458710552428
"4565",22.4969264706225
"4566",20.180030882811
"4567",106.486841887862
"4568",54.9444657437998
"4569",12.8230902638744
"4570",32.4030384258579
"4571",37.7725788610162
"4572",20.1943405005738
"4573",75.469644758522
"4574",22.6079884719543
"4575",52.6484396556486
"4576",70.7829231368456
"4577",23.3069897077007
"4578",63.6317129974335
"4579",29.3774548091817
"4580",22.584916505077
"4581",35.1011362498634
"4582",38.0403766782538
"4583",58.8565810597507
"4584",75.0293773991723
"4585",44.9819771620504
"4586",40.5707161142767
"4587",45.9995629456829
"4588",72.5814711465953
"4589",46.357229397164
"4590",61.238497511882
"4591",23.040251568019
"4592",20.6023914562791
"4593",76.7957620625671
"4594",45.2435629334379
"4595",57.4687658754592
"4596",94.4712856095591
"4597",38.6597122754143
"4598",62.0303525367237
"4599",23.2610019825779
"4600",60.0268440526223
"4601",31.2822714129716
"4602",18.103397714324
"4603",64.8818982405468
"4604",21.4797854894577
"4605",74.5352410615341
"4606",82.6970618842249
"4607",28.9316767277026
"4608",46.7942627654564
"4609",91.8247566934765
"4610",44.0888843481654
"4611",30.6713892438847
"4612",42.6645779157287
"4613",59.5434808092719
"4614",26.4343087553801
"4615",48.0453350651789
"4616",73.0494826139347
"4617",61.8038128050396
"4618",30.5884151174913
"4619",94.5302721394574
"4620",19.1108101686671
"4621",108.032767598531
"4622",47.7324571908559
"4623",26.1444111809772
"4624",104.938102055906
"4625",45.4520370059396
"4626",68.6979213203855
"4627",20.9621342359212
"4628",33.3870215370936
"4629",123.787426353668
"4630",11.2895723425163
"4631",79.8692500183336
"4632",19.3496189961261
"4633",48.7356777485344
"4634",39.9048076028487
"4635",89.0189971640768
"4636",81.7084306269911
"4637",27.8410612729518
"4638",67.7543145262002
"4639",27.0505500579242
"4640",24.2573090267527
"4641",33.4298042401619
"4642",42.0720379000668
"4643",32.354725831271
"4644",89.0451023730247
"4645",40.600196445399
"4646",74.8754839366051
"4647",187.998088346471
"4648",49.3649118181314
"4649",24.0892305170188
"4650",45.462608350594
"4651",34.6053771500691
"4652",25.8702864002837
"4653",71.5874686043134
"4654",18.8029612448338
"4655",64.7939884997795
"4656",79.0570659137995
"4657",106.307069196968
"4658",34.1691479040279
"4659",53.0964429562874
"4660",39.5798020621443
"4661",77.0152919486498
"4662",46.1499135051408
"4663",102.053787178757
"4664",90.4765386213062
"4665",27.3906301201237
"4666",28.5212139499613
"4667",19.6132431344031
"4668",117.009157802194
"4669",45.6958089239072
"4670",106.103702177738
"4671",102.65917213261
"4672",131.921639036376
"4673",48.8148231483586
"4674",35.4857773558382
"4675",40.4044098871436
"4676",43.5856506945931
"4677",28.5488426616982
"4678",32.2997147176026
"4679",76.0243436492023
"4680",32.1273387786105
"4681",36.5378951728775
"4682",29.6865888203425
"4683",48.0898619568741
"4684",27.3266602159392
"4685",104.679574136074
"4686",107.397485544143
"4687",20.7994714639797
"4688",111.152504196513
"4689",40.4042115404012
"4690",129.791448153833
"4691",14.9163857747314
"4692",29.3087463247647
"4693",29.3646916279739
"4694",37.6273258694882
"4695",67.7458727581448
"4696",31.1936738632836
"4697",28.1754199807264
"4698",35.9212066923285
"4699",37.3857423626169
"4700",17.3519915744784
"4701",38.6906012314563
"4702",21.0278102038475
"4703",22.3314888643249
"4704",91.4259385150676
"4705",32.3611845591174
"4706",35.8951624875639
"4707",77.2617343929208
"4708",52.4692401425881
"4709",45.299942468969
"4710",34.3337820801463
"4711",159.451195019536
"4712",83.8520663734274
"4713",75.3548303873361
"4714",110.461263938458
"4715",37.8411493573741
"4716",11.4696888529237
"4717",87.8422766273562
"4718",26.0657115421099
"4719",118.548880750309
"4720",21.6700630447957
"4721",55.081359540918
"4722",101.642502389807
"4723",34.4785379001184
"4724",66.8242529314504
"4725",65.9955738360403
"4726",21.5395192265781
"4727",46.1673908318942
"4728",33.8217520627762
"4729",41.5877697693607
"4730",41.1570084612328
"4731",12.8376171508767
"4732",36.365562863394
"4733",43.2411025901863
"4734",34.2394661368935
"4735",19.2119717486243
"4736",60.0451703562534
"4737",67.4716107649615
"4738",87.6183784261291
"4739",19.0252608082741
"4740",25.9390176254365
"4741",34.5530717825917
"4742",29.8522093373828
"4743",24.4864599181404
"4744",11.6850244278856
"4745",14.4642889954436
"4746",88.4955916421066
"4747",88.635128731014
"4748",77.1837971879782
"4749",87.9374332452902
"4750",44.0308683392107
"4751",16.4298224795821
"4752",21.2760030874883
"4753",18.3285389442618
"4754",63.4028161054234
"4755",45.4273525807911
"4756",29.3614196177021
"4757",28.4239235046274
"4758",55.5271341221115
"4759",21.094633502052
"4760",32.9134360516664
"4761",133.590003717715
"4762",63.0954920614298
"4763",41.8428498228564
"4764",22.1917327443063
"4765",41.621318798961
"4766",48.9879866110464
"4767",59.2552064840193
"4768",11.4191001211553
"4769",133.351068231858
"4770",16.3893481202023
"4771",69.8065906036703
"4772",86.086267049983
"4773",37.0190464893854
"4774",199.860528716331
"4775",183.887509388416
"4776",101.010374110407
"4777",41.8533656298652
"4778",99.4520445047286
"4779",54.1305634930921
"4780",34.2039399316265
"4781",28.6657913038843
"4782",31.2774270438336
"4783",49.7721403304523
"4784",63.4494361457484
"4785",30.3785903376597
"4786",25.5724800402778
"4787",23.215684176276
"4788",38.933451611807
"4789",23.6044843946568
"4790",21.9053448387406
"4791",46.5662493391737
"4792",40.2656344220211
"4793",37.9280345730447
"4794",48.7003543187212
"4795",16.0444505115685
"4796",47.0469343550274
"4797",35.0882938682891
"4798",41.3074499600387
"4799",27.1896751540577
"4800",79.6093292645315
"4801",60.1084534637258
"4802",80.9668654991472
"4803",64.3590513979499
"4804",66.3342291038273
"4805",32.2939523083278
"4806",30.2282474215256
"4807",25.1045439049611
"4808",79.5938615001835
"4809",27.934208381236
"4810",27.4771605946447
"4811",36.2765023378186
"4812",122.801114317193
"4813",38.3599394803538
"4814",108.077445492921
"4815",64.9272363364201
"4816",44.7896006172014
"4817",48.6453136280975
"4818",27.5573112473745
"4819",54.073285229801
"4820",64.0868440352658
"4821",54.989372047152
"4822",66.7217406691117
"4823",29.6025945065585
"4824",47.8090110681411
"4825",32.7711554374919
"4826",35.011102080303
"4827",67.7134388634003
"4828",29.9547196297931
"4829",17.7341415870392
"4830",34.9767888517879
"4831",61.7344907033846
"4832",38.9165023578819
"4833",16.8840804482496
"4834",17.7167779721901
"4835",22.3882122679504
"4836",19.614828588913
"4837",53.7372891443238
"4838",35.6480725273983
"4839",24.3672108452473
"4840",28.2198957723671
"4841",18.9765630011487
"4842",73.1937479840706
"4843",49.6225727803551
"4844",60.5457675279725
"4845",12.7053512316201
"4846",43.2545856249215
"4847",27.5416015513625
"4848",43.1464222329033
"4849",53.0889147750002
"4850",20.0411246121786
"4851",28.4047250468866
"4852",108.716671640242
"4853",69.1941904823949
"4854",59.2620383141424
"4855",24.0868627831265
"4856",25.5857209479955
"4857",67.4379229259965
"4858",18.7302766330868
"4859",127.677388047121
"4860",34.9134712423296
"4861",60.0154314417562
"4862",21.7129908471433
"4863",33.0748208773621
"4864",41.3660260593758
"4865",36.0112985835187
"4866",24.8477391834013
"4867",22.0205716297969
"4868",50.4141325078497
"4869",38.5855960886734
"4870",79.1547320180496
"4871",73.9000319527178
"4872",40.0094431168803
"4873",95.8309780077304
"4874",28.5844429976208
"4875",29.7658207140957
"4876",49.0587165022666
"4877",50.3982386421935
"4878",75.9232879153114
"4879",40.7055640828754
"4880",67.2483682791683
"4881",46.9686425914935
"4882",31.9108039868768
"4883",40.1664705583285
"4884",35.6841787886841
"4885",32.8644077294733
"4886",11.7706881368813
"4887",15.8608336259618
"4888",37.6810163463406
"4889",41.0249630634329
"4890",61.1325344441057
"4891",13.7117769544063
"4892",14.4526210050877
"4893",17.8726778326686
"4894",70.2196979239355
"4895",57.1403515057001
"4896",78.3076091342368
"4897",76.6466488056628
"4898",27.5027752377741
"4899",19.7704311874733
"4900",57.9762761846586
"4901",100.942370766027
"4902",15.2685803905695
"4903",28.1514530703876
"4904",33.9848563552916
"4905",50.7808593258098
"4906",29.1308017873381
"4907",33.1096747832327
"4908",37.6377211436736
"4909",27.9063454647076
"4910",55.7518004079468
"4911",39.5172254436853
"4912",52.3909136909554
"4913",57.8452545123845
"4914",22.9014477678413
"4915",41.8258978322133
"4916",53.0661343913822
"4917",15.4561539448718
"4918",39.55875597766
"4919",125.363135819409
"4920",47.4475875541021
"4921",102.522012692091
"4922",17.6579611801083
"4923",67.907906330287
"4924",48.5762185785008
"4925",65.3282568811285
"4926",22.7179847926731
"4927",26.3225560557317
"4928",24.6828051226686
"4929",40.4090627019317
"4930",22.6704544705133
"4931",26.860456795577
"4932",39.3474368382114
"4933",23.8417749067135
"4934",74.4242147361257
"4935",24.6338659441971
"4936",43.9608828585372
"4937",70.2280508982617
"4938",42.2369852965374
"4939",31.2888520234139
"4940",47.691100652395
"4941",21.772969995829
"4942",28.3045006572103
"4943",70.3308109732574
"4944",51.6579779141948
"4945",103.345836197001
"4946",19.9892947301301
"4947",49.2835614470583
"4948",40.8501641939233
"4949",20.9952536718734
"4950",79.8071205172676
"4951",55.2471777975537
"4952",48.8614432302737
"4953",32.0503117638346
"4954",23.8798319948386
"4955",28.075506103005
"4956",68.7301243469809
"4957",14.4385175329776
"4958",15.2041120891669
"4959",20.9520259558571
"4960",56.6375657950594
"4961",54.894650878955
"4962",78.3172612951993
"4963",35.3616683923586
"4964",133.348954252348
"4965",27.6352771917032
"4966",113.92796947301
"4967",40.5681272089498
"4968",46.3582619957254
"4969",99.5061475126298
"4970",34.972748868448
"4971",21.4717639934572
"4972",28.8278142000922
"4973",94.9809823565771
"4974",42.3253803670554
"4975",124.583910646184
"4976",38.8183644033401
"4977",22.3653648591109
"4978",41.883123422403
"4979",105.176412186151
"4980",52.4144218125469
"4981",50.909694738214
"4982",64.370579542201
"4983",85.7125806112898
"4984",19.4009960582441
"4985",41.3933263319148
"4986",37.7742426366005
"4987",94.0057836339399
"4988",47.5143826680156
"4989",30.0073296613656
"4990",39.0273852033267
"4991",20.0721678875313
"4992",50.9661555558372
"4993",87.141298880512
"4994",72.5575505154429
"4995",73.5630626317542
"4996",49.5501711025769
"4997",48.5408469138629
"4998",41.2838234892894
"4999",139.622701342051
"5000",30.1707234275517
"5001",126.971809586497
"5002",126.000160547931
"5003",85.2518787624403
"5004",21.2763835367604
"5005",63.0129875021491
"5006",33.8121342719392
"5007",62.0423670913871
"5008",59.3475111755503
"5009",31.3343934137386
"5010",42.561877781724
"5011",62.1150017998029
"5012",49.2935188870677
"5013",43.4903003671827
"5014",41.1908460113961
"5015",94.5978426510925
"5016",44.5545832549253
"5017",73.8440789669182
"5018",14.9196338943447
"5019",35.596662965591
"5020",42.972894367703
"5021",70.8254974175386
"5022",52.7994182779431
"5023",34.4064944560624
"5024",228.323627143864
"5025",44.4218874110598
"5026",7.55024782811895
"5027",41.2809116145673
"5028",36.9623897854988
"5029",63.0183873608457
"5030",24.7241497294203
"5031",56.0491396993943
"5032",34.6604173846345
"5033",32.6222090416535
"5034",39.378040550598
"5035",44.6004161790456
"5036",24.2593799694824
"5037",24.0332423385449
"5038",101.104227255352
"5039",61.3408750522725
"5040",42.4874720887914
"5041",51.5210630822945
"5042",17.1717819851567
"5043",63.1230323117543
"5044",25.3455471087147
"5045",77.9248366327824
"5046",39.9946602931409
"5047",35.5159177536174
"5048",18.3628950967111
"5049",37.4709949245887
"5050",24.3994605900333
"5051",142.010326969445
"5052",37.3939082412186
"5053",31.9723519812887
"5054",73.3545829020621
"5055",58.7797762041405
"5056",116.596290493799
"5057",49.048439686787
"5058",50.1733185011487
"5059",24.5207213338291
"5060",38.5132310960532
"5061",56.8537151248985
"5062",58.4587355825706
"5063",59.8396618854193
"5064",60.3292520073181
"5065",57.9089369628651
"5066",81.1766522827309
"5067",44.2789525868865
"5068",29.6740766255718
"5069",77.5062548304834
"5070",33.920534621007
"5071",23.7787863820193
"5072",59.9735875116382
"5073",26.5578562399927
"5074",25.63380811576
"5075",18.6493979705157
"5076",11.2305091168471
"5077",71.5057513696439
"5078",42.3801453617268
"5079",31.8118625197616
"5080",22.4140379841929
"5081",29.5599167704127
"5082",30.2368793190784
"5083",63.2419715588357
"5084",11.7242423593536
"5085",33.5607384722343
"5086",20.286416103504
"5087",79.8570438633825
"5088",64.8830266808925
"5089",33.5466219885652
"5090",76.9271480385497
"5091",35.8366888174013
"5092",13.6082289964348
"5093",42.2623584540183
"5094",41.8064999077988
"5095",17.0195453022625
"5096",81.5587085270289
"5097",20.5159613253872
"5098",33.8218380834956
"5099",40.7111474404172
"5100",103.948082867324
"5101",45.7418365499629
"5102",25.1851631074706
"5103",22.9406455357879
"5104",36.1684264517389
"5105",21.3423482265977
"5106",25.81845634111
"5107",78.2443341973039
"5108",37.7374443492555
"5109",66.7006707083472
"5110",16.4811275695093
"5111",71.1503510536654
"5112",44.6980195498392
"5113",22.6056766908572
"5114",47.1380314074286
"5115",30.3238567061275
"5116",75.6496892036838
"5117",37.2136740964521
"5118",64.019571956073
"5119",36.3834050464013
"5120",68.7896862409574
"5121",34.4760420220147
"5122",64.00379799301
"5123",30.4789520642113
"5124",56.0360999485953
"5125",79.1986182112312
"5126",21.5144550164247
"5127",30.6335620176682
"5128",20.8795533388103
"5129",20.3030670133865
"5130",66.1384963970495
"5131",26.3974923110728
"5132",28.0811155688369
"5133",73.8938635809898
"5134",44.9715230397087
"5135",26.4375761651727
"5136",30.6971519338934
"5137",26.6060449067691
"5138",48.3424589099321
"5139",113.335550650969
"5140",54.3874939622937
"5141",10.8786749460711
"5142",64.3943242335552
"5143",169.461546374188
"5144",17.353245323115
"5145",20.6144745422135
"5146",40.8164069782479
"5147",48.5490215534072
"5148",59.5657856960082
"5149",34.5024260718278
"5150",73.0879290589508
"5151",52.3088739821211
"5152",88.8202884537079
"5153",43.247848277478
"5154",54.6169850376756
"5155",47.4839987139614
"5156",42.0801374582217
"5157",59.36919068504
"5158",21.7364465726781
"5159",14.3034670248597
"5160",77.4072911284318
"5161",45.552356711088
"5162",14.4429745681219
"5163",32.9441207586516
"5164",56.7829509312618
"5165",48.5747080737198
"5166",19.3676519563925
"5167",26.1220063431242
"5168",44.8856012223688
"5169",49.2719103483576
"5170",95.7464923240502
"5171",125.110632758267
"5172",130.463876903315
"5173",29.595947593043
"5174",32.2836785260411
"5175",31.3037964403085
"5176",21.4128065168133
"5177",30.1715045631189
"5178",42.1022800159489
"5179",116.947894906542
"5180",27.0979106182626
"5181",77.1149256855602
"5182",21.4262265949895
"5183",68.6701067192937
"5184",45.2166825252382
"5185",98.2767921128918
"5186",36.2148849519668
"5187",68.128094561923
"5188",17.2786150240105
"5189",82.7023265587603
"5190",60.9146502254701
"5191",34.7173579291326
"5192",26.3585340485999
"5193",71.7934380745429
"5194",46.146960984985
"5195",27.0593778653167
"5196",16.1137685239862
"5197",20.1698216276486
"5198",52.9401605329873
"5199",37.4275929549965
"5200",62.1989678633922
"5201",78.115830327385
"5202",20.5816526897009
"5203",30.0739798856753
"5204",44.021723296261
"5205",29.0426560319993
"5206",31.0786362704655
"5207",49.3549909940714
"5208",44.6188658655927
"5209",18.3320474031253
"5210",26.3646088744758
"5211",39.0533861541633
"5212",51.3304700634923
"5213",33.914555198618
"5214",30.3631609503283
"5215",25.5708770652544
"5216",107.787878682837
"5217",31.584139338295
"5218",72.7209916559494
"5219",33.3137588773483
"5220",42.4674542622313
"5221",22.4749848115379
"5222",24.823870950339
"5223",32.3966589509336
"5224",17.9847584478465
"5225",37.6211269248271
"5226",32.5108018109175
"5227",26.1915235610579
"5228",46.4506112506227
"5229",66.8243951833914
"5230",23.3670776946022
"5231",71.3314282489673
"5232",12.6409131742321
"5233",32.8098050506108
"5234",45.2457602896982
"5235",61.1481332678174
"5236",27.4794316844077
"5237",80.1038416252916
"5238",68.2064672443735
"5239",25.0415795580831
"5240",81.5289119382755
"5241",83.7489655297387
"5242",41.183317888525
"5243",28.4606493565162
"5244",49.9302788647169
"5245",35.4178064450993
"5246",69.9361165229434
"5247",33.9076893770923
"5248",30.7193723635002
"5249",48.1448288437305
"5250",53.1450810103848
"5251",20.6652463502531
"5252",141.644307387327
"5253",62.6218391098803
"5254",49.8440935153783
"5255",76.1712510388669
"5256",75.7460000359229
"5257",48.0503953926633
"5258",69.3233516933221
"5259",36.4295050982808
"5260",30.1732950467197
"5261",100.374180316126
"5262",38.7685152927187
"5263",45.0792356158712
"5264",30.3147575884066
"5265",61.0044724906556
"5266",61.5653664544883
"5267",30.0848073209413
"5268",36.0277591955614
"5269",21.9029595871656
"5270",18.4141518535026
"5271",53.2371290876763
"5272",50.8726923988244
"5273",21.3484622455929
"5274",24.6128583625826
"5275",68.740354904093
"5276",44.6342589211257
"5277",24.3569723007581
"5278",37.2585004186411
"5279",52.3946390976924
"5280",57.6372442148639
"5281",13.6316727480137
"5282",44.6324685838457
"5283",84.3463506158686
"5284",26.0275103653171
"5285",30.8526762106691
"5286",17.0082652290627
"5287",28.0540765211607
"5288",81.6366186110735
"5289",61.4402683036052
"5290",40.8532567029905
"5291",57.2372412789554
"5292",57.3712621804756
"5293",29.2584118820167
"5294",109.724020114339
"5295",103.2831549433
"5296",87.7441173334042
"5297",43.7622298615283
"5298",67.6148442231224
"5299",63.4611932900839
"5300",20.4325039702845
"5301",77.6756653193576
"5302",92.7880627108645
"5303",32.5067458515785
"5304",54.9450367005234
"5305",45.0332784640856
"5306",45.0991431068812
"5307",46.8367189399276
"5308",101.433805375255
"5309",43.2249110014463
"5310",55.6310429977807
"5311",119.045674616913
"5312",113.558872887732
"5313",47.6467157551397
"5314",37.9040175902111
"5315",71.9445619847791
"5316",22.5916293572337
"5317",44.2455868695545
"5318",34.0929221998611
"5319",41.4784290803701
"5320",22.6796356159721
"5321",35.85443208908
"5322",49.5357179298363
"5323",112.82919121744
"5324",9.22071491008948
"5325",40.2596040879217
"5326",28.7657220870721
"5327",100.344545976778
"5328",21.8917266107336
"5329",53.7565364656172
"5330",19.2331616333226
"5331",30.9074257829691
"5332",42.7164496561116
"5333",26.6375091629284
"5334",61.1881638531083
"5335",27.1617740537764
"5336",48.4692106097007
"5337",34.6025972631359
"5338",70.918950150631
"5339",20.0617669841055
"5340",64.6059734102797
"5341",31.4630381183618
"5342",53.9797110916453
"5343",14.4454263581996
"5344",46.5863812836183
"5345",33.5047357615345
"5346",16.9672473694149
"5347",87.5849265569811
"5348",31.5230097685967
"5349",32.8615202781244
"5350",44.5975250578562
"5351",52.8628664394547
"5352",94.3403446170765
"5353",61.8204249821735
"5354",70.3458874768113
"5355",50.7180158859182
"5356",165.524847826148
"5357",136.72876256344
"5358",23.4150501817199
"5359",31.0860620080991
"5360",10.2654588591568
"5361",13.773754054774
"5362",39.043518004033
"5363",30.0017147266053
"5364",15.9517216921697
"5365",48.764524491572
"5366",20.3176103903488
"5367",37.651606333415
"5368",55.526143859448
"5369",66.4934718336812
"5370",27.8524001481386
"5371",107.23071830564
"5372",77.7848190292463
"5373",86.7813784874486
"5374",48.2279243264709
"5375",15.7984638062435
"5376",26.2701730943205
"5377",103.039461084688
"5378",34.98038143483
"5379",95.8093331864329
"5380",38.0542805818752
"5381",13.5718140442088
"5382",42.6961227188379
"5383",29.8431956098923
"5384",16.974091509953
"5385",56.6272196379334
"5386",16.5270167432109
"5387",26.0908063109932
"5388",87.7315629329454
"5389",47.5661054460356
"5390",30.8264037215712
"5391",60.601180189737
"5392",17.1552076435518
"5393",96.8351017458788
"5394",24.1649214940043
"5395",57.1095955190963
"5396",30.5122097262733
"5397",69.5494656677291
"5398",26.7846879886887
"5399",23.4679216070754
"5400",56.7994200912751
"5401",46.0413214846007
"5402",34.5026826649529
"5403",64.915513798825
"5404",104.182674795152
"5405",49.1617481600339
"5406",46.1338980053242
"5407",73.4710272677972
"5408",54.8751669736423
"5409",16.433194551487
"5410",17.6708516538315
"5411",17.5959180605858
"5412",38.4919762845292
"5413",26.2156048853265
"5414",79.345894014366
"5415",34.2757696778624
"5416",49.0038498892037
"5417",81.5847172258096
"5418",51.2708043313805
"5419",53.8536664886983
"5420",51.3040884530983
"5421",66.2770011631275
"5422",35.9266510181651
"5423",29.197739617507
"5424",35.7175144580048
"5425",20.0601390921337
"5426",9.4531217320811
"5427",67.877366860912
"5428",30.3454084215177
"5429",35.851566571544
"5430",22.5770589430047
"5431",36.6713664407894
"5432",47.2401051769299
"5433",16.4640392203105
"5434",11.9581972219806
"5435",22.3279981366724
"5436",30.7548437654932
"5437",24.3447966220342
"5438",32.3795516155171
"5439",16.8705094577456
"5440",39.6454441470875
"5441",54.4169295755118
"5442",52.5836441806607
"5443",65.2110592000498
"5444",51.8417611992548
"5445",49.6892647196559
"5446",32.3627340340411
"5447",61.5270909752539
"5448",34.780890008013
"5449",11.7488647332369
"5450",36.0873473273802
"5451",21.5258137359185
"5452",60.2523517848496
"5453",17.3936292442559
"5454",23.7610651898357
"5455",63.777590568459
"5456",25.7410956313082
"5457",19.6234543407302
"5458",16.831681505684
"5459",64.7817066471449
"5460",37.9699278672178
"5461",38.3361395087475
"5462",60.9488123368405
"5463",107.983066072211
"5464",31.1774001345826
"5465",34.2332991399351
"5466",47.4779926824035
"5467",71.0937165893121
"5468",41.9763455759186
"5469",27.5108015973412
"5470",46.3566829358468
"5471",75.7855933063051
"5472",37.694248759821
"5473",41.0847291177195
"5474",24.3618399398436
"5475",18.0345361402837
"5476",114.102867491656
"5477",50.6073162522494
"5478",15.4914325154174
"5479",20.1197887750475
"5480",34.0689415556362
"5481",49.2343065467781
"5482",61.8415757507838
"5483",43.0100680366235
"5484",28.2303415861162
"5485",32.0568049715105
"5486",27.1112003193171
"5487",89.908801546449
"5488",21.4229687883224
"5489",38.2877028809721
"5490",33.372828398063
"5491",12.3127400728509
"5492",51.3520670668986
"5493",35.6602506351306
"5494",28.4938752022668
"5495",129.984558750856
"5496",59.3769353868706
"5497",33.3072093279938
"5498",37.7964285306659
"5499",15.3493251803465
"5500",29.4793043951383
"5501",128.611165600695
"5502",27.585653012605
"5503",27.6226686698164
"5504",27.9205386823301
"5505",38.2060956645912
"5506",23.3895061023602
"5507",16.8515080408351
"5508",26.0388829942923
"5509",23.0473091231146
"5510",53.2181625287386
"5511",24.5791401393993
"5512",54.9560092050371
"5513",38.2093689404078
"5514",13.6670036448588
"5515",33.6034533107729
"5516",79.7142982616646
"5517",20.3395122006287
"5518",182.434272503688
"5519",74.9055331201929
"5520",25.9901304522394
"5521",43.8928072142283
"5522",65.2747985040607
"5523",69.7678402603663
"5524",18.9696479241128
"5525",31.0824059901483
"5526",37.437011371005
"5527",75.2879452981367
"5528",94.209868920837
"5529",61.6159115389642
"5530",36.3682954363172
"5531",26.1228247194741
"5532",82.0372406741042
"5533",54.4281082251138
"5534",12.6301914795769
"5535",53.5644444900233
"5536",22.4363528975622
"5537",25.8918935467684
"5538",62.5461847222592
"5539",40.6199228112422
"5540",48.5645318724959
"5541",28.5959896352743
"5542",19.4505468025895
"5543",35.8285684024687
"5544",37.8718289171823
"5545",39.6276988586963
"5546",25.0451818340724
"5547",44.1141040981865
"5548",38.7704227523463
"5549",33.3798527446346
"5550",26.4166959051157
"5551",37.6494453306475
"5552",94.7151750627036
"5553",78.6047385412866
"5554",42.4663957195244
"5555",96.578120621169
"5556",54.1539736262083
"5557",34.202925819288
"5558",37.6001239208234
"5559",24.1800129419003
"5560",26.6609581729252
"5561",95.4729666406275
"5562",58.0957631187662
"5563",14.7361979495236
"5564",144.949176100235
"5565",33.1831144750929
"5566",81.6893525275337
"5567",46.4713097989091
"5568",47.6077029020184
"5569",41.1542682743003
"5570",20.0754900004187
"5571",27.4169076178567
"5572",37.6231425843333
"5573",51.0735217677545
"5574",88.9225372908919
"5575",25.5300910848787
"5576",68.0695128057329
"5577",34.1520035591682
"5578",15.9176889365153
"5579",55.0843912261458
"5580",29.5736616515543
"5581",58.7341795608599
"5582",118.228971565146
"5583",6.646524976993
"5584",39.4469241989482
"5585",19.6706467489155
"5586",45.1285595106924
"5587",23.4860729569963
"5588",29.153202500831
"5589",55.795410013264
"5590",74.651108698783
"5591",66.4319185800822
"5592",30.8580704976624
"5593",76.0788469282658
"5594",33.7182974175235
"5595",123.697147023948
"5596",29.4089306290673
"5597",68.993147336805
"5598",15.3237374181417
"5599",95.6550487501492
"5600",35.4253086174529
"5601",42.1874750307557
"5602",49.1963801408025
"5603",31.8601065546612
"5604",17.5559151776951
"5605",69.5820899236808
"5606",29.6234628278679
"5607",29.3330415875188
"5608",51.4579142011064
"5609",54.6235833238879
"5610",44.4005740592367
"5611",52.231029066489
"5612",32.261845367169
"5613",76.0942973021176
"5614",43.8478035932743
"5615",19.4309475842815
"5616",94.2384640603918
"5617",51.9301665897025
"5618",30.6927297331053
"5619",52.3432267866629
"5620",13.9074778172123
"5621",82.8731051420017
"5622",93.469381617932
"5623",51.6096955452531
"5624",17.3079789546258
"5625",31.1988747317788
"5626",50.1889736716755
"5627",54.9563577551268
"5628",20.0133338558309
"5629",91.4639024129744
"5630",56.547864008838
"5631",64.7810127747701
"5632",40.6335649639531
"5633",21.2465579433536
"5634",27.3311768492845
"5635",73.3110027473187
"5636",91.3452603869708
"5637",83.7458915501103
"5638",27.0622274556003
"5639",21.1063591543905
"5640",59.9328383174549
"5641",32.5601857190939
"5642",29.2106004270937
"5643",14.1394985445527
"5644",22.1558019386644
"5645",40.1417077362095
"5646",91.8833126490707
"5647",48.2566504716694
"5648",61.719995174376
"5649",40.3404703854854
"5650",20.5671250496702
"5651",48.3995559848979
"5652",59.9459263052364
"5653",25.2898815636985
"5654",25.3480853386511
"5655",78.0641329281816
"5656",39.6161011004454
"5657",78.7288434664381
"5658",63.8382116123272
"5659",34.8997365751209
"5660",63.3781504923771
"5661",36.1311883137569
"5662",12.9004221815916
"5663",69.3359967740379
"5664",70.1222236681815
"5665",51.1356010467593
"5666",81.1047503537421
"5667",70.8257181410053
"5668",86.098242703177
"5669",42.4433960365289
"5670",26.0760799840865
"5671",61.0998153559948
"5672",50.0730449054463
"5673",45.4461120845793
"5674",30.9672289251954
"5675",20.2461221140452
"5676",82.4699282426034
"5677",12.6697045869723
"5678",34.8075622567429
"5679",49.122123075421
"5680",73.6112038758196
"5681",13.5465898276122
"5682",36.9921302832648
"5683",20.3343005441165
"5684",19.2343253385282
"5685",51.1985269835138
"5686",21.5775145872159
"5687",36.8789231001861
"5688",35.5693498384411
"5689",59.7632147156217
"5690",47.4817313188795
"5691",22.302414419323
"5692",20.070521724026
"5693",36.296188796639
"5694",23.4598807511242
"5695",68.5810396707364
"5696",35.9533351346869
"5697",13.1140912953368
"5698",42.7090953392985
"5699",34.0387401870574
"5700",51.7170764904669
"5701",23.3268075566438
"5702",27.1248320518356
"5703",47.6200824647721
"5704",31.2983344141401
"5705",50.6388741040664
"5706",43.9929274025646
"5707",39.7895541726551
"5708",43.7753065532846
"5709",12.9395027943882
"5710",44.7553909437133
"5711",18.4295314525545
"5712",66.6865582818175
"5713",14.6119431900666
"5714",16.9735219481907
"5715",67.9651004261509
"5716",89.7518544745201
"5717",31.1606027960117
"5718",15.3088440792269
"5719",27.8517125915608
"5720",56.1651025188755
"5721",57.8070618877397
"5722",29.4273174894695
"5723",95.358367853907
"5724",43.3492967193788
"5725",151.941079569321
"5726",49.4498047999564
"5727",82.4116052838886
"5728",32.816468881112
"5729",24.2380115906928
"5730",29.7940546602102
"5731",25.8575860763124
"5732",50.8971045151995
"5733",97.0522662798066
"5734",34.562124516577
"5735",65.1354011744835
"5736",40.668799715358
"5737",61.7135913210957
"5738",61.8684863607281
"5739",22.2279949368693
"5740",13.910670801226
"5741",23.093171282153
"5742",73.0821818887578
"5743",48.087346157119
"5744",49.559620012409
"5745",34.671263873163
"5746",39.3717332862977
"5747",36.2867184222522
"5748",20.4586633118465
"5749",20.1303387140328
"5750",28.7789380742035
"5751",26.5621436015606
"5752",32.6153113071495
"5753",53.8196606469132
"5754",47.6131713509322
"5755",28.084308503858
"5756",36.5731700336333
"5757",28.61514556107
"5758",68.7162503563701
"5759",33.8962024681015
"5760",9.41500392938647
"5761",14.8002548159692
"5762",52.4567568319692
"5763",49.1268002740933
"5764",47.6340984464921
"5765",27.2205587203272
"5766",37.44027165787
"5767",28.1016776880008
"5768",20.9484936700691
"5769",21.212453964435
"5770",12.7485624977989
"5771",49.1396259786214
"5772",86.6300477055476
"5773",21.1220656577944
"5774",26.3421024611878
"5775",58.1911885441743
"5776",26.3114423906881
"5777",30.782946468459
"5778",35.1519820025444
"5779",20.258372090146
"5780",74.0214245096865
"5781",23.7897964348449
"5782",38.9717919862647
"5783",37.249230299931
"5784",26.0124513493162
"5785",21.537195573204
"5786",43.9919389067412
"5787",18.2179079292497
"5788",47.2857524297825
"5789",47.8598753551379
"5790",42.3126133498573
"5791",44.1510085205433
"5792",41.8848315982002
"5793",104.971521590399
"5794",35.5441609367758
"5795",32.1845223305925
"5796",35.5399969584119
"5797",72.444708363392
"5798",26.1756202466712
"5799",76.9296579528048
"5800",42.668016156393
"5801",33.5797379815899
"5802",43.0530465926306
"5803",21.6007939519175
"5804",21.7587428012867
"5805",34.581992115466
"5806",34.6710469223426
"5807",20.0820016488956
"5808",54.0928373057111
"5809",43.4166209385005
"5810",60.3591291040406
"5811",17.6046899167678
"5812",100.322642818881
"5813",55.9625157247424
"5814",30.4783894490345
"5815",109.392401150287
"5816",49.242254897302
"5817",45.255092345728
"5818",75.7857935822426
"5819",28.6265860715374
"5820",31.2822089001872
"5821",36.43658234177
"5822",41.3101250292369
"5823",65.4902239847426
"5824",126.110266356056
"5825",21.3759240973834
"5826",57.6514140916012
"5827",14.9396113909537
"5828",55.8816832009752
"5829",40.3351909420653
"5830",73.6870756304535
"5831",10.4582469368576
"5832",19.4554156595031
"5833",15.2797397157984
"5834",92.356352620788
"5835",30.1845583117085
"5836",26.0719020695654
"5837",106.198996449375
"5838",27.2075354701222
"5839",72.9196196859643
"5840",83.9818578773621
"5841",23.2508413317851
"5842",36.7952837591713
"5843",31.0656122725972
"5844",77.0523651042568
"5845",48.6709846963191
"5846",40.1059836018337
"5847",70.4535816719534
"5848",30.2072915924078
"5849",7.03022951786419
"5850",38.8991108898004
"5851",16.3621469429383
"5852",48.5443313260205
"5853",66.4763275597538
"5854",77.048182046106
"5855",42.5925768603903
"5856",24.3221771189238
"5857",23.1300852234901
"5858",84.9899897176017
"5859",117.245830231626
"5860",71.1798053210826
"5861",130.8864611093
"5862",30.4013715443784
"5863",61.4000498815744
"5864",66.757980228005
"5865",24.1511188109943
"5866",65.0102024589728
"5867",50.0523780587371
"5868",23.1558690633519
"5869",30.0701507623621
"5870",66.5389033399459
"5871",44.0265254517586
"5872",55.7686499769095
"5873",82.0815391870829
"5874",16.9446609703002
"5875",28.5522237991913
"5876",36.4780129287042
"5877",33.6849015020564
"5878",33.0165120961658
"5879",27.5007497521713
"5880",80.8387364759861
"5881",23.5916827010587
"5882",38.5258362438903
"5883",33.9037030850083
"5884",32.4361870997044
"5885",99.7111925211441
"5886",48.6611333183899
"5887",38.0474862375777
"5888",55.0179045060006
"5889",28.8136780543357
"5890",11.2365980428578
"5891",46.7249131049888
"5892",22.1493583808383
"5893",39.7849754319079
"5894",19.7115769592898
"5895",26.296543058711
"5896",55.4107252599886
"5897",83.7223513035453
"5898",24.239674343493
"5899",24.1037399447742
"5900",54.4248395830201
"5901",10.5063687893378
"5902",26.9793509907008
"5903",24.5785744681713
"5904",91.8453569071611
"5905",80.44193844662
"5906",36.8013073441304
"5907",84.7357153843021
"5908",42.0872342264506
"5909",24.6484792380212
"5910",42.3464092519103
"5911",40.033876254514
"5912",86.9746070457331
"5913",39.130728556771
"5914",31.4388073020206
"5915",14.8388175686563
"5916",24.6168623516508
"5917",41.2415526401971
"5918",40.874103687909
"5919",62.5406884324178
"5920",69.3452206312888
"5921",47.175268828938
"5922",27.0041880753803
"5923",30.252381207478
"5924",28.9807974803963
"5925",35.6078592531038
"5926",212.734297848611
"5927",28.2714345295022
"5928",65.5659251471141
"5929",17.4616789662849
"5930",61.1476599267232
"5931",20.3937805533287
"5932",62.8479224465027
"5933",44.7098077113955
"5934",56.364574636743
"5935",51.1251379578243
"5936",19.0277824281157
"5937",40.8803502216622
"5938",20.1236442201446
"5939",5.92530998961146
"5940",25.1659139179537
"5941",17.5111722388951
"5942",27.4236341387077
"5943",43.6375750764819
"5944",23.9691930843391
"5945",26.6063198306039
"5946",31.2466580497703
"5947",37.0093672414399
"5948",63.1336836425256
"5949",41.4889532540466
"5950",22.1738127626691
"5951",23.7048859072986
"5952",47.0570638408975
"5953",64.5785904685507
"5954",77.6509057162479
"5955",19.4502327758022
"5956",53.2027183616738
"5957",21.9409039511943
"5958",32.8723883584771
"5959",43.8507819580942
"5960",17.6680230958493
"5961",5.69628404877557
"5962",17.5319526052469
"5963",14.4945113937192
"5964",28.5788473130931
"5965",60.9369597450409
"5966",62.9019921298084
"5967",22.152928234539
"5968",40.4921526198967
"5969",111.702428974878
"5970",26.5497237153634
"5971",52.3831291445044
"5972",36.4577357040745
"5973",26.5862688578064
"5974",29.3741158482175
"5975",54.05317322168
"5976",20.353344007094
"5977",33.6003998726936
"5978",19.0666356765343
"5979",17.6993764212767
"5980",29.075404614448
"5981",42.7800161576222
"5982",34.1624569006084
"5983",63.4066172238772
"5984",43.391762208712
"5985",48.9057974348553
"5986",64.8734872318322
"5987",74.0533476791527
"5988",39.5714125698644
"5989",31.3019534668721
"5990",40.6480631714997
"5991",26.0255479674263
"5992",18.1662837787036
"5993",16.1067160921085
"5994",38.20203621113
"5995",45.7266530969043
"5996",20.3851846687705
"5997",64.5071280126476
"5998",84.3897885736363
"5999",27.7962875251715
"6000",33.3433476116982
"6001",127.677917867818
"6002",41.305739725399
"6003",11.6800147089946
"6004",46.5053699576533
"6005",77.5550433874736
"6006",15.4237171110213
"6007",48.7989944606875
"6008",59.2920470574043
"6009",40.2669970612397
"6010",29.4111901122861
"6011",26.9985937507151
"6012",46.7288576492732
"6013",44.1985570759328
"6014",36.204267553014
"6015",15.6895061367653
"6016",20.2554090783818
"6017",30.6372703803975
"6018",59.3015847115299
"6019",36.1869611690419
"6020",79.3191279451345
"6021",50.029583754666
"6022",38.1760300402062
"6023",18.2118638627929
"6024",45.9714261700125
"6025",234.773082093425
"6026",40.7016775653307
"6027",31.7618365305837
"6028",56.285687707379
"6029",69.0048754977666
"6030",11.4624003515635
"6031",54.1519415161404
"6032",47.9173976260433
"6033",92.455256100634
"6034",46.7558945873968
"6035",60.9979335837111
"6036",25.1178270329466
"6037",53.2220308020792
"6038",58.5606542157757
"6039",35.7067058849645
"6040",42.3930405079737
"6041",47.3859931722769
"6042",32.7963481778749
"6043",25.3933688946399
"6044",14.3692054008507
"6045",24.5717718131526
"6046",57.6643407039492
"6047",30.9744592352132
"6048",53.9026630164984
"6049",45.0510808222156
"6050",58.4158854566914
"6051",66.2118832623345
"6052",52.2895792996927
"6053",32.9961197895748
"6054",12.4190406108925
"6055",37.9868068948637
"6056",55.0843724292229
"6057",56.2080482932881
"6058",36.6715722957039
"6059",43.8960549639734
"6060",18.3659407451334
"6061",115.677709562188
"6062",43.6250000422448
"6063",47.3531657939983
"6064",32.8613868846321
"6065",21.4709596048719
"6066",36.3717565508272
"6067",32.3461348726795
"6068",39.0784869272638
"6069",25.5036091288255
"6070",43.5763348814626
"6071",20.0207972371028
"6072",56.5355019708436
"6073",19.6502025550401
"6074",50.3549043321411
"6075",39.1677077659597
"6076",12.1263718676045
"6077",51.7254072751488
"6078",39.9026934262811
"6079",50.1025608248801
"6080",20.8923661457364
"6081",43.8333059088674
"6082",44.0465478537964
"6083",18.4702111579553
"6084",27.8407726540186
"6085",42.5118846473231
"6086",33.7144164038508
"6087",31.7200046188124
"6088",23.7724970080961
"6089",73.3230378358772
"6090",18.9283911505627
"6091",60.0299203235611
"6092",17.1899099711022
"6093",45.8159219471499
"6094",56.4142116320358
"6095",23.7178873611138
"6096",43.0811517607499
"6097",50.3497702394738
"6098",15.0094133630606
"6099",35.1036934159061
"6100",80.4853794659277
"6101",29.0698984551976
"6102",18.6315304177409
"6103",82.2734232220239
"6104",31.8580873253251
"6105",26.2416912407608
"6106",44.3504352606912
"6107",50.9172598108699
"6108",54.2372206901354
"6109",61.558966850764
"6110",28.0597433194716
"6111",55.5187109332171
"6112",24.1545489062033
"6113",11.99817630673
"6114",27.1265134906176
"6115",24.494388401829
"6116",23.8215274597864
"6117",47.9302189038558
"6118",44.6865584324886
"6119",45.3313357191504
"6120",46.7157261893387
"6121",53.3039241340331
"6122",22.8222011422101
"6123",14.2162251653573
"6124",64.2419916781374
"6125",46.8890726839398
"6126",53.6678155937174
"6127",67.9039890475799
"6128",97.1174504730208
"6129",39.8677117766926
"6130",69.7518123650026
"6131",50.8390297589015
"6132",25.6432097549096
"6133",18.6706564351448
"6134",40.6964181320124
"6135",26.8763930566585
"6136",25.816682047604
"6137",15.1287935230562
"6138",42.3067783793536
"6139",52.7318121220328
"6140",112.42652391365
"6141",78.1859282934351
"6142",26.0228989386212
"6143",30.215130671216
"6144",48.4913977087602
"6145",28.763994005784
"6146",45.8093602497789
"6147",146.669323614125
"6148",54.0002427377438
"6149",51.2569628518313
"6150",93.7310201957799
"6151",38.3940119603939
"6152",38.7777383495523
"6153",24.3340166948074
"6154",58.786182370085
"6155",14.9511204079247
"6156",17.8647721141752
"6157",35.4637656047375
"6158",23.8411725875475
"6159",34.7593788816406
"6160",42.9834832996134
"6161",63.813379185791
"6162",32.7446417699648
"6163",155.510726502421
"6164",40.7571889309386
"6165",43.6735356028555
"6166",64.9981581824541
"6167",27.8760584687809
"6168",21.4183056875333
"6169",50.5461153109554
"6170",123.292285487302
"6171",60.6737282594684
"6172",69.0441546771975
"6173",78.5605075903743
"6174",21.0486487704625
"6175",56.3161642848027
"6176",71.4559600466088
"6177",54.5144595731874
"6178",28.6666831381337
"6179",38.136047947862
"6180",35.5383522448192
"6181",14.2256826898726
"6182",56.9094714205632
"6183",88.7074885613316
"6184",18.7250131893758
"6185",55.9028128504278
"6186",40.5175710683151
"6187",60.3583383812367
"6188",34.2216853534336
"6189",45.450508060257
"6190",45.287598767298
"6191",11.4189819961012
"6192",32.2557272220882
"6193",109.740143286051
"6194",44.5021637663431
"6195",32.6194537684233
"6196",36.0363091314881
"6197",27.2508995821819
"6198",63.5011800906899
"6199",23.5972281076177
"6200",74.0846751711649
"6201",40.3558900604903
"6202",49.4728773923464
"6203",41.7257861925315
"6204",22.9147177808662
"6205",43.7495083100172
"6206",32.4690206134975
"6207",77.5813463599375
"6208",76.4414692201457
"6209",27.933664150402
"6210",87.8180897806542
"6211",32.7807397353763
"6212",50.8745768605668
"6213",44.2724021948036
"6214",68.87243663347
"6215",19.3359940363332
"6216",70.2066912714448
"6217",117.777290059267
"6218",60.5303013880839
"6219",71.8652268039276
"6220",29.9536134421655
"6221",42.1417075229392
"6222",65.8062561616996
"6223",46.1647688121077
"6224",44.5550635127834
"6225",85.893643934969
"6226",72.7089818057245
"6227",41.0417098644189
"6228",95.9839158783667
"6229",22.5078127593035
"6230",46.9235301734555
"6231",26.163455462547
"6232",36.8748927453065
"6233",87.0681888581709
"6234",110.90831039712
"6235",64.8983306158391
"6236",12.9346636199189
"6237",72.0377560832606
"6238",30.1926057550781
"6239",30.2066673426718
"6240",19.1847299446419
"6241",63.1391805615513
"6242",32.6965503953703
"6243",61.7390008314725
"6244",34.9562843685807
"6245",47.7577829328716
"6246",30.6580856111151
"6247",69.368202393816
"6248",25.405435110387
"6249",16.5605956254901
"6250",22.9665154058881
"6251",40.5573683022079
"6252",20.2333273302931
"6253",18.7949332599274
"6254",34.5191349595104
"6255",33.6088753745124
"6256",45.566451323285
"6257",25.2225951205911
"6258",52.0631236406791
"6259",24.6748947886014
"6260",54.301421949785
"6261",57.1168360797237
"6262",50.3140572685805
"6263",13.6638433917028
"6264",21.5239903486015
"6265",26.1614186821415
"6266",61.930639454312
"6267",21.7770723097384
"6268",37.5628403180353
"6269",41.6224791256078
"6270",51.0555015256817
"6271",27.6230491594161
"6272",66.9772656644485
"6273",56.298454606024
"6274",96.0262248328705
"6275",46.7631385124513
"6276",104.954921318331
"6277",210.55187352788
"6278",22.2162458387562
"6279",33.4366976254818
"6280",52.769343183014
"6281",27.6068826311284
"6282",9.78071728422736
"6283",40.6650280323334
"6284",58.1442818452484
"6285",98.3789914720542
"6286",35.3942181454758
"6287",13.1878714268963
"6288",30.3754232526667
"6289",60.0538021704138
"6290",33.4636973418799
"6291",36.7293780580452
"6292",46.8374327561074
"6293",30.2437793615168
"6294",75.1672104863982
"6295",60.0960615859976
"6296",25.7392387399034
"6297",29.0258975602286
"6298",23.016131097045
"6299",22.0832308351909
"6300",13.5662750670083
"6301",9.53994470497263
"6302",32.0694929096648
"6303",19.112985671597
"6304",49.2169836604475
"6305",29.3024962201118
"6306",41.6510833164483
"6307",58.8882043084054
"6308",52.4840358819329
"6309",26.7093253506559
"6310",28.4114849975849
"6311",99.3745190571505
"6312",49.339357345575
"6313",78.8081891421412
"6314",19.9513394309495
"6315",71.669097745355
"6316",91.0183524152453
"6317",17.5704891993813
"6318",97.7181828527719
"6319",21.8238571547971
"6320",19.6192798359908
"6321",35.9793518733019
"6322",34.4805980065395
"6323",35.1122095442397
"6324",23.6365780004441
"6325",53.9596880532081
"6326",40.1101424863375
"6327",96.2070814596668
"6328",51.0802117145143
"6329",73.8823236823185
"6330",114.945241514089
"6331",19.5997543241899
"6332",49.1229623546097
"6333",210.877252605438
"6334",24.5986826631051
"6335",51.5487512840296
"6336",81.8571580184312
"6337",48.0757596262388
"6338",73.7384580463443
"6339",35.8679335939617
"6340",38.237840697608
"6341",25.3425834351392
"6342",35.9518285695035
"6343",11.8830145411947
"6344",48.1253628293591
"6345",23.1856417857879
"6346",92.5785932795172
"6347",96.670968515969
"6348",32.326078364792
"6349",20.5995996376283
"6350",53.290647401114
"6351",29.1167028961675
"6352",64.5830257336812
"6353",66.050565694347
"6354",16.280044859552
"6355",47.2547312894359
"6356",68.9204252236889
"6357",21.9327302626235
"6358",10.7592451600024
"6359",32.1539051126806
"6360",39.4937497508711
"6361",64.5377920990126
"6362",23.5004801546732
"6363",72.6177348792911
"6364",42.2289507871597
"6365",16.3724319842432
"6366",14.4793462138025
"6367",20.0213038959639
"6368",27.3330813357893
"6369",55.5229240345412
"6370",21.0274421035142
"6371",29.4522835691977
"6372",19.4288232466899
"6373",39.1444747905559
"6374",26.6840450839026
"6375",25.002259571756
"6376",45.3383064744327
"6377",90.1156892436775
"6378",13.9940992474361
"6379",31.5656904558667
"6380",44.1057647696804
"6381",28.8940559300225
"6382",28.1514696936559
"6383",74.8466143699135
"6384",47.244721113351
"6385",28.5092619560085
"6386",30.7406606517799
"6387",53.1180158647498
"6388",37.1288323882919
"6389",81.3986947101832
"6390",94.9799429717927
"6391",46.537502759529
"6392",127.224953644288
"6393",93.1830881491443
"6394",60.2592571438867
"6395",35.6090817350349
"6396",71.8449433305521
"6397",10.3692900222683
"6398",37.4519382284721
"6399",38.0719661164168
"6400",21.2253441257476
"6401",88.8020792980669
"6402",14.1152354821626
"6403",49.5469914954467
"6404",63.9684682404755
"6405",13.1180666019998
"6406",14.3785196651248
"6407",133.684051396852
"6408",30.2766113549098
"6409",41.7098982513375
"6410",70.5084454532631
"6411",38.4689765305975
"6412",29.406271664441
"6413",37.8833889232267
"6414",73.6034078800754
"6415",73.2320160233702
"6416",19.825556587097
"6417",31.4852528064356
"6418",40.4805227190426
"6419",54.2483900678171
"6420",95.3685405322531
"6421",29.8555109003187
"6422",28.5647190300794
"6423",64.2601864338443
"6424",37.7750459472179
"6425",70.5605109072695
"6426",44.2477956571915
"6427",18.9966940357043
"6428",54.0666966821103
"6429",66.514967287346
"6430",43.7106992916817
"6431",28.4323531862803
"6432",43.5053677187507
"6433",33.0692843510752
"6434",25.4726972544313
"6435",47.3384143006094
"6436",43.9597098525741
"6437",54.9674983117169
"6438",27.5447759746161
"6439",50.9220597156914
"6440",18.9136639815669
"6441",28.4224234855147
"6442",37.1758881763552
"6443",34.1274685856379
"6444",60.4310786976818
"6445",48.8685062002888
"6446",29.8482375823701
"6447",72.5163466479412
"6448",24.1930227412382
"6449",41.3827448191951
"6450",118.208027243093
"6451",26.4509630229649
"6452",103.273837605828
"6453",49.2278080429814
"6454",35.6355891610471
"6455",46.3262665251269
"6456",33.0996507679227
"6457",99.7707415984525
"6458",28.1057776112661
"6459",41.3838469207485
"6460",50.4063421967907
"6461",34.9673749707078
"6462",14.8824788062834
"6463",34.3410715427234
"6464",63.2205413056951
"6465",46.5200909157202
"6466",13.1475044519817
"6467",186.250003021759
"6468",21.2340966981964
"6469",81.628339576476
"6470",77.3922005407013
"6471",47.9281533466301
"6472",39.1011485912012
"6473",17.8577046871005
"6474",42.5411689717216
"6475",17.9969340170391
"6476",63.9271300264348
"6477",25.1779421680692
"6478",35.8509159727462
"6479",76.8140799387778
"6480",56.5437402504682
"6481",9.5853806748825
"6482",124.914165650093
"6483",100.427698013696
"6484",20.5891435396393
"6485",35.1647892727127
"6486",85.9752204466327
"6487",23.8451586975255
"6488",75.0978096272334
"6489",25.298024635441
"6490",39.1562611436613
"6491",46.6915529045112
"6492",23.5293591640488
"6493",39.749610130992
"6494",38.3032674585091
"6495",54.156339337041
"6496",55.9226610517211
"6497",77.5115546739578
"6498",35.5215866674694
"6499",21.4986539404768
"6500",18.585125639345
"6501",27.7836964944941
"6502",54.686137616305
"6503",45.7110136697353
"6504",16.8320918460479
"6505",32.3602225881257
"6506",83.1632845492405
"6507",25.3958768508936
"6508",61.2835959748527
"6509",22.5039133457159
"6510",71.9967369000052
"6511",35.5850622664193
"6512",114.465284787063
"6513",36.5665514301226
"6514",27.5297835470915
"6515",26.9471089280359
"6516",97.5420704256545
"6517",28.08282193291
"6518",67.3276069372492
"6519",38.3226161645094
"6520",96.7365246259709
"6521",47.5119529007433
"6522",83.8410482410943
"6523",19.1055608198036
"6524",118.197103539532
"6525",30.435313732045
"6526",21.4699442760518
"6527",27.0821498635645
"6528",70.8388414515242
"6529",50.149118894853
"6530",76.4664102331946
"6531",30.8048028257533
"6532",16.3679727398475
"6533",27.7945978006512
"6534",20.5246278566356
"6535",40.6137247408816
"6536",72.160151887406
"6537",44.665826739945
"6538",24.7733700999941
"6539",40.0929796903006
"6540",27.5910055240431
"6541",84.0343473178417
"6542",84.0426709775022
"6543",15.1235535064789
"6544",106.225694139012
"6545",28.0071769253202
"6546",47.2902768578012
"6547",30.3936209281648
"6548",51.9010286594686
"6549",21.918275459944
"6550",17.7589728970396
"6551",63.5347554310478
"6552",72.5624360615873
"6553",54.9589405150547
"6554",112.059427093975
"6555",15.871272239754
"6556",10.1368344524955
"6557",50.9759569498576
"6558",51.0373231454288
"6559",39.9972134049866
"6560",23.8755567128873
"6561",44.4253950141276
"6562",60.047626331548
"6563",21.8171679028589
"6564",49.0640981678177
"6565",47.0719213508113
"6566",42.0540558010452
"6567",50.3493656037044
"6568",117.075340034226
"6569",37.4580551564493
"6570",33.1019629007249
"6571",44.6418011684118
"6572",81.4540850732052
"6573",26.8779988532594
"6574",105.298502374044
"6575",35.3907697841166
"6576",32.8865789975512
"6577",31.8486552639428
"6578",41.3954548667803
"6579",18.4153938165862
"6580",25.2202478499683
"6581",53.8589801418837
"6582",36.1551099577618
"6583",83.1218824589537
"6584",41.481978263593
"6585",51.4990612422237
"6586",46.7933635187198
"6587",82.9559255213139
"6588",81.2223348619568
"6589",251.545999390434
"6590",36.049853331372
"6591",103.962515678845
"6592",84.7812014138298
"6593",33.2456761763694
"6594",87.5969811545507
"6595",103.790023438951
"6596",24.9662325151611
"6597",19.9868842679161
"6598",27.1180147721423
"6599",66.4776293512259
"6600",36.0380373995704
"6601",25.0877432025869
"6602",10.12066119027
"6603",96.8247269072236
"6604",55.4917532519384
"6605",25.3879686834514
"6606",17.7221834247952
"6607",69.0275450964114
"6608",21.8798243649535
"6609",87.2612189314616
"6610",55.3554940181547
"6611",63.5096255371644
"6612",16.5653924751235
"6613",44.4418762584288
"6614",34.8124982182651
"6615",18.8006365937762
"6616",37.2674424053294
"6617",19.2238645233772
"6618",32.9835727526107
"6619",107.929904929814
"6620",54.1277647984866
"6621",38.8882087608776
"6622",28.4584833901963
"6623",33.8242264260929
"6624",12.2097088509522
"6625",60.8265856118591
"6626",16.9341685533007
"6627",36.4782024148175
"6628",56.8370795429917
"6629",24.3352573261412
"6630",19.1404024326433
"6631",54.2390053215541
"6632",45.7524702838895
"6633",17.4332506037189
"6634",34.2520122059955
"6635",17.6971957573707
"6636",21.0349996372818
"6637",77.8023923759971
"6638",49.255330620847
"6639",12.5343917710606
"6640",40.2507424175013
"6641",33.5730279360941
"6642",37.649327603689
"6643",21.5469585310273
"6644",102.524615411284
"6645",23.1583139069809
"6646",45.5504724258551
"6647",22.6719200214196
"6648",67.0057133757876
"6649",13.9216205648192
"6650",37.8094574241803
"6651",27.440846961251
"6652",44.6361997429286
"6653",63.5038039576828
"6654",13.3868502776622
"6655",30.9961311209239
"6656",7.03875180597149
"6657",22.1651407716355
"6658",46.9010889167764
"6659",50.2910769664358
"6660",83.0408803557748
"6661",13.6665064616675
"6662",65.1566345024285
"6663",37.3053280977855
"6664",27.6794577034338
"6665",42.7702049617178
"6666",37.5553760599572
"6667",58.4334541997693
"6668",55.7653609397073
"6669",70.1226681652831
"6670",69.4512835245646
"6671",57.0463884456396
"6672",32.0830936108267
"6673",13.7922451657954
"6674",24.0187451617518
"6675",188.165781879886
"6676",58.0620436406968
"6677",91.3573385554775
"6678",34.3214299244815
"6679",43.6166891419927
"6680",70.3262528323494
"6681",32.0652979606763
"6682",34.3516786262022
"6683",13.3175880703138
"6684",23.6133428048812
"6685",39.6854139879539
"6686",31.5742975796898
"6687",16.331522017096
"6688",21.593879018171
"6689",33.4465999447569
"6690",16.3785934494759
"6691",30.9712536375374
"6692",61.7901440784501
"6693",64.7087736772306
"6694",24.7487564404501
"6695",47.5560422188081
"6696",24.9059929670217
"6697",31.0591240116703
"6698",38.1003570990571
"6699",22.9237161187366
"6700",21.4893188662909
"6701",91.8276987694609
"6702",46.9786599135115
"6703",38.2650273804582
"6704",27.874623805731
"6705",24.7345828981047
"6706",34.3324509955374
"6707",65.4164208397021
"6708",96.7995924050469
"6709",41.6925406964571
"6710",51.0531323370376
"6711",60.0852252169447
"6712",27.6581925436446
"6713",27.3504963551153
"6714",24.0147372704987
"6715",54.4532357893737
"6716",60.4586193749716
"6717",108.568627338637
"6718",67.6211638474567
"6719",87.9171688285531
"6720",72.0330048155515
"6721",48.0209443114076
"6722",60.9499283033809
"6723",30.059270794399
"6724",60.1975397827564
"6725",35.252387989797
"6726",34.152807482862
"6727",34.1793861994092
"6728",43.8866114778178
"6729",23.8597064761655
"6730",56.299124168408
"6731",34.9957115407631
"6732",47.6446373182552
"6733",12.5482391994679
"6734",18.4459716715539
"6735",36.2103233799313
"6736",98.4264897577339
"6737",48.7897565686608
"6738",45.4191952641874
"6739",37.9156839315775
"6740",16.5965930240572
"6741",82.2435365276896
"6742",46.9528241059993
"6743",102.949617448312
"6744",37.910521290688
"6745",27.3599531496878
"6746",57.6672942686781
"6747",10.3538608366528
"6748",23.7929511476325
"6749",34.4986730092631
"6750",38.8589655558641
"6751",48.2098023422594
"6752",18.5586499877718
"6753",51.0725809790246
"6754",42.8595314772984
"6755",51.2420562095362
"6756",83.3399335641652
"6757",62.1597846948975
"6758",23.915408143421
"6759",48.554525513098
"6760",51.0221168358214
"6761",71.8333409761876
"6762",28.5547234410558
"6763",62.3558415505717
"6764",19.8920780301853
"6765",43.2112569196649
"6766",43.5643565235474
"6767",23.372798644022
"6768",41.8082300098911
"6769",19.9890337809079
"6770",36.2135811534564
"6771",22.546010115702
"6772",42.3056486105617
"6773",22.10500508079
"6774",16.8974035736403
"6775",28.6258801546193
"6776",112.58015724109
"6777",31.530258075261
"6778",42.471007585488
"6779",107.284984284175
"6780",36.1491889488912
"6781",34.9729522218803
"6782",39.3438374446471
"6783",41.3950436870158
"6784",67.8195711805749
"6785",61.3876190051777
"6786",91.1676996061484
"6787",25.4173688041975
"6788",111.23441514459
"6789",17.5281319046351
"6790",27.2970103478085
"6791",105.306488471619
"6792",47.8487715291746
"6793",36.6939192031334
"6794",42.5312285209767
"6795",33.3133823335658
"6796",114.873269318803
"6797",78.4767558582338
"6798",20.0332726881081
"6799",42.887072704975
"6800",30.0309447326366
"6801",25.0951478655981
"6802",17.6782289885359
"6803",31.4024612591785
"6804",26.7657858278777
"6805",44.8531109756252
"6806",11.3889908400778
"6807",56.5848130002195
"6808",27.1959270130968
"6809",26.3970322567585
"6810",51.2171597994357
"6811",73.3033548126627
"6812",14.6733587040305
"6813",47.0779662651899
"6814",68.0463476820322
"6815",41.2079527655444
"6816",63.9106817492653
"6817",55.6170574846121
"6818",14.3651334399703
"6819",204.520619444701
"6820",20.4752404853556
"6821",121.315874483034
"6822",27.2361756918424
"6823",81.72267496069
"6824",56.5180400723519
"6825",14.6600358486238
"6826",26.9976642810908
"6827",52.6492466369712
"6828",25.0886062330211
"6829",41.3734152108839
"6830",73.3731983008431
"6831",19.5837481439775
"6832",24.8914604600132
"6833",33.0746252526081
"6834",16.7169552031165
"6835",12.8186597056085
"6836",34.1143491929617
"6837",58.8759953491111
"6838",14.4253702628008
"6839",12.7650996760964
"6840",53.2950057778954
"6841",35.8560950913745
"6842",35.6474745823122
"6843",22.2423025271459
"6844",52.5392895367048
"6845",16.9242503653712
"6846",14.2922113948913
"6847",40.5929997835154
"6848",26.2449076464316
"6849",39.9556706931189
"6850",24.9309577582416
"6851",45.8408812926165
"6852",18.1546517759456
"6853",25.9176616728049
"6854",51.5571513188401
"6855",25.3318593954661
"6856",19.9682747235551
"6857",104.047207895301
"6858",65.6705527599783
"6859",82.7460073686156
"6860",37.4527018671123
"6861",43.0388444290116
"6862",27.009237973051
"6863",47.3369570061855
"6864",39.7879288564253
"6865",70.7958670714974
"6866",63.0902502750419
"6867",30.9889448535104
"6868",85.1993138294954
"6869",9.0839286531034
"6870",19.0105068839697
"6871",33.679845948652
"6872",36.3324466468802
"6873",24.370407103331
"6874",118.363139226286
"6875",13.1445841342733
"6876",20.5876109458352
"6877",16.628669684539
"6878",41.8623442650398
"6879",42.1926044812687
"6880",77.3935508937394
"6881",106.314628151027
"6882",23.8977377419401
"6883",83.1515787208264
"6884",40.6435776190848
"6885",7.03647968577346
"6886",31.9462205838089
"6887",21.2675053151322
"6888",38.0732055580026
"6889",45.5619253472251
"6890",26.0347809550561
"6891",111.735029878425
"6892",67.3389784993823
"6893",42.7053801559976
"6894",66.6920279735463
"6895",33.7277703709152
"6896",60.2793139248331
"6897",43.1688993783131
"6898",49.69982065513
"6899",42.7277434078624
"6900",65.9566713463768
"6901",45.8189306716814
"6902",73.440903741837
"6903",19.9774639024353
"6904",42.4463770442861
"6905",26.3316590527771
"6906",27.683499136168
"6907",62.8620312434967
"6908",61.0748522628011
"6909",47.8715929578083
"6910",34.3228956905747
"6911",11.7278093653759
"6912",43.0491702472241
"6913",57.7793542399401
"6914",70.3112693994599
"6915",50.5087321903088
"6916",29.6267898146719
"6917",70.8684653086055
"6918",47.6950443576926
"6919",18.4040908206655
"6920",11.8256596486624
"6921",44.6375506149106
"6922",25.4494507688499
"6923",27.3259293975506
"6924",49.0881568486696
"6925",79.1082859569614
"6926",16.8228603842565
"6927",36.049910686798
"6928",55.4807061038731
"6929",112.194996069846
"6930",28.433566681395
"6931",25.9333198560339
"6932",26.044999971785
"6933",50.0131522756066
"6934",86.5971945733337
"6935",32.5123378581452
"6936",56.3894953752488
"6937",65.2889627449101
"6938",66.0569590771671
"6939",42.7546085528799
"6940",24.4037003804938
"6941",87.9032855346585
"6942",18.37128612771
"6943",29.4843221993088
"6944",37.8758470394953
"6945",62.9336051482671
"6946",50.4498169703992
"6947",67.6987258356681
"6948",15.1693474007434
"6949",66.5236324849761
"6950",39.5008120128807
"6951",43.8461553269197
"6952",20.696343948222
"6953",10.6474696235761
"6954",84.974826761937
"6955",51.6985725573698
"6956",26.4223012353795
"6957",18.0086851781613
"6958",29.6885565281129
"6959",32.349181939198
"6960",45.6927354119109
"6961",31.6657848273554
"6962",25.3852151909347
"6963",28.0583240596485
"6964",61.8630620003528
"6965",57.4291999508809
"6966",168.610907466039
"6967",54.2355863651913
"6968",50.8200157734649
"6969",33.1031714794781
"6970",56.7846762156899
"6971",13.5229665373905
"6972",41.8229123435992
"6973",99.1486613869012
"6974",25.1880018781549
"6975",30.9213634233635
"6976",39.7194521904844
"6977",23.478438694633
"6978",30.2363563785372
"6979",63.9732817373042
"6980",40.3839722469466
"6981",45.4820808505153
"6982",38.666660847717
"6983",59.5824177899394
"6984",16.1916014683529
"6985",14.4752082127651
"6986",27.4632289209763
"6987",56.3693318774714
"6988",28.9781736510468
"6989",47.6049684943261
"6990",32.58915284901
"6991",12.9845677688406
"6992",18.5652070448496
"6993",51.1941262840025
"6994",56.0185995100933
"6995",16.7723657693736
"6996",74.2547031068
"6997",19.7129168132887
"6998",78.0973183173918
"6999",40.2021692166705
"7000",85.9047483003079
"7001",24.8312706716623
"7002",49.7373976911416
"7003",34.8353306438848
"7004",96.2345474838302
"7005",54.2246028654297
"7006",52.2349972982216
"7007",40.7833160366242
"7008",24.7912458603678
"7009",30.8142036682815
"7010",29.433043547536
"7011",31.5000662338594
"7012",22.8647778545834
"7013",26.3963102699201
"7014",47.100598290217
"7015",178.470624240846
"7016",28.4069552445887
"7017",41.1949587088294
"7018",30.7824393003384
"7019",33.2858651750609
"7020",41.3010257444424
"7021",49.8553964517112
"7022",17.6224456194014
"7023",20.5955363425844
"7024",84.5106991041269
"7025",24.1786797916695
"7026",26.4481017393882
"7027",34.9391570016441
"7028",58.7925504227835
"7029",30.43695549162
"7030",69.225478079146
"7031",19.384644481233
"7032",35.4534014340567
"7033",70.8169114243745
"7034",24.9897683144673
"7035",59.7867395907287
"7036",20.0198852022856
"7037",31.2944659719034
"7038",28.1761275893573
"7039",23.793617783305
"7040",19.6103716951377
"7041",80.5810178470377
"7042",16.2985771494697
"7043",47.359022735169
"7044",9.46826272309205
"7045",19.9668361246439
"7046",67.5083555276025
"7047",10.7474934675104
"7048",21.5306990954245
"7049",23.3600625303833
"7050",22.2218452587182
"7051",31.8278509243638
"7052",36.4480052404509
"7053",44.4580845173774
"7054",42.5458189381312
"7055",56.4729878865177
"7056",54.395343706549
"7057",24.0584990077446
"7058",12.8032491529197
"7059",127.736458864454
"7060",20.5868972465202
"7061",13.603068467672
"7062",31.6727660223302
"7063",89.2979106800583
"7064",40.340010266589
"7065",103.075117057017
"7066",45.0282103323098
"7067",20.7689061744919
"7068",153.667557497641
"7069",113.411919686074
"7070",63.3705819116079
"7071",24.2651752552215
"7072",74.7840781814458
"7073",38.1925182614234
"7074",40.9240107728969
"7075",17.7040919064517
"7076",20.0769286021917
"7077",42.379210668652
"7078",28.7400170157797
"7079",26.6302095772497
"7080",83.114769188391
"7081",60.7203089260914
"7082",46.1491768721946
"7083",46.7172745370669
"7084",35.6862797240601
"7085",54.3487707152046
"7086",49.7879450346313
"7087",33.6298721027093
"7088",31.0193406719776
"7089",25.2010227899796
"7090",27.6818202737978
"7091",59.4019825163572
"7092",27.9795291730941
"7093",52.6564280261499
"7094",37.7843484643402
"7095",26.0932095663936
"7096",84.447843280975
"7097",37.2687192634419
"7098",40.0982408946029
"7099",64.0020673898546
"7100",41.6471334021032
"7101",66.7127331407645
"7102",19.6151886540054
"7103",22.8711762856313
"7104",28.0929458882638
"7105",83.1100528514729
"7106",30.6640955179907
"7107",110.777216465616
"7108",39.7188836854878
"7109",25.0808817084117
"7110",43.8026485063276
"7111",23.9443334855046
"7112",43.7352452359544
"7113",20.5010334949307
"7114",76.3095529848168
"7115",42.4810850937571
"7116",47.6675603462263
"7117",115.760826491733
"7118",84.6844549756182
"7119",60.3925203687517
"7120",28.8085455506521
"7121",133.485473516796
"7122",64.4538985344236
"7123",37.3167129593988
"7124",24.0470077554375
"7125",30.2680386112654
"7126",24.111537107253
"7127",11.5975122173316
"7128",25.3907860108644
"7129",51.8662455041028
"7130",25.269983518174
"7131",55.68234171852
"7132",88.4857403341089
"7133",15.9747995460713
"7134",14.4822048438309
"7135",22.9419626700166
"7136",29.6178588364405
"7137",56.3061158841496
"7138",58.5831861614242
"7139",26.4443090471889
"7140",184.022439909708
"7141",46.8703120990954
"7142",81.6474053885829
"7143",15.4184195084753
"7144",109.098633356374
"7145",71.2468135026058
"7146",17.9574879909823
"7147",45.5382266994269
"7148",50.717768861961
"7149",51.6776708370775
"7150",188.491079704243
"7151",46.1159447487637
"7152",119.063893606837
"7153",50.155265943893
"7154",15.6930970771119
"7155",77.6536563683389
"7156",69.5716456729321
"7157",33.4142261529385
"7158",33.302750502768
"7159",40.5484196368336
"7160",24.1318313842468
"7161",29.935248136178
"7162",19.1009449436661
"7163",35.2022394695573
"7164",17.1781019091892
"7165",47.2874394510872
"7166",55.5910929244506
"7167",31.0230386817923
"7168",34.2778423282966
"7169",29.5588593097446
"7170",31.9127383962433
"7171",30.6318622667744
"7172",35.1658390887541
"7173",35.8560091327874
"7174",14.1080049359736
"7175",18.8041246548011
"7176",35.3285327689889
"7177",74.1638434485236
"7178",24.3850443908446
"7179",34.8850196725713
"7180",16.5288830301961
"7181",31.5363226999571
"7182",32.6749429958501
"7183",24.4517914383496
"7184",27.0146519949664
"7185",23.0182463458062
"7186",23.1060902275843
"7187",18.2358449399668
"7188",24.65927757395
"7189",19.3186909315656
"7190",29.9953524029232
"7191",43.3380155057975
"7192",37.0174021433156
"7193",93.434436837257
"7194",23.4722851750425
"7195",26.7205974960457
"7196",32.7386738602773
"7197",52.0463355182178
"7198",49.5756996575604
"7199",14.7574807543037
"7200",112.43469094519
"7201",35.1445712139922
"7202",139.645404812997
"7203",18.7671736910445
"7204",29.0954826714669
"7205",22.646466863775
"7206",21.8624016874412
"7207",57.9674937803608
"7208",23.6715203827761
"7209",149.538514483381
"7210",55.6608408287323
"7211",44.1349358125868
"7212",107.559553844666
"7213",42.6313807687759
"7214",17.7313403940101
"7215",45.5978615510212
"7216",22.9042189290797
"7217",51.6958192331593
"7218",71.9796825276931
"7219",45.3209852225053
"7220",52.3092946175021
"7221",18.1444464561443
"7222",41.9043996741858
"7223",53.8815769902453
"7224",36.396198388794
"7225",19.5022481240638
"7226",84.1753200678099
"7227",38.1047776728642
"7228",35.5075494135927
"7229",93.4961975739504
"7230",87.2216748532287
"7231",62.6624645974936
"7232",114.824960643788
"7233",74.2201524264056
"7234",30.0544258914566
"7235",84.8549930010706
"7236",14.5209346705866
"7237",20.9818734747714
"7238",58.5751061049515
"7239",82.0780885302789
"7240",21.6821480394678
"7241",97.0917431996664
"7242",55.2256365553554
"7243",20.1918843006266
"7244",36.9687914670172
"7245",73.386683263735
"7246",52.7893946276001
"7247",68.5591358687373
"7248",28.5724438466278
"7249",36.9294926917335
"7250",43.9054119301227
"7251",68.2213356085552
"7252",73.7209273631364
"7253",16.4036038140476
"7254",36.6527764431883
"7255",44.9804011748774
"7256",37.221699377124
"7257",60.6017105463329
"7258",70.4394761176502
"7259",59.9165394603167
"7260",16.438315162378
"7261",25.2405995773453
"7262",30.6550464320618
"7263",32.978376621689
"7264",15.2006426890627
"7265",60.6729831392584
"7266",57.9748229963034
"7267",42.5882366538878
"7268",13.9717400779515
"7269",23.3668314913269
"7270",38.2591545111557
"7271",47.5955256599991
"7272",21.4312568909561
"7273",37.650642255477
"7274",167.54708929163
"7275",27.7472007147174
"7276",35.5369406463674
"7277",155.638760974
"7278",121.361497141777
"7279",20.5533170542814
"7280",25.5233644618138
"7281",33.7590985604032
"7282",77.2492410586275
"7283",36.4051737666499
"7284",42.4306556339845
"7285",135.414535819072
"7286",32.8613255326976
"7287",82.3548310760544
"7288",73.1641169688724
"7289",20.9660629229229
"7290",20.9537006905166
"7291",23.8883444158008
"7292",48.7885854833386
"7293",50.2824743918012
"7294",20.7230303832655
"7295",36.2251097828307
"7296",24.6894037394429
"7297",97.0219845292468
"7298",105.855449610386
"7299",19.231622617419
"7300",29.6738971646723
"7301",63.0361703691975
"7302",65.0941777438869
"7303",36.2089263998486
"7304",49.004949722257
"7305",140.983600273581
"7306",16.8418926123195
"7307",100.022854279758
"7308",104.823918266583
"7309",23.0390438757096
"7310",41.0592226884902
"7311",43.6376674410322
"7312",15.7441664609769
"7313",103.805844484446
"7314",38.1608786884091
"7315",23.7499375667699
"7316",17.9264276849382
"7317",19.6908563948608
"7318",38.7037297924518
"7319",97.914239781214
"7320",36.6774802213198
"7321",47.8454451825203
"7322",36.2637389760115
"7323",16.0025532382962
"7324",34.1000104538825
"7325",61.880688876583
"7326",78.83562194903
"7327",34.2753793760736
"7328",40.5154668138407
"7329",68.6662592889733
"7330",25.7176775301065
"7331",38.0208980960136
"7332",33.1885582998964
"7333",35.2596781410384
"7334",27.6948337864743
"7335",44.7265936125103
"7336",63.6906946205818
"7337",45.0805700160581
"7338",56.8229155101305
"7339",38.0339898171939
"7340",62.1308906653303
"7341",24.4603180512393
"7342",45.8056850439619
"7343",35.1275496955846
"7344",17.1286928520578
"7345",41.6706209205454
"7346",99.4839257617757
"7347",34.0814380177502
"7348",23.6824995761889
"7349",43.9642892546199
"7350",47.5167084457861
"7351",48.9180356582691
"7352",46.9726334288422
"7353",31.3248690618833
"7354",70.9306131065559
"7355",29.4110828451253
"7356",63.9641661607267
"7357",21.1074339895556
"7358",25.5568343934913
"7359",74.7847521289048
"7360",47.3268451405479
"7361",70.7000018756774
"7362",58.1896441598516
"7363",24.2866290017043
"7364",114.389155694885
"7365",27.5962123177372
"7366",38.2236217943529
"7367",39.3414304285374
"7368",28.7375581655575
"7369",23.6512451553122
"7370",34.0751401216334
"7371",30.1847367880631
"7372",27.4210423403272
"7373",58.8932499141068
"7374",63.2664314752736
"7375",52.5210014017315
"7376",53.3518191702446
"7377",22.6984990897923
"7378",58.6344150781652
"7379",26.0795147727221
"7380",46.1191435796094
"7381",174.041400574917
"7382",29.726851955425
"7383",92.7158885284927
"7384",47.4243563298892
"7385",32.0221459915187
"7386",24.8925124517087
"7387",26.5393233775302
"7388",50.4849860621937
"7389",46.6759426542212
"7390",64.7196638521654
"7391",44.9080015710951
"7392",114.915778887515
"7393",29.1550705801144
"7394",44.5277067014954
"7395",41.2430265691116
"7396",77.6031943500068
"7397",37.612835309607
"7398",28.7436477073701
"7399",73.1108936034694
"7400",28.8264578501439
"7401",86.9971623787077
"7402",21.46369627056
"7403",56.5863130379023
"7404",51.8022915755203
"7405",16.5633192730265
"7406",91.3855393141302
"7407",37.0362089909223
"7408",29.4692890337665
"7409",32.7457812662608
"7410",52.4733922991706
"7411",22.8397948175435
"7412",101.102732963339
"7413",47.3557725295185
"7414",63.0520755506497
"7415",48.6076782611041
"7416",25.3577529723142
"7417",24.2225513004021
"7418",42.2374886256501
"7419",28.1611955968418
"7420",104.977714096518
"7421",62.2908355601068
"7422",48.6135397794482
"7423",59.8379456692992
"7424",112.788441773546
"7425",52.7702407383093
"7426",53.6949732451463
"7427",35.4187790478698
"7428",24.0075385438465
"7429",24.214575713089
"7430",16.1854264173104
"7431",21.6796012798318
"7432",54.9803281117708
"7433",33.1230064583014
"7434",34.8000318847177
"7435",23.6743565550338
"7436",46.0573289572237
"7437",63.379039066047
"7438",59.223204551313
"7439",24.6421334896173
"7440",44.5548427408106
"7441",21.0689211213423
"7442",56.7477172520892
"7443",17.8717162715334
"7444",12.842086309024
"7445",96.7281626908496
"7446",22.6604988541634
"7447",26.1726325046524
"7448",21.4444120971042
"7449",72.2318574913939
"7450",27.0989411232164
"7451",37.1959108074438
"7452",29.4695719465936
"7453",37.1977187711958
"7454",42.6870841677683
"7455",56.983857929675
"7456",22.0205689257532
"7457",53.7529707360569
"7458",48.7158040676847
"7459",35.4183992625987
"7460",64.12619967925
"7461",44.236236459419
"7462",44.6871950285512
"7463",25.7290305979248
"7464",31.3317228022153
"7465",14.8834943520848
"7466",54.4198530776183
"7467",21.372209685149
"7468",34.5960131848962
"7469",29.0617070751219
"7470",48.1438837537692
"7471",26.0795062285653
"7472",55.7331755452529
"7473",37.3900449277232
"7474",65.2062514475584
"7475",46.7866579367323
"7476",28.362841423807
"7477",24.2483155079054
"7478",11.6948506355173
"7479",19.7902763042295
"7480",23.2338343373522
"7481",89.9629351044675
"7482",25.775899071028
"7483",43.9397854665989
"7484",45.9093538030492
"7485",33.0055659925909
"7486",69.3107840296164
"7487",29.0049131077467
"7488",76.7835249148776
"7489",45.3885088561628
"7490",92.3916973364814
"7491",51.2689319845558
"7492",21.374220607037
"7493",11.4761501638732
"7494",38.8935531346429
"7495",66.3230355911631
"7496",36.9999545698992
"7497",13.3647718740327
"7498",14.0380231172898
"7499",32.0730319655029
"7500",31.2841936715252
"7501",54.0711329001116
"7502",30.6610487580363
"7503",47.8535200763717
"7504",32.5862599689049
"7505",78.020425553884
"7506",34.9643576144
"7507",19.105428132871
"7508",34.7037657965786
"7509",30.4004227086622
"7510",130.708103670548
"7511",30.4903396158266
"7512",101.986955696228
"7513",83.9911530987067
"7514",79.0494556776129
"7515",13.6728703828788
"7516",45.0375488835286
"7517",32.0666211652549
"7518",14.1661986189488
"7519",35.7124348559056
"7520",36.5873928849892
"7521",45.5401507331877
"7522",38.7633498233138
"7523",25.5783592783417
"7524",39.0625560239189
"7525",34.9054270824837
"7526",16.439752313155
"7527",21.3288773702459
"7528",46.0201151511103
"7529",32.4428355836235
"7530",97.648121428712
"7531",18.9987284672028
"7532",41.4795573490651
"7533",48.4053803857092
"7534",11.0177534970558
"7535",24.7054450506392
"7536",34.7527750072119
"7537",71.3337145162085
"7538",47.7982149503584
"7539",103.958256903304
"7540",69.710160956509
"7541",36.2675548189506
"7542",37.0843518883436
"7543",87.2814677536922
"7544",50.0299681126363
"7545",38.7615717463359
"7546",25.3245000375991
"7547",47.3444627086279
"7548",31.0994651313305
"7549",15.4018906168603
"7550",30.1642525447761
"7551",25.5408344417432
"7552",63.2097159331245
"7553",61.6136050634822
"7554",13.4607245830118
"7555",21.2937183577891
"7556",35.3863021879111
"7557",15.7978865939435
"7558",82.6673069292161
"7559",34.521458535809
"7560",39.8877553968216
"7561",29.8397147986611
"7562",34.9785768846305
"7563",79.7997922892024
"7564",111.282416280498
"7565",50.7985203624498
"7566",131.205528399523
"7567",70.3756519502216
"7568",46.6559746911383
"7569",61.5127312973695
"7570",69.1090500966358
"7571",56.3717183256869
"7572",64.6859290522831
"7573",79.0422470879922
"7574",13.696301664547
"7575",22.9145688157706
"7576",14.8711034147252
"7577",40.8597774305799
"7578",17.4742172059415
"7579",122.830388868205
"7580",60.4125209738728
"7581",38.5172021316636
"7582",27.6264880640695
"7583",97.0596228999
"7584",104.520766832818
"7585",43.5158773557734
"7586",28.3265957216858
"7587",78.4538498238601
"7588",53.6274068288824
"7589",36.4049739631765
"7590",48.0636042629857
"7591",12.3551291414675
"7592",48.0578576573003
"7593",26.8446180276525
"7594",103.994573842302
"7595",42.8047172648611
"7596",74.3312191313645
"7597",88.6343312610479
"7598",27.3523387254443
"7599",49.7867980207445
"7600",15.6723014129757
"7601",38.0110920813376
"7602",42.5320678416687
"7603",31.4368708570574
"7604",112.692062346708
"7605",49.451465656935
"7606",31.9179752945231
"7607",17.8531939562178
"7608",25.5756073140933
"7609",127.561975375734
"7610",30.0503525970343
"7611",83.0049532271889
"7612",60.2798544753886
"7613",29.237003608604
"7614",45.1650861112623
"7615",28.1139290049833
"7616",50.628889487635
"7617",171.615416562586
"7618",28.1738495900607
"7619",30.3065386863616
"7620",40.3088996942819
"7621",57.5262538634695
"7622",17.2441718229685
"7623",30.8443825546097
"7624",33.2929246033603
"7625",149.541743478024
"7626",12.4663386872148
"7627",21.6208951417543
"7628",27.8555784342082
"7629",84.2153752200294
"7630",30.4983402638247
"7631",75.9936544827163
"7632",40.0613614067937
"7633",22.4028479797117
"7634",49.9758899327911
"7635",26.7405665451809
"7636",14.7786124855948
"7637",42.7855623915277
"7638",35.7652967242595
"7639",48.5297227331534
"7640",20.8735756902651
"7641",67.0297277881398
"7642",16.3227989139316
"7643",20.9300560533879
"7644",30.6858536647695
"7645",22.0812929148798
"7646",48.8478936213462
"7647",14.7429271341758
"7648",29.2733713980107
"7649",52.524332919593
"7650",99.3977252123946
"7651",100.280690286202
"7652",36.9455625222682
"7653",117.928527074405
"7654",30.4502018025223
"7655",24.4010934736241
"7656",58.6148536581299
"7657",13.2964148211076
"7658",27.5598527637465
"7659",87.1370366985776
"7660",96.6214363937366
"7661",80.4245443330644
"7662",66.9170409589326
"7663",124.231779101341
"7664",24.9865710221565
"7665",80.3175906531756
"7666",41.9579814510624
"7667",63.6259340003396
"7668",18.0915368897674
"7669",27.1246897289791
"7670",83.8904585050817
"7671",37.3901007591334
"7672",37.7507962851127
"7673",19.6867412646696
"7674",59.9340383447397
"7675",23.1245145074661
"7676",47.9669082860323
"7677",9.92008846807538
"7678",31.5594096277587
"7679",78.2275704950275
"7680",16.0659112614059
"7681",15.6837244258786
"7682",34.44558863151
"7683",65.7862535772864
"7684",29.7441021335269
"7685",27.5640343704467
"7686",21.5379667407788
"7687",98.0927922097622
"7688",35.3156018487681
"7689",98.1171544760605
"7690",36.8026742222816
"7691",59.57219062635
"7692",95.2325165732828
"7693",40.9804416379114
"7694",27.2967997673381
"7695",13.2264467303044
"7696",9.50704352072436
"7697",41.0237264844625
"7698",67.0683262139761
"7699",16.5182714394122
"7700",37.1347676958548
"7701",60.2383349801066
"7702",20.5795431578327
"7703",17.5342471461745
"7704",68.556579508974
"7705",15.9733062867069
"7706",85.151296547377
"7707",65.5720774534529
"7708",35.9283216760663
"7709",92.8760159448826
"7710",66.7839203984962
"7711",31.87253456614
"7712",22.1882864633957
"7713",29.0529921273821
"7714",35.8578273677757
"7715",60.985992844721
"7716",55.723357715376
"7717",40.1758763745621
"7718",144.617190324515
"7719",22.1684492773646
"7720",30.6024813468798
"7721",53.7578606550365
"7722",36.224897129224
"7723",26.5615194390177
"7724",122.776942629244
"7725",44.71361227541
"7726",44.7435579009526
"7727",26.4908449057304
"7728",33.418279734021
"7729",20.8640656081684
"7730",28.496388709306
"7731",31.1255417683746
"7732",26.6495275834335
"7733",76.4713021536128
"7734",24.7339213336652
"7735",78.36721566067
"7736",42.5790683623539
"7737",111.546204183917
"7738",30.5389742373724
"7739",41.2601096823541
"7740",21.4135029551604
"7741",108.638527635174
"7742",69.9823831511546
"7743",12.2199850736423
"7744",121.569736716181
"7745",26.3281381870101
"7746",23.9003747415946
"7747",35.2124396937237
"7748",99.2231589093769
"7749",39.1635893006008
"7750",38.9380642948544
"7751",30.2328391691684
"7752",35.7222454229643
"7753",47.8851975477344
"7754",10.9886652300255
"7755",41.9467927279599
"7756",70.3167416720247
"7757",49.1333393660785
"7758",68.3366951270922
"7759",53.9929972960543
"7760",41.7161112599731
"7761",24.5923219190435
"7762",18.890711745447
"7763",18.1682724573316
"7764",126.899475318091
"7765",40.5520413517591
"7766",16.1761435083823
"7767",65.1349788366099
"7768",29.1508825597766
"7769",69.3091568877292
"7770",58.5971069301828
"7771",30.7752811251437
"7772",23.3181081969265
"7773",60.5058309621589
"7774",76.3402491899131
"7775",13.4051401333032
"7776",38.2031345821628
"7777",59.0227150128734
"7778",45.1476138345406
"7779",109.114135314779
"7780",20.3980677759592
"7781",99.6445359636416
"7782",25.677635090351
"7783",71.7568047246535
"7784",40.0076955367631
"7785",21.8519559347641
"7786",32.8593258983116
"7787",53.0247807939768
"7788",101.221607518499
"7789",19.1037705536016
"7790",61.0168665100838
"7791",106.058996094705
"7792",52.1519561729285
"7793",67.2576049665548
"7794",56.3333285152991
"7795",19.6249529138665
"7796",61.7623506033545
"7797",133.322476692284
"7798",44.4975628612958
"7799",26.75101010402
"7800",46.5235977781442
"7801",29.6545331856508
"7802",8.73301539519545
"7803",20.8665363534995
"7804",28.2714178692326
"7805",18.6472950860191
"7806",64.5936355727766
"7807",34.5626377518545
"7808",49.8423719982358
"7809",39.9478007473015
"7810",15.2279585152773
"7811",31.7701540092723
"7812",46.1481734628839
"7813",96.1521095190957
"7814",75.714057040452
"7815",24.8838053427911
"7816",19.1234403718043
"7817",32.4311329437973
"7818",35.3175872008698
"7819",81.2185981593843
"7820",77.5326212724217
"7821",51.021785464847
"7822",34.7668143058133
"7823",61.578166254208
"7824",28.0185139464982
"7825",17.5586302635948
"7826",45.6586981182926
"7827",16.688994782837
"7828",103.820124875806
"7829",35.5358633957086
"7830",89.3424491068282
"7831",52.9759707745279
"7832",33.0641412222333
"7833",21.2723759740715
"7834",37.7152084886645
"7835",14.1954135431017
"7836",125.40444366996
"7837",42.0830278243602
"7838",48.0861591368147
"7839",42.4922258567405
"7840",39.2476984229955
"7841",111.336238570738
"7842",60.3491634492466
"7843",64.6917832123212
"7844",57.2170739797117
"7845",79.3363663766122
"7846",23.4005727244498
"7847",35.5628612091221
"7848",26.4589809674203
"7849",40.2090468878504
"7850",40.8980415618103
"7851",32.9347764389122
"7852",17.6760216161257
"7853",26.1415183248306
"7854",12.1928851914267
"7855",35.5666767262132
"7856",46.2299333185054
"7857",21.0345975105136
"7858",45.1512356082272
"7859",37.6712448149345
"7860",80.562276914103
"7861",61.7763815869261
"7862",102.615718018051
"7863",50.7367458516068
"7864",48.1792013653163
"7865",11.1303130605164
"7866",20.1156023456923
"7867",52.4776223022263
"7868",16.760039577582
"7869",68.7708639336641
"7870",29.2086111178033
"7871",31.5319650281376
"7872",15.7534306634334
"7873",15.1715878890911
"7874",22.3881276894086
"7875",17.3771854158753
"7876",23.9163471143349
"7877",16.5811232917419
"7878",45.5013146678801
"7879",16.2696030955259
"7880",146.470274446841
"7881",58.5201749649012
"7882",132.840729765262
"7883",44.7348245196918
"7884",20.1349792388232
"7885",40.7018266875603
"7886",44.5496868159813
"7887",83.476827184577
"7888",48.0316717893906
"7889",31.4266656486469
"7890",37.7099154194435
"7891",26.344889249154
"7892",102.985693688962
"7893",25.6110471179563
"7894",69.2990808295416
"7895",63.0420001370504
"7896",11.9450444778105
"7897",35.5709660582715
"7898",101.161980362764
"7899",85.1508653239016
"7900",32.9232427730699
"7901",27.2970046446046
"7902",33.626337989733
"7903",69.2031415071024
"7904",28.9394325817172
"7905",82.8760026884423
"7906",46.6971667843662
"7907",38.2629118921965
"7908",58.1167687233349
"7909",84.5193653271045
"7910",45.0320150966909
"7911",41.778424488299
"7912",49.1861146727996
"7913",32.3587777340085
"7914",64.4491478806694
"7915",120.201959757491
"7916",63.3267351983323
"7917",31.416959943554
"7918",63.3808760847736
"7919",23.9667453354139
"7920",108.04122897429
"7921",76.5302913182585
"7922",57.2475909776625
"7923",73.5978691609173
"7924",48.8955444533591
"7925",15.4266269827519
"7926",48.7672442968185
"7927",29.3233220697399
"7928",46.316976142605
"7929",49.1940296633389
"7930",29.1713268049192
"7931",23.5343825053312
"7932",39.3319265454967
"7933",65.6196149835666
"7934",32.1857408045907
"7935",18.4861284426524
"7936",37.4155637419918
"7937",66.2299014364796
"7938",19.0106357437123
"7939",39.8901511102968
"7940",50.250937208068
"7941",91.1545995037373
"7942",39.7769121459619
"7943",12.7193523688237
"7944",25.9593458851304
"7945",20.7867466710832
"7946",65.5050559489952
"7947",32.70810069765
"7948",37.8937299044909
"7949",13.5846737290487
"7950",48.8726662338485
"7951",15.975782987043
"7952",58.6982458619028
"7953",43.6997579487726
"7954",25.8911372580472
"7955",28.8246450000251
"7956",45.823811874153
"7957",88.0830037260989
"7958",21.4201442794295
"7959",40.9580210409972
"7960",25.4794738032871
"7961",40.6007389706125
"7962",13.6070780178829
"7963",27.499075914816
"7964",36.539867476262
"7965",39.5328146706637
"7966",27.1275978512355
"7967",11.0356720620814
"7968",67.4826304746754
"7969",33.3181283434302
"7970",60.2349127373514
"7971",26.1025388590697
"7972",50.7443562339226
"7973",20.0703316448125
"7974",37.2184085498149
"7975",19.5349129581931
"7976",30.4206740789242
"7977",32.2641391134786
"7978",38.1823201607261
"7979",68.3508371345388
"7980",42.6660927557721
"7981",7.7302759110859
"7982",58.3415482858808
"7983",20.0107188525352
"7984",47.0818435188084
"7985",25.4477932989633
"7986",30.2796185111887
"7987",16.2826864769499
"7988",46.383803618859
"7989",41.9189804533306
"7990",41.6939068054563
"7991",54.9345341193507
"7992",119.909942346697
"7993",37.0992950459018
"7994",36.7216805661728
"7995",33.4886666482039
"7996",55.6056588134325
"7997",51.1967390486982
"7998",52.1073941500281
"7999",69.2319805277172
"8000",94.8053321604168
"8001",13.6695356381831
"8002",29.6318923305242
"8003",123.943478868711
"8004",32.0620055040601
"8005",11.5535532474089
"8006",99.2085791922894
"8007",24.9045056518179
"8008",8.65939156104242
"8009",33.6276073579278
"8010",135.528794668011
"8011",30.127559483942
"8012",18.7880379212672
"8013",45.6715306250238
"8014",44.7645074702181
"8015",74.3073349845536
"8016",47.6492486353746
"8017",44.6544581080637
"8018",57.3081208526764
"8019",17.7103636492655
"8020",31.0265794503255
"8021",14.7413555971731
"8022",13.0522196809463
"8023",42.7728163654819
"8024",24.0713393871846
"8025",72.6923212656876
"8026",24.4876825491351
"8027",31.0083285292543
"8028",16.9077444966114
"8029",16.1699426447054
"8030",34.2635696810635
"8031",109.20074593662
"8032",11.9470193347683
"8033",42.1519614117412
"8034",104.227711370973
"8035",38.523671192353
"8036",49.7758360007379
"8037",49.6519529168075
"8038",18.5990213392014
"8039",76.5123807045709
"8040",47.4864556014179
"8041",25.3827953621161
"8042",19.7103545473345
"8043",26.5335841051667
"8044",26.043322998022
"8045",66.635201048334
"8046",41.6239911186477
"8047",24.8859418588327
"8048",20.3830062384364
"8049",59.6247641369166
"8050",30.1486478107707
"8051",66.5067388056678
"8052",47.3515357417904
"8053",24.7385857749948
"8054",72.5157848456245
"8055",69.2356654143021
"8056",34.3008146632893
"8057",56.2385400180703
"8058",78.5826656530867
"8059",185.498845863868
"8060",113.550799469252
"8061",62.0916452578573
"8062",31.0568176292195
"8063",45.7354472973881
"8064",22.8369991215035
"8065",16.9322772117455
"8066",57.9422373062796
"8067",60.930239619592
"8068",25.1133737508455
"8069",64.0916659184681
"8070",20.734173320379
"8071",85.7677101348307
"8072",23.7815038226372
"8073",41.7015421465902
"8074",82.9233774846575
"8075",21.6256293614407
"8076",21.6921640270936
"8077",29.8168699528051
"8078",12.9157868580314
"8079",36.7972576550998
"8080",62.3575541600662
"8081",57.4286373058857
"8082",20.0874097037907
"8083",38.5065803226318
"8084",52.2120978248295
"8085",26.6246354052658
"8086",16.9475894001395
"8087",69.7343879610961
"8088",44.7386430639433
"8089",31.5077027584616
"8090",120.50783696409
"8091",30.6667556199165
"8092",16.0104178509271
"8093",54.7544444486642
"8094",86.1256746628696
"8095",41.1187867115231
"8096",25.4707597144945
"8097",36.8647265489887
"8098",36.4065175592012
"8099",23.4780809464553
"8100",111.363831105561
"8101",27.1846471209415
"8102",32.3532499010157
"8103",21.2392649959553
"8104",28.0259396756993
"8105",47.8175939437848
"8106",36.288817246951
"8107",23.4113164398266
"8108",24.1954940157039
"8109",20.8166602113674
"8110",53.1226045792634
"8111",53.4843121790966
"8112",49.0087974473848
"8113",48.6965637189615
"8114",29.8544226804775
"8115",27.8588168772436
"8116",74.8513261671939
"8117",43.0520356379562
"8118",8.57320223566384
"8119",16.4874019194092
"8120",48.3867755181337
"8121",46.1438956361837
"8122",35.3278649750433
"8123",92.6758181070073
"8124",87.9309970548889
"8125",47.5650590900761
"8126",64.3593560345219
"8127",13.6082114791015
"8128",34.1937801395834
"8129",30.1827620683423
"8130",53.6788932603401
"8131",66.7578144999912
"8132",28.331566451357
"8133",26.0483295351208
"8134",30.1965969975828
"8135",73.041330582192
"8136",32.5728369011262
"8137",24.1829683908753
"8138",50.3898548696701
"8139",40.1710153101747
"8140",76.9104492766343
"8141",40.2672068307389
"8142",58.5840694743261
"8143",43.1933487913515
"8144",87.0808246621858
"8145",55.7832392573015
"8146",22.8050593348391
"8147",55.3883472158059
"8148",34.4254114278362
"8149",111.514259121043
"8150",78.7020231911401
"8151",112.719242553333
"8152",27.5847550489921
"8153",89.1075692648841
"8154",23.341995014297
"8155",35.7240297213203
"8156",46.1036603181136
"8157",62.8372989223644
"8158",45.4684794713921
"8159",36.607378509253
"8160",37.8460616526558
"8161",35.3130532599279
"8162",49.8018445679656
"8163",19.6324397147031
"8164",94.8486854674807
"8165",41.0025289679295
"8166",37.8830765671339
"8167",42.1723217064311
"8168",48.7130863181112
"8169",35.3663311644422
"8170",30.8665469731126
"8171",31.8171418647813
"8172",51.4279138485111
"8173",17.9393791040513
"8174",21.1022579462185
"8175",34.8959204219939
"8176",35.9582030702301
"8177",88.7673286224258
"8178",25.7974078214925
"8179",28.1518019981322
"8180",45.1310387212638
"8181",57.6187756187789
"8182",64.3159601298141
"8183",74.8328785143102
"8184",36.8085839825774
"8185",14.0252647547378
"8186",44.0447769128848
"8187",31.8645527423099
"8188",32.7840109164393
"8189",50.6171165401746
"8190",71.784400372459
"8191",39.9890537868843
"8192",53.8888887184596
"8193",25.8908525481767
"8194",26.3701404756934
"8195",31.7967156487217
"8196",38.7058195435301
"8197",13.3944588407311
"8198",17.1667440937431
"8199",41.9126953551231
"8200",33.0583295357836
"8201",121.038343276515
"8202",27.7423432259871
"8203",42.2768280666846
"8204",38.3995900525873
"8205",39.2250270591688
"8206",66.7419352719715
"8207",153.541142891351
"8208",87.5388536707235
"8209",115.097255384128
"8210",80.6133840333117
"8211",27.2165161471851
"8212",35.8861641396728
"8213",88.8988012795605
"8214",51.6855844378552
"8215",48.1977206052153
"8216",32.2325668558435
"8217",18.5002922313325
"8218",78.5688667980623
"8219",37.7529746373181
"8220",6.74165700008476
"8221",62.5414541195114
"8222",38.0917524396961
"8223",12.4664575909768
"8224",136.343456142915
"8225",38.8973093930931
"8226",30.5419605109578
"8227",95.5402183595036
"8228",43.9893378627029
"8229",128.449448384983
"8230",35.9392527556944
"8231",23.9750925634117
"8232",63.6018796746854
"8233",34.6305049550241
"8234",22.4533997513871
"8235",35.5057257996236
"8236",20.0166296289304
"8237",25.8489419635326
"8238",21.6455464848161
"8239",33.8189138475563
"8240",30.4525142553806
"8241",41.5376119006138
"8242",130.296693317453
"8243",43.1602203994327
"8244",37.1866928837149
"8245",41.2754096101309
"8246",16.1925552850342
"8247",14.3413401226459
"8248",118.591668397167
"8249",88.5238309902023
"8250",27.9042332855742
"8251",29.3869805362057
"8252",62.458348171074
"8253",47.2686619885073
"8254",99.6874509034526
"8255",21.8096966243325
"8256",18.1168438859908
"8257",64.4516356211254
"8258",156.995032093258
"8259",36.7399281796664
"8260",23.2718810570533
"8261",77.5987412873704
"8262",134.904752110215
"8263",12.7626448692459
"8264",51.497345490147
"8265",34.9585357081252
"8266",28.8947196604088
"8267",45.8413126453743
"8268",59.1504715115728
"8269",34.1952539679649
"8270",68.8467912967
"8271",20.3978790953713
"8272",62.2502210355596
"8273",19.179130632428
"8274",91.2975895112772
"8275",26.9490052085586
"8276",21.1811062430263
"8277",58.641635537396
"8278",34.3560554602912
"8279",45.9541398807653
"8280",43.7496969998939
"8281",38.675928594583
"8282",55.9204874627328
"8283",55.9555248526315
"8284",34.1150391426453
"8285",72.8347900709864
"8286",26.2434984459392
"8287",119.445174220423
"8288",28.9097820240618
"8289",50.1468490724212
"8290",29.3157890295108
"8291",22.0560045964269
"8292",42.0264469856058
"8293",72.3839459832968
"8294",29.458932663595
"8295",68.085014493948
"8296",42.8819353277326
"8297",21.7312230752567
"8298",22.446118043228
"8299",36.2489833912581
"8300",48.4153981986207
"8301",82.6112357747418
"8302",50.8217968434633
"8303",66.2360412503744
"8304",55.3643828532121
"8305",27.770932090486
"8306",19.2254134876572
"8307",101.466371675816
"8308",51.4569453078075
"8309",14.5860550984533
"8310",51.6457238910644
"8311",69.0750585588165
"8312",22.8297206592118
"8313",66.6707310734246
"8314",55.5070411363156
"8315",19.6954834149364
"8316",23.3006310966225
"8317",53.1242267286329
"8318",43.3426796663129
"8319",21.4321532185559
"8320",26.7133400547612
"8321",106.072631206097
"8322",49.9112760399528
"8323",52.3269024160924
"8324",60.1373828027465
"8325",82.4628611129519
"8326",42.2684869869091
"8327",61.8765028261527
"8328",115.371718193665
"8329",25.5715165824939
"8330",45.524768588678
"8331",12.4763548364444
"8332",58.6384485588405
"8333",64.0489166433569
"8334",47.4962061738175
"8335",25.7714895897641
"8336",78.1768690232791
"8337",58.934273178738
"8338",39.9745263397554
"8339",50.2463539246668
"8340",46.1554297954723
"8341",85.431574652349
"8342",14.0668400362282
"8343",25.3434764136491
"8344",90.4073341499412
"8345",37.1951072142005
"8346",44.4983437368003
"8347",56.5222325789171
"8348",32.2026183476145
"8349",12.8954349534091
"8350",61.1913040509563
"8351",29.4252981206886
"8352",52.4001578511163
"8353",62.9021099352593
"8354",36.2865531781228
"8355",43.5375105584726
"8356",60.7182453033497
"8357",72.263371350297
"8358",17.5827083043291
"8359",25.6338864410718
"8360",21.0793134497147
"8361",31.5426579321856
"8362",20.775266688536
"8363",41.7819245578192
"8364",40.4007280288514
"8365",23.2203118030923
"8366",40.6673944923432
"8367",31.0722744526328
"8368",26.7488758974017
"8369",28.2979296250997
"8370",100.936222072066
"8371",14.9261721630984
"8372",73.8901680503956
"8373",67.9705839885864
"8374",31.0595513741067
"8375",51.3761835500303
"8376",32.7436532806657
"8377",27.6255411132427
"8378",26.9119165832839
"8379",18.0649907985429
"8380",58.1032874754397
"8381",13.5707969963419
"8382",80.0643746605596
"8383",37.6498454688678
"8384",15.8262573561127
"8385",68.2992978933654
"8386",62.7732907410692
"8387",45.2420877011382
"8388",89.86660862199
"8389",41.5763458142049
"8390",30.3831778339067
"8391",30.6047526493782
"8392",21.77858597939
"8393",54.6150311960353
"8394",46.8997670670706
"8395",30.1888756032853
"8396",13.1206204549776
"8397",44.1722783174916
"8398",23.2298352636064
"8399",20.9178337189515
"8400",24.2782209368447
"8401",23.6129329877846
"8402",21.8021646827638
"8403",54.0695940842336
"8404",31.3825761858453
"8405",12.616820156378
"8406",21.9924092743749
"8407",21.7744673588788
"8408",17.579443656267
"8409",63.235615874905
"8410",19.0636318838394
"8411",23.4601115185195
"8412",14.7551727846688
"8413",68.9211971966428
"8414",30.9125207153785
"8415",24.1144279554587
"8416",6.26830099101816
"8417",14.8368083279928
"8418",63.914660910788
"8419",33.3053826436423
"8420",21.0297710799947
"8421",58.0154508699227
"8422",26.480790527654
"8423",43.1534292509905
"8424",29.4038675436744
"8425",93.7806908686505
"8426",30.8099612488772
"8427",34.4876446247687
"8428",77.5796812197312
"8429",37.6504125980904
"8430",47.7001145130654
"8431",82.0245056785483
"8432",42.6854126205547
"8433",23.8632214272694
"8434",24.3938553909356
"8435",33.3449849092473
"8436",51.4477299411707
"8437",70.0536637593361
"8438",55.225348530168
"8439",41.2980461431943
"8440",44.1633503216252
"8441",32.7810259328019
"8442",64.5911375022927
"8443",62.7861136683623
"8444",137.891071781818
"8445",31.691373208169
"8446",44.0625276573803
"8447",52.4522271996964
"8448",43.8042702245999
"8449",32.1505647047414
"8450",54.3899068522336
"8451",81.9110509688181
"8452",17.5296904567773
"8453",14.7720020696532
"8454",13.0674130476566
"8455",112.529323213676
"8456",76.7552551614328
"8457",34.0132402245109
"8458",27.5698755000682
"8459",55.6676297920985
"8460",106.69170412449
"8461",10.4025770337611
"8462",28.2423822286509
"8463",30.7083768000445
"8464",24.4036730352091
"8465",25.7222976568211
"8466",45.8994750600674
"8467",39.0219361873713
"8468",38.1709397494543
"8469",62.8893202681085
"8470",72.3007715585543
"8471",40.5069922420219
"8472",18.29726232633
"8473",20.7334333310805
"8474",48.3532082254664
"8475",61.6002161551778
"8476",20.9317326262105
"8477",30.6625298142375
"8478",22.1959805671969
"8479",33.4214960618732
"8480",42.17466655474
"8481",36.2914752050569
"8482",79.9044770839127
"8483",81.9616675024098
"8484",41.8104609281819
"8485",20.0750295074222
"8486",62.1162828844761
"8487",73.2325579250841
"8488",49.3004020262097
"8489",19.47434479171
"8490",82.2489245625213
"8491",74.6817940057018
"8492",69.5885962321753
"8493",41.7868498048848
"8494",44.1318361350522
"8495",50.1514103676335
"8496",65.3869616637778
"8497",41.9884713593924
"8498",57.8500108058762
"8499",47.2118806126778
"8500",43.7404549126523
"8501",50.7296067696233
"8502",44.1863959209782
"8503",40.40816746279
"8504",22.6327865717442
"8505",32.1245705632729
"8506",22.0122360933369
"8507",14.7064842577848
"8508",87.3388507051688
"8509",31.8315641859399
"8510",14.6438508722021
"8511",40.3553139458153
"8512",45.1149591713725
"8513",70.8619541455559
"8514",14.7201464433874
"8515",19.8071605632181
"8516",82.023338131611
"8517",53.5936297356829
"8518",14.644445322859
"8519",16.0552054450643
"8520",46.1129251283867
"8521",87.0919906315888
"8522",39.0443242963983
"8523",52.2569652384093
"8524",63.2003594928449
"8525",63.0157437606098
"8526",29.9751414451753
"8527",13.8288437406241
"8528",105.447534329388
"8529",15.1326173038534
"8530",15.2766635850667
"8531",16.862661498732
"8532",78.3186335800255
"8533",81.3200304617889
"8534",85.2527021993621
"8535",42.6186029839468
"8536",51.7932467541556
"8537",48.8545902108231
"8538",37.7575301411727
"8539",13.9346096171297
"8540",15.6997312006347
"8541",30.5972972977329
"8542",110.311456622885
"8543",17.2485076475506
"8544",47.6236947240209
"8545",53.1814945617115
"8546",40.3344452378247
"8547",21.7848056227363
"8548",16.24541155707
"8549",50.3659855240947
"8550",57.04007391092
"8551",45.1679760795055
"8552",90.6628392355044
"8553",73.6757754503353
"8554",38.9596527770744
"8555",83.831213413067
"8556",25.1297015845913
"8557",11.2472995790629
"8558",45.0983801116919
"8559",36.1513087274858
"8560",40.3664252401011
"8561",23.679904848646
"8562",84.5120991886125
"8563",29.6848008095175
"8564",45.9492709399433
"8565",82.8671466107437
"8566",67.1535498700337
"8567",22.4134104278501
"8568",26.7427895388833
"8569",34.6537342277429
"8570",34.6086808510565
"8571",49.623393489814
"8572",41.0195146947788
"8573",11.2766380167579
"8574",48.0264817055035
"8575",18.3656458624227
"8576",42.813330049362
"8577",21.6077640031205
"8578",95.4742545604465
"8579",56.7262577468089
"8580",41.1910606111476
"8581",29.8751080079463
"8582",75.817201431211
"8583",57.3913660809452
"8584",14.6760171751739
"8585",94.0095671359075
"8586",34.1234913133883
"8587",40.9338444333215
"8588",46.5968956711948
"8589",98.0258083790918
"8590",25.1557316133576
"8591",44.0971476134131
"8592",28.6762159723736
"8593",45.2857496520094
"8594",13.7600547689821
"8595",58.8061602512164
"8596",50.2081885608768
"8597",14.1512187812471
"8598",34.2136797939327
"8599",111.272364794149
"8600",27.516733501984
"8601",54.2018968989467
"8602",67.3565809828795
"8603",41.4197983453036
"8604",34.9899738196419
"8605",132.401572493307
"8606",17.1037409291055
"8607",106.065167009636
"8608",19.7628297569043
"8609",36.640401822768
"8610",25.7083173671729
"8611",49.4879104703276
"8612",73.0231636384774
"8613",61.1841628373796
"8614",61.6805747825489
"8615",55.6809949774792
"8616",23.9170959437351
"8617",32.8683207325926
"8618",64.9865550261076
"8619",17.6456049276324
"8620",20.7443368770129
"8621",23.7801355385321
"8622",51.195363900774
"8623",43.0608876779053
"8624",22.6783228988968
"8625",20.5975633454817
"8626",78.9270560474603
"8627",44.3286837504977
"8628",40.738022553597
"8629",94.7432529669478
"8630",89.6471022153773
"8631",22.2035707674929
"8632",49.1732322803594
"8633",54.1039631965232
"8634",93.8223770862843
"8635",35.8553731506675
"8636",66.1216685367029
"8637",52.7072302302716
"8638",100.994016794761
"8639",39.8881198879212
"8640",33.5575776987533
"8641",18.6909872643623
"8642",21.1430670746784
"8643",28.5436520217092
"8644",130.831327368651
"8645",34.4875005698567
"8646",29.9889950757732
"8647",56.5650107164875
"8648",45.9062438997359
"8649",52.33014336756
"8650",45.7369045727431
"8651",75.5476856481246
"8652",48.9614034522983
"8653",112.473096246426
"8654",48.0577403316519
"8655",44.8351946147204
"8656",28.0008979056346
"8657",24.6902991231957
"8658",32.0153982534355
"8659",29.9916467914337
"8660",17.5740853888672
"8661",19.5089206651491
"8662",16.1161051841002
"8663",32.3682511494903
"8664",50.4936440721848
"8665",25.403167236262
"8666",48.5136444590011
"8667",20.0771241735713
"8668",27.0091234910754
"8669",25.1748064063767
"8670",73.27161633174
"8671",38.8148249200441
"8672",73.568058911431
"8673",22.4567157445911
"8674",30.9957424144024
"8675",73.1322619030194
"8676",31.7214425161568
"8677",78.3728706543549
"8678",32.209132445494
"8679",17.8511364177081
"8680",40.9680852545113
"8681",33.9263945319449
"8682",62.2483378489802
"8683",114.091083734525
"8684",35.8770149921351
"8685",33.3103732057567
"8686",26.3631561274777
"8687",52.2984200661483
"8688",13.7936044360383
"8689",36.6836324524599
"8690",12.8492110981498
"8691",34.1802644175338
"8692",33.7074424582004
"8693",60.4061563237184
"8694",25.1138006108275
"8695",28.5640826824631
"8696",53.7177914642959
"8697",30.2884112223194
"8698",61.7844488421001
"8699",20.7933211140325
"8700",43.3742433356784
"8701",62.5050987152671
"8702",30.7960925201078
"8703",35.2704043818937
"8704",51.29068216991
"8705",52.5920354060299
"8706",48.6183421860089
"8707",20.2185759713031
"8708",35.8888157725925
"8709",28.6857407867415
"8710",60.1453641318459
"8711",48.0396570448464
"8712",69.6546538975096
"8713",52.6823862273061
"8714",40.1034367541808
"8715",35.9685152009927
"8716",36.245339340648
"8717",29.1556691848013
"8718",26.6772506158201
"8719",43.335764354584
"8720",59.2270959136043
"8721",85.3553810955829
"8722",66.2041603704534
"8723",17.7676752667802
"8724",57.2987983584176
"8725",23.1128234663248
"8726",31.9371937104317
"8727",44.0969749896502
"8728",15.5129433726425
"8729",50.5808988544294
"8730",33.6673202203461
"8731",42.016950507172
"8732",19.5845658674768
"8733",37.8824560791742
"8734",21.6463708054611
"8735",53.1024397140899
"8736",13.8448229054309
"8737",35.6896613595114
"8738",38.2435709828215
"8739",43.4587405111105
"8740",84.0615003407983
"8741",30.1859536751444
"8742",44.4038219055596
"8743",50.6642724659481
"8744",39.0115744562379
"8745",52.4384724045902
"8746",33.1389643708382
"8747",29.0363808969203
"8748",46.2219440551489
"8749",84.2966045260335
"8750",32.3763895006
"8751",29.1571176429081
"8752",26.9197816630706
"8753",25.0257298540963
"8754",14.1336907703301
"8755",11.0101321872862
"8756",49.6248896631543
"8757",62.0137254645774
"8758",33.738121780244
"8759",76.6146860825108
"8760",9.67470424603579
"8761",64.7224920112823
"8762",14.2599664418076
"8763",48.1570014523967
"8764",35.1033661084171
"8765",24.441451338367
"8766",71.955710665176
"8767",30.6748987365014
"8768",132.679449347021
"8769",58.6679803728984
"8770",52.595622148572
"8771",40.7735552926521
"8772",15.5869883617201
"8773",42.9680453431834
"8774",28.379193467464
"8775",30.1009671852947
"8776",50.4218081875208
"8777",46.6839652791198
"8778",20.6865306053133
"8779",33.3414860762153
"8780",84.9600318775304
"8781",9.14999129939281
"8782",75.8126163488085
"8783",19.2717294344765
"8784",58.8261488471536
"8785",49.141780923716
"8786",54.7548407638967
"8787",57.4772370649523
"8788",73.3292711107698
"8789",47.8233592776241
"8790",25.3660756633217
"8791",34.8619148534692
"8792",84.3206059675194
"8793",20.7695803786692
"8794",14.9908103830904
"8795",17.0702465152606
"8796",37.8901478225856
"8797",13.4499543995988
"8798",38.9144054601779
"8799",106.57046849395
"8800",28.184511159023
"8801",34.1005646367531
"8802",35.7882646297618
"8803",70.9368872548386
"8804",70.8026288877294
"8805",23.5585849278974
"8806",33.7198049278391
"8807",48.481266200708
"8808",46.3868372622299
"8809",33.846504191625
"8810",13.4515556291437
"8811",53.1412159692912
"8812",53.7809919067974
"8813",31.9109519029461
"8814",17.3409806052811
"8815",82.2889845460131
"8816",15.9196329025759
"8817",63.6311156418711
"8818",69.8463358289789
"8819",18.6849140534649
"8820",155.145341377772
"8821",12.7994638457716
"8822",23.6613249205573
"8823",24.3273589214794
"8824",36.451202938589
"8825",16.05546661139
"8826",74.0641843622223
"8827",21.3418251129244
"8828",69.4276270578414
"8829",94.2039370250402
"8830",126.958749063117
"8831",21.2597997233763
"8832",37.3332508105691
"8833",55.0385972821454
"8834",32.4505547317045
"8835",40.0149209222358
"8836",116.533702863455
"8837",20.9573351458065
"8838",41.7199738364445
"8839",19.2490174454416
"8840",32.9276209476855
"8841",54.7654788115268
"8842",48.5453310773647
"8843",31.0687441704271
"8844",38.5471958251272
"8845",69.2723801257517
"8846",9.41821789250989
"8847",73.8486291898386
"8848",24.5172035217006
"8849",70.0706808429548
"8850",33.2992012369606
"8851",37.7320648676321
"8852",48.8760107307644
"8853",40.7402182138455
"8854",117.531071617477
"8855",45.1624299944618
"8856",27.8107526355032
"8857",67.7747697726123
"8858",97.9127252522431
"8859",43.9278932340988
"8860",34.9111203873696
"8861",28.8825849667398
"8862",26.4040475156838
"8863",37.2014619077365
"8864",24.1203434549149
"8865",35.0108497294985
"8866",14.1721076238545
"8867",53.5535524616299
"8868",30.9177303767922
"8869",26.3003558233765
"8870",37.7827150117552
"8871",53.926940611565
"8872",48.4649639782159
"8873",9.59101464919404
"8874",35.0764499949249
"8875",19.0242009132184
"8876",8.74550287251132
"8877",8.95699570798038
"8878",60.6447820244249
"8879",23.891459434148
"8880",8.76850208104637
"8881",25.2989400394954
"8882",58.2169897779129
"8883",10.4348618257544
"8884",59.6827746445692
"8885",21.2861989354632
"8886",13.6393898166125
"8887",47.5892131315513
"8888",18.180058666459
"8889",53.3842145883405
"8890",29.6961616223607
"8891",65.0976020888179
"8892",23.7663091691661
"8893",87.3745458769527
"8894",38.096606927188
"8895",65.8721647208846
"8896",75.1159080022403
"8897",37.4854325557835
"8898",41.2091070255105
"8899",48.2728553578524
"8900",59.7726789012377
"8901",33.0021827641064
"8902",26.5939289427812
"8903",31.5350182800158
"8904",27.6912494798389
"8905",21.2065983635404
"8906",29.3249388443309
"8907",60.8800687091794
"8908",32.763108052337
"8909",86.6549879956678
"8910",19.3055897479392
"8911",41.9155718471804
"8912",20.872845213292
"8913",69.2194255518105
"8914",102.38888404629
"8915",38.9950026474658
"8916",67.5177312206363
"8917",15.4516424816565
"8918",37.892672359028
"8919",22.9680003777931
"8920",29.8730104369161
"8921",12.9620875166273
"8922",49.6460933887501
"8923",22.6498897403649
"8924",20.2665033539016
"8925",27.5204953401681
"8926",132.527098715093
"8927",61.0500154030832
"8928",42.4176214142223
"8929",42.7934705143336
"8930",8.40591770347497
"8931",28.1685718182326
"8932",30.9364605899059
"8933",37.7874345397937
"8934",61.8208347288805
"8935",19.5871586993856
"8936",18.3864047927417
"8937",75.4976842779496
"8938",27.8877924630857
"8939",32.1104972627015
"8940",42.3806923792077
"8941",63.5379353271879
"8942",107.723281107877
"8943",74.6266062075199
"8944",18.9062550455573
"8945",34.687549241251
"8946",62.5675809385841
"8947",29.7672259352525
"8948",77.7190792440169
"8949",217.980831492826
"8950",40.6035246786847
"8951",46.3020668525715
"8952",16.7860249546365
"8953",33.4130694800179
"8954",35.1720738685003
"8955",18.8091256456423
"8956",55.9891204121983
"8957",51.6789295721762
"8958",20.0506814338034
"8959",37.9321948404595
"8960",75.0104688310371
"8961",53.3686442911428
"8962",72.4694268106912
"8963",82.9828878539097
"8964",21.2191370773472
"8965",18.9755871020257
"8966",72.8799966396306
"8967",45.3610248705544
"8968",36.2089945691403
"8969",79.0328158610681
"8970",32.9254118414981
"8971",23.9435298645431
"8972",52.0960051378338
"8973",6.8915227062442
"8974",128.715954325353
"8975",43.3703362467032
"8976",55.4633461237537
"8977",88.132365914438
"8978",28.0296864730017
"8979",54.3759835336524
"8980",26.6475449570853
"8981",20.8000691093344
"8982",16.3953709535777
"8983",30.9194448930815
"8984",53.2521378634643
"8985",63.1951741585107
"8986",37.3458121422797
"8987",75.63075392243
"8988",25.4424068578028
"8989",31.0408233858156
"8990",96.4199852731937
"8991",65.4071802783322
"8992",64.8664964292019
"8993",56.8042760068758
"8994",20.6746687314055
"8995",58.7280813735735
"8996",40.7856477867515
"8997",22.771714618792
"8998",114.386014907069
"8999",45.9337943701647
"9000",37.0537928490413
"9001",54.0603362613447
"9002",57.5440331401329
"9003",40.7215436184486
"9004",32.8439167631526
"9005",39.5587658936856
"9006",35.0760281587791
"9007",83.4263334483705
"9008",94.4125450130368
"9009",28.9960974098113
"9010",118.546778789326
"9011",99.1237947610564
"9012",18.1894426929287
"9013",58.506931572726
"9014",38.7854719198123
"9015",28.1814881785482
"9016",40.6593611237254
"9017",64.8090823543171
"9018",112.429805695075
"9019",13.0878246646817
"9020",46.2492248626245
"9021",36.3857734398813
"9022",11.3313444805093
"9023",69.9361510261288
"9024",32.2406800257246
"9025",39.6621229575876
"9026",11.1080901957274
"9027",13.5654338525125
"9028",63.6815498522555
"9029",18.2452159157388
"9030",38.4922097308395
"9031",25.8626943565885
"9032",108.526982764457
"9033",32.6629254263657
"9034",50.3918283744595
"9035",55.9737352463661
"9036",12.2059074351163
"9037",52.7227230146087
"9038",23.6872159411157
"9039",41.122834456868
"9040",57.0422145876634
"9041",15.540173451453
"9042",30.4647846958052
"9043",13.6293003621743
"9044",38.2557856432265
"9045",9.77560701695546
"9046",28.0127867658629
"9047",21.2576765574829
"9048",13.9372487576943
"9049",14.2775903009283
"9050",60.3878467418278
"9051",42.558465649272
"9052",20.432287839839
"9053",59.6977572354988
"9054",43.4266900516797
"9055",15.8381795720169
"9056",24.2037897170767
"9057",92.8843563201369
"9058",24.698974965844
"9059",22.2715933879306
"9060",20.1072161614376
"9061",26.0749929972604
"9062",39.4264202539967
"9063",26.2218899351352
"9064",22.9487306244861
"9065",39.5083190613567
"9066",39.1689445751944
"9067",36.0036652363089
"9068",32.1783857442641
"9069",13.528351752649
"9070",41.0757733961506
"9071",76.938632719875
"9072",32.7929716661587
"9073",40.3439918715471
"9074",69.1535858197441
"9075",96.106435628418
"9076",69.81419884108
"9077",45.8597016563666
"9078",90.5510202811928
"9079",42.5289547424326
"9080",35.5292143898793
"9081",51.9724260142869
"9082",38.8692977042442
"9083",42.8576252662063
"9084",42.4029650157172
"9085",28.2532746310501
"9086",11.1518796222261
"9087",31.9129344580906
"9088",40.7468530319791
"9089",54.8654023277064
"9090",49.2892171478342
"9091",64.8550200383571
"9092",41.7957089284408
"9093",54.1954144996186
"9094",33.0621701068678
"9095",35.7839461810011
"9096",27.9172693521966
"9097",44.2347409969643
"9098",45.5741779845423
"9099",17.2516564981937
"9100",25.4498138049617
"9101",34.5812167202226
"9102",53.8819929268479
"9103",25.6642260586349
"9104",34.7317761657972
"9105",43.0995669549302
"9106",31.5711465426622
"9107",21.636799287478
"9108",78.0305413240961
"9109",22.5962563413763
"9110",59.8462419834645
"9111",162.938240387804
"9112",45.2030997401132
"9113",15.6622589776982
"9114",27.324115356351
"9115",95.083410765054
"9116",13.0287703290039
"9117",42.9996057854196
"9118",43.8058533503681
"9119",11.1078049901675
"9120",22.4605878809478
"9121",59.2236474166031
"9122",21.3596348731146
"9123",59.005319228662
"9124",53.7036808892606
"9125",70.2404819590227
"9126",24.0820034382412
"9127",88.7560982312186
"9128",37.0805148022898
"9129",163.897009128672
"9130",12.0835570073573
"9131",18.7734052256026
"9132",20.3487868803933
"9133",88.8008876776965
"9134",18.8096622083222
"9135",36.4399101703492
"9136",46.1582936625333
"9137",18.041279076601
"9138",26.1141448185812
"9139",25.707443797875
"9140",63.1228038417821
"9141",42.4913652524811
"9142",17.9119247812212
"9143",47.3398003640774
"9144",20.4806334941427
"9145",34.6784711349559
"9146",29.071304897487
"9147",43.2136553042601
"9148",21.5979445633355
"9149",29.6551107128009
"9150",50.7465462063187
"9151",42.8809973379147
"9152",28.9793803822318
"9153",27.1355403212487
"9154",34.5512163868774
"9155",22.8706529960383
"9156",97.0614886166149
"9157",53.1379688309541
"9158",56.559815723069
"9159",17.7950669419888
"9160",26.7354098471051
"9161",132.047302860892
"9162",54.2797682390703
"9163",66.0882731202967
"9164",120.06885119297
"9165",20.7619911396317
"9166",86.8998071295442
"9167",56.1523798401149
"9168",49.8503403852837
"9169",51.5999486986487
"9170",34.0106198521596
"9171",49.6711366738211
"9172",71.9520065355621
"9173",11.6789535681665
"9174",67.4919656694423
"9175",48.8775671452472
"9176",50.3082249334885
"9177",120.809156018373
"9178",30.0147343913528
"9179",19.1840257083858
"9180",30.1586150478356
"9181",77.9302719787239
"9182",55.8865917933443
"9183",34.4640208780681
"9184",104.179569798843
"9185",40.1799832589709
"9186",31.3175086402743
"9187",82.2299007147887
"9188",31.4764923786126
"9189",112.173585307034
"9190",28.7683504932881
"9191",181.780078341415
"9192",34.6205941095238
"9193",11.5817299746342
"9194",15.7553187479891
"9195",51.1122644318307
"9196",109.225773830772
"9197",37.9759043467445
"9198",43.242916146363
"9199",56.188215800222
"9200",48.8225447473844
"9201",25.8982587146574
"9202",56.4146720539298
"9203",103.66625807861
"9204",37.1420117823558
"9205",39.3714880515393
"9206",36.9404059111457
"9207",75.5178347250462
"9208",19.9248725063883
"9209",45.6629823829455
"9210",43.1868230707789
"9211",17.1402860111265
"9212",28.7633062493984
"9213",12.6606910672903
"9214",51.4105811810297
"9215",61.0161165620126
"9216",42.0340312965101
"9217",55.7859982985636
"9218",32.6301399225644
"9219",65.0416061631734
"9220",62.8890473865298
"9221",63.9039383967497
"9222",67.746692548916
"9223",31.9952980140659
"9224",110.105175562417
"9225",26.5255834999559
"9226",19.7343276943379
"9227",37.3518489378891
"9228",25.2612323501529
"9229",21.0878167601445
"9230",33.7189324894906
"9231",22.3390195338192
"9232",51.2357358033154
"9233",17.4933275384552
"9234",20.5027509124465
"9235",24.4533567098346
"9236",33.9935654900552
"9237",11.8535422972523
"9238",78.2376443251732
"9239",17.0251220034126
"9240",40.0940972398505
"9241",45.7955097615493
"9242",45.775667149719
"9243",33.7194646961458
"9244",54.3473861077669
"9245",56.8309921510075
"9246",46.9120330934489
"9247",115.215094999653
"9248",58.4345649450128
"9249",94.1547691116859
"9250",78.8744559448067
"9251",58.9782804082987
"9252",74.5157538389767
"9253",35.0051402856095
"9254",43.2423945186987
"9255",47.0724295413396
"9256",25.2322505458185
"9257",68.7406473132299
"9258",35.9353591952981
"9259",33.2183465855466
"9260",105.147755577909
"9261",17.632019401359
"9262",14.2251322204067
"9263",59.4655627349986
"9264",32.5055735403242
"9265",59.0823504998939
"9266",13.563182153213
"9267",88.1898085203053
"9268",57.9278929030056
"9269",57.6635011272766
"9270",52.4799476544375
"9271",28.7042095661219
"9272",53.1236454197279
"9273",68.8910168509684
"9274",31.3956650031211
"9275",45.3887427682604
"9276",28.4520777270709
"9277",10.1712327842006
"9278",22.1681004648194
"9279",93.4341172401167
"9280",62.4424081775449
"9281",21.3837158520221
"9282",64.005100188601
"9283",40.1571566597477
"9284",58.4705219202771
"9285",16.5410081471993
"9286",32.7636789397145
"9287",34.8167169569026
"9288",67.7709177907658
"9289",34.6622926979769
"9290",40.1903769891552
"9291",14.7081778454299
"9292",20.256575481908
"9293",49.6443522584626
"9294",73.418439135228
"9295",62.5051011455705
"9296",23.6323006984891
"9297",43.692298880728
"9298",51.8167197108412
"9299",20.1026658733299
"9300",29.7085898692854
"9301",42.6770646700629
"9302",28.3773457670219
"9303",62.6393216725207
"9304",31.8288939033572
"9305",24.8512019361362
"9306",52.9474588732642
"9307",108.832485238647
"9308",22.559022781554
"9309",82.3915831921178
"9310",62.895748961163
"9311",18.8341141209522
"9312",32.5545383508162
"9313",77.3360211524644
"9314",19.0531212792059
"9315",127.239933454733
"9316",35.6399616365292
"9317",37.6363792837162
"9318",47.3614332679836
"9319",51.3735370841363
"9320",79.7641467978931
"9321",38.6497602590179
"9322",147.851042510563
"9323",10.3013180141246
"9324",21.7736654715421
"9325",50.5417334273761
"9326",86.3664129390881
"9327",38.7540758236139
"9328",33.671324927112
"9329",75.7581783108903
"9330",81.6245533480839
"9331",29.7309850189845
"9332",15.4172026314398
"9333",26.5437086595366
"9334",68.9920679253208
"9335",73.3312007942876
"9336",13.1106263584923
"9337",37.2050888966766
"9338",40.1961611619681
"9339",81.2887927627363
"9340",47.3189792186379
"9341",45.667110482574
"9342",91.5913961309426
"9343",33.0837177097331
"9344",142.398967911678
"9345",119.830471839447
"9346",30.3626650233587
"9347",27.0517208774024
"9348",101.203275052574
"9349",38.8674245170141
"9350",14.9022206369985
"9351",21.2564554706101
"9352",42.6784856906525
"9353",20.330797172593
"9354",33.4946059699935
"9355",35.8473021028321
"9356",34.6846613003815
"9357",28.5210124876321
"9358",112.954502189667
"9359",79.3939832894513
"9360",57.0713877591145
"9361",25.1461066131099
"9362",48.4446356020029
"9363",16.7245907543565
"9364",72.3152345034489
"9365",39.7698066374003
"9366",26.6154024666666
"9367",46.0206368319191
"9368",92.1670187493156
"9369",44.7399989248153
"9370",30.9158211394888
"9371",55.3249173472627
"9372",52.4916392072159
"9373",39.1264124755902
"9374",39.2116696354272
"9375",54.2046074741045
"9376",42.331431301432
"9377",24.7839061377082
"9378",73.701795673327
"9379",29.9971856103403
"9380",47.832135537214
"9381",63.1661837215733
"9382",64.4934050833532
"9383",57.341410073257
"9384",54.3487234475615
"9385",47.7761499682454
"9386",52.7060562879119
"9387",37.0903658992433
"9388",51.4335610756
"9389",32.6283597578367
"9390",18.435323067998
"9391",37.5099642941553
"9392",73.181457689923
"9393",34.9771708068649
"9394",40.7856237122329
"9395",29.0313031662404
"9396",48.8351228161675
"9397",96.805570375877
"9398",116.163263288918
"9399",108.000882642977
"9400",28.1141297984493
"9401",95.8515036151069
"9402",23.5814461499904
"9403",50.4455093654647
"9404",19.1671538959665
"9405",35.7739243148764
"9406",28.1590034651953
"9407",25.0511770604492
"9408",20.6930507136886
"9409",42.8013502683403
"9410",49.6786575640177
"9411",69.0103787946045
"9412",20.1165994304615
"9413",30.1111295370799
"9414",48.7939659064588
"9415",22.7894913691804
"9416",62.5504702213213
"9417",30.663707154844
"9418",32.8897094802754
"9419",55.5999462707902
"9420",87.9186248803849
"9421",95.5681746563495
"9422",10.2455723039783
"9423",31.1176949750213
"9424",32.3040437805164
"9425",46.5454711026481
"9426",10.6146576161124
"9427",58.8613338661717
"9428",42.5319575168525
"9429",25.0804545510297
"9430",34.5164098126938
"9431",62.002399777078
"9432",35.4496214601165
"9433",79.2291784769223
"9434",71.474498820996
"9435",76.755100196248
"9436",10.4106202533965
"9437",37.7689788557251
"9438",18.4454745289756
"9439",46.7912065046411
"9440",47.4617927016258
"9441",16.4809236245733
"9442",29.5922906083486
"9443",19.6752161946756
"9444",63.8010012398073
"9445",48.1706962246025
"9446",60.8443582821158
"9447",28.6780342002787
"9448",30.9534666362356
"9449",66.5040809963145
"9450",54.0953625050069
"9451",24.4973440397968
"9452",23.515233721127
"9453",29.603888147787
"9454",55.7843183166408
"9455",14.639219479417
"9456",94.5277804233195
"9457",49.4614565469163
"9458",18.9241643587971
"9459",64.4805315461317
"9460",52.7683161495579
"9461",17.548070761918
"9462",20.7750467328596
"9463",19.2614120249424
"9464",23.7917099097302
"9465",62.5040160333332
"9466",22.6022756770021
"9467",31.1909285200497
"9468",22.6202910784215
"9469",40.8053167209515
"9470",53.8802773186605
"9471",155.278853876391
"9472",28.488429424126
"9473",18.8604572969242
"9474",57.2375867246999
"9475",17.9377216587386
"9476",30.9176415876878
"9477",63.6156937316373
"9478",18.8587802088751
"9479",50.6186049958869
"9480",26.0349821411064
"9481",35.4673822490426
"9482",109.197366837423
"9483",13.7553060087162
"9484",35.2113530247901
"9485",23.4771463352537
"9486",82.3678736619306
"9487",28.9215388131358
"9488",93.5807693108625
"9489",39.6699439585757
"9490",36.4404039244835
"9491",89.0187709077853
"9492",37.6467503517096
"9493",30.1407317347522
"9494",35.3821005856264
"9495",21.5606238776753
"9496",17.8342097676549
"9497",29.468346788186
"9498",76.4592140851098
"9499",32.3288674622893
"9500",17.2467712004779
"9501",89.3020641676511
"9502",46.8987276251679
"9503",42.3729475119777
"9504",72.7736664579499
"9505",30.0507605423577
"9506",19.6926950849352
"9507",17.5421210624934
"9508",29.113133265671
"9509",19.1847155636312
"9510",90.9822849419931
"9511",77.8262558693404
"9512",20.3315659618775
"9513",62.3342972051247
"9514",44.7119735506542
"9515",51.0307227888164
"9516",31.66234159084
"9517",34.5919647366684
"9518",51.4508861956862
"9519",41.837506559651
"9520",50.4341885079798
"9521",35.4661480823808
"9522",27.5817710690686
"9523",53.1361335997687
"9524",22.0940153345427
"9525",101.028948273242
"9526",21.9987242270304
"9527",28.1746469030277
"9528",10.9427863616892
"9529",19.26496734592
"9530",25.9831953681128
"9531",23.3000699752975
"9532",71.0873805940784
"9533",31.015005586916
"9534",72.2374896136131
"9535",35.4767593111039
"9536",63.1526981125834
"9537",41.0572224187324
"9538",106.013570638535
"9539",48.4163517964749
"9540",19.5745007494109
"9541",26.8598378776955
"9542",53.1562034220166
"9543",69.5661562853196
"9544",55.5878326984708
"9545",18.8466630850299
"9546",13.9410066757833
"9547",43.1184268289803
"9548",76.4306233472676
"9549",36.1938856409452
"9550",33.5157697542902
"9551",27.1695928734635
"9552",50.776948750894
"9553",21.8537645182261
"9554",10.7159018350415
"9555",75.2022195160416
"9556",72.8530601990317
"9557",96.8068743969876
"9558",24.0150079990839
"9559",42.8180635010628
"9560",45.3693163061644
"9561",32.2726251261382
"9562",50.7769738860193
"9563",27.4726059612622
"9564",80.4143170958025
"9565",34.1706755077159
"9566",17.5019497435138
"9567",97.6682407952796
"9568",30.5857898208221
"9569",35.8581426035895
"9570",41.7665971546191
"9571",47.379816595312
"9572",23.7085412104422
"9573",30.8896917312796
"9574",48.9064138708481
"9575",46.1099203290168
"9576",50.3445529154813
"9577",22.6339158665476
"9578",54.8824221608661
"9579",18.6959042624374
"9580",54.4780804514038
"9581",115.573641750835
"9582",32.391857542146
"9583",29.2637658356195
"9584",46.2429218872533
"9585",32.4347560008513
"9586",43.104854797659
"9587",74.7684610828779
"9588",34.748914062888
"9589",66.6166806503417
"9590",101.426534849597
"9591",43.5190767787355
"9592",68.1895026639128
"9593",99.0085471694626
"9594",27.4542156619542
"9595",144.866133280396
"9596",19.7330962797261
"9597",30.3027713451149
"9598",23.545778128406
"9599",45.5311711176517
"9600",53.889407425699
"9601",46.3087628918418
"9602",139.053468819343
"9603",26.1805984188477
"9604",43.5054081314848
"9605",17.9105876309523
"9606",56.5202390802414
"9607",42.1781091351592
"9608",117.204647286989
"9609",30.3188005319878
"9610",51.4169490666909
"9611",29.7543108511144
"9612",33.2659999164605
"9613",62.0423342542389
"9614",58.3543967013652
"9615",43.957329315156
"9616",40.7759617005892
"9617",83.7583602186647
"9618",21.8317145118935
"9619",57.9198413237543
"9620",43.500300508573
"9621",47.4148703983343
"9622",24.221310571234
"9623",49.4084783679992
"9624",30.4285602643797
"9625",21.7706118494651
"9626",107.057109548896
"9627",87.9600551108731
"9628",35.2837493779029
"9629",57.3755980154164
"9630",38.3180448661362
"9631",47.5841139058879
"9632",48.2724938094326
"9633",19.7492989575122
"9634",42.1286578388436
"9635",43.9198477356288
"9636",156.974966801437
"9637",85.7687496015289
"9638",22.6648123943587
"9639",150.562506389248
"9640",32.0556416815238
"9641",65.585366721989
"9642",25.0604038282578
"9643",26.1232459765094
"9644",44.3640118833719
"9645",27.8134400130438
"9646",46.0616561459501
"9647",42.9468851564321
"9648",28.9721084390287
"9649",30.4836049927456
"9650",75.8029788671702
"9651",34.7398813598394
"9652",32.2578966369617
"9653",25.4519732516244
"9654",115.151535597119
"9655",31.790339471624
"9656",45.0610452259408
"9657",51.371565958346
"9658",30.1824042558964
"9659",16.2264018941427
"9660",35.9561492614361
"9661",38.656613552602
"9662",28.4601851669712
"9663",125.343309241309
"9664",69.838880597114
"9665",25.3214156917672
"9666",44.7826280187247
"9667",31.7701608158421
"9668",45.5751197716197
"9669",56.5105780547739
"9670",58.6032173209949
"9671",96.2980647421868
"9672",83.7303608405198
"9673",15.8703533440971
"9674",18.5932603726373
"9675",23.5907490239018
"9676",35.6964229104735
"9677",19.3620776044227
"9678",43.8486990078759
"9679",84.0611979013146
"9680",58.3885222668592
"9681",23.2188456703311
"9682",45.1944368560202
"9683",89.7996914932147
"9684",47.1947656870851
"9685",80.729734267599
"9686",24.2117808331171
"9687",24.703954436687
"9688",37.8342968521726
"9689",40.2404884469039
"9690",83.6340916299448
"9691",34.0352450752018
"9692",38.0671914509253
"9693",21.7158678264981
"9694",87.5649408333393
"9695",45.7345744268334
"9696",38.2073034700225
"9697",16.7912536966167
"9698",44.5779969868715
"9699",40.8025364546055
"9700",26.4905168062837
"9701",26.7806681812529
"9702",49.8984708597858
"9703",23.6322906859467
"9704",69.183879730826
"9705",33.514024319803
"9706",44.5491654453584
"9707",29.4993847312029
"9708",30.9169007883367
"9709",53.5813657343539
"9710",42.8295891007519
"9711",66.1425911929594
"9712",78.8635850098017
"9713",14.6797469904243
"9714",46.2693739858792
"9715",63.2601110834366
"9716",144.322496272587
"9717",29.3296089727058
"9718",67.9422176251853
"9719",15.8611227753688
"9720",14.9638635803967
"9721",29.2058839138611
"9722",115.086499416729
"9723",11.6516200362644
"9724",45.3736337463173
"9725",52.0154313738944
"9726",35.396928461604
"9727",48.7571208943584
"9728",35.1677326341526
"9729",30.39080047588
"9730",62.0657677226906
"9731",32.725736597524
"9732",31.1005073808006
"9733",71.3883635607513
"9734",39.4232819902688
"9735",23.7200434729562
"9736",39.1659131814205
"9737",26.8517596999787
"9738",48.2694289175853
"9739",32.6048835242634
"9740",15.7781747717962
"9741",38.0289483678336
"9742",44.0408583140265
"9743",9.7867609575034
"9744",28.4749815706778
"9745",35.3250306023861
"9746",41.5856806013998
"9747",38.836434535036
"9748",22.0804310613316
"9749",18.3494678540667
"9750",31.9927507018855
"9751",26.2883165101836
"9752",51.2928938662543
"9753",46.9168214905243
"9754",113.038910840496
"9755",29.5146470115755
"9756",42.6855592691684
"9757",67.7477298747415
"9758",94.7086424517741
"9759",30.3862321192735
"9760",36.6211298854615
"9761",21.8568134935924
"9762",51.9891243524987
"9763",41.2093206318134
"9764",46.859745486775
"9765",32.2875998587154
"9766",52.9568882906009
"9767",33.478780132179
"9768",37.8540029024563
"9769",40.9989672195523
"9770",10.092007087812
"9771",96.7013242197154
"9772",42.6947545856204
"9773",25.7469915111076
"9774",30.0185073068894
"9775",44.8808392084445
"9776",32.8079244021671
"9777",34.906266077865
"9778",105.619755820323
"9779",58.7177914330412
"9780",97.7025808247459
"9781",45.1813862171606
"9782",46.3994296263304
"9783",30.578061853058
"9784",16.4169808937839
"9785",20.8325632091933
"9786",66.0548860131632
"9787",23.9620964588373
"9788",52.7691515701902
"9789",38.4492812863833
"9790",37.1310038690467
"9791",22.2319926007282
"9792",19.3928312479408
"9793",46.327294334035
"9794",22.4606778635619
"9795",16.9648922357147
"9796",44.507843215814
"9797",40.8800618134616
"9798",36.9794966938226
"9799",46.8277493799804
"9800",13.035074859034
"9801",16.6094269093001
"9802",35.1193791747755
"9803",58.1111420496207
"9804",60.5513922705528
"9805",81.8799381089338
"9806",43.4291529859975
"9807",31.7616141642582
"9808",17.5492495714644
"9809",31.0620912694093
"9810",36.8309528356581
"9811",65.5645276546092
"9812",17.7772968814557
"9813",44.5519201381584
"9814",31.3814623842916
"9815",24.1119709818856
"9816",28.1101466936559
"9817",29.1824820928038
"9818",18.9876043233501
"9819",31.1996889822428
"9820",35.9979117578218
"9821",60.4239360990122
"9822",98.7995671117315
"9823",86.2989778637566
"9824",33.3532013685486
"9825",146.615417129288
"9826",25.9385261039354
"9827",69.4760268992369
"9828",50.4011077014683
"9829",74.5164350148328
"9830",34.9809043143294
"9831",17.0342552298696
"9832",19.2795450262817
"9833",36.078067852784
"9834",24.0577639057539
"9835",95.2901007012694
"9836",60.2553370381914
"9837",85.6554524186146
"9838",72.7561266655455
"9839",34.9044231532997
"9840",14.2420946456551
"9841",26.2195421471887
"9842",12.8867644474721
"9843",37.1376599393829
"9844",30.9146731973381
"9845",17.5161211282007
"9846",35.3935685394153
"9847",30.129474663087
"9848",37.8728664262353
"9849",49.6413281881898
"9850",70.9085688925208
"9851",17.5994393364002
"9852",38.4819154007175
"9853",16.545943576538
"9854",47.7312284482513
"9855",79.5306441858936
"9856",12.9133636920947
"9857",11.4978609298424
"9858",52.9353934682851
"9859",81.1360695059622
"9860",74.785357735209
"9861",20.6843790438513
"9862",122.238023386421
"9863",50.1581646960599
"9864",35.7292222982119
"9865",28.2253460815257
"9866",58.7837198744081
"9867",20.7395516071215
"9868",47.1533427982712
"9869",49.1696225751314
"9870",26.2994099342754
"9871",59.3487521819478
"9872",38.1971781865891
"9873",23.282626794914
"9874",46.8694992700739
"9875",22.7105694603632
"9876",16.8165626343253
"9877",26.5464433831031
"9878",38.6841004788365
"9879",58.5138589083295
"9880",50.586820747234
"9881",34.8660913147287
"9882",12.4427925279706
"9883",58.1197266100099
"9884",36.3666724498699
"9885",27.5681513933532
"9886",33.5551996952236
"9887",60.0645626467779
"9888",36.5964264033524
"9889",86.0578525685573
"9890",28.8187104591388
"9891",146.599442886265
"9892",30.9843720284085
"9893",13.869957441134
"9894",14.8796628167271
"9895",56.1295894683675
"9896",93.2736324197635
"9897",121.273882388825
"9898",90.5899916291124
"9899",48.5588228438079
"9900",60.3321115610957
"9901",47.1421784378528
"9902",23.2394800515513
"9903",38.9188300954868
"9904",145.114765055712
"9905",40.6240934016752
"9906",118.01192588961
"9907",13.7512601938864
"9908",43.8531403857082
"9909",60.4372027605589
"9910",21.6050892883202
"9911",47.6707421314856
"9912",20.5162616202758
"9913",23.1762790564719
"9914",61.283114018364
"9915",28.7581267507859
"9916",16.7612918530494
"9917",30.9061215694015
"9918",46.8946251643121
"9919",96.255647145687
"9920",14.6878643419145
"9921",21.8196528185764
"9922",34.867253314464
"9923",44.3240880704201
"9924",33.3090074870001
"9925",19.8182312354792
"9926",18.9382813135937
"9927",78.9652442840038
"9928",112.363828588281
"9929",28.2620914358845
"9930",55.2541984774789
"9931",18.2366982663999
"9932",21.57582423812
"9933",85.4683781016871
"9934",16.6786587047433
"9935",31.7248387092104
"9936",89.5140529085142
"9937",99.0842991151324
"9938",45.9042140085327
"9939",79.3846839649394
"9940",70.4006308275615
"9941",38.1647597163151
"9942",11.5729214014165
"9943",23.094078240761
"9944",56.2932232800429
"9945",33.9396870737054
"9946",17.6644969996882
"9947",34.5964841709746
"9948",52.1384621312162
"9949",36.0258930975609
"9950",39.1890019646807
"9951",28.6829453622309
"9952",18.2312472029571
"9953",76.6490354941397
"9954",61.9963707700574
"9955",87.4870211416741
"9956",35.6138391793536
"9957",140.659974863424
"9958",18.2675222626447
"9959",14.2484110120855
"9960",59.0754678392639
"9961",12.2692559060131
"9962",41.5680722796834
"9963",47.298985716125
"9964",65.9464029931431
"9965",55.5392618254848
"9966",49.5852994730185
"9967",23.9694590012782
"9968",42.9657895753349
"9969",73.5663856997387
"9970",34.2655348949628
"9971",30.179540044454
"9972",57.2857252355945
"9973",27.3673974556326
"9974",21.6778691070821
"9975",47.6811442693028
"9976",15.3253186271683
"9977",101.32961823287
"9978",11.6636795685243
"9979",21.0649903645905
"9980",52.039586023013
"9981",6.91194443276373
"9982",47.9423182671807
"9983",130.231276344446
"9984",22.4061363135827
"9985",73.734693971583
"9986",15.8383676730505
"9987",137.157230345009
"9988",40.4913045353218
"9989",48.1893521632752
"9990",42.9109493944413
"9991",41.2981006118084
"9992",62.7112834716043
"9993",49.2810035447197
"9994",38.0571368697164
"9995",25.6980170321665
"9996",38.6618173694473
"9997",102.240424593348
"9998",32.1666419973592
"9999",35.9885355038488
"10000",33.5519025832095
