"","x"
"1",59.5
"2",22.2
"3",22.3
"4",28.1
"5",73.3
"6",113.9
"7",53
"8",126
"9",101.6
"10",143.4
"11",133.8
"12",25.6
"13",87.1
"14",30.8
"15",86.4
"16",31
"17",24.4
"18",51.6
"19",24
"20",82.6
"21",42.4
"22",65.8
"23",73
"24",28.9
"25",59
"26",54.7
"27",23.3
"28",20.2
"29",86.2
"30",27.4
"31",17.5
"32",35.4
"33",94.5
"34",86.9
"35",43.1
"36",51
"37",56.9
"38",79.1
"39",29.6
"40",22.5
"41",92.3
"42",68.5
"43",93
"44",54.7
"45",37.9
"46",76.4
"47",20.4
"48",53.1
"49",42.2
"50",25.6
"51",39.1
"52",48.8
"53",17
"54",22.2
"55",26
"56",39.3
"57",15.1
"58",38
"59",56.3
"60",39.2
"61",33
"62",41.7
"63",29
"64",16.1
"65",48.7
"66",63.3
"67",32.7
"68",21.1
"69",27.4
"70",42.7
"71",49.1
"72",99.9
"73",36.1
"74",65.3
"75",50.6
"76",16.6
"77",15.1
"78",33.5
"79",24.4
"80",97.1
"81",72.8
"82",64.9
"83",29.8
"84",40.8
"85",30.3
"86",61.6
"87",28
"88",34.1
"89",75.7
"90",32.1
"91",50.3
"92",31.2
"93",27.5
"94",13.1
"95",22.1
"96",21.5
"97",39
"98",58.9
"99",37.5
"100",31.2
"101",25.5
"102",30.9
"103",89
"104",34.9
"105",35.3
"106",24.2
"107",102.4
"108",34.7
"109",33.2
"110",30.4
"111",99.2
"112",23.5
"113",57.1
"114",24.3
"115",49.6
"116",22.9
"117",22
"118",119.5
"119",15.4
"120",35.4
"121",36.6
"122",44.8
"123",39.4
"124",33.8
"125",34.8
"126",56.7
"127",76.6
"128",45
"129",31.5
"130",78
"131",76.5
"132",50.4
"133",55.5
"134",68.9
"135",25.1
"136",67.2
"137",37.5
"138",17.3
"139",18.2
"140",59
"141",61.9
"142",50.9
"143",48.6
"144",152
"145",70.3
"146",20
"147",75
"148",23.4
"149",23.9
"150",76.9
"151",39.8
"152",37
"153",44.7
"154",56.4
"155",45.3
"156",55.5
"157",28
"158",22.4
"159",30.3
"160",90.7
"161",21.1
"162",54.1
"163",16.7
"164",56.9
"165",39.7
"166",62.2
"167",25.4
"168",42.9
"169",90.3
"170",68
"171",28.6
"172",53.3
"173",33.4
"174",34.6
"175",25
"176",53
"177",36.9
"178",25.1
"179",30.6
"180",26
"181",210.4
"182",71.7
"183",47.1
"184",78.8
"185",27
"186",42.5
"187",21.6
"188",25.1
"189",44.1
"190",57.5
"191",39.9
"192",32.9
"193",101.3
"194",108.4
"195",44.7
"196",44
"197",11.3
"198",31.7
"199",33.2
"200",53.8
"201",29.6
"202",14.6
"203",22.8
"204",74.7
"205",27.9
"206",49
"207",25.2
"208",13.9
"209",56
"210",121.3
"211",27.4
"212",49.2
"213",24.2
"214",24.7
"215",32.9
"216",65.1
"217",45.7
"218",54.8
"219",67.8
"220",18.4
"221",28.2
"222",58
"223",57.1
"224",90.8
"225",9.2
"226",115.4
"227",31
"228",30.7
"229",37.1
"230",21.9
"231",62.1
"232",63.7
"233",60.5
"234",82.5
"235",52.6
"236",41.5
"237",19.9
"238",31.6
"239",38.5
"240",64.6
"241",47.9
"242",17.9
"243",66.3
"244",79.1
"245",27
"246",121.3
"247",78
"248",20.4
"249",70.9
"250",38.5
"251",21.4
"252",33.6
"253",44.3
"254",50.3
"255",39.4
"256",22.1
"257",47.4
"258",55.9
"259",20.9
"260",28.2
"261",30.7
"262",16.9
"263",55.2
"264",15.8
"265",15.2
"266",53.9
"267",6.8
"268",62.6
"269",21
"270",25.8
"271",49.7
"272",60.9
"273",20.1
"274",66.4
"275",24
"276",98
"277",77.2
"278",58.3
"279",25.6
"280",29.9
"281",44.9
"282",36.3
"283",64.4
"284",51.7
"285",72.5
"286",28.2
"287",11.3
"288",50.6
"289",39.7
"290",38.1
"291",22.4
"292",23.3
"293",64.6
"294",37.4
"295",101.1
"296",38.7
"297",20.5
"298",18.1
"299",174.3
"300",16.2
"301",38.8
"302",68.7
"303",56.1
"304",43.8
"305",67.6
"306",90.1
"307",31.3
"308",33
"309",67.7
"310",53.9
"311",47.7
"312",33.7
"313",62.8
"314",20.6
"315",37.2
"316",94.8
"317",47.9
"318",58.6
"319",34.1
"320",57.8
"321",16.5
"322",67
"323",55.6
"324",83.4
"325",28.7
"326",8.7
"327",26.8
"328",44.9
"329",96
"330",95.3
"331",22.9
"332",34.4
"333",13
"334",28.9
"335",35.7
"336",12.4
"337",29.2
"338",16.9
"339",25.7
"340",22.2
"341",74.3
"342",23.7
"343",62.7
"344",86.4
"345",41.6
"346",24.2
"347",51.7
"348",20.8
"349",101.2
"350",19.3
"351",25
"352",45.7
"353",78.6
"354",24.1
"355",40.7
"356",35.1
"357",31.7
"358",31.1
"359",44.1
"360",21.7
"361",30.8
"362",141.6
"363",51.5
"364",39.7
"365",42.3
"366",75.1
"367",50.2
"368",23.6
"369",94.1
"370",15.9
"371",46.4
"372",52.6
"373",58.8
"374",26.7
"375",153.7
"376",26.9
"377",34.4
"378",28.1
"379",79.9
"380",20.5
"381",106.5
"382",43.1
"383",64.2
"384",71.4
"385",69.4
"386",24.9
"387",92.7
"388",57.4
"389",14.1
"390",19
"391",19.3
"392",59.5
"393",46.1
"394",33.4
"395",41.6
"396",62.6
"397",46.1
"398",120.8
"399",97
"400",17.5
"401",41
"402",28.1
"403",36.5
"404",92.5
"405",149.1
"406",34.4
"407",81.8
"408",18.7
"409",43.1
"410",39.9
"411",11.4
"412",25.5
"413",18.9
"414",35.7
"415",33.9
"416",66.6
"417",122.1
"418",15.5
"419",34.2
"420",54.8
"421",22.1
"422",88.1
"423",33.2
"424",27.1
"425",25.2
"426",75.5
"427",19
"428",76.6
"429",22.7
"430",79.3
"431",35.1
"432",128.8
"433",49
"434",48.4
"435",75.9
"436",28.3
"437",15.1
"438",95.8
"439",65.3
"440",59.8
"441",25
"442",34.2
"443",29.1
"444",8.4
"445",22.5
"446",70.8
"447",76.3
"448",34.7
"449",90
"450",79.3
"451",64.4
"452",33.8
"453",199.9
"454",12.7
"455",56.5
"456",43.6
"457",72.4
"458",26.8
"459",36.2
"460",31.3
"461",82.7
"462",32.2
"463",45.8
"464",29.8
"465",24.6
"466",47
"467",51.8
"468",43.3
"469",55
"470",39.4
"471",50.5
"472",48.8
"473",43
"474",32.6
"475",19.6
"476",26.4
"477",22.5
"478",51.3
"479",86.3
"480",49
"481",18.8
"482",34.3
"483",90.5
"484",38.9
"485",37.2
"486",43.3
"487",54.4
"488",62
"489",71.7
"490",38.6
"491",28.4
"492",67.7
"493",40.6
"494",39.2
"495",58.1
"496",67.5
"497",60.6
"498",32.7
"499",22.6
"500",45.4
"501",62.1
"502",64.9
"503",59.8
"504",25.3
"505",22
"506",66.8
"507",60.5
"508",32.9
"509",67
"510",24.1
"511",9.8
"512",50
"513",39.7
"514",56.9
"515",96.8
"516",75.3
"517",44.3
"518",26.5
"519",59.6
"520",45.3
"521",117.9
"522",13.5
"523",31.1
"524",21.8
"525",35.1
"526",110
"527",35.1
"528",20.7
"529",29.6
"530",25.4
"531",22.8
"532",12.1
"533",41.4
"534",40.5
"535",35.8
"536",23.3
"537",62.6
"538",21.9
"539",11.5
"540",66.9
"541",32.5
"542",108.5
"543",11.9
"544",16.6
"545",33.2
"546",37.8
"547",31.8
"548",52.6
"549",14.9
"550",67.3
"551",16.6
"552",40
"553",32
"554",39.1
"555",99.1
"556",54
"557",41.2
"558",75.4
"559",47.5
"560",102.3
"561",42.2
"562",49.3
"563",33.3
"564",46.3
"565",28.3
"566",106.4
"567",55.6
"568",15.7
"569",11.6
"570",17.8
"571",16.1
"572",62.1
"573",53.9
"574",49.2
"575",61.8
"576",23.8
"577",41.9
"578",49.7
"579",34
"580",33.3
"581",42.6
"582",25.1
"583",47.6
"584",121.6
"585",33.9
"586",45.8
"587",32.8
"588",25.7
"589",51.8
"590",36.2
"591",18.3
"592",11.3
"593",22.6
"594",36.2
"595",96.6
"596",45
"597",51.4
"598",47.2
"599",112.4
"600",52.4
"601",82.2
"602",7.3
"603",12.3
"604",16.6
"605",16.9
"606",35.7
"607",23.9
"608",46.3
"609",11.7
"610",65.1
"611",98.3
"612",58.5
"613",45.9
"614",40.8
"615",36
"616",21.6
"617",21.2
"618",29.7
"619",61.7
"620",85.6
"621",20.9
"622",24
"623",29.6
"624",13.6
"625",26.7
"626",25.6
"627",105.6
"628",43.4
"629",27.7
"630",20.9
"631",35.8
"632",40.8
"633",32.8
"634",42.3
"635",57.7
"636",77.6
"637",14.1
"638",42.4
"639",37.7
"640",25.7
"641",76.3
"642",121.4
"643",26.6
"644",36.2
"645",39.5
"646",47.3
"647",80.2
"648",20.6
"649",18.5
"650",103.5
"651",20.1
"652",83
"653",17.8
"654",94.5
"655",55.4
"656",29.3
"657",98.6
"658",100.4
"659",46.9
"660",20.8
"661",167.2
"662",56.4
"663",78.3
"664",24.8
"665",70.1
"666",35.1
"667",39.2
"668",32.8
"669",25.5
"670",29.5
"671",20.4
"672",9.3
"673",33.2
"674",21.9
"675",15.8
"676",91.8
"677",95.2
"678",78.3
"679",68.9
"680",97.2
"681",41
"682",27.4
"683",51.3
"684",60.8
"685",41.3
"686",45.6
"687",65.6
"688",94.7
"689",61.4
"690",56.2
"691",77.1
"692",31.2
"693",69.7
"694",48.5
"695",14.6
"696",38.6
"697",70.3
"698",77.4
"699",29.9
"700",59.1
"701",19.5
"702",58.2
"703",30
"704",67.6
"705",100.3
"706",67
"707",66.6
"708",35.4
"709",17.1
"710",28.1
"711",31.8
"712",146.3
"713",35.2
"714",72.5
"715",59.7
"716",77.4
"717",63.2
"718",23
"719",28
"720",12.9
"721",13.5
"722",35.1
"723",70.3
"724",21.5
"725",77.1
"726",33.6
"727",34.1
"728",29.8
"729",57
"730",122.9
"731",47
"732",19.2
"733",36.9
"734",50.9
"735",55
"736",73.4
"737",45.9
"738",55.9
"739",26.8
"740",72.2
"741",58.1
"742",90.6
"743",107.8
"744",149.1
"745",16
"746",65.3
"747",18.3
"748",30.7
"749",9.5
"750",32.8
"751",14.5
"752",7.1
"753",112.4
"754",39.6
"755",20.9
"756",37.5
"757",11.4
"758",40.6
"759",22.6
"760",60.2
"761",41.3
"762",58.4
"763",52.2
"764",101.3
"765",29
"766",89.2
"767",33.4
"768",73
"769",13.4
"770",17.7
"771",47.6
"772",14.2
"773",46.7
"774",19.8
"775",120
"776",53.3
"777",49.6
"778",51.9
"779",45.9
"780",56.4
"781",57
"782",35.1
"783",16.7
"784",33.1
"785",61.9
"786",16.6
"787",32.3
"788",37.8
"789",20.8
"790",32.4
"791",22.3
"792",70.7
"793",91.4
"794",64
"795",65.5
"796",55.6
"797",105.1
"798",39.5
"799",60.6
"800",25.4
"801",73.8
"802",9.7
"803",69.1
"804",81.9
"805",118.7
"806",81.5
"807",19.1
"808",28
"809",44.2
"810",34.2
"811",26
"812",85.9
"813",38.2
"814",99.3
"815",45.4
"816",72.8
"817",31.3
"818",69.4
"819",29.8
"820",59.3
"821",26.3
"822",11.5
"823",23.7
"824",28.3
"825",28.7
"826",35.1
"827",12.8
"828",57.8
"829",85.5
"830",23.8
"831",24.1
"832",27.7
"833",20.5
"834",29.1
"835",42
"836",37.5
"837",32.1
"838",57
"839",55.9
"840",13.7
"841",25.7
"842",22.3
"843",9.4
"844",26.2
"845",34.5
"846",58.9
"847",64.1
"848",94.4
"849",29.5
"850",9.2
"851",47.2
"852",39.4
"853",24.7
"854",22.2
"855",17
"856",45.4
"857",22.1
"858",49.7
"859",92.5
"860",60.4
"861",99.7
"862",39.4
"863",48.2
"864",18.8
"865",59
"866",32
"867",27.1
"868",77.4
"869",25.5
"870",10.7
"871",74.6
"872",28.5
"873",120.9
"874",44.5
"875",50.2
"876",16.4
"877",40.7
"878",47
"879",29.8
"880",60.7
"881",22.3
"882",11.5
"883",103.4
"884",68.8
"885",14.7
"886",18.7
"887",45.4
"888",18.4
"889",62.9
"890",87
"891",106.9
"892",194.2
"893",29.4
"894",75
"895",51.5
"896",21.8
"897",75.2
"898",11.9
"899",34.8
"900",22.7
"901",61.6
"902",35.9
"903",66.2
"904",64.7
"905",68.1
"906",103.4
"907",41
"908",52.9
"909",40.4
"910",54.8
"911",17.4
"912",34.6
"913",41.1
"914",25.3
"915",51
"916",12.7
"917",124.6
"918",29.1
"919",41.1
"920",140.3
"921",39.6
"922",32.1
"923",13.8
"924",13.4
"925",37.4
"926",68.3
"927",60.8
"928",21
"929",97.6
"930",32.9
"931",43.4
"932",27
"933",74.1
"934",29
"935",53.3
"936",44
"937",41
"938",76.8
"939",38.2
"940",40.1
"941",44.8
"942",75.1
"943",112.3
"944",41.4
"945",99.6
"946",24.9
"947",15.1
"948",58.8
"949",23.9
"950",21.6
"951",26.7
"952",28.9
"953",86.8
"954",78
"955",42.9
"956",54.4
"957",36.4
"958",67.3
"959",32.7
"960",42.8
"961",26.6
"962",70.9
"963",37.5
"964",27.7
"965",106.9
"966",17.3
"967",56
"968",31.2
"969",49.6
"970",41.6
"971",39.1
"972",49.4
"973",36.2
"974",70.4
"975",17.9
"976",60.8
"977",41.7
"978",44.7
"979",70.1
"980",28.3
"981",57.7
"982",43.8
"983",20
"984",13.2
"985",79.9
"986",55.8
"987",49.4
"988",49.9
"989",44.7
"990",48.4
"991",36.2
"992",46.1
"993",81.1
"994",56.9
"995",111.8
"996",12.5
"997",48.3
"998",20.8
"999",20.3
"1000",49
"1001",44.9
"1002",83.3
"1003",53
"1004",33.2
"1005",36.9
"1006",52.1
"1007",15.6
"1008",139.1
"1009",47.9
"1010",34.6
"1011",31.7
"1012",11.7
"1013",44.1
"1014",55
"1015",31.9
"1016",62.3
"1017",11
"1018",29.2
"1019",12.7
"1020",115.2
"1021",28.4
"1022",26.4
"1023",14.4
"1024",23.5
"1025",22.1
"1026",67
"1027",46.3
"1028",21.5
"1029",53.5
"1030",26.2
"1031",145
"1032",38.8
"1033",66.2
"1034",50.8
"1035",33.9
"1036",130.5
"1037",20.2
"1038",50.7
"1039",31.1
"1040",129.4
"1041",60.8
"1042",61.1
"1043",32.5
"1044",33.7
"1045",137.6
"1046",18.7
"1047",20.1
"1048",57.9
"1049",34.7
"1050",27.2
"1051",21.9
"1052",44.5
"1053",75.2
"1054",33.2
"1055",17.4
"1056",52.1
"1057",37
"1058",36.6
"1059",39.7
"1060",47.5
"1061",75.6
"1062",14.5
"1063",10.8
"1064",101.3
"1065",74.9
"1066",53.5
"1067",29.8
"1068",47
"1069",28.8
"1070",47.2
"1071",118.5
"1072",31.4
"1073",62.7
"1074",6.2
"1075",35.3
"1076",96.5
"1077",28.9
"1078",47.7
"1079",22.7
"1080",62.4
"1081",64.8
"1082",49.9
"1083",18.8
"1084",46.1
"1085",33.2
"1086",49.6
"1087",106.8
"1088",35
"1089",67.9
"1090",39.9
"1091",59
"1092",30.3
"1093",33.5
"1094",51.7
"1095",38.7
"1096",47.6
"1097",40.5
"1098",14.4
"1099",16.1
"1100",51
"1101",22.7
"1102",42
"1103",84
"1104",92.7
"1105",38.8
"1106",33.8
"1107",54
"1108",64.2
"1109",55.3
"1110",24.6
"1111",24
"1112",27.9
"1113",31.6
"1114",61.8
"1115",34.6
"1116",22
"1117",34.4
"1118",34.1
"1119",82.7
"1120",44.1
"1121",31.4
"1122",24.1
"1123",37.3
"1124",14.5
"1125",36
"1126",28.1
"1127",14
"1128",66.3
"1129",26.6
"1130",51.5
"1131",52.6
"1132",96.4
"1133",18.5
"1134",55
"1135",27.8
"1136",72
"1137",14.9
"1138",71.2
"1139",16.1
"1140",14.5
"1141",19.7
"1142",63.8
"1143",130.5
"1144",109.9
"1145",22.4
"1146",51.2
"1147",29.8
"1148",42.8
"1149",31.6
"1150",62.5
"1151",98
"1152",28.4
"1153",77.9
"1154",31.9
"1155",16.8
"1156",65.6
"1157",88.7
"1158",24.6
"1159",68.8
"1160",118.5
"1161",49.6
"1162",111.2
"1163",31.8
"1164",79.3
"1165",36.2
"1166",46
"1167",57.7
"1168",27.7
"1169",52.1
"1170",19.1
"1171",41.8
"1172",21.2
"1173",12.8
"1174",46.9
"1175",65.9
"1176",31.2
"1177",51.5
"1178",59.3
"1179",37.8
"1180",34.1
"1181",89.8
"1182",33.6
"1183",28.5
"1184",61
"1185",12
"1186",35.6
"1187",48
"1188",20.5
"1189",33.9
"1190",83.2
"1191",60.6
"1192",38.1
"1193",37.7
"1194",35.4
"1195",63
"1196",99
"1197",57
"1198",38.3
"1199",56.2
"1200",74.9
"1201",29.8
"1202",49.7
"1203",25.8
"1204",56.3
"1205",29.9
"1206",23.4
"1207",93.9
"1208",30.6
"1209",18.7
"1210",44.1
"1211",73.2
"1212",25.4
"1213",96.8
"1214",34.5
"1215",38.2
"1216",45.7
"1217",57.2
"1218",29.6
"1219",21.3
"1220",31.5
"1221",31.9
"1222",33
"1223",40.9
"1224",23.8
"1225",33
"1226",12.2
"1227",52.9
"1228",40.9
"1229",22.8
"1230",20.7
"1231",46.4
"1232",75.8
"1233",27.8
"1234",14.4
"1235",93
"1236",14.5
"1237",15.6
"1238",34.8
"1239",40
"1240",44.1
"1241",70.2
"1242",90.9
"1243",82.1
"1244",54
"1245",53.9
"1246",29.8
"1247",18.8
"1248",36.9
"1249",53.5
"1250",52.7
"1251",61.2
"1252",69.1
"1253",69.3
"1254",76.1
"1255",26.1
"1256",14.5
"1257",58.4
"1258",28.1
"1259",79.1
"1260",47.4
"1261",20.7
"1262",50.3
"1263",23.9
"1264",49.9
"1265",65
"1266",29.1
"1267",38.8
"1268",52.4
"1269",20.8
"1270",19.6
"1271",43.9
"1272",147.4
"1273",81.6
"1274",20.7
"1275",40.2
"1276",27.4
"1277",41.7
"1278",51.9
"1279",61.9
"1280",34.2
"1281",32.8
"1282",22.2
"1283",19.9
"1284",56.1
"1285",17.8
"1286",36.1
"1287",63
"1288",141.1
"1289",22
"1290",22.7
"1291",22
"1292",15.5
"1293",155.8
"1294",42
"1295",65.5
"1296",69.5
"1297",53.4
"1298",70.9
"1299",79.1
"1300",63.8
"1301",22.2
"1302",56.2
"1303",10.1
"1304",57.2
"1305",51.9
"1306",69.8
"1307",19.4
"1308",79.7
"1309",89.4
"1310",34.5
"1311",37.8
"1312",45.2
"1313",21.2
"1314",45.4
"1315",30.2
"1316",112.5
"1317",18.6
"1318",38.5
"1319",52.7
"1320",79.8
"1321",82.8
"1322",53.5
"1323",33.9
"1324",63.6
"1325",49.3
"1326",42.8
"1327",27.3
"1328",39.3
"1329",49
"1330",19
"1331",26.2
"1332",83.7
"1333",57.6
"1334",56.3
"1335",22
"1336",20.1
"1337",20.2
"1338",67.3
"1339",30
"1340",25.4
"1341",47.1
"1342",24
"1343",60.1
"1344",102.5
"1345",30.6
"1346",57.1
"1347",43.1
"1348",29.2
"1349",25.4
"1350",42.5
"1351",69.7
"1352",38.1
"1353",32
"1354",40.1
"1355",47
"1356",41.7
"1357",26.3
"1358",31.5
"1359",48.1
"1360",64.8
"1361",57.6
"1362",33.6
"1363",36.9
"1364",48.9
"1365",88.7
"1366",40.9
"1367",27.9
"1368",75.5
"1369",57.1
"1370",54.7
"1371",59
"1372",125.6
"1373",13.8
"1374",26.6
"1375",47.7
"1376",17.3
"1377",32
"1378",54.9
"1379",23.7
"1380",77
"1381",38
"1382",29.2
"1383",55.1
"1384",58.5
"1385",62.8
"1386",49
"1387",23.5
"1388",44.9
"1389",22.1
"1390",34.8
"1391",24.9
"1392",52.7
"1393",14.6
"1394",98.5
"1395",134.3
"1396",32.4
"1397",53.5
"1398",32.7
"1399",113.9
"1400",37.6
"1401",14.1
"1402",31.8
"1403",21.6
"1404",32.6
"1405",24.4
"1406",44.9
"1407",26.8
"1408",31.6
"1409",39.4
"1410",50
"1411",36.1
"1412",26.5
"1413",72.5
"1414",81.3
"1415",19.7
"1416",53.6
"1417",49
"1418",26.5
"1419",62.2
"1420",53.6
"1421",25.1
"1422",26.9
"1423",89
"1424",25.7
"1425",18.4
"1426",39.6
"1427",17.6
"1428",243.9
"1429",110.4
"1430",45.5
"1431",41.1
"1432",26.8
"1433",39.9
"1434",37.4
"1435",28
"1436",57.5
"1437",66.5
"1438",54.7
"1439",25.1
"1440",41
"1441",29.8
"1442",25.6
"1443",30.9
"1444",32.9
"1445",17.1
"1446",15.8
"1447",23
"1448",41.7
"1449",63.9
"1450",37.5
"1451",33.8
"1452",12.2
"1453",76.1
"1454",43
"1455",17.8
"1456",79.2
"1457",23
"1458",46.2
"1459",67.9
"1460",49.4
"1461",41
"1462",37.3
"1463",22.7
"1464",41
"1465",21.8
"1466",58.7
"1467",58.4
"1468",24.6
"1469",71.9
"1470",43.6
"1471",120.7
"1472",49.3
"1473",14.9
"1474",23.5
"1475",44.3
"1476",47.3
"1477",27.9
"1478",40.9
"1479",8.8
"1480",85.1
"1481",100
"1482",46.6
"1483",27.4
"1484",13
"1485",83
"1486",89.9
"1487",66.2
"1488",41.1
"1489",26.8
"1490",42.5
"1491",22.4
"1492",45.1
"1493",46
"1494",63.2
"1495",33.1
"1496",31
"1497",14.4
"1498",101.7
"1499",41.7
"1500",52.1
"1501",45.7
"1502",86.1
"1503",27.9
"1504",27.4
"1505",42.4
"1506",21.6
"1507",41.7
"1508",41.3
"1509",38.8
"1510",11
"1511",38.8
"1512",66.9
"1513",34
"1514",26.1
"1515",41.5
"1516",26.9
"1517",101
"1518",18
"1519",25.2
"1520",26.1
"1521",30.7
"1522",30
"1523",47.1
"1524",44.9
"1525",22.4
"1526",70.4
"1527",76.3
"1528",43.8
"1529",96.1
"1530",52.8
"1531",43.9
"1532",14.8
"1533",23.6
"1534",64.3
"1535",42.1
"1536",64.2
"1537",37.1
"1538",47.1
"1539",108.4
"1540",72.2
"1541",53
"1542",29.2
"1543",84.2
"1544",54.2
"1545",57.5
"1546",38.3
"1547",37.6
"1548",74.3
"1549",27.6
"1550",21.1
"1551",163.3
"1552",33.5
"1553",130.2
"1554",47.5
"1555",23.7
"1556",34.7
"1557",54.7
"1558",98.4
"1559",54.1
"1560",26.1
"1561",129.7
"1562",13.1
"1563",19.9
"1564",32.6
"1565",82.6
"1566",54.7
"1567",11
"1568",11.1
"1569",73.7
"1570",40.9
"1571",43
"1572",23.9
"1573",10.7
"1574",18.7
"1575",95.4
"1576",18.1
"1577",74.1
"1578",32.1
"1579",34.6
"1580",65.4
"1581",18.2
"1582",44.7
"1583",110.3
"1584",87.3
"1585",67.1
"1586",60.4
"1587",91
"1588",42.4
"1589",10
"1590",79.5
"1591",31.7
"1592",58
"1593",28.2
"1594",31.3
"1595",76.9
"1596",129.7
"1597",47.5
"1598",81.3
"1599",27.2
"1600",35.7
"1601",17
"1602",32.4
"1603",28.3
"1604",46.5
"1605",23.8
"1606",37.6
"1607",50.6
"1608",88.5
"1609",26.9
"1610",54.5
"1611",18
"1612",58.2
"1613",71.8
"1614",30.1
"1615",26.5
"1616",66.6
"1617",18.7
"1618",60.8
"1619",70
"1620",58.4
"1621",85.5
"1622",62.4
"1623",46.5
"1624",15.5
"1625",24.6
"1626",17.4
"1627",40.8
"1628",36
"1629",22.9
"1630",42.2
"1631",70.6
"1632",21.3
"1633",97.3
"1634",119.1
"1635",23.5
"1636",13.3
"1637",69.5
"1638",8.2
"1639",15.8
"1640",36.5
"1641",43.4
"1642",56.7
"1643",46.2
"1644",99.3
"1645",62.2
"1646",39.2
"1647",43.5
"1648",47.1
"1649",54.9
"1650",15.4
"1651",57.1
"1652",16.2
"1653",79.1
"1654",12.4
"1655",27.7
"1656",94
"1657",21.4
"1658",52
"1659",39.4
"1660",17.8
"1661",46.4
"1662",26.8
"1663",51.9
"1664",53.9
"1665",53.9
"1666",47.5
"1667",52
"1668",10.7
"1669",20.1
"1670",59.1
"1671",77.9
"1672",52.7
"1673",60.7
"1674",30.4
"1675",25
"1676",30
"1677",77.6
"1678",102.6
"1679",31.1
"1680",43.2
"1681",50.7
"1682",15.6
"1683",22.6
"1684",26.6
"1685",27.8
"1686",51.5
"1687",44.8
"1688",36.3
"1689",30.2
"1690",88.1
"1691",26.7
"1692",27
"1693",27.9
"1694",31.4
"1695",44.9
"1696",19.7
"1697",21.1
"1698",109.7
"1699",32.3
"1700",46.5
"1701",38.8
"1702",75.8
"1703",34.7
"1704",27.6
"1705",76.2
"1706",53.7
"1707",48.2
"1708",57
"1709",79.3
"1710",30.9
"1711",27.8
"1712",102.2
"1713",19.6
"1714",67.9
"1715",28.2
"1716",30
"1717",52.7
"1718",21.7
"1719",41.6
"1720",80.8
"1721",52.9
"1722",36
"1723",80.6
"1724",73.5
"1725",86.1
"1726",54.9
"1727",33
"1728",72.2
"1729",55.8
"1730",99.7
"1731",26.1
"1732",67.3
"1733",18.1
"1734",60.4
"1735",37.4
"1736",49.3
"1737",50.9
"1738",35.9
"1739",24.4
"1740",29.1
"1741",13.5
"1742",65.7
"1743",18.2
"1744",38.3
"1745",41.7
"1746",92.4
"1747",37.1
"1748",33.1
"1749",19.4
"1750",14.3
"1751",115
"1752",26.1
"1753",17.4
"1754",37.2
"1755",27.1
"1756",68.4
"1757",53.5
"1758",54.3
"1759",29.9
"1760",34.5
"1761",22
"1762",81.1
"1763",53.4
"1764",31.3
"1765",83.9
"1766",32.4
"1767",31.5
"1768",21.4
"1769",29.6
"1770",36.9
"1771",17.9
"1772",101.5
"1773",70.7
"1774",23
"1775",48.7
"1776",40.9
"1777",20.5
"1778",30.2
"1779",52.6
"1780",87.6
"1781",33.8
"1782",41.8
"1783",71.7
"1784",56.2
"1785",71.1
"1786",112
"1787",51.4
"1788",21.4
"1789",66.8
"1790",8.4
"1791",30.9
"1792",183.5
"1793",24.9
"1794",38.8
"1795",70.7
"1796",36.6
"1797",67.8
"1798",50.8
"1799",42.8
"1800",32
"1801",39.5
"1802",16
"1803",20.8
"1804",48.6
"1805",35.2
"1806",83.9
"1807",36.9
"1808",18.7
"1809",44
"1810",17.9
"1811",39.6
"1812",33.9
"1813",17.1
"1814",24.7
"1815",139.2
"1816",64.1
"1817",58.6
"1818",55.3
"1819",14.5
"1820",45.9
"1821",17.9
"1822",30.4
"1823",29.7
"1824",44.1
"1825",71.5
"1826",35.1
"1827",21.4
"1828",65.3
"1829",82.2
"1830",51.6
"1831",49.2
"1832",31.4
"1833",44.1
"1834",21.2
"1835",35.1
"1836",54.6
"1837",27.7
"1838",37.6
"1839",134.7
"1840",30.2
"1841",36.2
"1842",32.8
"1843",74.4
"1844",18.1
"1845",45.1
"1846",43.4
"1847",105.1
"1848",66.4
"1849",46.3
"1850",83.1
"1851",51.3
"1852",132
"1853",22.5
"1854",45.7
"1855",44.9
"1856",27.5
"1857",105.5
"1858",94
"1859",41.8
"1860",42.6
"1861",43
"1862",26.4
"1863",30.3
"1864",32.4
"1865",44.1
"1866",29.5
"1867",196
"1868",19.6
"1869",85.7
"1870",40.7
"1871",43.1
"1872",55.8
"1873",83.3
"1874",16.3
"1875",25.6
"1876",48.9
"1877",98.8
"1878",95.5
"1879",16.8
"1880",41.6
"1881",68.6
"1882",12.6
"1883",12.4
"1884",78.6
"1885",30.2
"1886",49.5
"1887",44.2
"1888",19.8
"1889",26.9
"1890",99.7
"1891",74.3
"1892",27.8
"1893",44.6
"1894",89.2
"1895",24.7
"1896",23.5
"1897",49.6
"1898",47
"1899",57
"1900",13.5
"1901",47.7
"1902",74.7
"1903",46.5
"1904",65.9
"1905",17.1
"1906",25
"1907",36.2
"1908",25.1
"1909",49.4
"1910",81
"1911",38.4
"1912",55.4
"1913",19.5
"1914",70.7
"1915",87.4
"1916",68.3
"1917",64.2
"1918",60.2
"1919",18.5
"1920",20.7
"1921",43.4
"1922",15
"1923",37.2
"1924",20.4
"1925",32.4
"1926",39.9
"1927",27.9
"1928",65.4
"1929",34.1
"1930",48.9
"1931",11.3
"1932",63.1
"1933",27.1
"1934",9.1
"1935",50
"1936",87.6
"1937",33.8
"1938",66
"1939",50.9
"1940",41.8
"1941",25.3
"1942",39.5
"1943",15.3
"1944",30.8
"1945",37.3
"1946",32.4
"1947",34.9
"1948",12.8
"1949",46
"1950",22.4
"1951",28.9
"1952",13
"1953",117.3
"1954",15.2
"1955",17.4
"1956",53.2
"1957",60.1
"1958",54.1
"1959",33.7
"1960",32.5
"1961",40.1
"1962",61.4
"1963",17.4
"1964",35
"1965",47
"1966",66.7
"1967",29
"1968",53
"1969",71
"1970",22.3
"1971",16.5
"1972",125.2
"1973",20.4
"1974",37.9
"1975",44.9
"1976",22.5
"1977",31.7
"1978",43.6
"1979",30.4
"1980",39.7
"1981",38.8
"1982",28.8
"1983",73.1
"1984",10.9
"1985",29.5
"1986",28.8
"1987",35.2
"1988",128.7
"1989",43.6
"1990",51
"1991",44.9
"1992",52.7
"1993",19.9
"1994",29.8
"1995",74.6
"1996",63.6
"1997",39.1
"1998",45.6
"1999",18.8
"2000",24.3
"2001",26.4
"2002",34.4
"2003",113.8
"2004",63.1
"2005",51.9
"2006",45.3
"2007",34.8
"2008",8.6
"2009",55.5
"2010",40
"2011",66.3
"2012",40.1
"2013",91.7
"2014",36.2
"2015",24.1
"2016",29.7
"2017",43.1
"2018",97.6
"2019",59.2
"2020",38.3
"2021",48.6
"2022",52.8
"2023",14.4
"2024",11.6
"2025",19
"2026",51.6
"2027",25
"2028",64.5
"2029",76.1
"2030",32.7
"2031",50.2
"2032",30.6
"2033",29.8
"2034",89
"2035",19.2
"2036",84.6
"2037",14.2
"2038",81
"2039",32.7
"2040",37.1
"2041",26.1
"2042",86.4
"2043",42.8
"2044",65
"2045",99.7
"2046",73.3
"2047",94.2
"2048",18.5
"2049",81.5
"2050",87.3
"2051",35.4
"2052",18.8
"2053",95.2
"2054",52.3
"2055",35.3
"2056",64.3
"2057",29.9
"2058",49.7
"2059",61.3
"2060",68.4
"2061",41.7
"2062",80.9
"2063",55.2
"2064",37.4
"2065",13.7
"2066",31.4
"2067",20.5
"2068",36.8
"2069",53.8
"2070",60.2
"2071",78.9
"2072",32.8
"2073",28.2
"2074",23.6
"2075",60.7
"2076",51.3
"2077",40.9
"2078",42.6
"2079",22.8
"2080",29.4
"2081",37.4
"2082",108.8
"2083",45.4
"2084",32.4
"2085",45.9
"2086",36.3
"2087",46.6
"2088",48.4
"2089",15.7
"2090",62.3
"2091",29.6
"2092",47.3
"2093",12.1
"2094",26.9
"2095",19
"2096",40
"2097",28.6
"2098",27.6
"2099",18.4
"2100",62.1
"2101",55.1
"2102",36.5
"2103",51.1
"2104",47.9
"2105",90.6
"2106",16
"2107",31.6
"2108",44.2
"2109",87.1
"2110",46.4
"2111",43.9
"2112",24.1
"2113",32.1
"2114",48.6
"2115",52
"2116",26.4
"2117",30.4
"2118",56.2
"2119",29.4
"2120",54.3
"2121",46.7
"2122",42
"2123",30.6
"2124",32.2
"2125",22.7
"2126",38.2
"2127",24.6
"2128",40.2
"2129",41.9
"2130",52.4
"2131",49.4
"2132",38
"2133",31.2
"2134",69
"2135",9.5
"2136",45.3
"2137",33.4
"2138",45.8
"2139",23.2
"2140",22.8
"2141",33.6
"2142",66.9
"2143",56.9
"2144",8.8
"2145",83.3
"2146",50.6
"2147",51.2
"2148",27.9
"2149",87.1
"2150",59.2
"2151",24.2
"2152",52.6
"2153",108.8
"2154",31.8
"2155",36.5
"2156",39.7
"2157",178.4
"2158",40.2
"2159",27.5
"2160",46.1
"2161",25.1
"2162",35.5
"2163",12.2
"2164",115.8
"2165",41.4
"2166",14.9
"2167",47.6
"2168",41.3
"2169",23.7
"2170",32.1
"2171",72.8
"2172",13.1
"2173",21
"2174",78.4
"2175",41.6
"2176",55.6
"2177",23.1
"2178",107.7
"2179",30.6
"2180",28.6
"2181",29.5
"2182",29.1
"2183",48.1
"2184",37.3
"2185",28.5
"2186",43.5
"2187",20.7
"2188",26.5
"2189",91.1
"2190",159.7
"2191",26.3
"2192",61.9
"2193",114.2
"2194",58.7
"2195",36.9
"2196",48.5
"2197",32.4
"2198",66.8
"2199",42.7
"2200",58.9
"2201",46.8
"2202",67.2
"2203",32.7
"2204",28
"2205",12.2
"2206",12.1
"2207",53
"2208",32.9
"2209",27.6
"2210",56.7
"2211",66.9
"2212",93.1
"2213",70.2
"2214",67.7
"2215",46.4
"2216",82.4
"2217",117.2
"2218",32.5
"2219",23.7
"2220",18.1
"2221",22.5
"2222",93.1
"2223",35.9
"2224",64.3
"2225",64.7
"2226",27.2
"2227",67.8
"2228",120
"2229",82.9
"2230",58.1
"2231",66.2
"2232",52
"2233",53.1
"2234",63.2
"2235",43.1
"2236",12.9
"2237",24.8
"2238",50.1
"2239",37.7
"2240",10.9
"2241",56.8
"2242",19.8
"2243",63.8
"2244",34.3
"2245",61.9
"2246",18.5
"2247",15
"2248",62.9
"2249",32.5
"2250",51.2
"2251",34.3
"2252",26.7
"2253",54.2
"2254",27.2
"2255",7.6
"2256",106.6
"2257",24.8
"2258",44.6
"2259",47.8
"2260",31.2
"2261",68
"2262",29.4
"2263",65.8
"2264",62.2
"2265",38.6
"2266",27
"2267",17
"2268",97
"2269",17.9
"2270",18.3
"2271",39.3
"2272",10.1
"2273",25.4
"2274",124.4
"2275",30.7
"2276",43.5
"2277",43.5
"2278",15.7
"2279",29.4
"2280",46.7
"2281",53.3
"2282",38.2
"2283",108.4
"2284",8.7
"2285",39.8
"2286",12.6
"2287",27.5
"2288",24.9
"2289",33.5
"2290",49.1
"2291",45.4
"2292",43.6
"2293",74.1
"2294",26.1
"2295",42.8
"2296",105.2
"2297",93.2
"2298",41.9
"2299",22.7
"2300",70.5
"2301",80.9
"2302",22
"2303",55.4
"2304",23.9
"2305",22.1
"2306",63.3
"2307",34.7
"2308",14.6
"2309",85.6
"2310",62
"2311",61.7
"2312",67
"2313",40.2
"2314",68.4
"2315",151.2
"2316",20.6
"2317",17.6
"2318",64.9
"2319",12.7
"2320",28.2
"2321",50.4
"2322",65.7
"2323",21.6
"2324",31.4
"2325",43.4
"2326",98
"2327",171.1
"2328",34.5
"2329",38.2
"2330",66
"2331",47.1
"2332",61.6
"2333",68.9
"2334",49.5
"2335",37.8
"2336",23.2
"2337",39.1
"2338",23.9
"2339",71.5
"2340",87.8
"2341",32.3
"2342",51.5
"2343",20.5
"2344",25.9
"2345",37
"2346",16
"2347",39.1
"2348",66.1
"2349",21.8
"2350",38
"2351",25.1
"2352",70.2
"2353",44.3
"2354",29.3
"2355",90.3
"2356",70.6
"2357",29.8
"2358",17.7
"2359",52.2
"2360",60.2
"2361",56.8
"2362",55.2
"2363",40.8
"2364",38
"2365",63.1
"2366",53.6
"2367",19.9
"2368",101.5
"2369",85.5
"2370",18.9
"2371",24.9
"2372",43.8
"2373",40.9
"2374",33
"2375",38.9
"2376",39.4
"2377",129.3
"2378",14.1
"2379",21.3
"2380",73.6
"2381",23.7
"2382",25.8
"2383",88
"2384",111.8
"2385",78.1
"2386",49.2
"2387",31.2
"2388",18.8
"2389",19.9
"2390",80.9
"2391",104.1
"2392",76.8
"2393",92.7
"2394",52.6
"2395",97.5
"2396",61
"2397",16.9
"2398",46.2
"2399",19
"2400",46.1
"2401",31.4
"2402",61.8
"2403",62.4
"2404",38.2
"2405",105.7
"2406",30.5
"2407",64.9
"2408",36.5
"2409",70.2
"2410",11.7
"2411",53.7
"2412",22.4
"2413",22.3
"2414",10.8
"2415",21.8
"2416",108.6
"2417",101.5
"2418",30.5
"2419",22
"2420",50
"2421",53.2
"2422",74.1
"2423",15.6
"2424",64
"2425",22.4
"2426",15.9
"2427",26.1
"2428",38.7
"2429",28.7
"2430",81.9
"2431",18.3
"2432",72.5
"2433",32.1
"2434",113.8
"2435",17.2
"2436",39
"2437",40.2
"2438",54.5
"2439",66.8
"2440",59.8
"2441",41
"2442",28.2
"2443",61.3
"2444",29.8
"2445",42.2
"2446",71.4
"2447",107.9
"2448",43.6
"2449",26.9
"2450",74.2
"2451",71.4
"2452",13.2
"2453",30.8
"2454",16.4
"2455",41.3
"2456",39.7
"2457",28.2
"2458",38.1
"2459",60
"2460",17.9
"2461",25.7
"2462",113
"2463",68
"2464",37.3
"2465",66.3
"2466",54.7
"2467",24.9
"2468",41.7
"2469",32.2
"2470",28.4
"2471",26.1
"2472",52.6
"2473",80.2
"2474",23.9
"2475",75.3
"2476",49.5
"2477",35.8
"2478",78
"2479",17.6
"2480",29.2
"2481",49.1
"2482",45.7
"2483",54.7
"2484",26.6
"2485",78.2
"2486",16.6
"2487",16
"2488",34.4
"2489",85.5
"2490",39.9
"2491",23.2
"2492",35.1
"2493",72
"2494",30.7
"2495",20
"2496",29.8
"2497",55.6
"2498",88.5
"2499",39.7
"2500",19.4
"2501",34.4
"2502",72.7
"2503",75
"2504",38.1
"2505",58.1
"2506",30.4
"2507",49.1
"2508",114.1
"2509",111.6
"2510",38
"2511",29
"2512",49.3
"2513",50.2
"2514",51.5
"2515",45.4
"2516",87.8
"2517",29.9
"2518",82.8
"2519",47.3
"2520",31.6
"2521",105.7
"2522",31.6
"2523",61.1
"2524",56.8
"2525",33.1
"2526",127.8
"2527",17.7
"2528",83.1
"2529",43.1
"2530",34.6
"2531",39.4
"2532",35.3
"2533",43.4
"2534",36
"2535",44.1
"2536",36.7
"2537",32.3
"2538",78.7
"2539",45.8
"2540",42.2
"2541",64
"2542",26.3
"2543",28
"2544",112.2
"2545",21.1
"2546",25.6
"2547",56.1
"2548",26.1
"2549",27.7
"2550",48
"2551",32.1
"2552",18.4
"2553",91.1
"2554",56.5
"2555",17.7
"2556",24.1
"2557",76.4
"2558",55.2
"2559",73.3
"2560",40.7
"2561",23.6
"2562",27.8
"2563",26.3
"2564",55.7
"2565",151
"2566",38.6
"2567",58.9
"2568",43.2
"2569",70.1
"2570",102.7
"2571",75.8
"2572",26.8
"2573",24.6
"2574",20.7
"2575",66.7
"2576",19
"2577",29.6
"2578",16.4
"2579",27.8
"2580",36
"2581",36.1
"2582",91.3
"2583",63.4
"2584",30.4
"2585",83.4
"2586",28.2
"2587",34.7
"2588",17.8
"2589",25.5
"2590",26.9
"2591",31.5
"2592",87.2
"2593",65.1
"2594",84.9
"2595",36.5
"2596",18.4
"2597",52.4
"2598",12.7
"2599",28.1
"2600",62.9
"2601",35.3
"2602",23.3
"2603",57.9
"2604",29.3
"2605",36
"2606",34
"2607",33.7
"2608",15.9
"2609",26.3
"2610",23
"2611",26.5
"2612",19.1
"2613",46.3
"2614",35.5
"2615",56.2
"2616",42.8
"2617",5.4
"2618",22
"2619",23.7
"2620",75.4
"2621",50
"2622",38.6
"2623",40.6
"2624",28.4
"2625",50.6
"2626",33.8
"2627",20.7
"2628",68.7
"2629",26.6
"2630",33.6
"2631",45.4
"2632",30
"2633",51.1
"2634",35.6
"2635",41.6
"2636",30.5
"2637",17.7
"2638",17.3
"2639",21.7
"2640",46.4
"2641",95.6
"2642",58.3
"2643",46.4
"2644",56.6
"2645",34.2
"2646",10.3
"2647",75
"2648",36.7
"2649",39.9
"2650",46.2
"2651",29.3
"2652",35.3
"2653",27.6
"2654",39.8
"2655",75.5
"2656",57.5
"2657",111.8
"2658",20.7
"2659",106.5
"2660",20.1
"2661",24.7
"2662",66.7
"2663",72.9
"2664",76.4
"2665",62.1
"2666",59
"2667",52.2
"2668",71.7
"2669",20.5
"2670",71.6
"2671",43.1
"2672",79.8
"2673",60
"2674",83.1
"2675",37.8
"2676",30.8
"2677",108.7
"2678",76
"2679",16.7
"2680",73.2
"2681",102.2
"2682",49.6
"2683",30.5
"2684",38.2
"2685",22.2
"2686",126.2
"2687",52.2
"2688",37.2
"2689",45.5
"2690",25
"2691",126.9
"2692",123.2
"2693",73.8
"2694",44.7
"2695",52.5
"2696",37.7
"2697",31.4
"2698",49.6
"2699",43.1
"2700",42.3
"2701",79.4
"2702",31.7
"2703",34.2
"2704",16.1
"2705",40.1
"2706",38.1
"2707",61.6
"2708",16.7
"2709",20.1
"2710",114.5
"2711",62.4
"2712",44.1
"2713",33.4
"2714",31.5
"2715",47.4
"2716",35.8
"2717",16
"2718",96.2
"2719",41.9
"2720",24.5
"2721",34.5
"2722",50.2
"2723",9
"2724",175.4
"2725",133.1
"2726",32.9
"2727",80.8
"2728",36.5
"2729",16.6
"2730",32
"2731",60.4
"2732",38.6
"2733",23.8
"2734",182.9
"2735",31.7
"2736",57.7
"2737",66.7
"2738",28.7
"2739",62.3
"2740",129.2
"2741",21.3
"2742",39.7
"2743",61.3
"2744",66.5
"2745",30.5
"2746",90.2
"2747",12.4
"2748",31.5
"2749",66.3
"2750",23.9
"2751",35.2
"2752",39.1
"2753",28.2
"2754",44.5
"2755",20.2
"2756",30.4
"2757",24
"2758",50.8
"2759",33.3
"2760",28.8
"2761",26.9
"2762",23.3
"2763",55
"2764",48.6
"2765",49.4
"2766",13.5
"2767",24.5
"2768",35.6
"2769",65.5
"2770",83.8
"2771",70
"2772",24.8
"2773",11
"2774",29
"2775",94.5
"2776",48.9
"2777",14.1
"2778",77.3
"2779",24.4
"2780",32.8
"2781",48.3
"2782",35.7
"2783",39.6
"2784",44.6
"2785",26.1
"2786",27.3
"2787",55.3
"2788",13.4
"2789",32.9
"2790",87.2
"2791",47.5
"2792",100.9
"2793",44.1
"2794",44.2
"2795",10.1
"2796",46.7
"2797",25
"2798",29
"2799",31.9
"2800",111.4
"2801",62.2
"2802",58.2
"2803",40.6
"2804",43.8
"2805",36
"2806",56
"2807",113.9
"2808",39.1
"2809",45
"2810",41.7
"2811",83.2
"2812",22.3
"2813",29.9
"2814",20.9
"2815",56.7
"2816",52.1
"2817",50.7
"2818",99.5
"2819",15.5
"2820",64.5
"2821",18.1
"2822",62.7
"2823",26.9
"2824",22.6
"2825",17
"2826",46.2
"2827",60.7
"2828",20.8
"2829",32.9
"2830",26.7
"2831",29.1
"2832",49.1
"2833",37.8
"2834",15.4
"2835",18
"2836",59.1
"2837",25.3
"2838",58.3
"2839",71.1
"2840",94.1
"2841",22.6
"2842",19.8
"2843",22.9
"2844",19.1
"2845",37.9
"2846",50.5
"2847",39.7
"2848",36.5
"2849",10
"2850",52
"2851",22.9
"2852",57.3
"2853",77.6
"2854",75
"2855",37
"2856",46.6
"2857",45
"2858",27.4
"2859",137.4
"2860",24
"2861",130.2
"2862",42.5
"2863",21.3
"2864",54.9
"2865",28.4
"2866",71.5
"2867",25.3
"2868",29
"2869",56.2
"2870",35.3
"2871",37.8
"2872",60.6
"2873",119.7
"2874",28.8
"2875",41.4
"2876",46.8
"2877",93.5
"2878",64.3
"2879",22.6
"2880",41.3
"2881",34.6
"2882",37.1
"2883",29.9
"2884",28
"2885",25.2
"2886",69.4
"2887",32.7
"2888",17.6
"2889",12.5
"2890",49
"2891",13.8
"2892",50.5
"2893",11.4
"2894",45.8
"2895",20.5
"2896",45
"2897",91.3
"2898",41.2
"2899",18.3
"2900",25.5
"2901",60.2
"2902",26.8
"2903",23.9
"2904",22.9
"2905",83.6
"2906",34.2
"2907",36.7
"2908",50.6
"2909",59.9
"2910",27.6
"2911",20.3
"2912",44.7
"2913",139.5
"2914",64.8
"2915",51
"2916",50.5
"2917",13.7
"2918",50.1
"2919",65.9
"2920",18.3
"2921",61.9
"2922",54.2
"2923",67.9
"2924",47.3
"2925",96.9
"2926",64.3
"2927",26.5
"2928",43.7
"2929",38.2
"2930",29.4
"2931",28
"2932",59.5
"2933",46.8
"2934",16.3
"2935",21.4
"2936",25.8
"2937",41.3
"2938",48.4
"2939",17.6
"2940",46
"2941",26.6
"2942",51.9
"2943",87.5
"2944",48
"2945",20.9
"2946",54.4
"2947",73.1
"2948",44.1
"2949",55.7
"2950",89.6
"2951",37.3
"2952",54.8
"2953",65.1
"2954",24.6
"2955",61
"2956",33.9
"2957",21.3
"2958",35.3
"2959",111.3
"2960",68.8
"2961",33.1
"2962",13
"2963",48.3
"2964",57.8
"2965",53.1
"2966",31
"2967",31.2
"2968",39
"2969",55.7
"2970",35.5
"2971",38.7
"2972",70.2
"2973",68.2
"2974",40.7
"2975",20.4
"2976",17
"2977",144.7
"2978",59.3
"2979",15.3
"2980",23.8
"2981",23.2
"2982",13.3
"2983",44.7
"2984",56.4
"2985",28.8
"2986",91
"2987",35.7
"2988",32.3
"2989",80.1
"2990",69.5
"2991",41.6
"2992",44.2
"2993",42.4
"2994",28.4
"2995",71.7
"2996",47.1
"2997",41.5
"2998",39.9
"2999",17
"3000",31.7
"3001",97.8
"3002",58.6
"3003",24.2
"3004",23.2
"3005",112.5
"3006",26.9
"3007",21.7
"3008",38.4
"3009",36.2
"3010",18.7
"3011",35
"3012",32.9
"3013",18.2
"3014",40.3
"3015",18.8
"3016",41.9
"3017",17.7
"3018",14.8
"3019",110.2
"3020",81.7
"3021",17.2
"3022",29
"3023",70.4
"3024",30.5
"3025",44.2
"3026",52.6
"3027",33.2
"3028",25.9
"3029",43.4
"3030",68.9
"3031",30.9
"3032",36.4
"3033",30.5
"3034",61.8
"3035",36.4
"3036",16
"3037",52.6
"3038",52.8
"3039",18.8
"3040",96.2
"3041",23.9
"3042",40
"3043",133.4
"3044",41.3
"3045",70.9
"3046",45.9
"3047",25.5
"3048",55.7
"3049",17.7
"3050",72.4
"3051",29.4
"3052",72.5
"3053",54.7
"3054",58.9
"3055",49.8
"3056",84.8
"3057",178.2
"3058",19.6
"3059",53
"3060",36.5
"3061",72.8
"3062",86.1
"3063",86.1
"3064",27.3
"3065",19.8
"3066",42.5
"3067",86.9
"3068",44.8
"3069",16.7
"3070",20.2
"3071",21
"3072",28.6
"3073",24.4
"3074",50.3
"3075",33.5
"3076",11.3
"3077",48.9
"3078",62
"3079",88.6
"3080",20.1
"3081",40.6
"3082",25.2
"3083",47.8
"3084",13.4
"3085",17.8
"3086",50.3
"3087",66.2
"3088",54.6
"3089",34.2
"3090",13.5
"3091",41.1
"3092",29
"3093",34.5
"3094",29.3
"3095",49.9
"3096",21
"3097",67.1
"3098",17.6
"3099",35.8
"3100",86.9
"3101",34.2
"3102",37.1
"3103",65.6
"3104",50.7
"3105",54.2
"3106",82.3
"3107",48.7
"3108",46.4
"3109",35.3
"3110",77.2
"3111",19.9
"3112",71.6
"3113",36.9
"3114",58.5
"3115",58.1
"3116",58.3
"3117",58.5
"3118",38.7
"3119",76.1
"3120",113.4
"3121",24.6
"3122",94.7
"3123",101
"3124",39.4
"3125",44.1
"3126",39.2
"3127",21.5
"3128",55.8
"3129",26.1
"3130",47.7
"3131",81.6
"3132",30.1
"3133",80
"3134",11.7
"3135",109.6
"3136",72.2
"3137",24.2
"3138",46.2
"3139",70
"3140",74.2
"3141",32
"3142",37.2
"3143",89.9
"3144",65.8
"3145",66.1
"3146",23.7
"3147",16.9
"3148",34.7
"3149",129
"3150",80.1
"3151",56.1
"3152",26.9
"3153",23.9
"3154",39.4
"3155",49.8
"3156",47.2
"3157",36
"3158",25.7
"3159",60.1
"3160",56.9
"3161",11.6
"3162",46.6
"3163",36.7
"3164",85.8
"3165",28.6
"3166",43.6
"3167",55
"3168",35.9
"3169",48.6
"3170",65.5
"3171",36
"3172",33.5
"3173",14.2
"3174",66.7
"3175",48.7
"3176",40
"3177",92
"3178",27.6
"3179",62
"3180",16
"3181",44.9
"3182",50.3
"3183",28
"3184",96.1
"3185",45
"3186",36.9
"3187",62.7
"3188",42.5
"3189",113.9
"3190",71.7
"3191",14.5
"3192",93
"3193",86.8
"3194",24.7
"3195",64.3
"3196",133
"3197",27.1
"3198",42.3
"3199",67.6
"3200",58.1
"3201",80
"3202",56.6
"3203",24.5
"3204",43.3
"3205",92.5
"3206",20.3
"3207",51.3
"3208",28.7
"3209",19
"3210",45.5
"3211",49
"3212",16.3
"3213",30.5
"3214",41.8
"3215",40.3
"3216",64.6
"3217",40.2
"3218",36.3
"3219",70.8
"3220",30
"3221",39.6
"3222",32.6
"3223",70.8
"3224",64.3
"3225",53.7
"3226",47.8
"3227",26.2
"3228",81.7
"3229",36.4
"3230",39.2
"3231",50
"3232",37.4
"3233",61.2
"3234",22.3
"3235",52.2
"3236",23.8
"3237",104
"3238",24.4
"3239",155.8
"3240",70.8
"3241",38.7
"3242",40.5
"3243",24.3
"3244",47.7
"3245",32.9
"3246",39.5
"3247",35.5
"3248",24.5
"3249",36.1
"3250",51.7
"3251",142
"3252",54.6
"3253",31.5
"3254",59
"3255",26.1
"3256",31.5
"3257",60.6
"3258",20.4
"3259",21.3
"3260",25.8
"3261",118.3
"3262",46.9
"3263",34.8
"3264",36.8
"3265",71.1
"3266",20.1
"3267",38.4
"3268",20.7
"3269",120.8
"3270",85.7
"3271",16.8
"3272",42.7
"3273",37.9
"3274",31.9
"3275",43.9
"3276",21.4
"3277",33.7
"3278",95.1
"3279",43.7
"3280",12.6
"3281",19
"3282",23.8
"3283",5.5
"3284",62.9
"3285",21.2
"3286",140.9
"3287",17.5
"3288",34.2
"3289",30.4
"3290",25
"3291",24.1
"3292",67.1
"3293",80.4
"3294",78.5
"3295",75.7
"3296",85.2
"3297",31.3
"3298",41.6
"3299",49.6
"3300",21.2
"3301",46.1
"3302",48
"3303",29
"3304",18
"3305",30.8
"3306",78.5
"3307",34
"3308",32.8
"3309",25
"3310",42.2
"3311",46.2
"3312",44.4
"3313",29
"3314",35.3
"3315",85.7
"3316",50.7
"3317",53.4
"3318",31.8
"3319",7
"3320",72.6
"3321",28.7
"3322",25
"3323",104.8
"3324",41.2
"3325",99.5
"3326",58.1
"3327",70.1
"3328",104.6
"3329",66.3
"3330",8.9
"3331",48.1
"3332",33
"3333",43.2
"3334",68
"3335",20.9
"3336",104.2
"3337",30.7
"3338",27.4
"3339",35.7
"3340",35.3
"3341",28.5
"3342",55.8
"3343",29.3
"3344",19.8
"3345",119.4
"3346",34.1
"3347",74.2
"3348",29.4
"3349",104.4
"3350",47.3
"3351",49.3
"3352",50.9
"3353",79.2
"3354",23.1
"3355",40
"3356",12.8
"3357",30.7
"3358",77.7
"3359",16.2
"3360",20.2
"3361",24.1
"3362",93.6
"3363",16.1
"3364",92.5
"3365",37.5
"3366",36
"3367",21
"3368",48
"3369",41.8
"3370",28.3
"3371",31.9
"3372",57.7
"3373",49.8
"3374",42
"3375",36.4
"3376",35.9
"3377",21.4
"3378",84.7
"3379",15.7
"3380",49.5
"3381",20.1
"3382",57.2
"3383",140.3
"3384",37.1
"3385",41.2
"3386",62.7
"3387",17.8
"3388",50.4
"3389",61.4
"3390",28
"3391",54.6
"3392",47.1
"3393",57.5
"3394",55.7
"3395",42
"3396",29.5
"3397",51.4
"3398",15.8
"3399",47.1
"3400",24.5
"3401",7.7
"3402",63.6
"3403",59.1
"3404",38
"3405",14.3
"3406",56.2
"3407",47.8
"3408",18.9
"3409",26.8
"3410",44
"3411",56.2
"3412",72.5
"3413",42.7
"3414",13.7
"3415",88.4
"3416",26.2
"3417",24.9
"3418",13.5
"3419",30.4
"3420",14.4
"3421",51.9
"3422",19.9
"3423",9.9
"3424",40.8
"3425",11.6
"3426",41.8
"3427",38.9
"3428",34.9
"3429",79.7
"3430",46.5
"3431",34.2
"3432",25.1
"3433",27.3
"3434",99.5
"3435",16.1
"3436",21.9
"3437",30.3
"3438",19
"3439",34.8
"3440",36.1
"3441",38.1
"3442",28
"3443",76.9
"3444",78.3
"3445",18.3
"3446",51.3
"3447",130.1
"3448",66.7
"3449",22.6
"3450",69.8
"3451",17
"3452",29.3
"3453",45.2
"3454",17.7
"3455",17
"3456",32.8
"3457",29.9
"3458",20.3
"3459",26.2
"3460",55.4
"3461",31.7
"3462",45.8
"3463",73.7
"3464",44.9
"3465",139.4
"3466",21.8
"3467",111.6
"3468",71.6
"3469",35.6
"3470",39.2
"3471",31.8
"3472",33.1
"3473",87.8
"3474",76.1
"3475",64.2
"3476",72.9
"3477",60.4
"3478",36.4
"3479",48.1
"3480",35.4
"3481",45.4
"3482",17.8
"3483",53.7
"3484",54.1
"3485",44
"3486",34.1
"3487",81.6
"3488",46
"3489",15
"3490",60
"3491",11.2
"3492",21.7
"3493",30.9
"3494",16.7
"3495",17.3
"3496",18.4
"3497",53
"3498",27.3
"3499",56.1
"3500",23.2
"3501",25.3
"3502",21
"3503",15.1
"3504",90
"3505",31.7
"3506",15.8
"3507",28.2
"3508",94.3
"3509",43.6
"3510",26.2
"3511",25.8
"3512",26.6
"3513",114.6
"3514",38.8
"3515",104.2
"3516",26.6
"3517",37.1
"3518",14.1
"3519",40.4
"3520",66.8
"3521",32.7
"3522",45.5
"3523",27.8
"3524",48.1
"3525",35.5
"3526",91.8
"3527",25.4
"3528",32.6
"3529",128
"3530",25.3
"3531",28.6
"3532",73.1
"3533",25
"3534",36.6
"3535",40.7
"3536",21.8
"3537",29.8
"3538",45.2
"3539",115.2
"3540",22.9
"3541",23
"3542",37.1
"3543",23.5
"3544",101.1
"3545",46.7
"3546",41.1
"3547",143.1
"3548",45.2
"3549",34.2
"3550",21.3
"3551",44.5
"3552",43.5
"3553",59.2
"3554",13.9
"3555",67.5
"3556",52.5
"3557",108.7
"3558",28.6
"3559",47.5
"3560",39.2
"3561",21.7
"3562",24.7
"3563",87.7
"3564",40.6
"3565",68.6
"3566",48.7
"3567",9
"3568",11.7
"3569",29.9
"3570",28.2
"3571",26.9
"3572",36.7
"3573",13.2
"3574",25
"3575",46.8
"3576",44.1
"3577",78.9
"3578",16.4
"3579",20.9
"3580",74.6
"3581",32.5
"3582",141
"3583",61
"3584",96.8
"3585",73
"3586",17.7
"3587",43.1
"3588",66.6
"3589",37.9
"3590",42.6
"3591",28.5
"3592",43.9
"3593",48.4
"3594",13.8
"3595",49.4
"3596",81.5
"3597",29.9
"3598",49.5
"3599",40.4
"3600",82.9
"3601",37.3
"3602",271.7
"3603",70.3
"3604",19.3
"3605",71.6
"3606",18.4
"3607",65.1
"3608",27.4
"3609",110.5
"3610",52.1
"3611",52.4
"3612",38.9
"3613",13.8
"3614",38.1
"3615",47.2
"3616",112.6
"3617",80.6
"3618",99.3
"3619",63.5
"3620",24.7
"3621",29.4
"3622",58.1
"3623",70.4
"3624",57.1
"3625",45.9
"3626",33.4
"3627",42.4
"3628",64.6
"3629",36.4
"3630",30.1
"3631",37.7
"3632",89.2
"3633",40.1
"3634",19.8
"3635",47.4
"3636",32.8
"3637",38.4
"3638",43.6
"3639",18.1
"3640",35.4
"3641",33.4
"3642",46.5
"3643",20.7
"3644",59.5
"3645",38.4
"3646",8.8
"3647",70.2
"3648",42.5
"3649",60.5
"3650",24.3
"3651",57.9
"3652",26.5
"3653",27.5
"3654",66.3
"3655",55.8
"3656",35.7
"3657",72.5
"3658",18.2
"3659",61
"3660",26.9
"3661",40.2
"3662",52.1
"3663",53.5
"3664",20
"3665",22.8
"3666",63.8
"3667",96.6
"3668",19.6
"3669",31.2
"3670",79.9
"3671",66.1
"3672",44
"3673",24.2
"3674",29.2
"3675",16.2
"3676",48
"3677",66.8
"3678",78.2
"3679",45.4
"3680",42.7
"3681",49.4
"3682",89.1
"3683",53.5
"3684",60.8
"3685",85.3
"3686",16.5
"3687",105.5
"3688",33.6
"3689",51.7
"3690",29.7
"3691",31.9
"3692",25
"3693",23.3
"3694",87
"3695",29.7
"3696",28
"3697",42.9
"3698",108.2
"3699",88.2
"3700",44.2
"3701",27
"3702",48.1
"3703",15.7
"3704",45.8
"3705",64.6
"3706",61.3
"3707",30
"3708",61.3
"3709",51
"3710",34.8
"3711",11.7
"3712",35.5
"3713",64.5
"3714",28.3
"3715",14.3
"3716",20
"3717",40.2
"3718",29.4
"3719",19.8
"3720",47.4
"3721",23.7
"3722",27.7
"3723",113.7
"3724",25.5
"3725",21
"3726",24.4
"3727",44
"3728",35.2
"3729",21.2
"3730",26.4
"3731",123.6
"3732",108.9
"3733",48.1
"3734",20.4
"3735",27.6
"3736",32.6
"3737",35.3
"3738",58.7
"3739",107.5
"3740",17.1
"3741",28.4
"3742",29.4
"3743",34.2
"3744",30.8
"3745",30.2
"3746",35.3
"3747",58.6
"3748",23.9
"3749",16.3
"3750",18.1
"3751",31.8
"3752",36.9
"3753",41
"3754",34.2
"3755",13.8
"3756",20.9
"3757",43
"3758",35.1
"3759",22.2
"3760",104.4
"3761",117
"3762",41.7
"3763",46.5
"3764",20.5
"3765",69.4
"3766",84.8
"3767",20.6
"3768",35.5
"3769",18.9
"3770",40.4
"3771",31.9
"3772",17.3
"3773",127.4
"3774",65.5
"3775",38.6
"3776",29.1
"3777",32.1
"3778",65.7
"3779",31
"3780",26.4
"3781",39.2
"3782",57
"3783",18.5
"3784",24.8
"3785",30
"3786",27.6
"3787",22
"3788",86.5
"3789",35.8
"3790",65.4
"3791",17.3
"3792",12.4
"3793",27.4
"3794",51.2
"3795",18.5
"3796",47.3
"3797",59.3
"3798",63.5
"3799",54.2
"3800",62.3
"3801",228.1
"3802",12.8
"3803",36.1
"3804",42.8
"3805",10.2
"3806",126.8
"3807",49.6
"3808",44.3
"3809",46.8
"3810",38.7
"3811",26.2
"3812",42.5
"3813",52.9
"3814",32.1
"3815",18.1
"3816",26.8
"3817",75.9
"3818",26
"3819",62.9
"3820",42.5
"3821",31.5
"3822",14.5
"3823",23.1
"3824",41.2
"3825",71.8
"3826",41.2
"3827",53.7
"3828",44.2
"3829",42.3
"3830",9.6
"3831",14.5
"3832",22.8
"3833",29.4
"3834",29.9
"3835",94.3
"3836",39.9
"3837",43.1
"3838",115.2
"3839",75.2
"3840",172.4
"3841",31.9
"3842",30.6
"3843",27.7
"3844",14.7
"3845",22
"3846",28.5
"3847",28
"3848",15.1
"3849",186.2
"3850",52.1
"3851",47.5
"3852",43.6
"3853",21.8
"3854",57.4
"3855",16.2
"3856",42
"3857",50.7
"3858",45.1
"3859",43.4
"3860",37.7
"3861",31.7
"3862",32.3
"3863",40.9
"3864",66.1
"3865",93.6
"3866",57.9
"3867",61.2
"3868",25.5
"3869",115.9
"3870",37.3
"3871",136.5
"3872",110.1
"3873",27.5
"3874",28.6
"3875",59.7
"3876",35
"3877",67
"3878",32
"3879",12.1
"3880",76.8
"3881",122.1
"3882",7.6
"3883",35
"3884",107.2
"3885",18.7
"3886",60.3
"3887",28.1
"3888",8.7
"3889",22.1
"3890",61.1
"3891",57.9
"3892",18.5
"3893",21
"3894",81.7
"3895",19.7
"3896",24.9
"3897",48.4
"3898",14.2
"3899",44.4
"3900",43.4
"3901",46.3
"3902",48.8
"3903",34.2
"3904",14.5
"3905",56.1
"3906",19.9
"3907",42.6
"3908",49.8
"3909",20.5
"3910",61.7
"3911",17.2
"3912",24.6
"3913",55.8
"3914",38.6
"3915",82.1
"3916",31.6
"3917",34
"3918",52.9
"3919",65.5
"3920",15.8
"3921",31.1
"3922",28
"3923",16.8
"3924",150.8
"3925",17.7
"3926",55.5
"3927",125
"3928",60.8
"3929",68.9
"3930",66.9
"3931",26.3
"3932",64.3
"3933",15.9
"3934",61.7
"3935",60.6
"3936",34.8
"3937",70.9
"3938",23.4
"3939",54.8
"3940",14
"3941",164.9
"3942",48.5
"3943",34
"3944",23.7
"3945",68.1
"3946",124.6
"3947",51.7
"3948",77.9
"3949",20.9
"3950",47.6
"3951",26.7
"3952",29.3
"3953",80.9
"3954",30.2
"3955",114.4
"3956",13.8
"3957",21
"3958",27.6
"3959",13.3
"3960",28.2
"3961",33.3
"3962",43.6
"3963",23.3
"3964",11.6
"3965",26
"3966",56.7
"3967",34.7
"3968",36.1
"3969",33.3
"3970",40.5
"3971",120
"3972",36.3
"3973",35.8
"3974",38.3
"3975",63.5
"3976",17.5
"3977",25.7
"3978",68.5
"3979",17.7
"3980",27.9
"3981",97.3
"3982",38
"3983",22.9
"3984",42.9
"3985",46.6
"3986",126.5
"3987",30.2
"3988",36.4
"3989",38.1
"3990",72.2
"3991",17.5
"3992",41.4
"3993",45.8
"3994",58.8
"3995",47
"3996",11.4
"3997",44.9
"3998",68.5
"3999",43.7
"4000",50.7
"4001",52.8
"4002",32.1
"4003",48.7
"4004",20.8
"4005",31.8
"4006",78.5
"4007",36.5
"4008",24.7
"4009",87.9
"4010",52.3
"4011",39.9
"4012",46.5
"4013",26.5
"4014",30
"4015",19.7
"4016",59.6
"4017",55.8
"4018",64
"4019",29.6
"4020",75.2
"4021",17.7
"4022",26.4
"4023",28.7
"4024",77.5
"4025",54.9
"4026",50.7
"4027",62.2
"4028",87
"4029",99.3
"4030",20.2
"4031",47.5
"4032",22.7
"4033",53.5
"4034",31.8
"4035",94
"4036",31.1
"4037",30.7
"4038",84
"4039",20.9
"4040",26.7
"4041",183.1
"4042",29.7
"4043",15.9
"4044",26.9
"4045",82.1
"4046",64.5
"4047",33.8
"4048",53.7
"4049",54.7
"4050",33.4
"4051",34.7
"4052",18.3
"4053",81.3
"4054",63
"4055",92.4
"4056",17
"4057",60.4
"4058",32.8
"4059",39.1
"4060",24.6
"4061",45.6
"4062",41.8
"4063",22.1
"4064",34.1
"4065",40.2
"4066",70.8
"4067",24.6
"4068",37.3
"4069",20.1
"4070",25.6
"4071",34.5
"4072",27.2
"4073",30.7
"4074",46.5
"4075",36.1
"4076",10.8
"4077",11.2
"4078",42.5
"4079",91.8
"4080",27.2
"4081",118
"4082",28.1
"4083",76.4
"4084",36.9
"4085",32.1
"4086",77.2
"4087",59
"4088",21.3
"4089",25.9
"4090",14.6
"4091",99.6
"4092",69
"4093",50.6
"4094",28.1
"4095",31.1
"4096",31.4
"4097",42.9
"4098",31.7
"4099",50.8
"4100",59.2
"4101",58.3
"4102",24.6
"4103",36
"4104",64.8
"4105",47.9
"4106",40.4
"4107",25.1
"4108",48.8
"4109",29.7
"4110",30.5
"4111",19.6
"4112",77.2
"4113",36.3
"4114",36.3
"4115",82.6
"4116",55.8
"4117",21.9
"4118",26.9
"4119",48
"4120",64.2
"4121",50.6
"4122",40.8
"4123",57.3
"4124",52.5
"4125",42.1
"4126",32.4
"4127",43.7
"4128",34
"4129",46.1
"4130",37.2
"4131",24.5
"4132",51.9
"4133",86.4
"4134",40.8
"4135",12
"4136",15.6
"4137",95.8
"4138",28.1
"4139",40.5
"4140",68.5
"4141",45
"4142",131.4
"4143",29.3
"4144",59.9
"4145",132.4
"4146",29.6
"4147",26.1
"4148",131.9
"4149",10.1
"4150",41.2
"4151",67.8
"4152",50.9
"4153",49.2
"4154",52
"4155",38.7
"4156",44
"4157",39.1
"4158",22.7
"4159",73
"4160",29.2
"4161",154.3
"4162",66.6
"4163",32.8
"4164",86
"4165",33.1
"4166",74.4
"4167",47.4
"4168",39.5
"4169",34.1
"4170",30.7
"4171",46.9
"4172",61.3
"4173",70.1
"4174",47.6
"4175",87
"4176",17.5
"4177",130
"4178",20.7
"4179",34.9
"4180",25.9
"4181",73.4
"4182",18.7
"4183",38.6
"4184",31.2
"4185",25.9
"4186",104.2
"4187",34.4
"4188",32.4
"4189",27.2
"4190",19.3
"4191",70.9
"4192",33.1
"4193",76.2
"4194",71.2
"4195",35.3
"4196",23
"4197",29.2
"4198",175.4
"4199",51.2
"4200",24.2
"4201",29.5
"4202",30.5
"4203",39.7
"4204",73.2
"4205",47.4
"4206",31.6
"4207",32.8
"4208",45.1
"4209",50.7
"4210",41.2
"4211",55.6
"4212",22.4
"4213",11.3
"4214",33.2
"4215",34.3
"4216",20.8
"4217",16.8
"4218",29.4
"4219",62.8
"4220",54.6
"4221",30.7
"4222",28.8
"4223",23
"4224",18.2
"4225",15.6
"4226",51.1
"4227",19.5
"4228",21.8
"4229",64.6
"4230",24.1
"4231",31.1
"4232",14.8
"4233",57.2
"4234",37.5
"4235",22.4
"4236",20.7
"4237",60.8
"4238",15
"4239",9.9
"4240",54.4
"4241",15.2
"4242",27.9
"4243",54
"4244",50.6
"4245",126.8
"4246",21.4
"4247",12
"4248",42.9
"4249",41.1
"4250",121.8
"4251",42
"4252",24.8
"4253",27
"4254",48
"4255",13.4
"4256",40.6
"4257",72.3
"4258",118.1
"4259",82.4
"4260",22.2
"4261",48.9
"4262",21.8
"4263",24.6
"4264",68.9
"4265",78.3
"4266",24.4
"4267",56.2
"4268",78.9
"4269",38.6
"4270",54.7
"4271",35.4
"4272",25.7
"4273",58.2
"4274",47.4
"4275",29.6
"4276",114.9
"4277",51
"4278",32.9
"4279",81.8
"4280",23.8
"4281",51.6
"4282",79.5
"4283",23.1
"4284",28.1
"4285",47
"4286",58.2
"4287",40.5
"4288",35.3
"4289",15
"4290",30.2
"4291",39.2
"4292",10
"4293",56.5
"4294",36
"4295",84.2
"4296",14.6
"4297",27.5
"4298",91.2
"4299",15.4
"4300",47.2
"4301",17.9
"4302",104
"4303",54.3
"4304",18.6
"4305",25.7
"4306",51.2
"4307",80.3
"4308",33.2
"4309",13
"4310",72.8
"4311",58.1
"4312",52.2
"4313",18.8
"4314",20.9
"4315",19.9
"4316",26.6
"4317",29.9
"4318",67.7
"4319",31.7
"4320",36
"4321",34
"4322",45.2
"4323",53.2
"4324",21.7
"4325",153.9
"4326",38.2
"4327",39.4
"4328",54.6
"4329",19.8
"4330",32.3
"4331",59.3
"4332",15.4
"4333",34.1
"4334",35.3
"4335",83.1
"4336",30
"4337",47.3
"4338",42.9
"4339",43.2
"4340",50.5
"4341",24.5
"4342",28.3
"4343",57.5
"4344",15.3
"4345",38.6
"4346",36.7
"4347",147.4
"4348",113.1
"4349",67.6
"4350",39.3
"4351",67.8
"4352",58.4
"4353",30.3
"4354",39.4
"4355",26.4
"4356",21.4
"4357",41.1
"4358",32.1
"4359",81.5
"4360",21.8
"4361",26.5
"4362",27.4
"4363",16.4
"4364",37.9
"4365",25.9
"4366",55.5
"4367",37.1
"4368",12.9
"4369",16.6
"4370",27.5
"4371",19.8
"4372",37.8
"4373",19.8
"4374",35.1
"4375",42.6
"4376",20.3
"4377",19.9
"4378",22.8
"4379",56.5
"4380",19.6
"4381",59.1
"4382",12.1
"4383",49.3
"4384",80
"4385",6.4
"4386",24.5
"4387",17.1
"4388",27.9
"4389",30.1
"4390",38.9
"4391",19.6
"4392",62.8
"4393",49.5
"4394",87.9
"4395",34
"4396",40.4
"4397",21.5
"4398",48.7
"4399",99.7
"4400",32.5
"4401",24.6
"4402",45.5
"4403",72
"4404",37.2
"4405",33.4
"4406",20.6
"4407",47.7
"4408",45.9
"4409",22.8
"4410",112.1
"4411",48.8
"4412",22.9
"4413",34.6
"4414",42.7
"4415",40.5
"4416",73.1
"4417",113.1
"4418",70.8
"4419",47.1
"4420",112.2
"4421",69.8
"4422",31.3
"4423",50.1
"4424",17.8
"4425",14.5
"4426",13.4
"4427",17.7
"4428",35.9
"4429",59.4
"4430",41.3
"4431",93.9
"4432",59.5
"4433",38.1
"4434",51.4
"4435",97.4
"4436",79
"4437",50.5
"4438",32.6
"4439",158.8
"4440",157.8
"4441",17.8
"4442",65.4
"4443",89.2
"4444",22.3
"4445",22.8
"4446",27.2
"4447",26.4
"4448",26.9
"4449",19.8
"4450",27.8
"4451",43.8
"4452",69.7
"4453",119.2
"4454",38.6
"4455",91.5
"4456",28.4
"4457",21.7
"4458",45.6
"4459",35.6
"4460",97.8
"4461",15.9
"4462",56.7
"4463",38.6
"4464",43.3
"4465",101.8
"4466",48.2
"4467",43.1
"4468",10.9
"4469",69.3
"4470",33.6
"4471",70.6
"4472",38.3
"4473",71.6
"4474",33.8
"4475",72.4
"4476",50.8
"4477",24.7
"4478",32.8
"4479",31.2
"4480",39.9
"4481",25.3
"4482",23.2
"4483",60.7
"4484",21
"4485",47.1
"4486",23
"4487",26.2
"4488",39.9
"4489",31.7
"4490",32.9
"4491",69.7
"4492",59.5
"4493",23.6
"4494",53
"4495",22.1
"4496",23.2
"4497",38.7
"4498",17.2
"4499",51
"4500",39.3
"4501",12.9
"4502",17.7
"4503",81.2
"4504",14.1
"4505",22.3
"4506",109.6
"4507",22.4
"4508",84
"4509",30.4
"4510",118.5
"4511",35.7
"4512",47
"4513",44.1
"4514",17.3
"4515",38.1
"4516",32.9
"4517",75.5
"4518",11.4
"4519",14.9
"4520",22.8
"4521",13.3
"4522",53.8
"4523",49.8
"4524",56.2
"4525",37.9
"4526",30.2
"4527",72.9
"4528",62.2
"4529",18.8
"4530",35.9
"4531",30.5
"4532",18
"4533",36.4
"4534",38.6
"4535",21.7
"4536",12.7
"4537",21.7
"4538",36.8
"4539",23.5
"4540",25.9
"4541",16.3
"4542",38.1
"4543",58.5
"4544",73.3
"4545",30.9
"4546",34.4
"4547",21.7
"4548",88.1
"4549",39.4
"4550",52.6
"4551",15.2
"4552",16.9
"4553",130.8
"4554",109
"4555",67.5
"4556",81.6
"4557",18.2
"4558",39.5
"4559",16.7
"4560",37.5
"4561",98.2
"4562",22.8
"4563",109.4
"4564",28.3
"4565",24.8
"4566",20.2
"4567",63.4
"4568",40.7
"4569",90.6
"4570",15.1
"4571",58.5
"4572",18.1
"4573",33.3
"4574",25
"4575",48.3
"4576",35.7
"4577",57.2
"4578",27.3
"4579",15
"4580",61.3
"4581",51.1
"4582",35.2
"4583",41
"4584",27
"4585",40.2
"4586",85.2
"4587",13.6
"4588",48.8
"4589",39.2
"4590",34.9
"4591",36.2
"4592",28.6
"4593",37.2
"4594",31.8
"4595",53
"4596",32.2
"4597",53.8
"4598",29.8
"4599",33.3
"4600",34
"4601",53.2
"4602",27.7
"4603",32
"4604",19.3
"4605",40.9
"4606",80.4
"4607",33.2
"4608",74.8
"4609",40.6
"4610",54.7
"4611",46.9
"4612",45
"4613",23.2
"4614",14.2
"4615",94.4
"4616",49
"4617",75.8
"4618",40.5
"4619",28.2
"4620",33.8
"4621",22.1
"4622",48
"4623",50.1
"4624",121.3
"4625",38.1
"4626",20.4
"4627",34.2
"4628",27
"4629",24.7
"4630",43.5
"4631",17.5
"4632",34.7
"4633",25.4
"4634",23.6
"4635",63.9
"4636",49.8
"4637",79.2
"4638",16.6
"4639",19.6
"4640",62.5
"4641",115.5
"4642",76.7
"4643",67
"4644",116.3
"4645",57.9
"4646",20
"4647",35.4
"4648",25.9
"4649",28.9
"4650",16.5
"4651",51.8
"4652",30.1
"4653",21.4
"4654",46.4
"4655",46.1
"4656",24.1
"4657",28.9
"4658",40.4
"4659",16.9
"4660",25.7
"4661",25.5
"4662",41.7
"4663",132.8
"4664",85.4
"4665",38.8
"4666",41.2
"4667",51.3
"4668",43.8
"4669",40.8
"4670",33.2
"4671",22.5
"4672",57.5
"4673",39.9
"4674",70.2
"4675",32.6
"4676",24.4
"4677",84.5
"4678",17.2
"4679",32.5
"4680",40.9
"4681",21.6
"4682",25.9
"4683",47.5
"4684",116.9
"4685",156
"4686",87.2
"4687",36.8
"4688",45.9
"4689",95.3
"4690",25.9
"4691",11.7
"4692",32.7
"4693",84.7
"4694",108.3
"4695",22.5
"4696",32.2
"4697",22.9
"4698",104.6
"4699",34.2
"4700",17.6
"4701",27.6
"4702",41.6
"4703",30.3
"4704",20.4
"4705",15.4
"4706",16.5
"4707",26.5
"4708",113
"4709",14.7
"4710",68.1
"4711",17.3
"4712",37
"4713",19.9
"4714",17.8
"4715",152.6
"4716",47.7
"4717",48.4
"4718",16.3
"4719",44.5
"4720",24.4
"4721",29.5
"4722",87
"4723",18.9
"4724",14
"4725",55.1
"4726",15.5
"4727",64.7
"4728",75.6
"4729",74.7
"4730",12.9
"4731",22.1
"4732",42.6
"4733",45.5
"4734",63.7
"4735",11.1
"4736",36.8
"4737",110.4
"4738",17.7
"4739",29.5
"4740",16
"4741",40.1
"4742",42.6
"4743",70.1
"4744",14.3
"4745",70.3
"4746",29.6
"4747",26.6
"4748",106.6
"4749",89.1
"4750",36.5
"4751",124.8
"4752",32.3
"4753",25.8
"4754",29.9
"4755",48.5
"4756",72.3
"4757",50.7
"4758",26.1
"4759",100.3
"4760",40.1
"4761",53.6
"4762",99.6
"4763",34
"4764",55.7
"4765",43.1
"4766",43.3
"4767",25.2
"4768",82.7
"4769",76.4
"4770",43.8
"4771",47.6
"4772",16.5
"4773",27.2
"4774",42.2
"4775",56.4
"4776",11.9
"4777",27.6
"4778",66.4
"4779",62.4
"4780",41.2
"4781",65
"4782",45.5
"4783",22.6
"4784",40.3
"4785",43.3
"4786",70.7
"4787",20.1
"4788",18
"4789",9
"4790",43.7
"4791",35.3
"4792",92.9
"4793",63.9
"4794",29.3
"4795",33.8
"4796",47.1
"4797",52.6
"4798",27.1
"4799",73.7
"4800",18.8
"4801",71.6
"4802",8.7
"4803",26.9
"4804",53.3
"4805",24.7
"4806",31.5
"4807",75.2
"4808",18.3
"4809",59.6
"4810",25.5
"4811",15
"4812",51.7
"4813",68.2
"4814",37.2
"4815",21
"4816",24.2
"4817",94.7
"4818",21
"4819",26
"4820",21.5
"4821",79.2
"4822",36
"4823",26.2
"4824",50.6
"4825",37.9
"4826",33.3
"4827",43.4
"4828",26
"4829",29.5
"4830",50
"4831",32.2
"4832",33
"4833",48.8
"4834",28.8
"4835",51
"4836",67.8
"4837",54
"4838",75.2
"4839",109.1
"4840",169
"4841",29
"4842",160
"4843",45.4
"4844",31.1
"4845",41.8
"4846",103.1
"4847",56.9
"4848",61.2
"4849",40.2
"4850",70.9
"4851",58.3
"4852",57.4
"4853",24.6
"4854",15
"4855",36.4
"4856",39
"4857",65.3
"4858",37.2
"4859",125
"4860",45.2
"4861",150.5
"4862",71.9
"4863",20.7
"4864",22.6
"4865",16
"4866",38.9
"4867",41.7
"4868",21.4
"4869",51.8
"4870",73.4
"4871",9.6
"4872",66.1
"4873",28.4
"4874",50.1
"4875",29.6
"4876",49.4
"4877",20.8
"4878",89.9
"4879",17.6
"4880",79.2
"4881",23.2
"4882",74.4
"4883",32.5
"4884",41.4
"4885",36.8
"4886",27.3
"4887",23.7
"4888",87.1
"4889",16.7
"4890",46.5
"4891",82.9
"4892",30.5
"4893",61.7
"4894",47.3
"4895",47
"4896",45
"4897",17.9
"4898",7.6
"4899",34.3
"4900",29.2
"4901",27.3
"4902",50.3
"4903",55.1
"4904",25.5
"4905",24.3
"4906",50.3
"4907",44.6
"4908",55.1
"4909",36.6
"4910",17.2
"4911",34.9
"4912",29.7
"4913",19.3
"4914",39.8
"4915",14.9
"4916",22.8
"4917",70.3
"4918",28
"4919",59.8
"4920",41.4
"4921",90.2
"4922",116.4
"4923",7.6
"4924",28.2
"4925",24.1
"4926",26.5
"4927",65.3
"4928",32.4
"4929",69.2
"4930",17.9
"4931",44.1
"4932",16.4
"4933",13.4
"4934",23.9
"4935",71.5
"4936",70.1
"4937",55.5
"4938",47.2
"4939",31.2
"4940",33.6
"4941",42.3
"4942",38.5
"4943",52.3
"4944",40.8
"4945",46.6
"4946",32.1
"4947",15.3
"4948",78.6
"4949",33
"4950",20.3
"4951",76.5
"4952",33
"4953",26.3
"4954",122
"4955",50.2
"4956",53.6
"4957",39.5
"4958",22
"4959",28.7
"4960",96.6
"4961",29
"4962",39
"4963",34.4
"4964",27.2
"4965",47.5
"4966",28.6
"4967",83.9
"4968",19
"4969",17.6
"4970",46.8
"4971",71
"4972",28.2
"4973",48
"4974",55.6
"4975",40.9
"4976",15.3
"4977",39.3
"4978",44.9
"4979",15.1
"4980",32.4
"4981",39.6
"4982",55.2
"4983",38.1
"4984",32.5
"4985",67.1
"4986",53.2
"4987",28.8
"4988",58.5
"4989",53.3
"4990",92.1
"4991",24.9
"4992",18
"4993",73.8
"4994",45.3
"4995",46.9
"4996",58
"4997",42.5
"4998",28.7
"4999",36.3
"5000",17.9
"5001",50.2
"5002",34.6
"5003",28.3
"5004",38.9
"5005",52.2
"5006",38.6
"5007",27
"5008",60.7
"5009",10.4
"5010",78.4
"5011",73.7
"5012",34
"5013",47.4
"5014",92.9
"5015",29.3
"5016",22.4
"5017",19.9
"5018",51.9
"5019",32.1
"5020",27.1
"5021",25.3
"5022",78.4
"5023",27.4
"5024",9
"5025",55.8
"5026",33.4
"5027",83.8
"5028",33.7
"5029",39.2
"5030",27.4
"5031",55.7
"5032",59.5
"5033",28.2
"5034",74.2
"5035",43.5
"5036",32.4
"5037",107
"5038",29.2
"5039",25.4
"5040",39.9
"5041",38.3
"5042",76.2
"5043",46.6
"5044",23.4
"5045",47.4
"5046",33.8
"5047",27.8
"5048",44.2
"5049",111.7
"5050",31
"5051",65.1
"5052",57.4
"5053",28
"5054",69.8
"5055",46.2
"5056",49.2
"5057",17.6
"5058",66.7
"5059",69.7
"5060",26.7
"5061",35.4
"5062",30.8
"5063",67.2
"5064",66.6
"5065",61.3
"5066",80.1
"5067",52.5
"5068",25.8
"5069",99
"5070",102.7
"5071",53.8
"5072",47
"5073",37.5
"5074",75
"5075",56.9
"5076",22.8
"5077",6.2
"5078",11.9
"5079",53.6
"5080",25
"5081",39.8
"5082",64.5
"5083",36.9
"5084",62.7
"5085",73.4
"5086",46
"5087",169.5
"5088",30.6
"5089",38.1
"5090",24.5
"5091",22.2
"5092",28.5
"5093",20.1
"5094",33.4
"5095",49.3
"5096",79.9
"5097",76.6
"5098",65.1
"5099",44
"5100",151.7
"5101",30
"5102",107.1
"5103",43
"5104",22.1
"5105",36.6
"5106",56.2
"5107",33.5
"5108",54.5
"5109",89.6
"5110",50
"5111",64.3
"5112",33.2
"5113",36.4
"5114",38.6
"5115",67.9
"5116",13.8
"5117",73.1
"5118",43.9
"5119",82.6
"5120",79.2
"5121",65.7
"5122",199.3
"5123",97.1
"5124",79.1
"5125",25.1
"5126",45.9
"5127",57.1
"5128",46.5
"5129",42.1
"5130",15.4
"5131",82.5
"5132",58.5
"5133",14.7
"5134",43.5
"5135",77.5
"5136",37.2
"5137",12.8
"5138",28.8
"5139",32.8
"5140",51.1
"5141",137.8
"5142",48
"5143",65.4
"5144",60.5
"5145",30.9
"5146",68.3
"5147",36.6
"5148",63.6
"5149",104.2
"5150",35.8
"5151",26
"5152",41.7
"5153",31.9
"5154",93.6
"5155",115.3
"5156",30
"5157",49.4
"5158",52.9
"5159",15.9
"5160",23.4
"5161",26.7
"5162",31.7
"5163",15.8
"5164",26.7
"5165",61.2
"5166",39.2
"5167",23.5
"5168",89.2
"5169",35.3
"5170",27.4
"5171",51.7
"5172",119.2
"5173",16.6
"5174",36.6
"5175",15.7
"5176",61
"5177",31.7
"5178",29.7
"5179",41.6
"5180",40.4
"5181",52.1
"5182",104.7
"5183",27
"5184",28.5
"5185",17.8
"5186",28
"5187",32.4
"5188",47.7
"5189",84.9
"5190",45.9
"5191",47.3
"5192",19.6
"5193",70.1
"5194",18.8
"5195",25.1
"5196",28.4
"5197",15.3
"5198",68.1
"5199",26
"5200",33.1
"5201",82
"5202",46.6
"5203",30.2
"5204",30.5
"5205",19.3
"5206",64.4
"5207",29.3
"5208",40.8
"5209",68.1
"5210",64.2
"5211",38.8
"5212",27.2
"5213",48.9
"5214",15.9
"5215",51.3
"5216",41.6
"5217",32
"5218",35.1
"5219",23.6
"5220",40.8
"5221",117.7
"5222",16
"5223",19.7
"5224",29.9
"5225",29.2
"5226",38.6
"5227",28.5
"5228",16
"5229",30.9
"5230",98.4
"5231",61.1
"5232",25
"5233",25.5
"5234",25.4
"5235",59.2
"5236",24.6
"5237",51.2
"5238",177.8
"5239",19.6
"5240",35.7
"5241",20.3
"5242",40
"5243",85.4
"5244",103.7
"5245",30.4
"5246",86.7
"5247",45.9
"5248",31.2
"5249",68.2
"5250",18.1
"5251",43.3
"5252",35.7
"5253",36
"5254",69.3
"5255",50.6
"5256",37.9
"5257",26.7
"5258",43.9
"5259",120.8
"5260",20.6
"5261",31.7
"5262",39.4
"5263",44.1
"5264",25.6
"5265",57.6
"5266",50.9
"5267",9.9
"5268",54.4
"5269",114.3
"5270",26
"5271",65.3
"5272",62.1
"5273",84.5
"5274",27.3
"5275",29.8
"5276",23.3
"5277",32.8
"5278",35.8
"5279",42.4
"5280",21.7
"5281",32.5
"5282",94.4
"5283",42.7
"5284",54.6
"5285",39
"5286",20.8
"5287",61.8
"5288",46.9
"5289",28.2
"5290",53.9
"5291",38.2
"5292",24.7
"5293",11.8
"5294",157
"5295",15.4
"5296",35.7
"5297",22.5
"5298",51.9
"5299",76
"5300",12.3
"5301",31
"5302",57.5
"5303",16.9
"5304",68.5
"5305",36.4
"5306",97
"5307",24.6
"5308",42.2
"5309",44.1
"5310",72.5
"5311",20.1
"5312",27.2
"5313",51.6
"5314",10.1
"5315",31.7
"5316",14.2
"5317",94.5
"5318",20.4
"5319",46.5
"5320",74
"5321",83.2
"5322",44.4
"5323",35.8
"5324",64.7
"5325",91
"5326",43.1
"5327",45.3
"5328",17.6
"5329",25.8
"5330",42.5
"5331",89
"5332",15.5
"5333",50.5
"5334",24.8
"5335",40
"5336",32.4
"5337",48.6
"5338",48.8
"5339",16.7
"5340",25.6
"5341",67.5
"5342",64.4
"5343",16.4
"5344",68.3
"5345",24.3
"5346",28.4
"5347",60.4
"5348",19.4
"5349",49.1
"5350",59.7
"5351",46.5
"5352",20.9
"5353",76.3
"5354",73.2
"5355",89.9
"5356",100.8
"5357",57.7
"5358",44.3
"5359",82
"5360",30.1
"5361",24.6
"5362",11
"5363",45.6
"5364",39.7
"5365",27
"5366",41
"5367",18.1
"5368",129.8
"5369",23.9
"5370",25.7
"5371",40.2
"5372",128.1
"5373",45.2
"5374",30.4
"5375",38.7
"5376",44.7
"5377",70.6
"5378",44.3
"5379",31
"5380",36.4
"5381",48.5
"5382",15
"5383",41.6
"5384",17.6
"5385",78.5
"5386",37.8
"5387",48.2
"5388",41.5
"5389",48.2
"5390",31.6
"5391",36
"5392",27.5
"5393",96.5
"5394",123.6
"5395",88.9
"5396",21.8
"5397",12.4
"5398",18.1
"5399",48.8
"5400",28.2
"5401",24.6
"5402",125.5
"5403",20.3
"5404",46.9
"5405",153.7
"5406",20.5
"5407",18.5
"5408",27.6
"5409",63.3
"5410",37
"5411",65.8
"5412",53.5
"5413",35.9
"5414",48.9
"5415",34.3
"5416",23.4
"5417",34.4
"5418",74.9
"5419",19.9
"5420",16.6
"5421",160.8
"5422",23.8
"5423",36.5
"5424",11.7
"5425",52
"5426",61.8
"5427",35
"5428",18.6
"5429",32.7
"5430",21.1
"5431",61.8
"5432",59.7
"5433",62.3
"5434",55.5
"5435",20.7
"5436",63.4
"5437",22.9
"5438",48
"5439",52.9
"5440",16.4
"5441",43.9
"5442",46.8
"5443",68.7
"5444",19.1
"5445",71
"5446",31.2
"5447",51
"5448",9.7
"5449",19.1
"5450",41.8
"5451",36.5
"5452",66.1
"5453",37.7
"5454",52.1
"5455",42.9
"5456",42.9
"5457",41.4
"5458",93.9
"5459",38
"5460",57.5
"5461",27.2
"5462",28.2
"5463",39.6
"5464",36.8
"5465",39
"5466",23.2
"5467",86.7
"5468",64.8
"5469",19.1
"5470",43.1
"5471",28.7
"5472",34.3
"5473",40.5
"5474",16.2
"5475",41.6
"5476",40.7
"5477",20.6
"5478",78.4
"5479",13.3
"5480",12.4
"5481",25.8
"5482",19.4
"5483",26.7
"5484",36.8
"5485",112.5
"5486",12.3
"5487",26
"5488",50.3
"5489",21
"5490",21.5
"5491",23.9
"5492",40.3
"5493",24.7
"5494",109.3
"5495",40.6
"5496",68.5
"5497",54.6
"5498",158.2
"5499",56.8
"5500",35.9
"5501",27.8
"5502",22.1
"5503",45.6
"5504",64.5
"5505",32.8
"5506",55.5
"5507",41.4
"5508",98.7
"5509",105.1
"5510",30.3
"5511",44.5
"5512",54.1
"5513",43.7
"5514",33.2
"5515",28.4
"5516",34.1
"5517",68.5
"5518",68.7
"5519",15.9
"5520",71.2
"5521",35.1
"5522",44.4
"5523",165.8
"5524",80.2
"5525",21.7
"5526",30.8
"5527",36.2
"5528",24.3
"5529",48.1
"5530",33.2
"5531",19.5
"5532",99.2
"5533",50.5
"5534",31.5
"5535",42.5
"5536",18.9
"5537",22.3
"5538",104.9
"5539",29.2
"5540",27.7
"5541",40
"5542",30.9
"5543",48.8
"5544",39.8
"5545",46.4
"5546",56
"5547",105.7
"5548",61.1
"5549",12.9
"5550",11.9
"5551",67.3
"5552",54.7
"5553",40.9
"5554",35.5
"5555",59.7
"5556",99.2
"5557",15.5
"5558",19.3
"5559",21.8
"5560",20.9
"5561",12
"5562",24.1
"5563",36.9
"5564",35.5
"5565",46.7
"5566",28.9
"5567",34.5
"5568",25.6
"5569",27
"5570",49.9
"5571",21.4
"5572",27.1
"5573",55.5
"5574",74.4
"5575",59
"5576",26.9
"5577",21.9
"5578",42.9
"5579",29.6
"5580",24.1
"5581",42.3
"5582",34
"5583",21.9
"5584",30
"5585",56.9
"5586",43.3
"5587",22.7
"5588",33.9
"5589",17
"5590",23.4
"5591",28.8
"5592",17.4
"5593",22.8
"5594",29.6
"5595",27
"5596",58.7
"5597",42.7
"5598",73.1
"5599",31.1
"5600",46.4
"5601",28.9
"5602",61.6
"5603",28.6
"5604",100.4
"5605",42.1
"5606",54.5
"5607",67.5
"5608",76.9
"5609",98
"5610",27.3
"5611",32.6
"5612",32.2
"5613",28.1
"5614",81.4
"5615",30.8
"5616",77.1
"5617",59.9
"5618",60.9
"5619",10.8
"5620",25.2
"5621",55.1
"5622",24.6
"5623",64
"5624",33.8
"5625",10.8
"5626",22
"5627",60.3
"5628",31.1
"5629",57.2
"5630",44.8
"5631",41.6
"5632",53.5
"5633",23.8
"5634",29.8
"5635",42.9
"5636",38.9
"5637",21.3
"5638",67.8
"5639",26.5
"5640",64.6
"5641",26.9
"5642",37.4
"5643",42.3
"5644",28.2
"5645",12.8
"5646",28.8
"5647",189.6
"5648",24.6
"5649",18.6
"5650",49.8
"5651",9.4
"5652",26.4
"5653",55.1
"5654",90.3
"5655",25.5
"5656",53.7
"5657",22.2
"5658",22.3
"5659",12.7
"5660",35.2
"5661",14
"5662",31.3
"5663",58.1
"5664",38.3
"5665",15
"5666",144.2
"5667",70.7
"5668",19
"5669",33.5
"5670",38.6
"5671",28.1
"5672",101
"5673",72.4
"5674",9.8
"5675",28.4
"5676",28
"5677",74.6
"5678",71.7
"5679",26.1
"5680",99.5
"5681",59.2
"5682",53.7
"5683",27.1
"5684",31.1
"5685",25
"5686",24.5
"5687",35.4
"5688",109.7
"5689",68.2
"5690",31.6
"5691",27.8
"5692",32
"5693",79
"5694",29.2
"5695",13.9
"5696",36.4
"5697",107.3
"5698",29.4
"5699",39
"5700",32.7
"5701",101.4
"5702",71.3
"5703",16.6
"5704",52.7
"5705",11.5
"5706",35.1
"5707",13.9
"5708",32.4
"5709",79.1
"5710",31.4
"5711",70.2
"5712",19.8
"5713",103
"5714",61.5
"5715",101.7
"5716",38.9
"5717",36.6
"5718",74
"5719",29.7
"5720",17.7
"5721",72.5
"5722",18.6
"5723",112.6
"5724",22.4
"5725",40
"5726",38.9
"5727",13.7
"5728",74
"5729",15.9
"5730",33.8
"5731",36
"5732",72.7
"5733",35.3
"5734",31.4
"5735",25.6
"5736",25.9
"5737",30.2
"5738",90.9
"5739",153.3
"5740",47.1
"5741",28.4
"5742",21.6
"5743",92.4
"5744",47.7
"5745",78.4
"5746",14.2
"5747",40.1
"5748",52.6
"5749",23.1
"5750",38.2
"5751",17.8
"5752",21.3
"5753",40.7
"5754",57
"5755",13.8
"5756",71.2
"5757",13.3
"5758",33
"5759",40.8
"5760",14
"5761",55.9
"5762",29.8
"5763",51.9
"5764",24.6
"5765",64.3
"5766",54
"5767",116.3
"5768",48.9
"5769",63.5
"5770",47.9
"5771",20.2
"5772",68.7
"5773",60.7
"5774",19.5
"5775",44.4
"5776",25.3
"5777",32.9
"5778",44
"5779",14.3
"5780",25.5
"5781",23.1
"5782",42.3
"5783",39.9
"5784",28.1
"5785",57.6
"5786",43.9
"5787",25.5
"5788",77.4
"5789",52.1
"5790",34.4
"5791",28.2
"5792",45
"5793",23.5
"5794",38.2
"5795",28.8
"5796",41.2
"5797",63
"5798",26.1
"5799",39.3
"5800",37.9
"5801",41.9
"5802",24.5
"5803",34.6
"5804",62.8
"5805",31.5
"5806",70.3
"5807",14.8
"5808",23.9
"5809",42.8
"5810",46
"5811",32.4
"5812",31.2
"5813",80.6
"5814",53
"5815",61.7
"5816",59.5
"5817",36.8
"5818",30.4
"5819",61.7
"5820",71.7
"5821",58.6
"5822",54
"5823",53.7
"5824",27.8
"5825",49.7
"5826",70.9
"5827",17.4
"5828",30.7
"5829",26.8
"5830",113.1
"5831",42
"5832",28.3
"5833",44.2
"5834",81.7
"5835",66.5
"5836",79.2
"5837",46.3
"5838",34.8
"5839",28
"5840",20.4
"5841",33
"5842",55
"5843",47.4
"5844",53.2
"5845",36
"5846",24.1
"5847",52.3
"5848",68.2
"5849",53.8
"5850",20.5
"5851",39.1
"5852",17.9
"5853",48.9
"5854",39.2
"5855",29.9
"5856",52.3
"5857",66.5
"5858",54.3
"5859",87.5
"5860",42.5
"5861",22.4
"5862",61.1
"5863",23.4
"5864",22.1
"5865",26
"5866",48.3
"5867",72.4
"5868",48.7
"5869",50.1
"5870",54.3
"5871",54.1
"5872",108.9
"5873",32.5
"5874",14.8
"5875",51.4
"5876",27.1
"5877",134.4
"5878",106.7
"5879",20.8
"5880",37.4
"5881",65.3
"5882",64.6
"5883",43.4
"5884",37.4
"5885",39.2
"5886",43.1
"5887",43.4
"5888",39.5
"5889",51.6
"5890",43.2
"5891",61.9
"5892",16.6
"5893",46.4
"5894",54.4
"5895",47.6
"5896",81.2
"5897",16.7
"5898",14.3
"5899",9.6
"5900",101.7
"5901",63.3
"5902",69.7
"5903",22.1
"5904",10
"5905",20.7
"5906",35.8
"5907",107.8
"5908",30.9
"5909",28.7
"5910",53.7
"5911",116
"5912",20
"5913",20.3
"5914",71.8
"5915",29.1
"5916",94.4
"5917",30.9
"5918",23.3
"5919",19.6
"5920",140.9
"5921",59.8
"5922",13.3
"5923",6.8
"5924",106.4
"5925",52.1
"5926",18.7
"5927",51.4
"5928",44.9
"5929",27.9
"5930",118.3
"5931",274.1
"5932",16.5
"5933",21
"5934",47.7
"5935",17.8
"5936",61.2
"5937",40.8
"5938",47.7
"5939",38.5
"5940",91.9
"5941",68.6
"5942",54.2
"5943",26.2
"5944",24.6
"5945",45.1
"5946",51.6
"5947",88
"5948",30.1
"5949",89.5
"5950",67.1
"5951",40.9
"5952",29.4
"5953",101.9
"5954",56.3
"5955",39.4
"5956",12.9
"5957",10.1
"5958",35.8
"5959",84.9
"5960",102.5
"5961",33.9
"5962",21.6
"5963",26.4
"5964",49.7
"5965",16.1
"5966",35.4
"5967",17
"5968",42.6
"5969",34.7
"5970",52
"5971",90.2
"5972",52.9
"5973",64.2
"5974",35.6
"5975",47.1
"5976",25.6
"5977",35.3
"5978",39.7
"5979",22.9
"5980",33
"5981",18.7
"5982",15.7
"5983",35.4
"5984",33.5
"5985",53.7
"5986",22.2
"5987",28.2
"5988",57
"5989",104.2
"5990",44.6
"5991",42
"5992",40.2
"5993",29.5
"5994",106.6
"5995",35.3
"5996",29.5
"5997",54
"5998",65.9
"5999",17.8
"6000",15.7
"6001",21.2
"6002",45.3
"6003",55.4
"6004",65.4
"6005",48.3
"6006",17
"6007",35.1
"6008",41.6
"6009",15.2
"6010",89.5
"6011",44.8
"6012",18.3
"6013",32.1
"6014",19.6
"6015",21.7
"6016",49.1
"6017",77.6
"6018",31.9
"6019",84.6
"6020",30.3
"6021",80.5
"6022",35.1
"6023",42
"6024",91
"6025",55.2
"6026",32.8
"6027",37
"6028",21.8
"6029",154.7
"6030",23.7
"6031",24.7
"6032",25.4
"6033",55.9
"6034",23.2
"6035",64.5
"6036",17.3
"6037",14.3
"6038",25.3
"6039",73.1
"6040",56.6
"6041",49.9
"6042",59.7
"6043",78.3
"6044",18.9
"6045",29.3
"6046",24.2
"6047",130
"6048",37.7
"6049",25.5
"6050",65.9
"6051",62.6
"6052",32.1
"6053",20.6
"6054",24
"6055",58.6
"6056",38
"6057",8.3
"6058",45.6
"6059",35.6
"6060",28.2
"6061",39
"6062",50.7
"6063",17.6
"6064",29.5
"6065",59.5
"6066",36.6
"6067",39
"6068",38.3
"6069",32.1
"6070",75.2
"6071",52.1
"6072",116.3
"6073",14.8
"6074",45.2
"6075",45
"6076",40.3
"6077",42.4
"6078",63.8
"6079",37.8
"6080",64.7
"6081",30.7
"6082",76.5
"6083",123.1
"6084",28.6
"6085",40.2
"6086",40.1
"6087",36.8
"6088",26.8
"6089",98.7
"6090",73.6
"6091",43
"6092",19.3
"6093",51.6
"6094",31
"6095",25
"6096",46.2
"6097",32.6
"6098",44.4
"6099",28
"6100",91.9
"6101",43.7
"6102",54.1
"6103",120.2
"6104",22.5
"6105",28.8
"6106",28.4
"6107",35.1
"6108",25.4
"6109",32.8
"6110",32.6
"6111",50.6
"6112",63.2
"6113",28.9
"6114",23.7
"6115",64.6
"6116",62.7
"6117",48.9
"6118",39.4
"6119",48.8
"6120",82.6
"6121",73.1
"6122",48.1
"6123",79.6
"6124",53.2
"6125",44.8
"6126",29.4
"6127",35.6
"6128",51.2
"6129",20.7
"6130",30.8
"6131",54
"6132",47.4
"6133",87
"6134",53.3
"6135",40.6
"6136",16.4
"6137",29
"6138",75
"6139",60.5
"6140",46.2
"6141",86.8
"6142",46.5
"6143",29.8
"6144",103.4
"6145",20.9
"6146",31.2
"6147",57.2
"6148",22.9
"6149",42.5
"6150",19.5
"6151",68.8
"6152",37.9
"6153",6.3
"6154",37.7
"6155",73
"6156",69.7
"6157",16.3
"6158",19.6
"6159",55.7
"6160",91.1
"6161",16.3
"6162",38.9
"6163",21.6
"6164",11.6
"6165",69.3
"6166",72.3
"6167",71.4
"6168",42.4
"6169",25.8
"6170",22.9
"6171",27.9
"6172",115.5
"6173",49.1
"6174",18.1
"6175",59.5
"6176",12.2
"6177",80.3
"6178",24.2
"6179",53.8
"6180",62.4
"6181",45.1
"6182",59.6
"6183",36.7
"6184",18
"6185",84
"6186",20.4
"6187",83.6
"6188",35.5
"6189",48.1
"6190",182.4
"6191",59.9
"6192",62.8
"6193",24.4
"6194",154.6
"6195",155.9
"6196",17.4
"6197",113.2
"6198",25.6
"6199",113.5
"6200",19.7
"6201",22.6
"6202",34.5
"6203",50.6
"6204",14.2
"6205",83.8
"6206",29.3
"6207",68.1
"6208",35.2
"6209",74.7
"6210",42.3
"6211",19.1
"6212",24.5
"6213",11.7
"6214",27.8
"6215",43.9
"6216",58.7
"6217",15.2
"6218",28.9
"6219",25.3
"6220",37
"6221",51.4
"6222",20.2
"6223",16.5
"6224",68.6
"6225",15.2
"6226",54.8
"6227",130.7
"6228",47.6
"6229",20.3
"6230",50.7
"6231",40.2
"6232",79.5
"6233",106.8
"6234",52.6
"6235",52
"6236",55.1
"6237",64.7
"6238",92.2
"6239",25.2
"6240",55.1
"6241",59.5
"6242",36.6
"6243",46.2
"6244",45.2
"6245",91.1
"6246",39.9
"6247",21.6
"6248",27.5
"6249",18.8
"6250",44.5
"6251",112
"6252",26.8
"6253",101.7
"6254",30.8
"6255",73.9
"6256",85.4
"6257",9.2
"6258",44.7
"6259",40.9
"6260",11
"6261",47.9
"6262",34.1
"6263",45.1
"6264",29.6
"6265",64.5
"6266",27.1
"6267",17.3
"6268",44.9
"6269",32.1
"6270",84
"6271",29
"6272",44.9
"6273",94.7
"6274",43.8
"6275",65.5
"6276",146.5
"6277",81.6
"6278",89
"6279",73.3
"6280",63.3
"6281",25.7
"6282",25.3
"6283",15.4
"6284",107.1
"6285",18.6
"6286",49.2
"6287",32.1
"6288",43.4
"6289",103.2
"6290",51.7
"6291",155.4
"6292",20
"6293",40.9
"6294",43.6
"6295",137
"6296",17.7
"6297",16.5
"6298",81.8
"6299",21.4
"6300",129.7
"6301",27.3
"6302",51.7
"6303",26.2
"6304",39.5
"6305",65.2
"6306",21.9
"6307",13
"6308",23.8
"6309",59.7
"6310",43.6
"6311",48.2
"6312",172.7
"6313",44.8
"6314",87.3
"6315",31
"6316",53.1
"6317",44.3
"6318",14.5
"6319",62.6
"6320",50.3
"6321",56.1
"6322",101.2
"6323",71.1
"6324",50.4
"6325",29
"6326",39.8
"6327",34.8
"6328",87.4
"6329",50.9
"6330",21.8
"6331",48.3
"6332",40.3
"6333",28.4
"6334",25.3
"6335",13.8
"6336",41.9
"6337",44.7
"6338",59.8
"6339",75.7
"6340",29.3
"6341",80.3
"6342",26.5
"6343",33.7
"6344",44.2
"6345",60.2
"6346",36.6
"6347",17.4
"6348",25.4
"6349",45.2
"6350",28.5
"6351",45.5
"6352",15.5
"6353",34.9
"6354",28.1
"6355",47
"6356",223
"6357",44.1
"6358",27.1
"6359",51
"6360",41.5
"6361",52.6
"6362",19.6
"6363",50.4
"6364",24.7
"6365",40.5
"6366",20
"6367",28.3
"6368",70.6
"6369",22.3
"6370",91.6
"6371",84.5
"6372",76.5
"6373",44.1
"6374",74.2
"6375",69
"6376",92.8
"6377",34.2
"6378",41.3
"6379",23.3
"6380",52.6
"6381",97.3
"6382",58.6
"6383",62.2
"6384",73.1
"6385",43.9
"6386",55.1
"6387",81.7
"6388",40
"6389",42.3
"6390",79.4
"6391",99.8
"6392",54
"6393",53.5
"6394",35.4
"6395",26.2
"6396",18.9
"6397",24.6
"6398",54.7
"6399",29.5
"6400",16.2
"6401",21.5
"6402",36.5
"6403",31.6
"6404",32.6
"6405",20.8
"6406",26.4
"6407",67.8
"6408",35
"6409",18.9
"6410",26.1
"6411",53.4
"6412",60.7
"6413",25.7
"6414",14.8
"6415",73.2
"6416",41
"6417",41.6
"6418",44.3
"6419",26
"6420",24.4
"6421",29
"6422",52.9
"6423",33.4
"6424",43.1
"6425",64.3
"6426",29.4
"6427",17.6
"6428",54.8
"6429",51.4
"6430",25.6
"6431",35.9
"6432",42.7
"6433",67.5
"6434",34.2
"6435",68.7
"6436",104.6
"6437",15.4
"6438",38.4
"6439",38.1
"6440",42.7
"6441",17.1
"6442",27.1
"6443",88.2
"6444",90.4
"6445",15.7
"6446",53.5
"6447",81.1
"6448",88.6
"6449",9.9
"6450",15.5
"6451",47.3
"6452",54.4
"6453",62.2
"6454",41.7
"6455",78.2
"6456",27.3
"6457",37.3
"6458",29
"6459",60.7
"6460",69.9
"6461",14
"6462",32.9
"6463",12.3
"6464",17.7
"6465",19
"6466",73.9
"6467",20.8
"6468",45.8
"6469",35.2
"6470",55.5
"6471",59.9
"6472",61.6
"6473",40.3
"6474",36.4
"6475",37.3
"6476",40.9
"6477",11.8
"6478",91.7
"6479",108.9
"6480",120.1
"6481",37.5
"6482",26.5
"6483",59.3
"6484",19.9
"6485",119.1
"6486",54.8
"6487",48.4
"6488",14.5
"6489",28.1
"6490",34.3
"6491",36
"6492",56.5
"6493",33.3
"6494",12.9
"6495",50.3
"6496",70.2
"6497",14.5
"6498",20.4
"6499",34.4
"6500",24.4
"6501",18.6
"6502",69.1
"6503",55.1
"6504",22.2
"6505",21.2
"6506",87
"6507",22.4
"6508",63.6
"6509",47.3
"6510",43.4
"6511",16.8
"6512",50.1
"6513",27.6
"6514",18.6
"6515",56.6
"6516",42
"6517",30
"6518",115.5
"6519",16.4
"6520",26.5
"6521",30.4
"6522",39.9
"6523",112.6
"6524",54.3
"6525",58.5
"6526",53.3
"6527",33.4
"6528",56.2
"6529",53.6
"6530",17.7
"6531",23.6
"6532",51.5
"6533",18.2
"6534",71
"6535",12.9
"6536",45.1
"6537",25.8
"6538",39.1
"6539",20.2
"6540",20.4
"6541",65
"6542",71.3
"6543",41.7
"6544",23.8
"6545",74.7
"6546",56.6
"6547",83.4
"6548",30.8
"6549",26.4
"6550",101
"6551",212.4
"6552",58.2
"6553",16.8
"6554",24.1
"6555",102.7
"6556",20
"6557",37.5
"6558",44.3
"6559",11.1
"6560",38.2
"6561",169.9
"6562",47.7
"6563",38
"6564",18.3
"6565",58.9
"6566",18
"6567",33.1
"6568",30.5
"6569",33.6
"6570",25.2
"6571",67.2
"6572",30.9
"6573",28.5
"6574",56.7
"6575",27.8
"6576",35.8
"6577",88.4
"6578",21.8
"6579",28
"6580",28.5
"6581",33.1
"6582",85.8
"6583",58.1
"6584",36.1
"6585",37.8
"6586",172.1
"6587",86.1
"6588",41.2
"6589",89.7
"6590",43.6
"6591",64.5
"6592",41
"6593",16.1
"6594",112.4
"6595",24.4
"6596",121
"6597",34.9
"6598",57.6
"6599",36.5
"6600",43.2
"6601",17.7
"6602",14.2
"6603",64.4
"6604",15.4
"6605",44
"6606",40.9
"6607",46.3
"6608",22.8
"6609",43
"6610",19.9
"6611",32
"6612",76.2
"6613",60.4
"6614",30.4
"6615",17.2
"6616",47.9
"6617",47.9
"6618",15.4
"6619",52.8
"6620",28.9
"6621",28.9
"6622",28.1
"6623",42.6
"6624",85
"6625",17.5
"6626",47.8
"6627",37.4
"6628",53.6
"6629",39.5
"6630",24.7
"6631",39.3
"6632",50.8
"6633",52.7
"6634",115.8
"6635",47.2
"6636",22.1
"6637",24.5
"6638",10.6
"6639",43.8
"6640",73.7
"6641",22.9
"6642",58.6
"6643",191.5
"6644",23.7
"6645",22
"6646",76.6
"6647",32.6
"6648",25.7
"6649",58.7
"6650",89.6
"6651",44.4
"6652",26.5
"6653",11.4
"6654",21.1
"6655",91
"6656",39
"6657",16
"6658",18.3
"6659",28.4
"6660",30.3
"6661",20.7
"6662",47.4
"6663",49.5
"6664",16.5
"6665",44.3
"6666",21.9
"6667",51.4
"6668",51.8
"6669",16.6
"6670",18.1
"6671",38.5
"6672",40.7
"6673",36.2
"6674",47.2
"6675",54.1
"6676",84
"6677",32.2
"6678",53.8
"6679",77.2
"6680",47.4
"6681",59.7
"6682",26.1
"6683",22.7
"6684",84.8
"6685",53.1
"6686",35.8
"6687",26
"6688",66.5
"6689",46.6
"6690",66
"6691",33
"6692",32.2
"6693",52.4
"6694",41.2
"6695",28.5
"6696",28.2
"6697",34.5
"6698",44.9
"6699",47.5
"6700",69
"6701",18.5
"6702",34
"6703",17.3
"6704",27.1
"6705",53.3
"6706",37.8
"6707",38.2
"6708",27.9
"6709",21.1
"6710",13.4
"6711",37.9
"6712",45.8
"6713",18.7
"6714",52
"6715",34.5
"6716",26.9
"6717",56.1
"6718",31.7
"6719",32
"6720",112.3
"6721",12.2
"6722",40.1
"6723",104.4
"6724",47.9
"6725",34.2
"6726",42.7
"6727",55.2
"6728",38.3
"6729",21.2
"6730",31.9
"6731",37
"6732",43.3
"6733",45.8
"6734",22.9
"6735",36.1
"6736",30.2
"6737",60.4
"6738",96.8
"6739",77.6
"6740",40
"6741",70.1
"6742",28.2
"6743",14.2
"6744",28.4
"6745",30.5
"6746",39.8
"6747",26.1
"6748",64.4
"6749",36.7
"6750",27.3
"6751",30.3
"6752",74.8
"6753",20
"6754",76.4
"6755",43.9
"6756",13
"6757",66.7
"6758",18.5
"6759",29.1
"6760",58.5
"6761",19.1
"6762",20.8
"6763",17.2
"6764",44
"6765",16.8
"6766",34.9
"6767",46
"6768",14.3
"6769",48.2
"6770",52.8
"6771",15.1
"6772",25
"6773",85.9
"6774",45.5
"6775",37.7
"6776",31.4
"6777",32.6
"6778",29.5
"6779",59
"6780",58.3
"6781",69.8
"6782",15.3
"6783",58.8
"6784",57.3
"6785",22.8
"6786",37.5
"6787",121
"6788",30.2
"6789",13.5
"6790",19.8
"6791",71.7
"6792",35.2
"6793",59.3
"6794",66
"6795",78.3
"6796",59.9
"6797",34.9
"6798",36.5
"6799",28.9
"6800",78.3
"6801",31.9
"6802",33.4
"6803",63.7
"6804",19.9
"6805",32.7
"6806",25
"6807",24
"6808",47.1
"6809",66.6
"6810",54.3
"6811",37.4
"6812",24.1
"6813",30.8
"6814",22.2
"6815",46.5
"6816",60.5
"6817",42.7
"6818",49.6
"6819",12.7
"6820",51.6
"6821",35.1
"6822",26.5
"6823",160.6
"6824",79.1
"6825",35.4
"6826",80.6
"6827",18.7
"6828",38.5
"6829",69.5
"6830",44.1
"6831",52.2
"6832",25.8
"6833",55.4
"6834",44.8
"6835",60.5
"6836",41.3
"6837",41.1
"6838",49.8
"6839",50.8
"6840",43.1
"6841",19.1
"6842",18
"6843",21.8
"6844",27.7
"6845",32.8
"6846",62.3
"6847",43.7
"6848",91.6
"6849",22
"6850",38.5
"6851",122
"6852",41.1
"6853",10.1
"6854",48.4
"6855",31.6
"6856",25.6
"6857",29.9
"6858",78.1
"6859",59.8
"6860",30.7
"6861",21.2
"6862",25.7
"6863",27.9
"6864",45.8
"6865",96.1
"6866",39.9
"6867",39.7
"6868",36.8
"6869",105.8
"6870",13.1
"6871",48.5
"6872",98
"6873",22.3
"6874",62.3
"6875",36.4
"6876",109.8
"6877",25.4
"6878",27.7
"6879",36.6
"6880",27.6
"6881",115.3
"6882",90.9
"6883",47.3
"6884",105.9
"6885",21.9
"6886",43.9
"6887",46.7
"6888",74.2
"6889",44
"6890",20.6
"6891",49
"6892",53.6
"6893",24.3
"6894",102.2
"6895",29.4
"6896",39.6
"6897",31.9
"6898",15.1
"6899",36.7
"6900",17
"6901",54.4
"6902",69.7
"6903",23.8
"6904",35
"6905",16.6
"6906",32.2
"6907",47
"6908",19.3
"6909",68.5
"6910",37.7
"6911",43.8
"6912",20.6
"6913",61.2
"6914",18.5
"6915",43.8
"6916",46.1
"6917",65.7
"6918",23.1
"6919",18.8
"6920",28.7
"6921",13.2
"6922",43
"6923",66.4
"6924",62.6
"6925",63
"6926",51.7
"6927",50.3
"6928",32.5
"6929",20.7
"6930",93.6
"6931",102.7
"6932",45.3
"6933",106.7
"6934",103.5
"6935",86.6
"6936",21.7
"6937",26
"6938",60.7
"6939",38.9
"6940",21.9
"6941",21.3
"6942",81.7
"6943",42.7
"6944",43.5
"6945",13.8
"6946",20.1
"6947",53
"6948",84.5
"6949",45.3
"6950",32.9
"6951",38.1
"6952",19.5
"6953",11.3
"6954",20.4
"6955",31.3
"6956",43.3
"6957",19.9
"6958",26.7
"6959",82.3
"6960",29.7
"6961",30.3
"6962",24.7
"6963",23.9
"6964",12.4
"6965",92.7
"6966",26.9
"6967",17.9
"6968",10.9
"6969",98.1
"6970",90.3
"6971",25
"6972",80.1
"6973",35.7
"6974",39.8
"6975",58.2
"6976",39.5
"6977",20
"6978",78.7
"6979",91.1
"6980",34.3
"6981",27.4
"6982",33.1
"6983",131.4
"6984",61.3
"6985",126.9
"6986",52.2
"6987",31.6
"6988",25.1
"6989",34.2
"6990",111
"6991",63.1
"6992",28.1
"6993",48.1
"6994",70.8
"6995",16.1
"6996",55.7
"6997",97.7
"6998",43
"6999",33.1
"7000",30.5
"7001",51.7
"7002",58.4
"7003",45
"7004",96.5
"7005",29.1
"7006",42.1
"7007",37.6
"7008",22.7
"7009",23.4
"7010",31.3
"7011",53.7
"7012",80.5
"7013",37.9
"7014",26.8
"7015",20.2
"7016",33.6
"7017",53.1
"7018",65.4
"7019",17.3
"7020",20.2
"7021",68.3
"7022",16.5
"7023",18.6
"7024",36.8
"7025",56.4
"7026",39.4
"7027",23.3
"7028",54.5
"7029",23
"7030",55.6
"7031",88.6
"7032",63.1
"7033",70
"7034",26.5
"7035",3.9
"7036",25
"7037",22.5
"7038",38.1
"7039",59.7
"7040",44.5
"7041",10.5
"7042",32.9
"7043",74.2
"7044",14
"7045",50.5
"7046",60.1
"7047",19.2
"7048",40.8
"7049",24
"7050",36.2
"7051",42.7
"7052",31.8
"7053",61
"7054",91.6
"7055",59
"7056",27.7
"7057",101.3
"7058",55.6
"7059",52.5
"7060",91.7
"7061",11.7
"7062",33.6
"7063",32
"7064",29.6
"7065",46.6
"7066",46.9
"7067",25.1
"7068",49
"7069",48.8
"7070",50.2
"7071",32.9
"7072",49.4
"7073",22.9
"7074",40
"7075",29.3
"7076",25.9
"7077",90.9
"7078",44.9
"7079",100.6
"7080",50.2
"7081",39.7
"7082",30.8
"7083",16.1
"7084",28.8
"7085",42.8
"7086",61.9
"7087",25.5
"7088",79.9
"7089",27.2
"7090",136.4
"7091",76.6
"7092",49.6
"7093",23.1
"7094",16.8
"7095",83.7
"7096",81.2
"7097",23.4
"7098",15.1
"7099",31.7
"7100",52.7
"7101",22
"7102",85.4
"7103",68.8
"7104",18.2
"7105",43
"7106",70.7
"7107",32.1
"7108",42.6
"7109",109.9
"7110",78.8
"7111",88.8
"7112",43.4
"7113",48.1
"7114",13.3
"7115",111
"7116",40.9
"7117",17
"7118",28
"7119",21.8
"7120",60.2
"7121",18.2
"7122",78.8
"7123",62.1
"7124",76.1
"7125",63.3
"7126",22.4
"7127",17
"7128",59.1
"7129",40.7
"7130",23.2
"7131",16.4
"7132",35.1
"7133",41.6
"7134",48
"7135",54.8
"7136",80.7
"7137",29.9
"7138",30.2
"7139",35.9
"7140",28.1
"7141",66.4
"7142",64.2
"7143",75
"7144",48.6
"7145",47
"7146",149.6
"7147",40.3
"7148",81
"7149",40.3
"7150",92.5
"7151",21.7
"7152",41.6
"7153",40.6
"7154",37.4
"7155",122.7
"7156",88.1
"7157",14.5
"7158",74.8
"7159",14.8
"7160",42.5
"7161",33.4
"7162",80.9
"7163",38
"7164",41.2
"7165",25.8
"7166",63.9
"7167",45.2
"7168",42.8
"7169",17.4
"7170",44.2
"7171",124.2
"7172",16.6
"7173",26
"7174",70.3
"7175",25
"7176",25.7
"7177",40.1
"7178",45.2
"7179",41.2
"7180",13.9
"7181",91.3
"7182",37.4
"7183",14.9
"7184",18.5
"7185",36.2
"7186",54.4
"7187",27.5
"7188",46.2
"7189",23.5
"7190",64.4
"7191",37.2
"7192",21.7
"7193",67.7
"7194",12.8
"7195",22.1
"7196",12
"7197",121.2
"7198",34.5
"7199",21.7
"7200",84.6
"7201",32.5
"7202",34.7
"7203",40.6
"7204",50.8
"7205",44.6
"7206",34.7
"7207",22.4
"7208",77.9
"7209",35.4
"7210",66.4
"7211",100.8
"7212",20.4
"7213",94
"7214",53.7
"7215",54.1
"7216",112.6
"7217",50.2
"7218",39.9
"7219",57.5
"7220",32.3
"7221",118.7
"7222",24.3
"7223",40.2
"7224",26
"7225",19.4
"7226",32
"7227",44.2
"7228",39.3
"7229",21.3
"7230",48
"7231",35.9
"7232",69.8
"7233",36
"7234",36.8
"7235",26.9
"7236",21.5
"7237",20.5
"7238",114
"7239",137.5
"7240",32.3
"7241",33.7
"7242",39.4
"7243",20.8
"7244",22.4
"7245",33.7
"7246",88.1
"7247",17.8
"7248",32.2
"7249",37.1
"7250",66.8
"7251",24
"7252",17.7
"7253",37.6
"7254",42.7
"7255",44.4
"7256",30.3
"7257",23.3
"7258",29.4
"7259",42.2
"7260",49.6
"7261",32.6
"7262",65.3
"7263",53
"7264",42.2
"7265",29.8
"7266",29.8
"7267",21.9
"7268",70.3
"7269",34.1
"7270",28.8
"7271",81
"7272",44.7
"7273",11.3
"7274",33.7
"7275",53.8
"7276",51.3
"7277",20.4
"7278",86.1
"7279",39.7
"7280",106.9
"7281",67.9
"7282",123.8
"7283",13.4
"7284",21.9
"7285",33.2
"7286",152.5
"7287",27.8
"7288",33.7
"7289",18.9
"7290",50.1
"7291",59.6
"7292",13.4
"7293",46.2
"7294",40.1
"7295",117.7
"7296",55.5
"7297",61.5
"7298",29.9
"7299",38.5
"7300",111.9
"7301",60.1
"7302",19.5
"7303",13.4
"7304",61.6
"7305",31.4
"7306",41.4
"7307",68.4
"7308",40
"7309",25.7
"7310",19.6
"7311",75.9
"7312",18.3
"7313",49.1
"7314",82.7
"7315",89.8
"7316",45.4
"7317",128.7
"7318",25.5
"7319",37.7
"7320",36.2
"7321",50.1
"7322",47.5
"7323",16.4
"7324",29
"7325",47.8
"7326",53.3
"7327",55.6
"7328",70.3
"7329",24.9
"7330",43.4
"7331",36.1
"7332",25.6
"7333",73.3
"7334",27.1
"7335",25.2
"7336",6.6
"7337",60.3
"7338",49.2
"7339",29.6
"7340",26.8
"7341",11.4
"7342",34.1
"7343",44.2
"7344",28.8
"7345",33
"7346",49.5
"7347",42.6
"7348",36.9
"7349",34.7
"7350",20.9
"7351",53.9
"7352",30.5
"7353",37.7
"7354",41.6
"7355",46.5
"7356",102.4
"7357",66.2
"7358",66.1
"7359",20
"7360",46.2
"7361",43.1
"7362",43.9
"7363",21.3
"7364",23.1
"7365",47.7
"7366",20.8
"7367",31.3
"7368",21.9
"7369",24.7
"7370",26.3
"7371",30.7
"7372",17
"7373",59.9
"7374",72.3
"7375",32.9
"7376",65.9
"7377",27.5
"7378",43.9
"7379",29.7
"7380",89.5
"7381",25.4
"7382",50.9
"7383",37.7
"7384",37.8
"7385",46.7
"7386",45.9
"7387",50.2
"7388",31.6
"7389",151.6
"7390",25
"7391",19
"7392",49.2
"7393",22.4
"7394",117.1
"7395",21.9
"7396",11.9
"7397",35.3
"7398",53.1
"7399",24.7
"7400",31.2
"7401",41.4
"7402",73.6
"7403",37.1
"7404",43.7
"7405",18.4
"7406",61.4
"7407",33.3
"7408",20.4
"7409",38.1
"7410",29.7
"7411",34.1
"7412",24.2
"7413",44.7
"7414",36.5
"7415",13.3
"7416",18.3
"7417",104.6
"7418",108.4
"7419",133.5
"7420",45.6
"7421",74.5
"7422",21.9
"7423",81.9
"7424",30.4
"7425",22.3
"7426",76.1
"7427",70.6
"7428",39
"7429",21.7
"7430",66.2
"7431",64.1
"7432",33
"7433",31.3
"7434",48.3
"7435",27.3
"7436",23.4
"7437",58.3
"7438",34
"7439",42.1
"7440",17.9
"7441",55.8
"7442",72
"7443",37
"7444",17.2
"7445",27.4
"7446",16.9
"7447",28.7
"7448",61.8
"7449",28.2
"7450",98.5
"7451",43.8
"7452",40.3
"7453",22.9
"7454",50.5
"7455",48.8
"7456",28.2
"7457",51.9
"7458",101.2
"7459",37.5
"7460",11.2
"7461",86.1
"7462",45.8
"7463",42.8
"7464",50.8
"7465",38.7
"7466",39.4
"7467",50.4
"7468",34.3
"7469",32.2
"7470",54.7
"7471",47
"7472",61.9
"7473",18.1
"7474",65.5
"7475",66.9
"7476",89.7
"7477",21.5
"7478",59.4
"7479",38.4
"7480",22.5
"7481",57.7
"7482",13.5
"7483",130.1
"7484",21.2
"7485",27.3
"7486",41.6
"7487",84.5
"7488",16.2
"7489",29.6
"7490",59.8
"7491",25.3
"7492",21.2
"7493",54.1
"7494",18.5
"7495",33.3
"7496",47.4
"7497",18
"7498",44.2
"7499",12.9
"7500",109.1
"7501",38.7
"7502",46
"7503",50.4
"7504",69.3
"7505",38.5
"7506",20.8
"7507",62.7
"7508",81.7
"7509",64.5
"7510",31.3
"7511",39.4
"7512",39.1
"7513",44.2
"7514",32.5
"7515",16.2
"7516",43.8
"7517",93.4
"7518",36.1
"7519",77.4
"7520",48.9
"7521",28.6
"7522",28.6
"7523",23.9
"7524",50.9
"7525",42.5
"7526",38.4
"7527",61.5
"7528",42.6
"7529",23.3
"7530",22.1
"7531",95.7
"7532",12.7
"7533",20
"7534",56.3
"7535",52.1
"7536",29.7
"7537",45.8
"7538",31.6
"7539",53.2
"7540",16.7
"7541",15.7
"7542",51.5
"7543",20.2
"7544",28.6
"7545",92
"7546",76.9
"7547",22.4
"7548",43.6
"7549",36.8
"7550",45
"7551",23.5
"7552",20.5
"7553",15.1
"7554",27.7
"7555",100.6
"7556",79.8
"7557",100.3
"7558",83.4
"7559",33.6
"7560",22
"7561",17.1
"7562",21.4
"7563",73.5
"7564",32.6
"7565",57
"7566",10.9
"7567",47.1
"7568",38.3
"7569",18.6
"7570",46.9
"7571",35.1
"7572",100.5
"7573",81.7
"7574",44.4
"7575",33.3
"7576",47.8
"7577",26
"7578",18.2
"7579",34
"7580",19.1
"7581",24.7
"7582",21.3
"7583",53.9
"7584",21.8
"7585",43.4
"7586",41.5
"7587",62.7
"7588",62.6
"7589",13.9
"7590",19.7
"7591",14.3
"7592",52.7
"7593",36.9
"7594",32
"7595",25.6
"7596",33.5
"7597",39.1
"7598",20.1
"7599",47.2
"7600",73.9
"7601",13.9
"7602",16.5
"7603",48.7
"7604",8.1
"7605",53.6
"7606",33.4
"7607",19.5
"7608",28.2
"7609",26
"7610",65
"7611",24.6
"7612",39.5
"7613",12.2
"7614",27
"7615",23.8
"7616",62.2
"7617",16.7
"7618",41.5
"7619",28.7
"7620",29.6
"7621",23
"7622",28.2
"7623",16.5
"7624",30.8
"7625",29.9
"7626",29.3
"7627",34.5
"7628",16.5
"7629",11.5
"7630",81
"7631",18.1
"7632",54.9
"7633",35.4
"7634",58.7
"7635",36.9
"7636",9.6
"7637",56.7
"7638",72.2
"7639",48.7
"7640",18.3
"7641",63.7
"7642",29.5
"7643",39.6
"7644",21.6
"7645",13.5
"7646",52.9
"7647",40.6
"7648",41.5
"7649",50.9
"7650",27.4
"7651",16.6
"7652",23
"7653",41.2
"7654",27.2
"7655",61.8
"7656",160.5
"7657",41.8
"7658",18.7
"7659",59.5
"7660",131.9
"7661",51.5
"7662",35.4
"7663",30.5
"7664",37.4
"7665",40.5
"7666",33.6
"7667",41
"7668",84.5
"7669",52.9
"7670",49.1
"7671",15.4
"7672",33.9
"7673",62.2
"7674",32.7
"7675",15.6
"7676",16.4
"7677",14.7
"7678",16.6
"7679",21.7
"7680",55.3
"7681",32.9
"7682",12.3
"7683",19.4
"7684",52.1
"7685",14.3
"7686",31.3
"7687",14.1
"7688",23.2
"7689",61.9
"7690",39.5
"7691",17.9
"7692",31.8
"7693",22
"7694",31.6
"7695",20.4
"7696",29.3
"7697",28.6
"7698",30.7
"7699",36.6
"7700",81.8
"7701",50.3
"7702",64.6
"7703",81.5
"7704",52.4
"7705",54.7
"7706",51.3
"7707",47.1
"7708",77
"7709",33
"7710",54.6
"7711",31.7
"7712",30.2
"7713",67.5
"7714",50.4
"7715",67.5
"7716",24.9
"7717",62
"7718",48.1
"7719",74.3
"7720",14.3
"7721",54.9
"7722",13.6
"7723",46.7
"7724",68.8
"7725",39.5
"7726",51
"7727",28.6
"7728",28
"7729",20.8
"7730",40.1
"7731",37.3
"7732",14.4
"7733",29.9
"7734",29
"7735",32.6
"7736",14.5
"7737",38.1
"7738",55.4
"7739",65.7
"7740",44.9
"7741",18.1
"7742",27.5
"7743",178.4
"7744",35.7
"7745",17.4
"7746",23.6
"7747",50.4
"7748",93.3
"7749",30.8
"7750",40.2
"7751",23.1
"7752",22.9
"7753",26.7
"7754",39.7
"7755",16.1
"7756",40.9
"7757",28.5
"7758",22.8
"7759",54.5
"7760",92.7
"7761",24.5
"7762",38.5
"7763",29
"7764",25.2
"7765",41.9
"7766",44.3
"7767",154.2
"7768",36
"7769",31.7
"7770",40
"7771",29.7
"7772",35.2
"7773",48.3
"7774",67.9
"7775",67.9
"7776",36.3
"7777",8.2
"7778",109.6
"7779",25.1
"7780",42.5
"7781",160.7
"7782",52.5
"7783",43.4
"7784",22.7
"7785",34.9
"7786",40.8
"7787",21.3
"7788",66.8
"7789",54.4
"7790",65
"7791",24.5
"7792",18.8
"7793",22
"7794",35.9
"7795",19.8
"7796",20.2
"7797",13.5
"7798",41.6
"7799",104.1
"7800",43.9
"7801",103.2
"7802",62.8
"7803",60.8
"7804",28.8
"7805",47.4
"7806",53.6
"7807",95.4
"7808",95.9
"7809",47.6
"7810",27.7
"7811",20.7
"7812",112.6
"7813",19.6
"7814",21.1
"7815",50.2
"7816",60.6
"7817",42.2
"7818",39.4
"7819",35
"7820",52.7
"7821",53.5
"7822",24.8
"7823",26.9
"7824",35.7
"7825",47.8
"7826",35.1
"7827",61.6
"7828",21.7
"7829",32.4
"7830",26
"7831",20.4
"7832",49.1
"7833",40.1
"7834",90.3
"7835",41.6
"7836",46.3
"7837",110.3
"7838",32.4
"7839",78.9
"7840",68.9
"7841",48.6
"7842",65.5
"7843",43.5
"7844",24.4
"7845",37.6
"7846",16.9
"7847",11.5
"7848",28.1
"7849",43.5
"7850",24.2
"7851",68.1
"7852",37.4
"7853",16.8
"7854",22.3
"7855",45.9
"7856",64.1
"7857",79.5
"7858",59.9
"7859",65.5
"7860",21.7
"7861",20
"7862",39.4
"7863",80.3
"7864",35.3
"7865",10.3
"7866",18.1
"7867",127.1
"7868",45
"7869",14.8
"7870",94.8
"7871",47
"7872",18.8
"7873",55.6
"7874",51.6
"7875",12.1
"7876",76.2
"7877",47.5
"7878",19.9
"7879",98.3
"7880",110
"7881",58.1
"7882",40.9
"7883",26.6
"7884",71.2
"7885",20.1
"7886",39.6
"7887",51.3
"7888",23.8
"7889",20.8
"7890",26.4
"7891",28.5
"7892",30.7
"7893",82.3
"7894",76.2
"7895",25.2
"7896",49.3
"7897",17.2
"7898",17.6
"7899",35.2
"7900",18.1
"7901",20.4
"7902",47.2
"7903",47.8
"7904",12.4
"7905",19.8
"7906",18.1
"7907",35.2
"7908",20.4
"7909",53
"7910",64.8
"7911",88.1
"7912",60.8
"7913",86.2
"7914",41.9
"7915",28.4
"7916",57.5
"7917",83.3
"7918",25
"7919",11.3
"7920",90.3
"7921",41.7
"7922",21.4
"7923",152.1
"7924",30.7
"7925",16.5
"7926",27.9
"7927",35.6
"7928",32
"7929",101.6
"7930",71.1
"7931",24.2
"7932",58.4
"7933",19.6
"7934",179.6
"7935",57.2
"7936",33.2
"7937",85.2
"7938",67.7
"7939",61
"7940",45.7
"7941",13.8
"7942",63.7
"7943",22.9
"7944",67
"7945",75.2
"7946",51.4
"7947",138.5
"7948",38.8
"7949",60.1
"7950",18.7
"7951",32.5
"7952",21
"7953",32.7
"7954",19.1
"7955",51.7
"7956",93.3
"7957",70.2
"7958",138.2
"7959",57.2
"7960",21.6
"7961",25.6
"7962",39.9
"7963",72.1
"7964",11.7
"7965",17.9
"7966",36.7
"7967",27.8
"7968",24.2
"7969",22.6
"7970",109.3
"7971",120
"7972",27.7
"7973",31.7
"7974",44.5
"7975",39.9
"7976",65.6
"7977",101.8
"7978",30.1
"7979",14.7
"7980",92.5
"7981",39.1
"7982",23.6
"7983",15.6
"7984",53.2
"7985",19.7
"7986",24.8
"7987",58.5
"7988",77
"7989",64.2
"7990",24.3
"7991",29
"7992",31
"7993",23.3
"7994",78.7
"7995",55.1
"7996",40.8
"7997",40
"7998",64.4
"7999",33.1
"8000",58.3
"8001",46.5
"8002",25.4
"8003",28.8
"8004",47.6
"8005",20.6
"8006",24.4
"8007",59.7
"8008",33.9
"8009",95.3
"8010",34.8
"8011",65.5
"8012",45.4
"8013",25
"8014",16.4
"8015",35.4
"8016",129.4
"8017",38.9
"8018",42
"8019",30.6
"8020",47.2
"8021",60.6
"8022",50
"8023",17.8
"8024",57.2
"8025",28.1
"8026",73.5
"8027",29
"8028",52.8
"8029",60.2
"8030",17.3
"8031",19.9
"8032",21.9
"8033",21.5
"8034",89.6
"8035",52.5
"8036",85.2
"8037",32.5
"8038",50.5
"8039",26.6
"8040",47.3
"8041",53
"8042",28.1
"8043",41.2
"8044",23.9
"8045",47.7
"8046",18.1
"8047",48.7
"8048",54
"8049",43.8
"8050",58.9
"8051",21.8
"8052",39.6
"8053",19.6
"8054",79.4
"8055",52.4
"8056",62.7
"8057",13
"8058",22.9
"8059",45.2
"8060",22.3
"8061",19.3
"8062",76.2
"8063",15.9
"8064",55.8
"8065",27.5
"8066",73.2
"8067",40.7
"8068",38.5
"8069",40
"8070",17.2
"8071",93.5
"8072",68.7
"8073",64.2
"8074",69.9
"8075",27.3
"8076",79.3
"8077",35.6
"8078",110.9
"8079",34.5
"8080",19.4
"8081",24.1
"8082",29
"8083",43.1
"8084",43
"8085",140.2
"8086",27.4
"8087",32.7
"8088",24.4
"8089",39.4
"8090",23.9
"8091",40.4
"8092",45.5
"8093",30.3
"8094",35.1
"8095",17.6
"8096",24.5
"8097",12.7
"8098",36.8
"8099",21.9
"8100",19.8
"8101",14.7
"8102",70
"8103",81.2
"8104",64.3
"8105",35.5
"8106",66
"8107",23.3
"8108",46.8
"8109",70.4
"8110",28.5
"8111",10
"8112",8.3
"8113",34.2
"8114",83.2
"8115",34.4
"8116",14.5
"8117",25.9
"8118",18.8
"8119",60.4
"8120",10.5
"8121",86
"8122",33.6
"8123",27.7
"8124",48.2
"8125",33.8
"8126",14.6
"8127",39.8
"8128",37.4
"8129",80.8
"8130",92.9
"8131",51.1
"8132",215.4
"8133",41.1
"8134",19.6
"8135",19.9
"8136",40.6
"8137",45.5
"8138",40.1
"8139",18.5
"8140",51.3
"8141",72.1
"8142",31.8
"8143",74.1
"8144",57.9
"8145",98.5
"8146",24.5
"8147",81.3
"8148",28.7
"8149",31.2
"8150",80.1
"8151",28.8
"8152",49.9
"8153",34.9
"8154",47.7
"8155",81.2
"8156",26.5
"8157",29.8
"8158",42.9
"8159",30.3
"8160",70.2
"8161",11.6
"8162",55.6
"8163",24.9
"8164",8.4
"8165",26.6
"8166",55.9
"8167",20.6
"8168",38.8
"8169",84.3
"8170",48.3
"8171",47.7
"8172",41
"8173",38.9
"8174",99.2
"8175",76.7
"8176",31.9
"8177",21.1
"8178",26.6
"8179",72.1
"8180",11.3
"8181",27.7
"8182",33.1
"8183",60.8
"8184",22.7
"8185",9.2
"8186",69.9
"8187",26.5
"8188",39.9
"8189",54
"8190",70.1
"8191",38
"8192",108.1
"8193",30.2
"8194",38.9
"8195",38.5
"8196",83.1
"8197",73.8
"8198",26.9
"8199",62.5
"8200",79.9
"8201",25.6
"8202",34.8
"8203",80.8
"8204",38
"8205",56.4
"8206",44.9
"8207",54.5
"8208",40
"8209",61.7
"8210",117.4
"8211",28.6
"8212",80.8
"8213",45.5
"8214",35.7
"8215",28.8
"8216",79.8
"8217",60.9
"8218",25.6
"8219",60
"8220",32
"8221",25.7
"8222",13.8
"8223",55.3
"8224",44.8
"8225",57.1
"8226",57.7
"8227",10.9
"8228",30.7
"8229",67.3
"8230",21.8
"8231",54.1
"8232",57.8
"8233",76.6
"8234",69.9
"8235",63.3
"8236",52.5
"8237",23.7
"8238",40.2
"8239",32.1
"8240",32.7
"8241",41.8
"8242",23.7
"8243",19.7
"8244",38.6
"8245",42
"8246",34.5
"8247",52
"8248",29
"8249",14.2
"8250",69.3
"8251",20
"8252",30.5
"8253",22.8
"8254",20.7
"8255",34.8
"8256",79.6
"8257",87.9
"8258",47.3
"8259",96.1
"8260",37.8
"8261",32.9
"8262",46.8
"8263",42.1
"8264",38
"8265",34.9
"8266",34.4
"8267",52.8
"8268",53.8
"8269",79.8
"8270",29.7
"8271",26.8
"8272",32
"8273",42.7
"8274",63.1
"8275",54.2
"8276",34.3
"8277",70
"8278",63.1
"8279",51.6
"8280",224
"8281",38.8
"8282",112.2
"8283",41.7
"8284",87
"8285",61.8
"8286",23.8
"8287",11.5
"8288",47
"8289",23
"8290",34.3
"8291",93.8
"8292",26.2
"8293",17.9
"8294",20.4
"8295",38.9
"8296",45.1
"8297",56.6
"8298",32
"8299",39.8
"8300",69.8
"8301",61.5
"8302",68.3
"8303",23.4
"8304",16.8
"8305",65.2
"8306",66.9
"8307",35.2
"8308",61
"8309",35.1
"8310",51.9
"8311",35.9
"8312",52.2
"8313",60.4
"8314",46.7
"8315",52.9
"8316",20.4
"8317",42.3
"8318",91.8
"8319",38.8
"8320",49.4
"8321",11.4
"8322",36.8
"8323",57.2
"8324",40
"8325",22
"8326",118.3
"8327",51.9
"8328",73.4
"8329",50.1
"8330",31
"8331",48.2
"8332",30
"8333",15.5
"8334",21.7
"8335",21.6
"8336",55.2
"8337",32.8
"8338",15.2
"8339",35.1
"8340",78.1
"8341",61.5
"8342",22.2
"8343",51
"8344",24.5
"8345",21.8
"8346",17
"8347",35.4
"8348",19.2
"8349",28.6
"8350",61.4
"8351",26.2
"8352",12.7
"8353",23.1
"8354",91.5
"8355",37.9
"8356",33.9
"8357",38.2
"8358",72.1
"8359",42.2
"8360",76.7
"8361",49
"8362",23.1
"8363",64.6
"8364",50.1
"8365",72.2
"8366",51
"8367",55.3
"8368",34.4
"8369",22.3
"8370",7
"8371",59
"8372",102.5
"8373",70.2
"8374",57.7
"8375",27.3
"8376",29.3
"8377",27.1
"8378",23.6
"8379",16.7
"8380",39.1
"8381",50.2
"8382",58.6
"8383",19
"8384",32.1
"8385",72.4
"8386",14.5
"8387",40.2
"8388",32.8
"8389",58.9
"8390",56.4
"8391",51.8
"8392",41.9
"8393",49.8
"8394",32.5
"8395",74.5
"8396",96.3
"8397",48.5
"8398",60.8
"8399",25.8
"8400",98.2
"8401",10.6
"8402",50.4
"8403",17.4
"8404",59.9
"8405",47.3
"8406",33
"8407",25.3
"8408",50.8
"8409",28.8
"8410",26
"8411",69.2
"8412",34.4
"8413",28.5
"8414",130.7
"8415",60.6
"8416",39.9
"8417",56
"8418",102.1
"8419",26.5
"8420",77.7
"8421",53.7
"8422",51.4
"8423",62.9
"8424",41.1
"8425",39.2
"8426",33.2
"8427",32.1
"8428",13.4
"8429",31.2
"8430",11.4
"8431",27.9
"8432",103.1
"8433",38.8
"8434",27.9
"8435",65.3
"8436",33.4
"8437",20.7
"8438",52.8
"8439",76
"8440",32
"8441",7.7
"8442",85.4
"8443",44.8
"8444",80.2
"8445",59.4
"8446",77.2
"8447",26.9
"8448",27.4
"8449",60.9
"8450",17.9
"8451",18.8
"8452",24.7
"8453",20.1
"8454",42.5
"8455",28.1
"8456",174.8
"8457",36
"8458",30.1
"8459",23.1
"8460",30.9
"8461",31.7
"8462",57.5
"8463",69.8
"8464",64.9
"8465",74.2
"8466",65.7
"8467",151.5
"8468",94.1
"8469",23.7
"8470",25.3
"8471",15.3
"8472",41.3
"8473",40.4
"8474",16.7
"8475",32.3
"8476",42
"8477",81.9
"8478",17.9
"8479",61
"8480",95.7
"8481",70.5
"8482",75.8
"8483",11.9
"8484",16.7
"8485",27.6
"8486",110.5
"8487",54.5
"8488",25
"8489",41.9
"8490",34.3
"8491",51.2
"8492",51.2
"8493",29.4
"8494",36.1
"8495",24
"8496",30.3
"8497",69.3
"8498",22.2
"8499",42.3
"8500",20.9
"8501",19.1
"8502",54.6
"8503",36.8
"8504",53
"8505",39.7
"8506",56.7
"8507",53.1
"8508",69.5
"8509",100.9
"8510",58.2
"8511",90.5
"8512",33.7
"8513",44.7
"8514",70.4
"8515",31.9
"8516",151.6
"8517",25.2
"8518",33.5
"8519",113.3
"8520",43.6
"8521",46.3
"8522",22.8
"8523",41.2
"8524",43.8
"8525",109.6
"8526",42.1
"8527",56.1
"8528",78.5
"8529",22.3
"8530",19.4
"8531",54.4
"8532",18.7
"8533",27.5
"8534",44.9
"8535",21.3
"8536",69.1
"8537",29.5
"8538",50.9
"8539",43.2
"8540",41.5
"8541",32
"8542",27.1
"8543",49.5
"8544",53.3
"8545",97.7
"8546",77.8
"8547",26.1
"8548",44.7
"8549",66.4
"8550",20.5
"8551",14.9
"8552",57.7
"8553",12
"8554",45.2
"8555",60.9
"8556",40.3
"8557",22.4
"8558",18.7
"8559",108.5
"8560",48.9
"8561",33
"8562",68.9
"8563",80.6
"8564",75.3
"8565",48.6
"8566",21.3
"8567",31.2
"8568",96
"8569",65.4
"8570",46.3
"8571",122.2
"8572",129.2
"8573",13.6
"8574",80.4
"8575",45.3
"8576",87.3
"8577",45.3
"8578",127.3
"8579",36.6
"8580",36.2
"8581",20.4
"8582",37.5
"8583",55.6
"8584",38.6
"8585",38
"8586",60.8
"8587",50.8
"8588",27.9
"8589",98
"8590",23.4
"8591",29.4
"8592",40.7
"8593",53.5
"8594",172.2
"8595",22.3
"8596",10.9
"8597",100.6
"8598",65.7
"8599",63.9
"8600",87
"8601",46.6
"8602",37
"8603",49.3
"8604",21.4
"8605",20.3
"8606",56.6
"8607",63.7
"8608",29.9
"8609",33.3
"8610",22.8
"8611",87
"8612",47.4
"8613",101.5
"8614",51
"8615",88.4
"8616",15.6
"8617",48.5
"8618",29.3
"8619",19.5
"8620",14.5
"8621",46
"8622",99.8
"8623",17.5
"8624",36.3
"8625",115.2
"8626",15.8
"8627",49.9
"8628",15.3
"8629",11.9
"8630",30.9
"8631",59.9
"8632",49.8
"8633",47.7
"8634",34.2
"8635",27.6
"8636",75
"8637",48.3
"8638",53
"8639",40.3
"8640",27.1
"8641",21.7
"8642",19
"8643",21.4
"8644",36.6
"8645",22.1
"8646",37.3
"8647",21
"8648",23.5
"8649",141.1
"8650",22.1
"8651",34.1
"8652",46.3
"8653",38.2
"8654",29.6
"8655",44.1
"8656",36.7
"8657",26.2
"8658",32.7
"8659",30
"8660",14.5
"8661",54.7
"8662",33
"8663",42
"8664",47.1
"8665",34.4
"8666",36.7
"8667",62.1
"8668",53.7
"8669",71.2
"8670",86.4
"8671",42.1
"8672",126
"8673",25.4
"8674",26.1
"8675",54.5
"8676",48.3
"8677",59.5
"8678",61.9
"8679",62.5
"8680",59.7
"8681",55.5
"8682",69.8
"8683",17.6
"8684",78.1
"8685",10.8
"8686",25.5
"8687",50.6
"8688",12
"8689",44.6
"8690",55.5
"8691",12.9
"8692",46.4
"8693",20.1
"8694",14.5
"8695",38.9
"8696",57
"8697",60
"8698",13.3
"8699",30.6
"8700",24.6
"8701",35.2
"8702",38.5
"8703",39.4
"8704",83.8
"8705",47.2
"8706",53
"8707",11.9
"8708",86.8
"8709",30.5
"8710",28.1
"8711",86.3
"8712",29
"8713",23.2
"8714",57.4
"8715",27.4
"8716",101.9
"8717",59.4
"8718",19
"8719",120
"8720",36.8
"8721",15.7
"8722",60.8
"8723",79.3
"8724",87.6
"8725",73.5
"8726",63.4
"8727",22.4
"8728",56.9
"8729",34.3
"8730",63.3
"8731",40.3
"8732",50.3
"8733",124.2
"8734",85.7
"8735",46.7
"8736",48.1
"8737",36.8
"8738",55.8
"8739",46
"8740",24.9
"8741",86.7
"8742",46
"8743",25.2
"8744",92.2
"8745",36.3
"8746",60.8
"8747",85.1
"8748",29.8
"8749",40.2
"8750",46.5
"8751",20.4
"8752",27
"8753",164.9
"8754",43.4
"8755",24.4
"8756",101.6
"8757",21
"8758",40.2
"8759",25.8
"8760",21.2
"8761",67.2
"8762",20.8
"8763",48.6
"8764",56.6
"8765",23.8
"8766",19.2
"8767",16.6
"8768",36.4
"8769",14.7
"8770",32.3
"8771",35.4
"8772",15.7
"8773",68.1
"8774",71.1
"8775",71.8
"8776",16.2
"8777",30
"8778",151.1
"8779",78.3
"8780",46.7
"8781",29.3
"8782",23.8
"8783",20.9
"8784",20.6
"8785",74.7
"8786",52.9
"8787",62.2
"8788",68.5
"8789",103.6
"8790",70.6
"8791",23.2
"8792",21.4
"8793",83.5
"8794",43
"8795",34.4
"8796",32.9
"8797",81.2
"8798",12
"8799",76.1
"8800",25.9
"8801",45.6
"8802",117.5
"8803",12.1
"8804",33.9
"8805",26.2
"8806",23.5
"8807",34.6
"8808",12.3
"8809",24.6
"8810",22.3
"8811",64.1
"8812",21.3
"8813",68.8
"8814",22.1
"8815",26
"8816",49.8
"8817",54.5
"8818",47.7
"8819",29.2
"8820",42.3
"8821",55.7
"8822",18.8
"8823",25.6
"8824",28.7
"8825",89.2
"8826",89.9
"8827",61
"8828",28.4
"8829",45.2
"8830",74.5
"8831",43.3
"8832",30.7
"8833",22.7
"8834",35.5
"8835",20.6
"8836",20.5
"8837",107.8
"8838",24.6
"8839",21.4
"8840",16.8
"8841",32.8
"8842",129.4
"8843",88.3
"8844",36.2
"8845",91.3
"8846",13.9
"8847",28.6
"8848",38
"8849",15.4
"8850",54.6
"8851",11.3
"8852",67
"8853",50.6
"8854",54.5
"8855",76.7
"8856",46.5
"8857",49.8
"8858",46.1
"8859",22.7
"8860",19.6
"8861",78.1
"8862",28
"8863",51.4
"8864",60.1
"8865",107.9
"8866",10.7
"8867",25.4
"8868",88.4
"8869",62.6
"8870",16
"8871",74.9
"8872",91.4
"8873",51
"8874",44.7
"8875",26.1
"8876",41.2
"8877",106.9
"8878",78.2
"8879",53.4
"8880",55
"8881",32
"8882",96
"8883",20.5
"8884",109.4
"8885",57.8
"8886",88.4
"8887",138.7
"8888",20.2
"8889",51.2
"8890",76.6
"8891",112.8
"8892",46
"8893",44.9
"8894",49.2
"8895",23.8
"8896",36
"8897",24.9
"8898",34.3
"8899",53.3
"8900",50.8
"8901",59.8
"8902",54.3
"8903",15.4
"8904",35.7
"8905",85.6
"8906",73.3
"8907",36
"8908",39.6
"8909",30.8
"8910",33.4
"8911",28.3
"8912",62.7
"8913",33.8
"8914",42.3
"8915",97.6
"8916",11
"8917",41.5
"8918",19
"8919",32.9
"8920",16.4
"8921",61.2
"8922",51.3
"8923",35.8
"8924",98.3
"8925",26.3
"8926",138.9
"8927",41.2
"8928",57.3
"8929",40.1
"8930",35.2
"8931",20.5
"8932",54.8
"8933",20.8
"8934",30.1
"8935",30.5
"8936",14.9
"8937",54.5
"8938",28.4
"8939",60.3
"8940",66.8
"8941",84.7
"8942",58.1
"8943",65.7
"8944",27.3
"8945",26.8
"8946",79.3
"8947",55.6
"8948",13.4
"8949",41.7
"8950",21.2
"8951",40.4
"8952",19
"8953",50.2
"8954",67.1
"8955",39.5
"8956",60
"8957",84.4
"8958",76.7
"8959",57.4
"8960",83.2
"8961",47.1
"8962",71.6
"8963",20.9
"8964",29.2
"8965",54.2
"8966",23.9
"8967",17.9
"8968",44.4
"8969",51.5
"8970",28.3
"8971",44.6
"8972",17.7
"8973",94.8
"8974",35.2
"8975",94.1
"8976",15.2
"8977",42.1
"8978",28.8
"8979",126.2
"8980",48.8
"8981",52.1
"8982",55.3
"8983",25.7
"8984",37.6
"8985",32.8
"8986",23.9
"8987",40.1
"8988",47.1
"8989",104
"8990",95.2
"8991",97.5
"8992",78.6
"8993",71
"8994",58.8
"8995",46.5
"8996",36.3
"8997",24.3
"8998",17.3
"8999",40.5
"9000",74
"9001",48.5
"9002",44.2
"9003",33.7
"9004",32.4
"9005",18.4
"9006",41.3
"9007",45.8
"9008",118.3
"9009",44.9
"9010",25.6
"9011",58.9
"9012",14
"9013",79.6
"9014",42.6
"9015",28.9
"9016",29.7
"9017",73.6
"9018",23.8
"9019",56.7
"9020",60.5
"9021",30.8
"9022",28.2
"9023",35.5
"9024",27.5
"9025",7.8
"9026",37.4
"9027",65.5
"9028",77.7
"9029",30.6
"9030",48.2
"9031",24.9
"9032",23.7
"9033",31.5
"9034",37.2
"9035",34
"9036",24.3
"9037",21.8
"9038",23.3
"9039",46.6
"9040",38
"9041",38.9
"9042",52.7
"9043",26.7
"9044",21.6
"9045",55.2
"9046",78.1
"9047",70
"9048",104.8
"9049",106.9
"9050",58.1
"9051",33.4
"9052",121.5
"9053",57
"9054",63.7
"9055",118.1
"9056",61.5
"9057",40.8
"9058",17.8
"9059",76.5
"9060",29.9
"9061",33.8
"9062",12.5
"9063",113.6
"9064",124.8
"9065",16.2
"9066",26.4
"9067",32.4
"9068",30.8
"9069",22.1
"9070",73.1
"9071",91.3
"9072",66.1
"9073",27.5
"9074",26.4
"9075",29
"9076",48.8
"9077",35.3
"9078",66.5
"9079",17.1
"9080",33.4
"9081",66.5
"9082",10.6
"9083",24.9
"9084",24.1
"9085",8.9
"9086",21.7
"9087",37.2
"9088",18.9
"9089",139.6
"9090",34.1
"9091",35.8
"9092",64.5
"9093",40.7
"9094",28.8
"9095",14.2
"9096",13.2
"9097",20.4
"9098",110.6
"9099",38
"9100",20.6
"9101",22.9
"9102",20.8
"9103",19.6
"9104",35.2
"9105",47.4
"9106",17
"9107",23.2
"9108",60.5
"9109",30.9
"9110",35.5
"9111",11.9
"9112",32.6
"9113",21.6
"9114",33.9
"9115",12.8
"9116",43.8
"9117",111.8
"9118",28.6
"9119",37.4
"9120",34.3
"9121",32
"9122",42.1
"9123",35.3
"9124",35.2
"9125",58.2
"9126",39.3
"9127",40
"9128",40.3
"9129",48.2
"9130",38.8
"9131",17.6
"9132",41
"9133",34.1
"9134",25.9
"9135",79.5
"9136",80.4
"9137",24.4
"9138",119
"9139",61.5
"9140",39.7
"9141",26.4
"9142",23.3
"9143",25.9
"9144",56.1
"9145",50.7
"9146",64
"9147",77.9
"9148",65.2
"9149",26.1
"9150",78.6
"9151",34.3
"9152",24.9
"9153",92
"9154",36.2
"9155",58.7
"9156",27.1
"9157",62.1
"9158",23.9
"9159",57.4
"9160",22.6
"9161",23.2
"9162",28.7
"9163",150.3
"9164",35
"9165",53.3
"9166",2.9
"9167",44.5
"9168",51.5
"9169",68.7
"9170",36.6
"9171",28.8
"9172",52
"9173",24
"9174",32.8
"9175",38.3
"9176",99.2
"9177",61.3
"9178",68
"9179",92.4
"9180",65.8
"9181",18.3
"9182",26.8
"9183",43.5
"9184",31.1
"9185",21.8
"9186",42.6
"9187",174.5
"9188",24
"9189",49.3
"9190",28.7
"9191",60.1
"9192",58.8
"9193",67.2
"9194",93.3
"9195",21
"9196",21.9
"9197",13.7
"9198",25.8
"9199",55.3
"9200",59.5
"9201",66.8
"9202",63.3
"9203",57.3
"9204",31.8
"9205",72.3
"9206",112.1
"9207",24.5
"9208",32.4
"9209",20.7
"9210",35
"9211",70
"9212",56.1
"9213",40.7
"9214",29
"9215",50.6
"9216",34.1
"9217",22.3
"9218",71.6
"9219",35.7
"9220",15.7
"9221",23
"9222",30.1
"9223",40.3
"9224",62.6
"9225",48.9
"9226",42.2
"9227",20
"9228",38.8
"9229",38.9
"9230",61.6
"9231",36.7
"9232",33.2
"9233",57.2
"9234",33.1
"9235",12.7
"9236",21.9
"9237",39.1
"9238",37.4
"9239",33.8
"9240",47.7
"9241",32
"9242",53.7
"9243",43.3
"9244",31.9
"9245",51.3
"9246",47.8
"9247",51.7
"9248",15.8
"9249",55.8
"9250",80.7
"9251",36.3
"9252",45.5
"9253",67
"9254",79.5
"9255",21.4
"9256",62.7
"9257",56.1
"9258",20.7
"9259",25.1
"9260",66.4
"9261",19.8
"9262",38.1
"9263",23.7
"9264",104.9
"9265",41.3
"9266",40.2
"9267",21.7
"9268",76.3
"9269",42.4
"9270",50.9
"9271",27.6
"9272",40.6
"9273",37.1
"9274",55.9
"9275",73.5
"9276",39
"9277",117.4
"9278",25.5
"9279",70.4
"9280",47.2
"9281",31.9
"9282",29.3
"9283",33.4
"9284",23.8
"9285",31.5
"9286",62.4
"9287",94.9
"9288",23.5
"9289",10.3
"9290",103.6
"9291",29.5
"9292",29.4
"9293",36.8
"9294",26.4
"9295",17
"9296",17.7
"9297",37.2
"9298",41.2
"9299",77.7
"9300",38.7
"9301",32
"9302",49
"9303",75.6
"9304",8.5
"9305",27.5
"9306",25.6
"9307",27.8
"9308",13.7
"9309",33.6
"9310",34.3
"9311",17
"9312",13.2
"9313",52.9
"9314",41.7
"9315",51
"9316",26.3
"9317",77
"9318",50
"9319",47.7
"9320",41
"9321",42.1
"9322",34.2
"9323",35.5
"9324",101.8
"9325",32.2
"9326",19.8
"9327",30.8
"9328",23.9
"9329",76.2
"9330",19
"9331",45.5
"9332",89.7
"9333",28.5
"9334",45.3
"9335",77.7
"9336",50.9
"9337",58.6
"9338",61.5
"9339",41.9
"9340",49
"9341",23.7
"9342",26.4
"9343",22.1
"9344",24.8
"9345",33.9
"9346",33.5
"9347",43.8
"9348",40.5
"9349",45.4
"9350",54.6
"9351",46.7
"9352",59.3
"9353",75.8
"9354",61.9
"9355",50.2
"9356",31.1
"9357",27.5
"9358",11.5
"9359",39.7
"9360",19.4
"9361",58.5
"9362",63.9
"9363",10.6
"9364",24.3
"9365",34.5
"9366",59
"9367",37.5
"9368",31
"9369",117
"9370",57.3
"9371",41.4
"9372",38.1
"9373",77.7
"9374",51.3
"9375",18.9
"9376",32.3
"9377",22.7
"9378",44.6
"9379",26.1
"9380",23.5
"9381",12.6
"9382",27.3
"9383",14
"9384",49.1
"9385",43.8
"9386",41.5
"9387",56.4
"9388",85.4
"9389",84.4
"9390",18.3
"9391",28.3
"9392",125.1
"9393",18.5
"9394",48.9
"9395",31.3
"9396",30.8
"9397",25.2
"9398",53.5
"9399",70.6
"9400",68.5
"9401",28.1
"9402",30.5
"9403",57
"9404",116.6
"9405",46
"9406",29.8
"9407",18.4
"9408",36.5
"9409",16.1
"9410",81.9
"9411",97.2
"9412",32.5
"9413",66.3
"9414",15
"9415",46.9
"9416",84.8
"9417",98.5
"9418",26.5
"9419",97.7
"9420",27.1
"9421",43.8
"9422",27.3
"9423",166.7
"9424",31.8
"9425",113.1
"9426",99.9
"9427",42
"9428",36.6
"9429",27.3
"9430",17.3
"9431",47.1
"9432",56.6
"9433",35.9
"9434",52.1
"9435",22.5
"9436",11.8
"9437",52.8
"9438",47.2
"9439",31.7
"9440",52.3
"9441",78.6
"9442",40.4
"9443",55.3
"9444",36.8
"9445",38.2
"9446",15.2
"9447",109
"9448",92.9
"9449",21.2
"9450",109.3
"9451",65.1
"9452",23.5
"9453",41.1
"9454",31.5
"9455",59.4
"9456",22.7
"9457",47.3
"9458",57.2
"9459",20.1
"9460",17.2
"9461",44.1
"9462",16.4
"9463",51.5
"9464",51.3
"9465",102.9
"9466",108.7
"9467",81.9
"9468",16
"9469",109.7
"9470",11.5
"9471",28.4
"9472",49.5
"9473",19.3
"9474",52.8
"9475",60.2
"9476",127.7
"9477",43.7
"9478",106.9
"9479",57
"9480",35.7
"9481",28.6
"9482",17.8
"9483",55
"9484",47.1
"9485",34.9
"9486",36.8
"9487",42.2
"9488",29.3
"9489",93.9
"9490",44.7
"9491",19
"9492",35.8
"9493",38
"9494",49.5
"9495",63.8
"9496",91.6
"9497",73.7
"9498",20.5
"9499",32.5
"9500",31
"9501",72.4
"9502",127.8
"9503",23.7
"9504",59.1
"9505",29.4
"9506",97.6
"9507",28.5
"9508",55.5
"9509",106.1
"9510",50.9
"9511",21.8
"9512",35
"9513",21.3
"9514",16
"9515",15.6
"9516",79.1
"9517",41.5
"9518",28.6
"9519",59.4
"9520",54.7
"9521",48.6
"9522",26.7
"9523",42.2
"9524",31.5
"9525",56.3
"9526",27.5
"9527",14
"9528",44
"9529",22.4
"9530",67.1
"9531",40.8
"9532",192.9
"9533",48
"9534",26.6
"9535",35.3
"9536",56.5
"9537",28.2
"9538",55.9
"9539",40.7
"9540",41.7
"9541",23.7
"9542",44.8
"9543",14.1
"9544",19
"9545",30.4
"9546",17.5
"9547",57.8
"9548",106
"9549",33.1
"9550",26.6
"9551",24.6
"9552",47.1
"9553",22.9
"9554",41.5
"9555",26.6
"9556",85.8
"9557",79.5
"9558",37.3
"9559",47.6
"9560",23.9
"9561",97.5
"9562",43.5
"9563",82
"9564",65.4
"9565",102.4
"9566",62.3
"9567",19.6
"9568",45.4
"9569",62.3
"9570",61.9
"9571",34.9
"9572",31.5
"9573",55.5
"9574",14.8
"9575",31.8
"9576",38.2
"9577",44.1
"9578",50.9
"9579",41
"9580",32.3
"9581",41.1
"9582",45.6
"9583",101
"9584",38.5
"9585",38.3
"9586",86
"9587",124.8
"9588",19.1
"9589",47.3
"9590",25
"9591",25.2
"9592",16.6
"9593",59.4
"9594",50.7
"9595",22.7
"9596",32.6
"9597",32.8
"9598",34.8
"9599",22.8
"9600",21.1
"9601",69
"9602",68.2
"9603",44.2
"9604",24.5
"9605",26.8
"9606",60.9
"9607",52.5
"9608",64.8
"9609",36.9
"9610",63.1
"9611",72.4
"9612",57.5
"9613",29.6
"9614",80.7
"9615",22.2
"9616",136.6
"9617",19.1
"9618",18.1
"9619",63.4
"9620",74.4
"9621",35.5
"9622",82.6
"9623",108.6
"9624",88.7
"9625",41.5
"9626",15
"9627",6.1
"9628",109.9
"9629",102.6
"9630",71.2
"9631",32.4
"9632",25.3
"9633",66.3
"9634",25.8
"9635",45.2
"9636",30.6
"9637",12.8
"9638",60.7
"9639",94.5
"9640",39.1
"9641",54.7
"9642",34.6
"9643",34
"9644",26.2
"9645",30
"9646",26.4
"9647",70.5
"9648",19.5
"9649",35.8
"9650",27.1
"9651",30.6
"9652",30.4
"9653",13.6
"9654",28.2
"9655",30.1
"9656",33.5
"9657",26.3
"9658",37.1
"9659",36.3
"9660",80.6
"9661",46.1
"9662",52.4
"9663",53.5
"9664",37.6
"9665",63
"9666",50.8
"9667",80.3
"9668",27.6
"9669",47.3
"9670",70.2
"9671",69.2
"9672",26
"9673",26.4
"9674",24.4
"9675",32.1
"9676",43.4
"9677",12.2
"9678",53.7
"9679",29.5
"9680",24
"9681",84.6
"9682",44
"9683",34.3
"9684",115.2
"9685",53.8
"9686",47.6
"9687",15.2
"9688",45.2
"9689",15.9
"9690",54.4
"9691",35.1
"9692",35.6
"9693",97
"9694",25.8
"9695",27.6
"9696",64.4
"9697",44.3
"9698",98.8
"9699",66.8
"9700",61.7
"9701",27.6
"9702",30.7
"9703",79.7
"9704",58.1
"9705",20.5
"9706",24.2
"9707",12.9
"9708",15.8
"9709",77.9
"9710",19.6
"9711",86.2
"9712",25.8
"9713",37.8
"9714",16.5
"9715",52.5
"9716",29.7
"9717",33.7
"9718",17.3
"9719",36.1
"9720",38
"9721",59.4
"9722",32.3
"9723",24.1
"9724",24.3
"9725",43.3
"9726",35.3
"9727",18.4
"9728",60.2
"9729",39.8
"9730",62.9
"9731",33.1
"9732",47.2
"9733",30.3
"9734",41.9
"9735",74.5
"9736",18.9
"9737",10.4
"9738",19.1
"9739",21.9
"9740",110.8
"9741",26.8
"9742",31
"9743",77
"9744",20.8
"9745",72.8
"9746",51.6
"9747",23.4
"9748",74.2
"9749",47.6
"9750",52.6
"9751",53.1
"9752",27
"9753",28.3
"9754",65.4
"9755",17.2
"9756",32.9
"9757",51.5
"9758",16.9
"9759",15.9
"9760",18.9
"9761",44.5
"9762",25.6
"9763",40.1
"9764",49.5
"9765",16.9
"9766",34.1
"9767",62.3
"9768",50.6
"9769",93.9
"9770",27.9
"9771",65.3
"9772",69.3
"9773",44.7
"9774",54.4
"9775",66.4
"9776",27.3
"9777",24.9
"9778",87.5
"9779",34.5
"9780",66.5
"9781",57.3
"9782",60.9
"9783",99.2
"9784",46.7
"9785",27.2
"9786",37
"9787",42.7
"9788",12.8
"9789",13.1
"9790",80.8
"9791",97
"9792",28.8
"9793",29.9
"9794",28.5
"9795",17.1
"9796",46
"9797",71.5
"9798",31.5
"9799",29.1
"9800",68.4
"9801",56.8
"9802",24.5
"9803",46.6
"9804",38.2
"9805",28.9
"9806",48.4
"9807",67.3
"9808",39.5
"9809",31.8
"9810",20.5
"9811",33.2
"9812",31.2
"9813",47.7
"9814",27.3
"9815",117.8
"9816",110.7
"9817",26.4
"9818",34.6
"9819",40.7
"9820",36.2
"9821",27.8
"9822",31.8
"9823",57.7
"9824",22.6
"9825",16.6
"9826",58.7
"9827",76.3
"9828",12.9
"9829",67.5
"9830",53.5
"9831",86.1
"9832",25.3
"9833",26.2
"9834",41.4
"9835",35
"9836",9.4
"9837",59.7
"9838",49.8
"9839",113.7
"9840",37.4
"9841",26.4
"9842",18.2
"9843",32.1
"9844",60.8
"9845",104.3
"9846",39.5
"9847",28.7
"9848",93.4
"9849",55.3
"9850",41.9
"9851",55.7
"9852",166.6
"9853",31
"9854",95
"9855",24.8
"9856",134.7
"9857",58.5
"9858",67.5
"9859",60.2
"9860",42.2
"9861",78.8
"9862",43.5
"9863",91.5
"9864",64.8
"9865",40.2
"9866",11.7
"9867",26.4
"9868",39.2
"9869",53.5
"9870",26
"9871",53
"9872",24.2
"9873",38.9
"9874",49
"9875",28.1
"9876",25.3
"9877",39.7
"9878",103.7
"9879",36.5
"9880",76.1
"9881",58.2
"9882",30.6
"9883",52.3
"9884",34.4
"9885",73.3
"9886",46.4
"9887",32.2
"9888",51.9
"9889",57.1
"9890",29.6
"9891",107.3
"9892",45.9
"9893",45.3
"9894",77.6
"9895",55.7
"9896",99.5
"9897",65.8
"9898",62.9
"9899",31.1
"9900",39.5
"9901",62.6
"9902",11.6
"9903",32
"9904",15.6
"9905",47.1
"9906",23.6
"9907",32.2
"9908",49.4
"9909",28.7
"9910",22.7
"9911",35.7
"9912",47.5
"9913",111.5
"9914",82.4
"9915",51.1
"9916",109.2
"9917",85.8
"9918",39.6
"9919",37.2
"9920",113.7
"9921",59
"9922",80.2
"9923",30.5
"9924",51.8
"9925",37.3
"9926",34
"9927",27.5
"9928",9.8
"9929",26.1
"9930",25.6
"9931",34.2
"9932",31.7
"9933",83.2
"9934",39.2
"9935",23.4
"9936",35.7
"9937",47
"9938",33.3
"9939",88.3
"9940",95.9
"9941",17.7
"9942",18.3
"9943",28.8
"9944",50.1
"9945",60.5
"9946",74
"9947",23.8
"9948",44.7
"9949",42.1
"9950",44.9
"9951",22.3
"9952",101
"9953",40.1
"9954",19.1
"9955",27.3
"9956",34.5
"9957",29.5
"9958",18
"9959",43.5
"9960",70.9
"9961",47.5
"9962",33.4
"9963",62.7
"9964",70.3
"9965",29.4
"9966",25.9
"9967",34.8
"9968",15.1
"9969",32.4
"9970",91.3
"9971",46.4
"9972",45
"9973",80.5
"9974",29.3
"9975",81.5
"9976",61.9
"9977",106.7
"9978",12
"9979",60.7
"9980",26
"9981",86.6
"9982",32.8
"9983",19.1
"9984",86.5
"9985",35.1
"9986",36.3
"9987",31.8
"9988",15.8
"9989",32.3
"9990",51
"9991",36.4
"9992",16.6
"9993",67.3
"9994",75.4
"9995",30.7
"9996",48.4
"9997",124
"9998",29.6
"9999",56.3
"10000",152.8
