"","x"
"1",44.9964835650065
"2",44.9109368687696
"3",45.7410431961913
"4",43.8143415802188
"5",51.9524806602801
"6",37.7795320479411
"7",66.98900538634
"8",51.1815656082278
"9",63.8929420525187
"10",16.9124685314688
"11",53.0342153195977
"12",71.0858741838118
"13",83.3247839226169
"14",73.3372255769471
"15",18.6231304594528
"16",38.8670587784878
"17",72.2814199287382
"18",40.6824501020529
"19",24.863132427842
"20",18.8489897747432
"21",57.8300184918158
"22",53.9519652601699
"23",36.7292518324372
"24",76.9029292801016
"25",28.2547838920422
"26",44.8424009219917
"27",63.0496455389324
"28",32.7221054717338
"29",116.52290791752
"30",48.1153968148999
"31",24.9733691366122
"32",18.3470500165258
"33",21.9716353744349
"34",25.4767276349416
"35",39.3329723394747
"36",25.4330683803572
"37",35.9914137539425
"38",37.9341523873476
"39",48.1292124654427
"40",58.2384560470406
"41",29.9759337163971
"42",19.8116089731818
"43",37.8779445131891
"44",46.2821790330654
"45",31.1001832388114
"46",29.7488887533205
"47",39.4047074831455
"48",48.0116406709199
"49",22.7883262536347
"50",12.5325872391481
"51",48.347748368657
"52",60.9522908784276
"53",73.1692373416025
"54",27.307626410709
"55",54.8430703692432
"56",30.081332191303
"57",18.4115988363645
"58",68.2123127637851
"59",25.1354535577337
"60",68.6665334053401
"61",46.2159175147829
"62",60.0283507813937
"63",63.6772361961381
"64",100.174608998126
"65",42.6591409370286
"66",40.2677625546346
"67",40.2800421554351
"68",48.5393066480065
"69",28.5377385651405
"70",81.6987444039838
"71",100.730050594027
"72",62.37764799885
"73",24.3036015530433
"74",17.5831170603654
"75",104.399243443797
"76",69.4631599890311
"77",55.0253192883411
"78",69.6229555336738
"79",48.7554403528481
"80",45.1778430891717
"81",34.1208407530598
"82",63.4239433632658
"83",50.4201309460921
"84",74.0594032441268
"85",66.3488231707442
"86",59.8091437115271
"87",24.5060810480801
"88",40.2809804026867
"89",24.9454674667265
"90",38.293270316901
"91",66.1600493925773
"92",121.780256362135
"93",29.3863152438642
"94",75.4672750690976
"95",21.8344027341724
"96",30.3314400718417
"97",13.3876150808823
"98",17.2025457612074
"99",59.9107360867138
"100",55.8670564824204
"101",45.6539162713691
"102",66.6864407407929
"103",42.0762164985639
"104",95.0591014596003
"105",24.15991110936
"106",51.7117226160993
"107",58.0660786693428
"108",32.992967887552
"109",39.6433991134822
"110",43.2934679503249
"111",69.7618420671711
"112",21.6962404961858
"113",129.677050520444
"114",25.754755117365
"115",81.8708562356917
"116",22.5117092580358
"117",52.1895716383726
"118",88.0794480605508
"119",31.5207204453642
"120",23.8227772594319
"121",56.7709726821692
"122",40.7289949970786
"123",51.7878127338003
"124",43.878907344341
"125",31.024673535371
"126",41.3218777231622
"127",35.6762747311387
"128",46.016702383145
"129",76.4659531283984
"130",28.6009136752118
"131",39.0615425736047
"132",30.4680801629198
"133",26.5441112344031
"134",48.5085515823787
"135",44.6145344149031
"136",40.4830626991871
"137",81.5590340266832
"138",45.782949643322
"139",32.6279189232091
"140",37.4635821178627
"141",89.7694480678148
"142",35.9386450605395
"143",34.0447153905901
"144",28.1939171864139
"145",68.100122635374
"146",24.2508155519343
"147",42.8930190635147
"148",56.1442228296452
"149",25.6943359129412
"150",23.5372176402088
"151",23.3394692238737
"152",126.269767790409
"153",88.6718151437689
"154",16.6402885181097
"155",31.1126829671721
"156",34.5018230713977
"157",74.1069209452781
"158",18.5423028887459
"159",42.2645750889521
"160",19.1440456160357
"161",71.611123777797
"162",77.0139691966639
"163",28.8931152685871
"164",45.6730202695887
"165",57.1354334720617
"166",164.071810484235
"167",49.9559220911424
"168",46.8052058512628
"169",48.5051758928843
"170",24.1246863987535
"171",29.2810533593077
"172",54.8509231224224
"173",45.6881243871737
"174",49.8715769815008
"175",60.6562483288621
"176",30.1855616480688
"177",43.9424784543513
"178",57.963461870706
"179",23.6547464497506
"180",93.6954029600374
"181",42.7462938271274
"182",119.995674234578
"183",57.4749350946471
"184",77.4999874292834
"185",71.3391427224517
"186",47.5186309430587
"187",26.4987403529325
"188",150.10663790289
"189",16.7802620061804
"190",48.9818886350496
"191",19.6046847799414
"192",14.8245962971306
"193",106.004031871521
"194",50.1417393512947
"195",57.0834113881282
"196",45.7904760873636
"197",48.9047072627604
"198",76.514387302642
"199",59.4574318892117
"200",24.10446461566
"201",28.1327043688241
"202",27.7338663340742
"203",109.92674302059
"204",87.0073942635033
"205",26.5886388832192
"206",37.3639638870816
"207",39.4953953019627
"208",44.2599056627318
"209",67.2590309348735
"210",62.2984573681958
"211",30.2378944475353
"212",23.3442443091646
"213",31.2020647329015
"214",24.6316754615176
"215",66.0823913246835
"216",30.9102094824069
"217",43.7119106564611
"218",44.0777044460063
"219",99.4989536621778
"220",76.7162328538649
"221",40.6567300405225
"222",15.2173496637698
"223",32.9105676302733
"224",22.7848003732604
"225",66.5793383379929
"226",36.8786849657579
"227",29.9852515716422
"228",20.3883437252878
"229",26.796998656956
"230",35.013593700578
"231",66.0464415850957
"232",112.627000852628
"233",58.2393021223172
"234",32.3579355449013
"235",17.6726841641716
"236",54.2749393614474
"237",76.5875269840154
"238",61.3547784516086
"239",64.5893900797013
"240",16.6461537135072
"241",21.5090502556512
"242",76.7796378210742
"243",38.9512937071282
"244",119.528665472124
"245",104.170433112025
"246",39.6383735568673
"247",70.0001451041972
"248",63.9847880460734
"249",28.8795905944135
"250",25.8271233996225
"251",17.3931059058673
"252",36.687152524043
"253",30.6519315989225
"254",32.3555281532275
"255",43.1546532630403
"256",48.8074729049806
"257",99.8532840429972
"258",63.5897177474494
"259",22.5405140699818
"260",54.1605840788193
"261",50.0653338007926
"262",52.3958201009075
"263",35.3124047521864
"264",82.5683897637536
"265",51.0565768557599
"266",29.8014274063212
"267",25.9017086541649
"268",19.1159433224073
"269",69.6029293883415
"270",41.5489927302901
"271",76.161259281792
"272",49.7103246322727
"273",23.4634554078913
"274",38.6896717589101
"275",17.1424062199927
"276",28.655280680209
"277",36.8087255851451
"278",63.4896516108981
"279",39.3576634504579
"280",84.8503257854324
"281",50.0757996731154
"282",28.4291053165084
"283",28.4321117085068
"284",76.434810189852
"285",32.2924903938215
"286",40.8019164622116
"287",110.833161402402
"288",70.773785964988
"289",30.9757945566284
"290",43.4889843414103
"291",52.0501525176657
"292",214.0858715045
"293",28.1603610501094
"294",124.473214806809
"295",63.8928459923524
"296",29.7437409063392
"297",47.7096016452007
"298",47.7831426310037
"299",92.4873932856595
"300",38.8509146197037
"301",86.2015271332082
"302",40.7765324770016
"303",73.4160334132186
"304",41.4423799938257
"305",30.3074440739526
"306",89.4507754450067
"307",40.7915008947644
"308",28.6261341945196
"309",69.1543605933561
"310",64.3229432484225
"311",108.05332271836
"312",27.5651917381547
"313",80.5070436066627
"314",54.8249388350387
"315",48.4853323956178
"316",35.2166830320525
"317",44.3897799549632
"318",49.8569334729148
"319",59.1024458143999
"320",20.8406463015537
"321",53.4236382572274
"322",73.3311860185448
"323",31.8805531033131
"324",110.526163387118
"325",48.1713833228502
"326",43.4421397982404
"327",25.9518469045439
"328",52.9472079119885
"329",28.584736055018
"330",36.1221489246907
"331",83.1450987310995
"332",92.4593010537969
"333",57.3648360158405
"334",18.8768173669853
"335",62.4707886167152
"336",45.5559872415777
"337",16.777361216307
"338",15.8238391055789
"339",131.559448415384
"340",30.7411953935714
"341",79.314584339307
"342",44.2451155553665
"343",25.3576377722376
"344",38.4404517798139
"345",38.0713027991957
"346",22.115352975961
"347",19.7051049673503
"348",35.2936346922111
"349",66.4148805562774
"350",56.3924484026683
"351",70.9268886882255
"352",39.2475781096259
"353",23.6305055711483
"354",60.8818817591322
"355",56.1419245355206
"356",72.046795051762
"357",108.578955032146
"358",31.4291346635679
"359",76.7775300084834
"360",31.1466288872573
"361",103.902946403164
"362",27.3724791641059
"363",59.8290079079977
"364",65.399160805325
"365",54.1509467292604
"366",50.0120906001223
"367",39.6072557855772
"368",22.1514101504858
"369",75.7062768089868
"370",115.411155512538
"371",82.4998104340434
"372",28.8004956781047
"373",27.7541830583303
"374",36.0057732284153
"375",54.6193235624721
"376",38.2804778565073
"377",71.8016572004426
"378",29.4987238286813
"379",80.0264088736708
"380",49.3595398975229
"381",48.507862439428
"382",73.7359251819077
"383",55.0175733674063
"384",24.2064587295711
"385",34.2452090948427
"386",67.1624077050406
"387",26.2629771268425
"388",52.5993084562057
"389",20.8653537707633
"390",44.1817708064403
"391",84.9614146446509
"392",75.6843376951156
"393",29.7612564254872
"394",95.9900426752417
"395",58.6289309696414
"396",38.8108480093408
"397",65.4468716712536
"398",57.1542662907239
"399",47.1127290735156
"400",43.5642999066549
"401",130.29909665939
"402",34.2421677945222
"403",32.8309913549092
"404",40.2749675732516
"405",35.7700494877317
"406",20.20955180013
"407",135.6599918177
"408",70.7886716379306
"409",39.8031358872207
"410",35.9263975680789
"411",26.273347418459
"412",46.7209176305446
"413",64.5103114475535
"414",26.7415298324388
"415",102.223114495006
"416",26.2473953704744
"417",33.2288877339407
"418",39.9156781612274
"419",122.144974205182
"420",32.7057430958869
"421",124.327619204648
"422",28.5868711876717
"423",53.3625276017896
"424",110.527964203597
"425",24.5768089395063
"426",39.1148007083609
"427",86.3938032977131
"428",120.997560166432
"429",61.3429247923437
"430",100.649472765216
"431",71.978488534129
"432",38.6338376883337
"433",26.5544095937069
"434",50.0191300938371
"435",39.1498333190648
"436",14.7094550188452
"437",52.1276937823579
"438",57.2947717687083
"439",66.5283415775467
"440",48.2969164061584
"441",52.4294161628503
"442",76.5255138637065
"443",30.0381959832672
"444",33.3097389446653
"445",22.1675538768252
"446",52.8281779005679
"447",66.3807620843827
"448",25.8200449789966
"449",29.1413766709304
"450",35.6911549036885
"451",64.0389082786322
"452",26.8014194348726
"453",98.9299421498619
"454",37.1946135248345
"455",91.323347591089
"456",62.5236201140985
"457",45.2057405780545
"458",26.5503412023095
"459",38.1829408502427
"460",46.6096017848532
"461",50.9945345703382
"462",51.9620274757378
"463",51.9507524869281
"464",19.0057113827196
"465",33.1584780114456
"466",32.7793378271177
"467",77.3902350651881
"468",54.9059512575001
"469",17.8047082660914
"470",49.4082255262186
"471",38.4219421091257
"472",117.354708514685
"473",51.4197878697801
"474",36.6236445335659
"475",43.4582027265934
"476",113.471611694169
"477",22.6895511135105
"478",28.8146359743737
"479",52.7115305668412
"480",45.360577603122
"481",26.9724771492255
"482",16.2997449206032
"483",47.6249718770342
"484",43.324616475844
"485",28.7239475455293
"486",53.7203345565238
"487",13.7575454566218
"488",56.8650346671576
"489",40.7103071378972
"490",29.9977665550181
"491",103.238597830694
"492",27.1116139554886
"493",12.3934048401495
"494",50.3737483574286
"495",51.2169029475654
"496",119.648983527485
"497",46.3746447954862
"498",33.3362206680405
"499",24.8882417742142
"500",83.5719135869788
"501",62.9155218357031
"502",46.990173352941
"503",63.9229049550528
"504",62.1355549239862
"505",25.6730621141764
"506",18.0619271792529
"507",42.4901104767388
"508",32.9376817658314
"509",19.8847605279405
"510",29.0659962867756
"511",35.5206833846715
"512",71.0418148718615
"513",62.7022946473253
"514",41.6553229435922
"515",119.330916137981
"516",28.260264922663
"517",104.790871773957
"518",37.9115176998311
"519",20.1586654125047
"520",58.0377120608649
"521",44.4214842120948
"522",36.1072320721842
"523",20.3761191238877
"524",96.7300669633251
"525",78.3362151940711
"526",47.6512260567949
"527",72.2226237979053
"528",42.3860621225668
"529",54.3579703696445
"530",79.9770274839825
"531",54.3030821545475
"532",69.4739371648273
"533",66.9199142110931
"534",27.6688623440628
"535",101.048563324058
"536",39.7020718408452
"537",64.9211498998359
"538",58.4803055165231
"539",49.0222050122687
"540",91.6444590713572
"541",97.6060465878602
"542",54.2319164096458
"543",68.0611440333901
"544",112.004713127687
"545",30.8760536588576
"546",67.928711891107
"547",36.263943940254
"548",29.9783991466694
"549",46.9652839924298
"550",50.5038010846222
"551",55.0311937168758
"552",41.8737729696864
"553",69.2477478826623
"554",33.9820941184602
"555",79.2175442122591
"556",102.546529742707
"557",65.7572542672751
"558",31.9205858507802
"559",25.4610202575248
"560",19.1892108441649
"561",88.5911187684791
"562",41.2108672630152
"563",48.0714969195645
"564",32.6412295494046
"565",28.6446434168743
"566",52.2770434859781
"567",27.4628669292765
"568",32.1094420686404
"569",80.727468859181
"570",42.7386929650602
"571",74.2493535858748
"572",20.5769264428726
"573",26.7424395854057
"574",21.154715266306
"575",57.1148025549878
"576",45.7279048440138
"577",24.9003853677578
"578",84.511434037651
"579",71.467003078965
"580",24.4842686464689
"581",70.7834630494623
"582",32.6081635862197
"583",123.920511918816
"584",18.8463375976154
"585",142.58795673422
"586",48.8049246578354
"587",31.2046411913054
"588",158.318969934384
"589",58.0682114896496
"590",39.1097037722012
"591",36.0455246245566
"592",107.839504526732
"593",24.5053610816486
"594",127.364811950587
"595",18.4227902748315
"596",36.0544304332912
"597",45.7477648160974
"598",29.3903592552164
"599",62.2086064898012
"600",58.7949583475672
"601",42.1728297792931
"602",58.4892279064547
"603",54.1675341287892
"604",20.5505469184351
"605",38.3946429132619
"606",54.6599978403448
"607",42.5648744493577
"608",56.6686734618393
"609",51.0649881081544
"610",71.8352393446593
"611",54.964978131503
"612",51.2106601262382
"613",39.6244383765932
"614",60.175289727671
"615",49.18734952495
"616",48.528225666656
"617",40.0339537075404
"618",63.2305817771488
"619",27.1586735892725
"620",18.9455598510116
"621",40.9358147084625
"622",57.6943522816963
"623",72.9558336361732
"624",33.9574957686612
"625",100.62598689553
"626",22.3750371333191
"627",31.1260494840746
"628",41.4042368626218
"629",46.8786279332118
"630",38.7929163002539
"631",78.3642876521198
"632",78.002853522643
"633",43.0127162557056
"634",34.616066015195
"635",52.519895510222
"636",89.10541351198
"637",39.569491043716
"638",93.7614206969406
"639",44.2456892605402
"640",39.9370318912336
"641",40.687467448465
"642",53.1909490891766
"643",32.5472871043324
"644",86.5179508586836
"645",22.1185971873318
"646",48.2653773548353
"647",70.1169528334457
"648",143.921322686925
"649",45.6491733399643
"650",39.8328949544235
"651",60.0783200332882
"652",30.7060939236474
"653",76.2106472933036
"654",21.6125309533615
"655",28.9626808571084
"656",48.8642708519097
"657",45.1887739228223
"658",61.5121856077918
"659",28.6132619648966
"660",30.1322193543813
"661",50.8410348857803
"662",26.3049472710035
"663",113.149653616048
"664",40.7434521215097
"665",56.3218789429555
"666",117.028277348987
"667",38.0006605532672
"668",28.0655822913972
"669",53.0179454864448
"670",20.5158466115614
"671",43.4960373115538
"672",37.8599408142206
"673",28.1386990358025
"674",54.5315951391082
"675",38.3733649341356
"676",29.388230425103
"677",66.0336794251376
"678",16.9979136827305
"679",52.4765278459833
"680",63.1451546971111
"681",59.8138839411762
"682",36.3160339457538
"683",14.1410576276818
"684",24.2292543632018
"685",16.2203656704445
"686",40.7366549126865
"687",79.8606911191829
"688",29.8643787911964
"689",78.9978905788436
"690",91.8181697529587
"691",61.4915317606947
"692",51.6238302769786
"693",43.3707610437341
"694",178.939380484062
"695",105.412406782934
"696",31.1753831388265
"697",105.259868039995
"698",46.6479850491105
"699",42.3923921395926
"700",40.5999537869319
"701",47.5817102008985
"702",33.8629999338453
"703",28.7250735593692
"704",72.0582586336205
"705",144.189848851924
"706",81.4874735224276
"707",19.9197615356088
"708",80.7098589562488
"709",51.3002715057781
"710",25.9264772927587
"711",54.8998082890672
"712",64.4131779624171
"713",25.3760729388164
"714",75.5072427220496
"715",37.5675838847384
"716",54.8023235173351
"717",64.8813724266914
"718",72.6999200148199
"719",41.2897171734314
"720",24.9383511729465
"721",77.9834446913058
"722",75.4180593146715
"723",19.4254448276099
"724",149.03364519262
"725",23.1656011949818
"726",70.7605663580242
"727",55.5879300817515
"728",23.9501138878428
"729",102.319263313992
"730",26.7125060392327
"731",35.5913239305436
"732",28.8860683682471
"733",86.8648986158703
"734",31.4895619501648
"735",34.302468379518
"736",34.2037117743759
"737",30.4939436633827
"738",43.7374804746315
"739",51.7433041454052
"740",63.5014560317994
"741",23.0125499222976
"742",75.2339564778949
"743",82.5100879676946
"744",31.7117135316739
"745",40.9589262374114
"746",57.0600636458762
"747",42.244217849996
"748",33.0060644407205
"749",53.3608437759621
"750",70.7360093944417
"751",21.1344016626589
"752",203.26508522294
"753",30.309635822017
"754",180.879561926032
"755",32.2578397709762
"756",43.5429534326804
"757",24.6838535771506
"758",31.0236026136683
"759",107.35738103028
"760",43.5576863016266
"761",14.9260800743006
"762",37.2213457634849
"763",75.8996853914279
"764",29.1047217361786
"765",126.571919282272
"766",70.7454141009191
"767",28.8735463159561
"768",54.7046693035063
"769",53.7840642597319
"770",47.3832707910026
"771",15.4791556701275
"772",33.7815079902272
"773",37.0593153097476
"774",34.4398492440795
"775",49.0063516787972
"776",145.307768308693
"777",33.4011459447449
"778",69.1733483582916
"779",86.4458862598686
"780",26.1903750483799
"781",45.7163979941908
"782",52.5886812578738
"783",59.5761630344334
"784",54.9955944419538
"785",48.4208875767513
"786",63.6399533189989
"787",33.0658692690675
"788",43.0688435603873
"789",51.1298946730659
"790",52.3501385555027
"791",73.169372771772
"792",27.6316225171158
"793",110.361156180814
"794",38.0788320357517
"795",26.4745633042088
"796",27.5542407144161
"797",30.9465120753744
"798",54.6168227544745
"799",29.1652505874996
"800",81.6663795342525
"801",33.7202232723645
"802",39.2391486561379
"803",62.8820945879769
"804",86.8816087351414
"805",34.8234503762547
"806",20.6178312026702
"807",41.4094916194547
"808",73.9507497342456
"809",34.7459776870205
"810",31.0044127989914
"811",33.3687597148003
"812",17.6905283855711
"813",40.2090212502679
"814",49.9124724615525
"815",27.1237746724161
"816",52.9757117613092
"817",41.588430998568
"818",41.5982384744709
"819",61.198656585415
"820",37.4136906144544
"821",64.8336001828613
"822",83.4875313148678
"823",49.1325065699729
"824",35.1567552687962
"825",48.1484277260477
"826",48.3474491748606
"827",55.1323554136236
"828",65.4187330763082
"829",29.9297238248113
"830",36.3337309385705
"831",22.0262039217114
"832",33.8661453369422
"833",30.6110256339693
"834",31.8522013647943
"835",20.1759497617535
"836",29.1051917032164
"837",30.5066885500328
"838",44.9863056415425
"839",51.1681857805993
"840",49.5880548922661
"841",19.0864729506229
"842",24.5875947674367
"843",40.0449049832401
"844",42.4650703255486
"845",23.4301199397191
"846",35.9287276557873
"847",46.7202918466144
"848",98.4128209943504
"849",35.9312827541096
"850",26.8417079493609
"851",23.3879350631753
"852",60.2428115950873
"853",65.9005525205493
"854",21.8436785926224
"855",23.8289746030851
"856",47.4436751764342
"857",13.4645298748933
"858",31.5318154627102
"859",32.3513251412691
"860",60.4333288738638
"861",42.0567002132241
"862",54.2843768185945
"863",89.1208705126281
"864",55.7612094897365
"865",37.9622946011011
"866",95.8883298790417
"867",43.1811482990608
"868",49.4334902578847
"869",65.9210365234828
"870",66.9031137480439
"871",70.4573678046184
"872",38.701476902109
"873",45.1423939342487
"874",51.6592357123681
"875",58.2597353099868
"876",66.4219195030937
"877",69.8063650002012
"878",53.566900448653
"879",33.9435656509616
"880",118.317737663177
"881",35.371909607811
"882",29.275960204877
"883",38.7381111257547
"884",28.2677396126465
"885",20.0841115545948
"886",55.3908147639862
"887",44.0144045179586
"888",33.3660964210989
"889",29.1994645129338
"890",70.0999436197756
"891",24.5134580932809
"892",34.6602779775363
"893",22.4676594856219
"894",17.9211990297324
"895",67.9646226313803
"896",62.8517401280707
"897",32.0732471211028
"898",35.2686701187463
"899",49.3250631410558
"900",29.2282237770498
"901",59.8623221839086
"902",27.9626761230118
"903",89.0357616670651
"904",24.8262726704126
"905",66.7761780269867
"906",49.7780290737742
"907",78.7638386689094
"908",107.48872076303
"909",30.0166873496217
"910",12.1899174099387
"911",26.5230849441812
"912",40.4634572636703
"913",111.480963711274
"914",29.4498010840686
"915",27.2789252041636
"916",40.9415244441894
"917",21.8102582414085
"918",61.7021273953537
"919",43.9955689313559
"920",36.7828730596469
"921",34.2028840955254
"922",7.42242261804251
"923",25.564956939884
"924",84.6872131773942
"925",23.0473087327578
"926",58.2058813890647
"927",49.3354368805536
"928",21.4788104861733
"929",30.5987500692414
"930",86.7236077682877
"931",79.1559479104137
"932",40.9264945312225
"933",36.1882484350231
"934",36.7131760499847
"935",80.0632427408724
"936",79.8589635063705
"937",69.6374422987049
"938",28.7947001039634
"939",49.8448797081463
"940",44.9362254025494
"941",47.4338646597666
"942",132.510681908474
"943",36.4549797228784
"944",14.5114833105844
"945",66.7759231241986
"946",16.0651332150067
"947",16.8520239826976
"948",108.750355109403
"949",26.0955573945535
"950",47.3192322535341
"951",83.2039124875659
"952",34.7182941699727
"953",42.4491069614943
"954",25.6003003268713
"955",52.5970098158072
"956",53.8736811991089
"957",38.3674826798138
"958",95.5404187638829
"959",29.1884269126779
"960",50.8023252175053
"961",59.1142744094556
"962",50.7777405340261
"963",108.578431094992
"964",68.3782838241406
"965",41.2267022492813
"966",67.2524246358793
"967",37.896304802074
"968",33.3447837120114
"969",24.9096128354494
"970",52.610033292349
"971",77.3460913562591
"972",24.1366542763251
"973",72.4522197530481
"974",63.5765881870286
"975",59.4822176826888
"976",9.82370205088565
"977",78.1213011623022
"978",20.579236062212
"979",54.9401602280637
"980",64.5793430153468
"981",21.7316670903976
"982",35.2429424982719
"983",70.0412699019299
"984",49.6395567569412
"985",65.6638308184118
"986",33.4590479175917
"987",28.771086907952
"988",20.1305963049235
"989",73.0789475824643
"990",83.9496639259038
"991",45.1806543272914
"992",46.3127309058689
"993",37.2097062882023
"994",28.4718418915458
"995",38.4820617613013
"996",39.2052037338101
"997",30.5294443224081
"998",14.931869993783
"999",50.0064840702904
"1000",15.226985041821
"1001",19.8488089752178
"1002",20.730823562521
"1003",62.7639340642887
"1004",53.6661038428013
"1005",61.7563419021379
"1006",99.8014555297814
"1007",42.1047005562729
"1008",89.9618612014878
"1009",101.079805448671
"1010",51.054812526798
"1011",31.1804293950631
"1012",30.263011256526
"1013",112.378643880962
"1014",57.7008905692161
"1015",21.0743239136201
"1016",53.0550547508316
"1017",35.1318473261001
"1018",99.2851158338962
"1019",17.875470272687
"1020",48.9331198585171
"1021",101.2531783431
"1022",74.6259013743258
"1023",23.1523492353971
"1024",18.8857553117218
"1025",22.7175860702596
"1026",31.5685505459898
"1027",26.0969090376976
"1028",56.4950381121119
"1029",34.9085025037542
"1030",19.5256067169625
"1031",43.6328506448523
"1032",53.2244403652219
"1033",73.9779043113762
"1034",43.1614657596488
"1035",27.7338388766213
"1036",67.0926551581032
"1037",63.7703189592713
"1038",45.8810244624989
"1039",66.4458353003176
"1040",51.5924820479828
"1041",59.2273081388724
"1042",22.3090325622915
"1043",95.5831239212985
"1044",38.9702930295385
"1045",53.2202463687539
"1046",20.8954709506099
"1047",40.5425384088103
"1048",21.5533432110923
"1049",29.5194041146448
"1050",63.5955680856324
"1051",21.1453645357886
"1052",16.7578529201018
"1053",70.7543931529794
"1054",21.2148332771201
"1055",23.3298969944003
"1056",58.7140221044815
"1057",31.8896581801387
"1058",17.8001425306776
"1059",51.1785116339105
"1060",29.3399655864403
"1061",82.0872527961012
"1062",66.8271399207162
"1063",35.1477592632028
"1064",117.906491466299
"1065",23.6862027163661
"1066",53.718476941376
"1067",53.2399081956581
"1068",32.0524957115944
"1069",84.5828217234385
"1070",34.8735103585529
"1071",27.9257328110341
"1072",30.8472802901691
"1073",15.631644535477
"1074",107.329341047402
"1075",54.8169157755359
"1076",55.0402541674014
"1077",142.521810849699
"1078",24.9382253591165
"1079",26.5893366601053
"1080",72.2327370082012
"1081",43.2591135838628
"1082",42.4969200989526
"1083",51.6300767864809
"1084",29.643447166995
"1085",34.5798217246
"1086",30.4432064623565
"1087",49.9439233867244
"1088",66.9645270958781
"1089",100.998013479927
"1090",28.091966265327
"1091",44.7622665169703
"1092",34.5254243444888
"1093",33.4173213390343
"1094",52.7356997735697
"1095",33.3329857505955
"1096",66.2184393033036
"1097",60.3097748830306
"1098",38.8416272833514
"1099",76.3838787019492
"1100",80.6864250917893
"1101",62.474403763978
"1102",30.4429222373198
"1103",123.388616139696
"1104",52.6197136710889
"1105",106.502635642905
"1106",41.2161324587037
"1107",67.3483588372924
"1108",42.9405744182405
"1109",34.2730156818876
"1110",46.3367950543019
"1111",22.04907647788
"1112",46.0996724741699
"1113",34.4030994953184
"1114",54.6728826468468
"1115",38.4180482980302
"1116",39.2932623623198
"1117",34.8228805357642
"1118",31.251340298263
"1119",30.3015423055316
"1120",56.4585807234837
"1121",93.1565681633617
"1122",20.8124776981582
"1123",55.2427581445072
"1124",83.541160209419
"1125",63.9987357526824
"1126",58.6172076905872
"1127",15.9098238596037
"1128",40.6641821230037
"1129",38.3222141309055
"1130",25.4588024997911
"1131",40.6103080643256
"1132",97.9646830216449
"1133",123.068093511619
"1134",32.1678035802038
"1135",68.856764462215
"1136",74.7189965066406
"1137",45.1619044951685
"1138",91.1788721946057
"1139",21.9701371130012
"1140",31.5052986200549
"1141",19.9768450240979
"1142",42.7817267965348
"1143",52.5330834237088
"1144",27.1388886400162
"1145",49.0582316732722
"1146",90.9375030891843
"1147",40.4308694832009
"1148",34.6668074415258
"1149",76.3137242146529
"1150",33.8366240700232
"1151",30.4057369980201
"1152",29.1739547953259
"1153",38.2300797172265
"1154",15.5252968947421
"1155",24.5822151239258
"1156",72.4367664089867
"1157",19.6916438483545
"1158",139.414247396935
"1159",60.0196189894514
"1160",39.6369597220549
"1161",64.5572599419948
"1162",54.3608271413644
"1163",64.066039622114
"1164",33.6357470792281
"1165",43.3812495462222
"1166",39.8336924250708
"1167",67.6018696124273
"1168",95.586962604986
"1169",15.5857041266836
"1170",39.3149986824052
"1171",31.10641864907
"1172",68.4514283098699
"1173",32.8543670431688
"1174",44.4660528096338
"1175",132.734156624328
"1176",63.6660988812956
"1177",74.2773817916007
"1178",41.8277157928631
"1179",17.8685484522039
"1180",80.4940825430058
"1181",63.7327504476016
"1182",43.1713046062282
"1183",37.2802681971564
"1184",68.5819261634901
"1185",30.545474171528
"1186",45.7619261559678
"1187",29.0908072250118
"1188",47.9382962588469
"1189",47.7646692095324
"1190",52.4574212904795
"1191",15.1228790821701
"1192",35.4160958436463
"1193",24.3296906755517
"1194",27.1763972060567
"1195",31.1859898685472
"1196",49.2412338269292
"1197",52.5054253111109
"1198",35.3834795762801
"1199",38.6872929312429
"1200",72.4284324854556
"1201",57.4320621645879
"1202",30.5135514162937
"1203",47.1768686419361
"1204",29.6426137331599
"1205",23.92362684362
"1206",57.0388741236858
"1207",89.2774560646935
"1208",34.1053978592948
"1209",80.5903947509183
"1210",51.9556897081622
"1211",27.088510445456
"1212",55.1648619213671
"1213",105.730427620213
"1214",75.6375069155438
"1215",23.728012694922
"1216",48.3458065519374
"1217",42.7625204063193
"1218",24.5277266925932
"1219",28.3787646537912
"1220",99.0119940811894
"1221",30.2591414232096
"1222",29.4370397234649
"1223",126.383684883258
"1224",62.9922243794966
"1225",35.2140335810291
"1226",49.1981051393197
"1227",72.6416503759862
"1228",46.9797801956754
"1229",31.1288356077977
"1230",17.8497225401796
"1231",27.0770373651782
"1232",47.7517862717484
"1233",13.1309785132482
"1234",71.1262203129934
"1235",45.4238951254547
"1236",24.2812765394884
"1237",39.003176569448
"1238",36.7313441326184
"1239",84.0834328403392
"1240",39.2605166309963
"1241",26.0339379805197
"1242",40.8241289806519
"1243",31.1430153623627
"1244",45.180604845463
"1245",22.2155514349848
"1246",30.1081946040085
"1247",27.4216764225426
"1248",53.3328518992142
"1249",47.7515420172033
"1250",17.4201463359987
"1251",50.9593986620203
"1252",16.9581142137029
"1253",28.8992094403772
"1254",98.8281054192029
"1255",33.1608412510159
"1256",48.1439947950309
"1257",93.59716812593
"1258",35.374157268423
"1259",45.3673940322664
"1260",69.0744296941793
"1261",28.4008521158001
"1262",10.9763629483056
"1263",129.134349344689
"1264",25.8882018132675
"1265",63.8819222393906
"1266",21.4623439135656
"1267",65.555880529153
"1268",87.5400998796739
"1269",63.2175790457347
"1270",66.1064019342155
"1271",32.0640624281825
"1272",62.1062799494184
"1273",55.4773651198294
"1274",82.6637297414734
"1275",37.5621372160961
"1276",39.4583107973854
"1277",21.9058497186735
"1278",24.4278937378791
"1279",30.1862280851304
"1280",35.3162544107236
"1281",56.2952813403253
"1282",89.9848791506287
"1283",107.068795908783
"1284",57.2539207003508
"1285",147.583700624314
"1286",40.7912746425263
"1287",38.655414728179
"1288",38.9885651679089
"1289",24.1878220061021
"1290",41.9156085154297
"1291",23.0161120124309
"1292",13.6504966115535
"1293",46.6728792581134
"1294",48.6802579381924
"1295",38.0866107302844
"1296",23.7725943398477
"1297",30.8798415604796
"1298",41.0750525410856
"1299",37.9178570891018
"1300",69.4420561165909
"1301",205.585700957461
"1302",30.3202418804505
"1303",49.8212330163448
"1304",33.3412020036937
"1305",22.1858188587364
"1306",36.3492556655716
"1307",21.5730076823618
"1308",31.8208551800917
"1309",37.4198663786634
"1310",66.070000502423
"1311",55.4728276105637
"1312",43.4509798488039
"1313",47.6784558367337
"1314",15.2137225765329
"1315",24.0413799449448
"1316",11.1767083075814
"1317",96.723858553002
"1318",32.1243493209051
"1319",50.2117045466106
"1320",39.3030964731828
"1321",78.2330724578687
"1322",42.927950954314
"1323",58.4376089241025
"1324",38.8754014339319
"1325",56.5572440612151
"1326",25.3081398632504
"1327",97.4211412546538
"1328",48.2150386490328
"1329",89.5508992241192
"1330",99.518225358257
"1331",42.2242473676265
"1332",33.9012754773954
"1333",42.0067233952231
"1334",16.1941800295217
"1335",47.059822991451
"1336",65.4451856295038
"1337",30.66270300345
"1338",62.9177026086389
"1339",96.1384832855237
"1340",37.046729953842
"1341",33.9398956727175
"1342",40.8527694901106
"1343",17.5661968957941
"1344",29.9547593246224
"1345",12.4545680023407
"1346",33.6161243345101
"1347",89.0173195072832
"1348",48.2626394808431
"1349",39.2218866025645
"1350",55.0996306819806
"1351",37.489052680522
"1352",86.8379986820163
"1353",85.8768898617861
"1354",56.2125793313301
"1355",35.5021106099583
"1356",34.6960262864719
"1357",61.8711546967376
"1358",85.3993601367728
"1359",18.9988010160704
"1360",21.8067734862412
"1361",13.6068394166879
"1362",22.2816597105565
"1363",44.0717050248044
"1364",46.9862467919477
"1365",36.9157285855496
"1366",22.9513731552872
"1367",114.056932237506
"1368",52.3032039305339
"1369",69.0285921557349
"1370",33.8424794600425
"1371",44.4715172416245
"1372",105.221539799087
"1373",38.1260118346086
"1374",33.2900598714227
"1375",49.9827973405419
"1376",22.4306333541264
"1377",31.5958587539009
"1378",61.7027195297223
"1379",20.1702382379387
"1380",40.2954869477902
"1381",51.5347541228529
"1382",73.6302095631033
"1383",47.8007590858199
"1384",102.297946493454
"1385",91.5692297946561
"1386",31.3472987663327
"1387",23.669656472458
"1388",40.697335102909
"1389",118.257571204722
"1390",36.7800355508636
"1391",50.8346087619397
"1392",69.4768428151368
"1393",70.2526063731868
"1394",50.7060152128557
"1395",55.5156424768563
"1396",42.8412509996381
"1397",33.1273540605517
"1398",66.6261743462017
"1399",59.7079911319226
"1400",46.3733808873082
"1401",117.708000869575
"1402",44.2953528423296
"1403",116.191925912005
"1404",34.0652613858124
"1405",10.6547694565531
"1406",23.5938122561117
"1407",39.2163779361722
"1408",56.7037282695395
"1409",34.51237727867
"1410",20.4494711932132
"1411",13.9513357621565
"1412",81.1099886341211
"1413",77.3890569006422
"1414",30.7937106303497
"1415",17.4505841072341
"1416",136.718692311087
"1417",24.7858311536429
"1418",58.0517974331415
"1419",120.099732134644
"1420",35.8656889218463
"1421",74.1696100094625
"1422",110.533898988059
"1423",59.0816636928752
"1424",37.6431123087002
"1425",25.5432962971585
"1426",63.2324185628885
"1427",65.9289664172446
"1428",20.0850475996399
"1429",42.1575299029532
"1430",41.8545813570573
"1431",74.9606934494981
"1432",61.8953168614849
"1433",83.3594681588553
"1434",42.7235988269209
"1435",59.0541333783555
"1436",58.7060332231286
"1437",20.0052519133594
"1438",74.7561623104776
"1439",15.9981016658876
"1440",38.0276652481653
"1441",38.6395888779657
"1442",37.4555122691979
"1443",49.8148546271673
"1444",50.1442385498958
"1445",39.3657852762276
"1446",98.5930405540447
"1447",34.2011582862483
"1448",102.035763402543
"1449",93.8303290982368
"1450",46.0250407136464
"1451",36.3999617025991
"1452",43.5838086715919
"1453",53.3191173061834
"1454",33.9773444912174
"1455",30.112801056433
"1456",42.8518248014371
"1457",72.1695252752623
"1458",34.65151107761
"1459",112.609100056389
"1460",19.3010690619705
"1461",54.0315312289816
"1462",77.9952160040368
"1463",49.2887355327478
"1464",24.3336718222041
"1465",38.8055306785768
"1466",53.190731765539
"1467",65.867918688767
"1468",92.9611155765919
"1469",22.7504481205249
"1470",13.9414654225767
"1471",20.8326944642806
"1472",87.5693328858932
"1473",83.6715695438858
"1474",10.59982911804
"1475",36.1394919077579
"1476",24.9701469814783
"1477",71.4949239187664
"1478",33.3021094750391
"1479",20.1705534616307
"1480",35.6462349817846
"1481",137.453929741917
"1482",67.4426596396678
"1483",52.8130173466381
"1484",15.4284455131535
"1485",84.4448124566685
"1486",23.0855644331729
"1487",60.645704180347
"1488",67.6297859362462
"1489",56.2039790176745
"1490",53.8063411092529
"1491",41.2179667275226
"1492",54.4738420391386
"1493",94.6697675895291
"1494",31.8861694114339
"1495",87.557801902697
"1496",22.058869304032
"1497",24.8515752821727
"1498",56.834788440051
"1499",22.2395906695086
"1500",61.3022514232603
"1501",64.6315295556381
"1502",41.0072576351612
"1503",45.6604261009368
"1504",29.9865406598055
"1505",63.4421926825757
"1506",59.662483678009
"1507",33.2618961056638
"1508",15.7051128741012
"1509",33.6557156225008
"1510",59.3246892482881
"1511",118.690167395195
"1512",182.368916992455
"1513",30.9785723736829
"1514",45.0653554568348
"1515",76.7757115778433
"1516",44.9363026834482
"1517",39.6695105536938
"1518",67.0591986192863
"1519",29.873130970489
"1520",119.03027136928
"1521",57.023030877326
"1522",29.6203020361584
"1523",27.293358536811
"1524",36.9981558388699
"1525",25.7740538801654
"1526",43.7155067415915
"1527",26.8566665409673
"1528",58.2112263765638
"1529",34.3566321448314
"1530",46.6917946454646
"1531",43.9920930354616
"1532",29.5799637922204
"1533",51.6701414295985
"1534",37.2869714218892
"1535",68.7890388555522
"1536",50.1929686566891
"1537",92.8261988679932
"1538",28.9062745447048
"1539",107.913661775411
"1540",74.5891955466662
"1541",69.0594891631383
"1542",32.4336467648634
"1543",22.4602598018206
"1544",15.9765429022569
"1545",34.2882151680897
"1546",29.1593516340488
"1547",59.1326506786098
"1548",21.1932814771635
"1549",17.0020839323633
"1550",63.3343905928822
"1551",57.7150298684537
"1552",93.5173354774553
"1553",38.2290278437586
"1554",31.6725489348416
"1555",55.4745710231628
"1556",48.0448508796411
"1557",31.1691086094136
"1558",47.3937159950715
"1559",54.4511558380031
"1560",84.4692211810913
"1561",35.1203261098438
"1562",26.5307670015119
"1563",32.6898810151329
"1564",98.2977290761649
"1565",34.7474161357699
"1566",63.0664584412228
"1567",155.215089436016
"1568",94.7101686332657
"1569",51.0644053298594
"1570",45.7356377148955
"1571",40.2140667011799
"1572",51.5329038573524
"1573",37.6786654253861
"1574",76.5164093308124
"1575",50.4253008773734
"1576",72.3792293106635
"1577",38.2214797985428
"1578",11.9127478236239
"1579",64.910708400105
"1580",32.7610969849183
"1581",39.1806800296032
"1582",25.8028967739354
"1583",115.703220352838
"1584",46.8511537735105
"1585",144.562668868403
"1586",82.4540199794432
"1587",31.1251456596114
"1588",44.383283411907
"1589",34.4570705606786
"1590",46.9551251261367
"1591",26.543436509099
"1592",47.1348187216911
"1593",24.2564260276495
"1594",48.5912525907902
"1595",29.4773343686297
"1596",33.8313946798801
"1597",32.1456416037037
"1598",76.4998572351235
"1599",20.9939533558103
"1600",22.7586294949997
"1601",76.1345322125298
"1602",86.3088109598628
"1603",54.0878409157461
"1604",36.9296290918032
"1605",38.3819229912533
"1606",44.2439637558144
"1607",22.869622077947
"1608",96.2428976719472
"1609",55.8979601623919
"1610",36.2900211298936
"1611",140.677824615606
"1612",71.9578053633585
"1613",71.1690586494293
"1614",61.0066726888217
"1615",89.2225169171917
"1616",23.4937506618257
"1617",21.7546020002788
"1618",44.4496452083361
"1619",32.2494573913516
"1620",22.6006972121921
"1621",48.5980663226524
"1622",42.5583022887238
"1623",41.0221988211042
"1624",48.6856230118093
"1625",139.364602876372
"1626",80.3788310343509
"1627",45.2960923542329
"1628",26.9277726775774
"1629",21.6281565861065
"1630",30.0122692993265
"1631",38.4516304188229
"1632",56.6464154698054
"1633",64.9576700868494
"1634",69.9217654718214
"1635",44.9990182085278
"1636",45.2940784504108
"1637",73.0263053061768
"1638",49.3330384078652
"1639",42.1724791641681
"1640",25.1289792160343
"1641",72.2509816214664
"1642",20.8315002235397
"1643",55.3970697800885
"1644",50.6436757167254
"1645",33.317261818176
"1646",18.9572645984808
"1647",37.6815864160478
"1648",28.3796038972815
"1649",131.981486657405
"1650",44.4791453193263
"1651",26.4863979870074
"1652",54.4067102963275
"1653",40.5096425761965
"1654",38.1288337693833
"1655",68.6180093704937
"1656",49.5892505347073
"1657",36.4840073973224
"1658",44.2844273734718
"1659",71.607692530113
"1660",59.7820791339672
"1661",66.7976989191172
"1662",40.4066084201815
"1663",57.181974749659
"1664",39.7903877653326
"1665",38.0118892603424
"1666",74.2572363417526
"1667",40.4376344805392
"1668",48.7223315882099
"1669",61.9461568580353
"1670",32.2783360213409
"1671",76.211807411688
"1672",62.3162148834635
"1673",66.1629184628519
"1674",35.7239737827842
"1675",55.1642899826255
"1676",33.4791987231407
"1677",74.0724113388679
"1678",58.6069882733511
"1679",25.360899115803
"1680",29.3413809918718
"1681",63.5924521920734
"1682",40.5057753885017
"1683",31.5694686051706
"1684",113.797152585269
"1685",21.292621827543
"1686",142.924617276676
"1687",48.2413973349815
"1688",54.9967240532711
"1689",30.9026591697216
"1690",52.0161766359965
"1691",42.1255568385407
"1692",57.7562927274926
"1693",36.3934324611538
"1694",38.1286780971819
"1695",57.3405910683266
"1696",72.4724841255215
"1697",59.2733846344842
"1698",17.4975911106451
"1699",40.2378098966524
"1700",49.0453834007539
"1701",18.8181983493139
"1702",51.6422493802008
"1703",117.10974957267
"1704",27.6705531122064
"1705",62.7841728262374
"1706",35.2346726332413
"1707",16.5809509111215
"1708",20.8010606583068
"1709",32.4590298308682
"1710",103.378785435283
"1711",38.1987167633722
"1712",45.0142872258071
"1713",43.836788836583
"1714",29.1314719160717
"1715",81.1264295960142
"1716",46.9407472661889
"1717",53.4447620720666
"1718",62.2522604659032
"1719",31.9313376021885
"1720",26.0782254771034
"1721",17.3394703425395
"1722",15.1983890766929
"1723",26.8944061571535
"1724",30.1635337647743
"1725",30.1865745478335
"1726",43.619931716066
"1727",31.3571290327457
"1728",41.2146873193398
"1729",19.5805049976349
"1730",52.1416180789537
"1731",42.4674939773781
"1732",33.9744323077801
"1733",81.0582970995043
"1734",31.1056042045121
"1735",56.7018996013913
"1736",54.9596827337705
"1737",27.8779219714806
"1738",14.637653620368
"1739",28.279396747278
"1740",77.1986665332526
"1741",27.9014023408863
"1742",76.8652948291261
"1743",34.6489185392892
"1744",104.491971013161
"1745",89.2212154347879
"1746",30.6292062070832
"1747",97.3288880396897
"1748",59.568566997597
"1749",26.6790760891904
"1750",25.6136637029579
"1751",25.9394999726128
"1752",134.068307809719
"1753",19.8100815863783
"1754",44.650918620869
"1755",78.1370111583843
"1756",34.2938923964731
"1757",69.7962744290829
"1758",33.313058464972
"1759",24.8654393212499
"1760",23.8152989276652
"1761",125.792063673932
"1762",89.8951676619128
"1763",42.5440219251398
"1764",30.0241109195516
"1765",54.474009702914
"1766",35.1161660329812
"1767",60.1708494616491
"1768",62.7152509394788
"1769",30.3579855470855
"1770",29.0276386826659
"1771",54.2837463097735
"1772",61.569681245385
"1773",51.0584651041585
"1774",35.1100881665876
"1775",44.9939828931896
"1776",44.8553184010073
"1777",100.029033277386
"1778",76.5611202278712
"1779",34.2103222981589
"1780",89.4256125160979
"1781",13.6261437453605
"1782",71.7355547195851
"1783",14.9552199062518
"1784",78.2516970293849
"1785",59.1870899500068
"1786",44.6794154202221
"1787",71.7076834595944
"1788",60.1254966789228
"1789",55.800565539162
"1790",25.1069465837196
"1791",19.9683553907775
"1792",61.1424364334811
"1793",20.1567665557682
"1794",27.7232065313718
"1795",34.8156457785934
"1796",55.74116236428
"1797",25.0400529767806
"1798",21.2775695970628
"1799",51.1365756824749
"1800",51.4558902913133
"1801",47.7548990631914
"1802",22.7963385708344
"1803",45.7782487654159
"1804",48.5393460274792
"1805",53.0313800776505
"1806",67.47039649404
"1807",15.6079361608224
"1808",60.6800274621118
"1809",87.0342519425731
"1810",132.579510180664
"1811",21.8438834838828
"1812",64.9027813246748
"1813",57.2480158740208
"1814",47.6764477855504
"1815",67.8347770899428
"1816",42.0198872903316
"1817",18.5456305865293
"1818",45.1441195042724
"1819",51.3253270576345
"1820",34.0490145069485
"1821",70.1015040183218
"1822",28.5701943433009
"1823",36.1802461159249
"1824",47.5466062961992
"1825",39.5455279266611
"1826",35.6088452459148
"1827",29.8988215499626
"1828",26.0123259910541
"1829",38.7389084862759
"1830",112.67706006152
"1831",64.6357994833487
"1832",42.4912637703127
"1833",36.2069525433709
"1834",74.4141469874963
"1835",53.0321425408736
"1836",20.6059858861328
"1837",28.6311173901235
"1838",39.6139263347116
"1839",13.3271585828517
"1840",22.598068777979
"1841",19.2551180847098
"1842",35.4319710563689
"1843",33.450142456279
"1844",62.9025096087516
"1845",25.4580107808999
"1846",44.0260853632415
"1847",231.957374194318
"1848",67.3152930640243
"1849",39.8638285577216
"1850",45.4819459044882
"1851",68.2134285037318
"1852",30.5100189884216
"1853",59.4934020395276
"1854",35.6264724589006
"1855",38.6557545906587
"1856",37.5038667470028
"1857",49.0110682552297
"1858",54.9849701554438
"1859",49.6218503811365
"1860",34.7570626002592
"1861",107.213359484687
"1862",100.367096596641
"1863",39.6239407730847
"1864",36.2935429585842
"1865",105.5563969256
"1866",39.6702985053107
"1867",47.7981196238487
"1868",73.4467374913778
"1869",24.0506313394155
"1870",57.2719100552653
"1871",47.0058211797989
"1872",87.5724155410623
"1873",42.4479171681828
"1874",26.6193050114907
"1875",22.6283860333343
"1876",36.6004150816492
"1877",18.5169500169996
"1878",51.6959746198019
"1879",43.7879186821569
"1880",26.2506449616343
"1881",28.5254841848586
"1882",67.3465677643304
"1883",36.2626257229024
"1884",47.0160416224513
"1885",101.61636266087
"1886",45.2626392591076
"1887",37.61320740142
"1888",52.8838955503575
"1889",63.4767809783212
"1890",37.8949702994993
"1891",23.8275113089915
"1892",47.4544539594185
"1893",40.7300915239994
"1894",30.975282167188
"1895",17.5692710221818
"1896",25.5560199922748
"1897",62.6110249369768
"1898",66.5567470746147
"1899",30.5405906778609
"1900",31.8300541384901
"1901",60.6574777277187
"1902",60.2679819725577
"1903",35.9922320495752
"1904",63.4800987700279
"1905",25.0072490614235
"1906",26.6296008138399
"1907",69.110018818101
"1908",39.176431121522
"1909",26.8956981534807
"1910",121.35858209335
"1911",43.4419725332283
"1912",39.2601934816193
"1913",43.6855871743334
"1914",68.0305253738955
"1915",33.9828344064964
"1916",45.9682308905497
"1917",42.5351711187478
"1918",24.401535037223
"1919",35.0209384047577
"1920",106.533570279665
"1921",40.7507584349943
"1922",66.7784992263435
"1923",56.5389192913161
"1924",36.7137764400689
"1925",47.6285003906468
"1926",21.0744218804724
"1927",55.2520873488938
"1928",56.1156169304263
"1929",25.7111174991857
"1930",51.0460922652032
"1931",14.9124873139291
"1932",40.5826245982283
"1933",48.5485975608149
"1934",16.3778699316671
"1935",78.5551932828969
"1936",23.4007042875254
"1937",67.0216278353922
"1938",14.6431934211044
"1939",52.8729555263283
"1940",25.2804343550307
"1941",29.9591686071272
"1942",31.4596013624665
"1943",21.2035935208915
"1944",81.8713818695698
"1945",43.828313355394
"1946",78.1479648376951
"1947",105.800732504143
"1948",42.8718688763472
"1949",45.0741351072292
"1950",25.8014711414691
"1951",86.2879915363947
"1952",43.1642985392989
"1953",32.6248167429156
"1954",48.5518225137368
"1955",27.6600430897237
"1956",84.4727099364222
"1957",34.5414937313042
"1958",51.6491122337609
"1959",36.8387188882721
"1960",67.8087422902055
"1961",42.1244449456082
"1962",57.1755268478436
"1963",87.0868346698544
"1964",65.6056063084732
"1965",27.2463470500087
"1966",29.8614001578396
"1967",26.3529616219517
"1968",21.7834245041872
"1969",61.4831709196092
"1970",33.9302435386173
"1971",46.2730639636223
"1972",62.9415744009678
"1973",34.3700714549401
"1974",31.4338840314201
"1975",26.1125457424812
"1976",50.2402472204401
"1977",64.8118345598928
"1978",26.9778937661054
"1979",59.9701390704792
"1980",43.0575245874077
"1981",43.1206810943566
"1982",53.6877229685257
"1983",43.2864280688184
"1984",54.8635679668003
"1985",37.8412093808898
"1986",44.2919037745451
"1987",44.9206831393053
"1988",95.1783353706267
"1989",88.1404743538615
"1990",97.1657926775485
"1991",71.1531573707039
"1992",30.3989829454962
"1993",24.9782157685322
"1994",38.7362611086231
"1995",20.1581860805836
"1996",40.184553966607
"1997",34.8128092404887
"1998",38.3320133403424
"1999",45.6285423559076
"2000",73.3453885605322
"2001",28.0277236068776
"2002",59.8189897212324
"2003",63.8470079199237
"2004",55.7853087607776
"2005",57.7741270203069
"2006",32.645081894485
"2007",41.3466015149612
"2008",29.768688449668
"2009",24.1580074587443
"2010",171.997966819087
"2011",68.5977378092403
"2012",64.2631149889985
"2013",37.8448989275829
"2014",53.1870922854339
"2015",38.2412428292368
"2016",103.365197770673
"2017",98.0861847581473
"2018",31.150548614288
"2019",57.8146830146025
"2020",73.8876968685717
"2021",43.5273191419832
"2022",38.5511672956958
"2023",37.2145668472832
"2024",27.9412369805078
"2025",15.7587876939528
"2026",47.4697769311167
"2027",32.4127109000114
"2028",89.4858674007363
"2029",39.6293543638602
"2030",31.8774085468041
"2031",36.4496125701299
"2032",70.9856087860031
"2033",22.8659982779849
"2034",21.289756017874
"2035",34.8449761576294
"2036",34.4937719048781
"2037",59.626875418298
"2038",28.8899114153219
"2039",21.6216137359142
"2040",67.0765625472796
"2041",18.3187278793485
"2042",36.2236913890913
"2043",37.91131508454
"2044",117.209550627751
"2045",72.5274475253431
"2046",68.5162150336182
"2047",127.582063947806
"2048",47.3863462635699
"2049",38.5814560140265
"2050",62.1842294055683
"2051",63.8274399594257
"2052",65.5058220888342
"2053",49.6727770022239
"2054",45.0191181486235
"2055",40.9210175051495
"2056",31.5764611429839
"2057",29.1528603683292
"2058",50.0853013523414
"2059",57.0473289449521
"2060",44.7123708527923
"2061",46.7078711277479
"2062",45.7916027167328
"2063",53.1676719216568
"2064",30.853323499853
"2065",76.5184802473517
"2066",63.9610801237134
"2067",159.854904622175
"2068",40.9495084148385
"2069",42.9000259701898
"2070",43.4160387119773
"2071",44.1611788469597
"2072",43.7537939985689
"2073",34.120732203833
"2074",57.3885294167883
"2075",58.6355007882225
"2076",36.0310531417253
"2077",28.849180887971
"2078",41.4548164173369
"2079",25.7790719620902
"2080",19.6266636317511
"2081",78.8878749894198
"2082",49.957590480951
"2083",20.3294425542149
"2084",35.2066628307332
"2085",34.5351153322528
"2086",45.9057848064448
"2087",43.7429990013952
"2088",42.9631722673225
"2089",27.5595979241465
"2090",89.3906570667787
"2091",64.1769193701262
"2092",74.8036342596418
"2093",23.1403041846078
"2094",42.5203203315387
"2095",17.2902620406297
"2096",36.7074262001475
"2097",83.3036130793236
"2098",66.6329066309567
"2099",31.239025553572
"2100",39.2180808074466
"2101",130.200440524481
"2102",36.6477840485814
"2103",130.782733973133
"2104",47.3049783534942
"2105",15.2446959206462
"2106",53.0534542228743
"2107",78.1352069985494
"2108",64.6338843333465
"2109",22.7649659664067
"2110",57.0431608187929
"2111",41.5246085307903
"2112",24.0706240943574
"2113",44.6213300052335
"2114",37.7247311681463
"2115",27.8079456942633
"2116",14.604983064838
"2117",19.427227771265
"2118",42.3521503918928
"2119",54.1288425273885
"2120",18.501161934855
"2121",38.0558889817602
"2122",21.3380029646504
"2123",69.609452207996
"2124",53.2861579024228
"2125",89.8924964816809
"2126",92.7084259443905
"2127",25.94739072983
"2128",32.6360723784654
"2129",65.8647697579964
"2130",20.9490830711327
"2131",36.7243130262643
"2132",46.7483891866067
"2133",50.0844668342227
"2134",35.0310106837112
"2135",42.3998143602739
"2136",42.5170184503529
"2137",39.3444559421915
"2138",108.988224614167
"2139",60.2409313635272
"2140",45.178569980543
"2141",50.6993159641916
"2142",73.1166137496044
"2143",40.0092692254048
"2144",33.9511065886554
"2145",122.226775836538
"2146",39.4077162888803
"2147",57.3554586749358
"2148",101.904356539298
"2149",39.329364361407
"2150",20.7510239041445
"2151",31.115643202108
"2152",95.9171527851363
"2153",69.3833188017626
"2154",95.6654515476041
"2155",35.2495867086171
"2156",80.4269457843661
"2157",27.0577574812701
"2158",59.4734404059747
"2159",57.6903884489511
"2160",30.635202359985
"2161",122.566283723304
"2162",37.9695599070178
"2163",45.9653487815564
"2164",42.0708450965139
"2165",93.7167817820907
"2166",34.8616961799028
"2167",15.5460695543751
"2168",45.6003287484128
"2169",43.9585527783721
"2170",47.3622945219041
"2171",32.1159182919762
"2172",50.9990496433732
"2173",70.6829089833318
"2174",24.3635162038192
"2175",45.3910119644173
"2176",62.1181114687973
"2177",41.78320865751
"2178",78.9509288069148
"2179",26.8428728552498
"2180",35.3116734642491
"2181",36.9414304232777
"2182",31.5910736678106
"2183",36.2665557773235
"2184",101.003766408539
"2185",30.5068747494917
"2186",49.9178420340123
"2187",27.1243595797689
"2188",37.567422126762
"2189",73.9157509919071
"2190",38.528057020397
"2191",18.0092410072792
"2192",15.9162390502582
"2193",53.1428694360317
"2194",54.3145517927296
"2195",24.2149969731459
"2196",50.3741854731871
"2197",26.2828040983712
"2198",86.3866696843296
"2199",36.2587114990428
"2200",18.2731359805704
"2201",22.9390255003627
"2202",74.3310011614715
"2203",118.176145659243
"2204",26.3826500800791
"2205",55.0888588408806
"2206",82.2773785953327
"2207",29.1464631928277
"2208",50.1601895801538
"2209",84.312470477606
"2210",54.4289927406963
"2211",30.155684942269
"2212",76.2584969184983
"2213",47.5424471997264
"2214",18.5346043667973
"2215",30.4019210436776
"2216",23.7643131680891
"2217",101.983427573695
"2218",47.8664051020753
"2219",31.2468839784444
"2220",34.6824373160179
"2221",34.8727399133363
"2222",17.4698070530163
"2223",45.0421672192042
"2224",22.6691380359303
"2225",34.6392330028724
"2226",23.6161176329071
"2227",16.6175997920207
"2228",49.1703475725136
"2229",64.2041155198758
"2230",31.135287679947
"2231",76.4926994648931
"2232",49.4754632435516
"2233",69.4883015858258
"2234",28.230846113466
"2235",30.1386904995814
"2236",171.438451448925
"2237",58.9856817640039
"2238",42.9883180073768
"2239",45.6182726133661
"2240",46.7184683280335
"2241",38.572465762862
"2242",21.8222107066357
"2243",57.8388478409714
"2244",84.7003640305009
"2245",21.2639535167633
"2246",36.7146175602097
"2247",59.4056153234722
"2248",51.7570321865133
"2249",43.2707135155408
"2250",31.8407262847567
"2251",49.8812508297994
"2252",50.197801193046
"2253",141.623810817815
"2254",48.2275847990007
"2255",43.857768786445
"2256",58.1423499747431
"2257",50.1077544158903
"2258",47.0653422796225
"2259",63.5901615731864
"2260",51.1320728661018
"2261",77.6721813855319
"2262",47.8153419643823
"2263",30.2334302386285
"2264",46.0404813131581
"2265",48.1702153143803
"2266",88.2346640623852
"2267",75.7609941400929
"2268",38.1139822473316
"2269",47.5031886099411
"2270",41.8065687464803
"2271",54.7974848751634
"2272",55.6820134592941
"2273",17.9138019707814
"2274",40.152709996265
"2275",42.6887095221821
"2276",55.0023977162496
"2277",46.5457698309994
"2278",72.7564450039134
"2279",29.8431077281352
"2280",47.705593648286
"2281",93.8309608325031
"2282",17.9172187005564
"2283",19.0078018134361
"2284",76.2375236027826
"2285",63.8121252281068
"2286",31.6685864084025
"2287",31.6336484998977
"2288",57.2384292325109
"2289",49.7317069518794
"2290",39.7791816091268
"2291",22.4904591511891
"2292",32.748865847738
"2293",71.1670598684094
"2294",50.9738463727118
"2295",43.7670590070625
"2296",68.7090710374142
"2297",65.2315924782263
"2298",22.3409798135564
"2299",13.5375107766189
"2300",92.3397896059187
"2301",52.3047258566741
"2302",114.321961298416
"2303",16.9111321873901
"2304",60.2837357730275
"2305",38.5009553045864
"2306",17.4390414602359
"2307",56.7540308590108
"2308",38.3039961335099
"2309",29.479845930789
"2310",24.3135836712392
"2311",27.898254241561
"2312",43.1689696024813
"2313",23.8938250931203
"2314",66.1301700352867
"2315",63.9184824482106
"2316",44.3574804676941
"2317",30.658025608349
"2318",98.2957152739614
"2319",66.2711440096612
"2320",28.9463941090082
"2321",99.1453181474366
"2322",84.4905414613485
"2323",41.233659755218
"2324",23.8632235570436
"2325",86.9883802655052
"2326",106.949825876362
"2327",23.8571208554483
"2328",32.1665829048363
"2329",81.7159497294359
"2330",48.7795786848727
"2331",74.4762104511677
"2332",10.093299917412
"2333",47.2417512618403
"2334",51.2186725277465
"2335",46.5782808253343
"2336",30.0252032329427
"2337",120.361747217429
"2338",22.9120124737036
"2339",90.2109477581883
"2340",36.9030608226381
"2341",41.7478631941713
"2342",19.3617377972189
"2343",43.6977881597109
"2344",56.9608568696558
"2345",28.4931817724169
"2346",62.2337888741052
"2347",37.3455837961418
"2348",55.7167415256856
"2349",12.7624047599469
"2350",75.5042903990508
"2351",12.490792539604
"2352",33.049682072087
"2353",62.9273032032523
"2354",52.7462175469274
"2355",25.0147886137727
"2356",63.0837276425874
"2357",37.6713777035627
"2358",91.7325738361845
"2359",26.7481700984773
"2360",22.5494288246705
"2361",24.9621215690486
"2362",26.3272683129585
"2363",36.1567210559721
"2364",46.7120032782395
"2365",27.474298020178
"2366",25.668298005351
"2367",44.4914164154383
"2368",53.9767692767149
"2369",63.7264709956855
"2370",53.4392743494271
"2371",23.3796567488494
"2372",62.0395285224403
"2373",21.6868869479554
"2374",62.6570420384023
"2375",36.3614222705827
"2376",29.2795418031396
"2377",50.0021158479703
"2378",16.8943931004671
"2379",28.9367501817349
"2380",28.9386770413963
"2381",54.0795110282696
"2382",87.0295318602397
"2383",69.8334450427776
"2384",42.0518573108031
"2385",49.6871642937986
"2386",37.9459949278492
"2387",27.3066989257286
"2388",22.976023424974
"2389",43.4829332437855
"2390",31.9884234138743
"2391",19.9174301691287
"2392",46.1735377525149
"2393",45.762985936676
"2394",51.5166558543271
"2395",19.2461440092684
"2396",113.768915047688
"2397",104.866426502583
"2398",40.8894791610952
"2399",54.7593095732166
"2400",110.736523360171
"2401",34.6412306306668
"2402",47.5981771701958
"2403",17.8507067042424
"2404",73.1334105090702
"2405",63.2681406764808
"2406",82.4925374771991
"2407",40.588809234315
"2408",65.3425344620052
"2409",47.7686441584659
"2410",41.0931169895725
"2411",32.793169950502
"2412",57.2935734798866
"2413",42.5715393365543
"2414",46.2445675157891
"2415",99.5235646136241
"2416",72.5851192480423
"2417",36.6461245309091
"2418",19.6706011877417
"2419",37.4980846214982
"2420",108.397754738976
"2421",35.2476683066503
"2422",49.45389340861
"2423",67.2766347790608
"2424",36.4198158339149
"2425",50.3225121499052
"2426",84.5325719104
"2427",125.735650140541
"2428",18.8874295132061
"2429",46.0419462116757
"2430",57.733769861587
"2431",49.6212028615203
"2432",42.4811752809129
"2433",27.7017641249295
"2434",39.303891300697
"2435",70.352103720814
"2436",61.3198133039263
"2437",28.2533499665186
"2438",52.329768792431
"2439",33.2061773127757
"2440",19.1680927361116
"2441",43.8735785640735
"2442",29.7451239939646
"2443",44.3474991711404
"2444",24.2818788281526
"2445",16.2427972279032
"2446",53.2796455361658
"2447",48.0137263656653
"2448",36.5876097884747
"2449",117.072154762621
"2450",44.1248446242357
"2451",20.6790312667418
"2452",70.2093984241602
"2453",25.8727757879398
"2454",61.9693072019287
"2455",38.8932775666008
"2456",92.2321513322026
"2457",39.8188533049076
"2458",34.3547559036729
"2459",39.3218062655906
"2460",66.5988959295323
"2461",53.5769728599123
"2462",14.5565647730656
"2463",71.523332772527
"2464",33.197793260151
"2465",68.8320332095704
"2466",110.964024046189
"2467",45.6568931466546
"2468",83.0349888158262
"2469",65.6231046515731
"2470",54.779546282338
"2471",31.6290024288225
"2472",61.86697786479
"2473",56.663524336977
"2474",19.0168719184908
"2475",77.638130699853
"2476",49.154794300016
"2477",81.5287889204898
"2478",44.6750969545906
"2479",35.3016440017208
"2480",86.6800441031265
"2481",88.6925851248137
"2482",67.7318386294891
"2483",25.2238366856908
"2484",55.3438119581691
"2485",117.883727804986
"2486",27.7720868563307
"2487",31.0534083415056
"2488",46.9909372350374
"2489",19.2514982224344
"2490",19.8216903714852
"2491",23.0822795877681
"2492",98.4921304652789
"2493",28.7028779267743
"2494",66.2699980194433
"2495",25.1516205774358
"2496",32.9808611189125
"2497",72.4381634856086
"2498",25.1026611174217
"2499",50.4954242175611
"2500",21.1056912382448
"2501",51.4932186983176
"2502",39.1982758033138
"2503",47.0263925073942
"2504",10.6741320491183
"2505",13.8163349035172
"2506",49.5953197008903
"2507",33.4881535027266
"2508",33.1962733348163
"2509",48.2284241912724
"2510",75.8289331594193
"2511",50.9471284551284
"2512",93.5619754174027
"2513",15.8782717496882
"2514",26.6893353511514
"2515",124.948630826148
"2516",77.4121417976077
"2517",53.2627254226667
"2518",58.4827968593421
"2519",31.0200768703387
"2520",69.5922104020975
"2521",94.1245166648309
"2522",48.4918169790952
"2523",32.9358485734986
"2524",40.4396575338346
"2525",85.7823610320743
"2526",52.674262860401
"2527",31.1340546504457
"2528",71.4040043396458
"2529",32.6752447949684
"2530",34.7199828602225
"2531",83.0429960604031
"2532",37.2559965172766
"2533",22.6923870585426
"2534",64.6395858483005
"2535",29.6769932459562
"2536",42.2459958065947
"2537",48.1606868074087
"2538",39.3024954560587
"2539",160.756954626034
"2540",151.914123324662
"2541",22.6942684703806
"2542",42.894273413509
"2543",27.3890633594567
"2544",29.9959021534572
"2545",41.6726695380067
"2546",23.5161760529804
"2547",72.3033551774003
"2548",106.826476551195
"2549",28.6276989018573
"2550",76.5530637713458
"2551",37.4045999522936
"2552",59.1317775446479
"2553",131.203368272347
"2554",50.9324595815688
"2555",42.1780826074613
"2556",23.0068610728266
"2557",53.5640507422905
"2558",36.9677116425355
"2559",52.5545051351562
"2560",29.6080048453485
"2561",47.8617259065566
"2562",50.7653891614179
"2563",39.1686198122135
"2564",54.3865479791626
"2565",70.0083387938961
"2566",23.6401108511373
"2567",59.5225208403104
"2568",29.8696233303364
"2569",107.944718754291
"2570",34.6439880350115
"2571",31.7406204400027
"2572",16.7764692907903
"2573",25.1221675919992
"2574",68.2547619700614
"2575",80.2476569709179
"2576",28.062181638319
"2577",39.7924288223963
"2578",19.2759094188941
"2579",71.7533198850705
"2580",22.9000783068453
"2581",87.3473143973801
"2582",46.5270975860478
"2583",44.4982819497882
"2584",22.4229715046645
"2585",45.3876002785603
"2586",19.1480734767666
"2587",26.4198508333493
"2588",57.4920359230204
"2589",42.192046868982
"2590",29.8814578177397
"2591",38.1879199591373
"2592",89.6285035941356
"2593",37.1899167572533
"2594",71.2332257805923
"2595",50.0964470229299
"2596",49.0601018583971
"2597",42.2006498319543
"2598",93.7788647707664
"2599",33.3844786161229
"2600",19.1323606205896
"2601",25.6941313023351
"2602",39.3337586634105
"2603",22.5510573479305
"2604",37.8178675040933
"2605",22.9537268896921
"2606",20.6836453612139
"2607",47.8071585779706
"2608",25.1027966424941
"2609",69.1470235649674
"2610",81.2802493526233
"2611",37.1912241611436
"2612",20.5514349867996
"2613",54.070089203875
"2614",168.727260449057
"2615",43.3166762834985
"2616",22.4311118281288
"2617",35.7074583957019
"2618",40.6625266624238
"2619",22.6266945142701
"2620",52.1167892735328
"2621",40.9439296052971
"2622",53.2026883374834
"2623",36.7960226332017
"2624",74.8779052883058
"2625",32.8052952923728
"2626",22.5286492959129
"2627",46.0400023628225
"2628",38.0379811340021
"2629",53.0225110908628
"2630",51.2517263395152
"2631",61.8350061258706
"2632",34.4920218497605
"2633",118.709818930801
"2634",22.2308627140801
"2635",24.4573622751944
"2636",39.4290441225978
"2637",59.7051151403135
"2638",203.856726417758
"2639",123.969866478056
"2640",33.1867838109525
"2641",82.5803822528129
"2642",28.0042748094966
"2643",52.3261921607432
"2644",30.5863424304867
"2645",25.6313503484537
"2646",81.7910848559389
"2647",38.2615913479126
"2648",82.3736169220626
"2649",84.8209010534264
"2650",69.4343046305159
"2651",42.012908583678
"2652",57.3399330761639
"2653",22.307023835735
"2654",110.801512792144
"2655",41.374932396193
"2656",26.2753248068287
"2657",28.2402221640906
"2658",20.2179491260624
"2659",37.1754907356222
"2660",57.9713652776946
"2661",31.2130170255631
"2662",69.8772155556476
"2663",56.3188884608845
"2664",58.823668810264
"2665",41.7584970828387
"2666",16.13871398046
"2667",61.4809851246085
"2668",94.0988088690231
"2669",37.6742746392108
"2670",26.9766164514075
"2671",21.3628069432853
"2672",57.3688176905387
"2673",44.4262533656271
"2674",62.6659426923828
"2675",53.0610153812675
"2676",34.7798784003434
"2677",68.4344681213483
"2678",48.733101658702
"2679",99.9218589257232
"2680",32.7872258701605
"2681",140.798923858336
"2682",43.5566204347388
"2683",24.0277491351676
"2684",44.940550585578
"2685",65.7693079709648
"2686",28.4558447760382
"2687",21.5769540057459
"2688",82.5722069027472
"2689",25.2199773061968
"2690",48.7534269435537
"2691",33.4248685133333
"2692",33.9806037479094
"2693",111.179166949381
"2694",35.6700047537313
"2695",26.0744618831531
"2696",21.8495074288485
"2697",234.276904185645
"2698",86.6283585749355
"2699",24.4534336930873
"2700",20.6853603382128
"2701",41.4344646445874
"2702",29.2310017011076
"2703",31.457464870834
"2704",30.9474616404955
"2705",36.0859303794226
"2706",64.7343771317583
"2707",53.0304742562842
"2708",79.349680551119
"2709",45.7262556619704
"2710",51.174005250197
"2711",111.783963046108
"2712",62.9637344131389
"2713",82.8525349019492
"2714",40.7990278984776
"2715",49.9580101357883
"2716",34.5342457819251
"2717",43.6954231203257
"2718",64.737532760837
"2719",98.0774465436242
"2720",30.0950277359909
"2721",29.3541389460709
"2722",52.3993554080914
"2723",121.370814287189
"2724",79.346834348898
"2725",43.4678453392868
"2726",23.173340413839
"2727",49.2144364425933
"2728",31.7287976692278
"2729",31.9201400249541
"2730",46.2584332295201
"2731",47.0485038115078
"2732",52.8155104561673
"2733",24.6490586091105
"2734",35.4669006154937
"2735",34.7665815220518
"2736",35.5192704820937
"2737",54.873884075477
"2738",70.4474788462167
"2739",128.268765001603
"2740",73.5287538367433
"2741",37.4829225566626
"2742",122.446074148837
"2743",39.5130845050663
"2744",52.4561246889573
"2745",27.465210608894
"2746",62.1360046878768
"2747",31.3208064243087
"2748",22.1978880761028
"2749",37.1069957682668
"2750",28.937895384875
"2751",105.921028942926
"2752",40.4827562232156
"2753",43.5822948256783
"2754",28.1184115993683
"2755",37.4314063199824
"2756",60.6265548881841
"2757",47.1442029913228
"2758",38.0566857253963
"2759",36.1180588312406
"2760",64.5070732548386
"2761",50.44258339439
"2762",83.3289352024207
"2763",22.4940495209271
"2764",69.3401117130415
"2765",32.2765315021002
"2766",28.7999884204016
"2767",32.8485279579796
"2768",18.1333218613678
"2769",39.0844071071424
"2770",22.3303602735215
"2771",27.9257757521077
"2772",64.9158709550902
"2773",54.1674976746883
"2774",53.9388997440612
"2775",21.4574004157342
"2776",215.080312321084
"2777",64.2847968457619
"2778",88.9242996677729
"2779",61.4546804833992
"2780",72.9025874533523
"2781",43.7090711238819
"2782",76.9355213242321
"2783",53.1759331874951
"2784",43.9315746519538
"2785",40.688242586267
"2786",34.5845384410135
"2787",11.6783230166822
"2788",38.362782827388
"2789",38.1882624859681
"2790",91.5106276407745
"2791",19.840329353427
"2792",80.5529204433899
"2793",21.4876867613706
"2794",41.7372266188281
"2795",49.116829407263
"2796",19.837778965132
"2797",25.4078386498342
"2798",18.2554356925573
"2799",47.7103421860216
"2800",62.6030800094689
"2801",33.5585709166673
"2802",17.5721031697441
"2803",20.3097809687181
"2804",32.3067999592037
"2805",77.7090936635837
"2806",61.7446329526879
"2807",37.1306711045142
"2808",40.1269566114959
"2809",43.7510802472566
"2810",84.1627104975607
"2811",29.8591315130512
"2812",24.7920338373987
"2813",26.4102625771118
"2814",42.5020463367654
"2815",61.4012190140024
"2816",27.3011383256314
"2817",151.166067405809
"2818",33.5078066922649
"2819",26.9908154303568
"2820",80.425199594817
"2821",27.0856416178664
"2822",17.4684117401066
"2823",33.8554994698115
"2824",33.7875110772465
"2825",17.8849642968269
"2826",16.18504023747
"2827",68.1591111669032
"2828",33.7571353846215
"2829",35.9585814127809
"2830",43.2999532914325
"2831",64.3578757292854
"2832",17.582608866149
"2833",71.2356667067027
"2834",88.6538380770099
"2835",96.2726974613707
"2836",51.4539011821323
"2837",34.928264413299
"2838",66.1354022299268
"2839",76.3047993917976
"2840",101.199282984035
"2841",49.6699426334115
"2842",44.3541517631383
"2843",63.295576278671
"2844",48.7234702813577
"2845",85.7943202525155
"2846",37.338058492851
"2847",23.9393617267622
"2848",20.9163959024533
"2849",65.2619048295098
"2850",24.6169470901752
"2851",35.6687287114505
"2852",35.8755382639168
"2853",60.1711306181646
"2854",33.902250000393
"2855",72.015537462913
"2856",39.0534219070578
"2857",67.5462502882572
"2858",48.8898097489947
"2859",67.5212304422872
"2860",17.3550813263455
"2861",47.6108881250376
"2862",16.9992574312199
"2863",36.0951629228151
"2864",31.6024937135216
"2865",49.9569209833045
"2866",24.5581403811841
"2867",60.2208189300559
"2868",91.4910942989578
"2869",50.6771470668838
"2870",36.6176598205097
"2871",153.943385382751
"2872",37.0864449912462
"2873",79.4422738054181
"2874",20.8855110119991
"2875",50.4341614052345
"2876",36.3166896053208
"2877",51.1177242543521
"2878",135.845946723347
"2879",41.7422644170261
"2880",46.0650254821717
"2881",25.7753133571306
"2882",42.1277776931236
"2883",67.6050090620156
"2884",54.8717576085516
"2885",38.7174905847482
"2886",47.7341792959163
"2887",32.7741440378202
"2888",54.9481746970001
"2889",38.8238592940351
"2890",66.8221525189485
"2891",69.1031997863994
"2892",36.7231841111095
"2893",53.7098378193477
"2894",35.1451859438876
"2895",39.3058813859033
"2896",70.5832170798406
"2897",27.4852116189336
"2898",43.9179712111402
"2899",160.860720935757
"2900",71.3718262016212
"2901",108.236498592405
"2902",51.9569693719527
"2903",18.477113655779
"2904",32.29141226901
"2905",54.822863846987
"2906",24.4523175338221
"2907",36.1047193915731
"2908",84.1114573677993
"2909",74.9338448083697
"2910",53.0727015103007
"2911",57.5046945739633
"2912",26.8230968760077
"2913",46.8142217593709
"2914",51.7904767543197
"2915",16.9060621743879
"2916",78.2210981955267
"2917",15.2888019662892
"2918",42.3950762778513
"2919",132.261014595585
"2920",26.6912818960091
"2921",24.1973239386062
"2922",39.2004557160883
"2923",30.164432435029
"2924",38.979886039672
"2925",46.2595924679804
"2926",50.2006888973495
"2927",51.8302356785352
"2928",75.0178883627001
"2929",112.020461606056
"2930",47.6605842112713
"2931",61.5348097714081
"2932",28.7156775204065
"2933",32.9494404819678
"2934",75.8835889674996
"2935",114.58770550038
"2936",57.5203117928533
"2937",34.5319151562517
"2938",69.1695322772294
"2939",24.6114853949679
"2940",26.0609493936694
"2941",44.7008316531056
"2942",34.656407242927
"2943",42.7166574116052
"2944",72.2774133574585
"2945",83.7169843025455
"2946",80.5349491390386
"2947",29.4733196523288
"2948",43.5114878163443
"2949",64.1032713378077
"2950",35.5440241586908
"2951",44.0182421305517
"2952",97.4853010934214
"2953",185.751265654827
"2954",71.8859558691268
"2955",9.86451995355754
"2956",19.7979127646636
"2957",98.7830025867796
"2958",61.5806438864323
"2959",23.1326107990561
"2960",98.5627424584305
"2961",19.4866581039988
"2962",45.338100103578
"2963",53.4540029095513
"2964",99.4397806675842
"2965",75.9333040144615
"2966",41.425889704639
"2967",49.7006578323128
"2968",53.8877148527512
"2969",27.8776409173467
"2970",23.7484833593574
"2971",81.4250269060019
"2972",21.9059457590357
"2973",36.3861791678841
"2974",23.6990467350655
"2975",66.826202930977
"2976",43.2460289522781
"2977",80.7859081958014
"2978",151.014296070161
"2979",42.7974682052488
"2980",74.6969189422528
"2981",36.8965888570034
"2982",55.1400408445734
"2983",25.1317108340958
"2984",22.1340237844383
"2985",108.610837793912
"2986",26.4159772023249
"2987",41.9298670216156
"2988",62.723513652785
"2989",46.9426789830888
"2990",76.6154962383101
"2991",58.4996277091341
"2992",36.2320299515195
"2993",70.3076425456889
"2994",21.5135383546256
"2995",29.0988591813666
"2996",41.3112855605147
"2997",46.4752747990906
"2998",182.736108995366
"2999",34.1831613564634
"3000",144.12057673887
"3001",65.3638615706564
"3002",17.7434538797389
"3003",27.8452823561177
"3004",52.8850865987138
"3005",53.9983273055288
"3006",56.0921943943405
"3007",60.6675293345768
"3008",35.2273440950899
"3009",93.4892162922296
"3010",21.3553800573572
"3011",26.2114414739526
"3012",35.090293985745
"3013",29.286526105458
"3014",21.1427989766126
"3015",61.9314585847654
"3016",16.425837798261
"3017",64.4153562348144
"3018",56.4627442197867
"3019",28.2938231317402
"3020",31.8572589482426
"3021",13.4084894124445
"3022",86.2507916832865
"3023",34.620905858324
"3024",17.5884999978498
"3025",30.120512140075
"3026",55.1857129000952
"3027",37.5552586843823
"3028",38.0136665006029
"3029",28.4518104537663
"3030",16.8163789288659
"3031",38.401083458594
"3032",23.1812288157806
"3033",33.7386449700495
"3034",42.7749747026711
"3035",59.3818622512984
"3036",32.6749995321106
"3037",20.6023588131006
"3038",26.4129034244632
"3039",21.2855162189378
"3040",30.8621728591378
"3041",84.0750363408011
"3042",16.9101241826072
"3043",76.6122132453734
"3044",47.0543293771324
"3045",105.070726958807
"3046",19.0200578515877
"3047",55.5058023104839
"3048",54.4413240118453
"3049",22.6244699589647
"3050",33.5952308607209
"3051",31.5007585436733
"3052",35.0074735705215
"3053",61.7125106230501
"3054",32.9733706696696
"3055",48.4649231478293
"3056",18.4563906208176
"3057",71.8883167478055
"3058",68.5441265413877
"3059",25.4405223419195
"3060",64.0964322577997
"3061",66.895338320621
"3062",23.530717543964
"3063",46.0075565836173
"3064",14.3327687147226
"3065",37.0839794409533
"3066",27.1358058730406
"3067",36.6983509467754
"3068",56.8580174205403
"3069",31.2169306014379
"3070",18.3791778379034
"3071",12.4087710674313
"3072",106.952705280715
"3073",44.4379095001112
"3074",27.8311754838553
"3075",59.7829053972032
"3076",24.4609336562708
"3077",19.6820752492399
"3078",27.2626490239715
"3079",106.729092892864
"3080",79.5798184627791
"3081",52.6783470861571
"3082",29.3946667912993
"3083",35.2527811391479
"3084",36.2062328598562
"3085",99.8499768296417
"3086",38.8116188652056
"3087",11.743257976753
"3088",96.0265675546262
"3089",29.3603716240254
"3090",33.3118040124635
"3091",51.8067504384698
"3092",48.5786107220452
"3093",63.0719112968172
"3094",26.0530798647777
"3095",37.3814105106678
"3096",24.3074966315793
"3097",17.2166314406655
"3098",35.959762753736
"3099",30.5024184233435
"3100",54.952523477373
"3101",34.3275988034051
"3102",33.1981482526805
"3103",14.5128903708078
"3104",50.8333724001226
"3105",36.6997232879298
"3106",18.4561968518276
"3107",51.9649218419817
"3108",11.0701715295774
"3109",36.2474046106297
"3110",29.7338447546849
"3111",42.8960650704788
"3112",56.7270156694797
"3113",25.6524573382451
"3114",57.7165321745903
"3115",13.3679946772265
"3116",83.0705388124418
"3117",43.6284970205495
"3118",64.6804460115182
"3119",89.1582036173894
"3120",91.6263171492853
"3121",72.4338281365976
"3122",29.1066237654628
"3123",116.563095119523
"3124",22.5631020824692
"3125",38.8084290780161
"3126",50.1709094154988
"3127",44.6733490354925
"3128",46.5108237650298
"3129",30.6414692194117
"3130",23.8240792155431
"3131",51.27424225807
"3132",94.3433144303581
"3133",32.1854622833678
"3134",44.6318497290451
"3135",18.2602048499275
"3136",31.3722292093069
"3137",24.4110300988385
"3138",70.9778275525975
"3139",92.3158788568852
"3140",40.4315957926276
"3141",62.1169989015116
"3142",19.6254132962868
"3143",89.5313501398989
"3144",177.871906995261
"3145",24.3324651041308
"3146",31.4513092888687
"3147",75.7990207521897
"3148",77.3767446768038
"3149",41.5676683048951
"3150",16.7430537857588
"3151",34.3654285388498
"3152",66.9341132659452
"3153",43.5946037419749
"3154",29.9795015131896
"3155",50.6061963988895
"3156",50.7150224992958
"3157",42.3375984164684
"3158",22.8647654084922
"3159",39.9035993794373
"3160",70.7595098773666
"3161",44.2115965089416
"3162",28.0835144697565
"3163",31.2028923552629
"3164",32.5073018350077
"3165",46.1327684001525
"3166",24.9456069006667
"3167",36.5277732234298
"3168",35.0112262019415
"3169",19.3897940283594
"3170",31.7636938126124
"3171",39.4418469790468
"3172",51.2879526935184
"3173",45.2757862453611
"3174",32.7678874330115
"3175",78.7273214180852
"3176",66.3092676505906
"3177",22.5367496049583
"3178",31.553148471034
"3179",21.8343347389581
"3180",78.9880550906788
"3181",67.3567453299901
"3182",16.7613644831151
"3183",45.4072217534612
"3184",42.4521826474027
"3185",80.5927705195829
"3186",19.9373881373333
"3187",74.7497013102607
"3188",44.9125063870309
"3189",13.9324165176804
"3190",44.6902012422668
"3191",59.5088752345323
"3192",35.4783745266042
"3193",50.2796542022672
"3194",25.5455879839156
"3195",41.8409891839355
"3196",46.2505592089331
"3197",41.5853634621307
"3198",32.5423330282721
"3199",47.1506369902532
"3200",122.972456375421
"3201",37.5636973012069
"3202",99.0484315510881
"3203",63.10927508107
"3204",46.7100611865804
"3205",47.5777663631579
"3206",55.592241665024
"3207",42.8638284940648
"3208",30.8906916205284
"3209",69.5282587753218
"3210",22.4273321465929
"3211",75.1868304094148
"3212",109.021120892816
"3213",73.9837278485364
"3214",48.0499529807609
"3215",26.3924375577769
"3216",50.9249160899019
"3217",27.0977372604147
"3218",28.8553712755354
"3219",35.675378669778
"3220",27.7908406760394
"3221",34.5086740807117
"3222",37.5663200067617
"3223",40.3531716192147
"3224",23.9287217506915
"3225",34.6088584131232
"3226",123.740655395455
"3227",59.2103357729648
"3228",28.2684930391505
"3229",51.4852329635231
"3230",55.9570683915152
"3231",34.0683884565466
"3232",17.6144382658508
"3233",59.5910811505494
"3234",43.8658564725258
"3235",37.9109592846187
"3236",54.8330072804437
"3237",77.674603982117
"3238",62.9460947481023
"3239",51.2546797577996
"3240",76.0154877503317
"3241",19.952523793794
"3242",30.1105603075216
"3243",123.684629165442
"3244",27.2224425388619
"3245",34.2603254125218
"3246",35.0177046614338
"3247",29.6094523143574
"3248",16.3924468309378
"3249",20.9620894571867
"3250",51.6799164299755
"3251",43.4426912071164
"3252",51.0374053418939
"3253",51.6554688772287
"3254",33.77255867071
"3255",19.9815025836972
"3256",76.006908445585
"3257",48.2366808452176
"3258",36.827921016379
"3259",23.8387582887333
"3260",45.6830478173816
"3261",31.3266459326927
"3262",89.1914301135194
"3263",47.6883132062832
"3264",27.9367228127358
"3265",97.4534767442268
"3266",33.764675172135
"3267",35.6710183891274
"3268",32.87045904538
"3269",19.6435704620171
"3270",40.3796137710531
"3271",29.5917423688023
"3272",31.3207347763389
"3273",32.4428385921771
"3274",36.9870160432326
"3275",34.9354704741242
"3276",28.1057238394823
"3277",24.4907181771048
"3278",42.1881554142009
"3279",31.9244367005571
"3280",8.58202008680335
"3281",35.3325470566836
"3282",42.3757452931776
"3283",53.2030720107098
"3284",13.5348078533645
"3285",67.1044023812752
"3286",32.8894074891456
"3287",44.7275114094301
"3288",53.2469832402132
"3289",38.3349172876894
"3290",61.5318156771888
"3291",56.923104440922
"3292",45.6248498176212
"3293",31.2015329993448
"3294",81.1291355952816
"3295",53.4380315284168
"3296",28.9750987976323
"3297",133.50707130581
"3298",62.8687747238083
"3299",21.4484014461298
"3300",45.71254419045
"3301",24.0563309951213
"3302",45.5802733163796
"3303",51.9247702532633
"3304",36.4317735850141
"3305",79.761485596121
"3306",23.9355575715204
"3307",30.9643222422322
"3308",131.449510827538
"3309",48.0710441484869
"3310",24.1146052920273
"3311",30.7377088311653
"3312",86.8069726020817
"3313",149.059357457177
"3314",39.5904439147284
"3315",56.0438714690709
"3316",30.0184288357353
"3317",33.7048287261441
"3318",42.9039354455177
"3319",36.1892414357296
"3320",43.3785986060833
"3321",48.6172954231373
"3322",41.3921925505771
"3323",30.9937085946447
"3324",38.3175407293731
"3325",18.7872752929962
"3326",44.6546849733748
"3327",36.4614342978069
"3328",36.4475877029411
"3329",68.6402145255199
"3330",19.5138278263846
"3331",38.8263841619872
"3332",71.8841077608926
"3333",34.9488516184287
"3334",19.3331684356385
"3335",72.5310111968556
"3336",68.0824994097243
"3337",32.5930860019334
"3338",17.6991447252313
"3339",46.0726839787683
"3340",111.280553157134
"3341",41.3242198006269
"3342",32.2079368657647
"3343",144.987324329896
"3344",25.7718331206209
"3345",27.7602158841628
"3346",41.728293931203
"3347",26.1433988439056
"3348",19.974617778413
"3349",131.244689438512
"3350",26.245482946837
"3351",65.9634333206096
"3352",24.4649311721948
"3353",29.3618317161161
"3354",60.5755244786798
"3355",36.6975959477207
"3356",49.9172792644791
"3357",36.905992701028
"3358",84.5040721911123
"3359",44.4846735214408
"3360",30.19964498477
"3361",55.96935619532
"3362",38.9779273930385
"3363",76.080183970756
"3364",28.2309436198138
"3365",74.7371690638436
"3366",60.5056398956076
"3367",47.5141240076874
"3368",27.7077813051073
"3369",46.6972119843307
"3370",27.4613777534271
"3371",43.6717263427393
"3372",26.563298772429
"3373",41.3202969436541
"3374",42.9162559297803
"3375",54.2510636536485
"3376",67.0014729795174
"3377",96.2621492111611
"3378",64.2875244925474
"3379",36.6368651963042
"3380",23.5372542965808
"3381",68.2033777827388
"3382",40.3913191423543
"3383",42.2519199771991
"3384",30.5026787319226
"3385",78.7985069405841
"3386",35.4150957491902
"3387",51.2119487763213
"3388",17.7363433060626
"3389",56.5457251453694
"3390",42.8578748739697
"3391",64.1391411218137
"3392",60.4761031401673
"3393",27.5425108295304
"3394",60.3327067749574
"3395",43.1185458611389
"3396",37.2558723399865
"3397",23.0067655170455
"3398",63.8823378260109
"3399",47.7921411412809
"3400",43.3511177233248
"3401",41.9240543774823
"3402",17.1800727122734
"3403",71.9789116114689
"3404",35.3244250591261
"3405",50.4096199585216
"3406",49.7590430238468
"3407",18.1278195664669
"3408",88.1088861520235
"3409",45.3872166322241
"3410",58.6712508128372
"3411",52.8638525153781
"3412",40.4911585940287
"3413",30.535211043734
"3414",68.4905899740377
"3415",98.2407990832819
"3416",51.8162967094086
"3417",47.2270135106943
"3418",62.8262018713897
"3419",25.5939788052036
"3420",19.4917326670747
"3421",37.3158858441559
"3422",77.3080049293419
"3423",66.6181146998295
"3424",61.286737712642
"3425",22.1192036958562
"3426",48.8643750828876
"3427",61.9332951703026
"3428",30.7521229962359
"3429",88.7720815959218
"3430",29.9578954125345
"3431",32.2778150733598
"3432",77.348167668981
"3433",37.9568543255456
"3434",44.1673339594377
"3435",54.0276495312213
"3436",40.195332076644
"3437",101.903762701017
"3438",46.0387312020705
"3439",42.4121373377904
"3440",82.1347406347999
"3441",38.0305450944992
"3442",45.1261563681861
"3443",43.7369838459848
"3444",35.5634785518936
"3445",35.8454232558152
"3446",45.3131564721703
"3447",50.074196540664
"3448",30.3655378628878
"3449",83.89456481434
"3450",22.7112875248179
"3451",37.6590973569263
"3452",54.5329515485027
"3453",43.0925895960027
"3454",92.1660314350086
"3455",65.5326016503526
"3456",56.1660647095676
"3457",46.7376913156051
"3458",30.6936584785567
"3459",34.5886635783687
"3460",70.2573913728125
"3461",71.0105989539682
"3462",40.9912412239148
"3463",31.6817991059
"3464",18.2500277057085
"3465",28.9375193774828
"3466",54.1160127796934
"3467",53.5717646193711
"3468",41.8076172426896
"3469",39.6833120715866
"3470",120.749478695526
"3471",90.3074382873651
"3472",33.7470581015176
"3473",62.0709795038621
"3474",67.085061046652
"3475",42.841161982955
"3476",30.99595061141
"3477",34.1719813481933
"3478",65.4748266501651
"3479",37.9370064138836
"3480",52.7646509947466
"3481",40.3126526607017
"3482",41.2899817597014
"3483",70.1696538658419
"3484",46.5067061329667
"3485",47.8433110947876
"3486",90.9624202439513
"3487",28.8461182256065
"3488",38.7216168346033
"3489",51.7650909388526
"3490",72.0450081053733
"3491",20.3172161020494
"3492",52.9086574772429
"3493",59.1436078404568
"3494",44.5742595501842
"3495",66.0552334527675
"3496",47.7589945789609
"3497",26.8188271453957
"3498",77.4369928664341
"3499",28.5358830385043
"3500",36.4864674762422
"3501",56.371197506855
"3502",54.4574442568341
"3503",26.3862813811149
"3504",25.6487277118329
"3505",66.9022666606982
"3506",51.0566907299049
"3507",28.0700822558713
"3508",111.459082071089
"3509",64.410580010827
"3510",45.7873489148906
"3511",69.6736224104691
"3512",47.017721354801
"3513",45.0931706784597
"3514",103.796646131905
"3515",32.6631393417479
"3516",83.7562055175474
"3517",35.0006498717914
"3518",19.4592164741447
"3519",36.7171641835551
"3520",36.9236921939672
"3521",71.6435101061643
"3522",36.7774384188556
"3523",69.4771770128138
"3524",20.6471210819827
"3525",45.7328256863886
"3526",58.1235222650228
"3527",34.3192205904801
"3528",44.2413301901369
"3529",22.5960367425567
"3530",87.0042616137649
"3531",21.7947460043883
"3532",42.1220699021258
"3533",64.0367179134208
"3534",76.454498771728
"3535",18.1193149694716
"3536",57.3630449678785
"3537",31.2330878846076
"3538",11.3046103121356
"3539",27.3695647050977
"3540",58.8166506332776
"3541",96.727599042511
"3542",25.2439235384198
"3543",49.3977148575696
"3544",39.546820729183
"3545",40.7079405282369
"3546",39.209330095438
"3547",112.523271340093
"3548",40.8143982107472
"3549",61.9576531506399
"3550",182.248260027697
"3551",72.7129304902821
"3552",42.3683965239175
"3553",21.0691892359395
"3554",23.1025613725519
"3555",33.7763561089966
"3556",28.0427269500789
"3557",34.9121149650408
"3558",21.8277462517735
"3559",70.2174710529823
"3560",67.8765711236493
"3561",58.7791248757456
"3562",16.3974263476796
"3563",90.1121792698518
"3564",26.9301816820651
"3565",43.2734039424308
"3566",29.4851648719416
"3567",48.5355278083727
"3568",57.0934065446019
"3569",50.5311001752712
"3570",26.0128158081379
"3571",36.1280445358051
"3572",54.0095480874583
"3573",30.4370076662447
"3574",38.8283491203224
"3575",25.8866777342587
"3576",44.6085878584133
"3577",43.3923231786927
"3578",63.2058992520049
"3579",14.1156425308842
"3580",43.2407483733057
"3581",69.5101174154315
"3582",47.8027983542752
"3583",57.8072682632981
"3584",22.8860454373408
"3585",78.5773224120819
"3586",31.1619796696436
"3587",102.017210358307
"3588",29.6962914298622
"3589",70.9304493415749
"3590",20.663885024438
"3591",16.6628617040593
"3592",73.3582302344821
"3593",46.25829830753
"3594",81.9550857294958
"3595",96.9300855404368
"3596",28.4237872644915
"3597",23.7522561890231
"3598",28.5103332947138
"3599",55.5056785855009
"3600",38.9467050947093
"3601",75.4376664350947
"3602",26.5656421558257
"3603",18.1531839034407
"3604",35.88071917846
"3605",177.804428411618
"3606",44.3854225998691
"3607",61.3793095864999
"3608",45.8309307071333
"3609",59.5761853819388
"3610",33.1438548298734
"3611",21.3073369339221
"3612",34.5482174218132
"3613",111.753580240535
"3614",70.0379527986924
"3615",64.3648450193095
"3616",50.3409278029702
"3617",48.6138378139836
"3618",40.6448897169709
"3619",18.5714505348392
"3620",34.5945374745096
"3621",57.8909594224619
"3622",35.8841080271531
"3623",80.5850026422734
"3624",31.1007273349799
"3625",90.0913892109069
"3626",131.84393264428
"3627",71.8551695230303
"3628",38.3459349946983
"3629",58.7403383077715
"3630",34.2814190133884
"3631",64.6562989416103
"3632",50.4283533541998
"3633",26.8544072628404
"3634",41.0801549732984
"3635",47.0413098203791
"3636",41.5540310163696
"3637",68.1985031758706
"3638",50.3914469892618
"3639",27.7875412810383
"3640",26.342351724628
"3641",43.9968871045589
"3642",27.3832671778205
"3643",70.1053951506605
"3644",24.1213441736667
"3645",30.8372248360766
"3646",25.3136254887571
"3647",25.5146832194739
"3648",60.1118356559669
"3649",40.9937179653423
"3650",61.8221457636722
"3651",46.2953847483883
"3652",94.9756212458287
"3653",25.9763731515607
"3654",57.9530052633974
"3655",43.184993955183
"3656",18.1690053860802
"3657",29.5521674890989
"3658",69.2316682726481
"3659",32.396995279845
"3660",26.2517163536957
"3661",51.8605751013397
"3662",27.1610300802878
"3663",75.5821536576223
"3664",47.2746430859299
"3665",103.568546860751
"3666",35.7351075592867
"3667",26.3232462750728
"3668",21.9311696575453
"3669",50.6160690216805
"3670",35.7665095861675
"3671",44.9072354796522
"3672",51.0520080838506
"3673",69.8071067212075
"3674",49.5220451116305
"3675",26.6503832193627
"3676",52.5832616515193
"3677",28.0963477986447
"3678",88.576734866772
"3679",28.2533426793768
"3680",25.2698592992072
"3681",37.6063688134535
"3682",37.8078485032118
"3683",43.453626794196
"3684",37.525142436023
"3685",123.464055394221
"3686",75.6435499301669
"3687",110.621145134135
"3688",66.3212686250719
"3689",83.3751352872833
"3690",46.6927020975169
"3691",57.3702413791567
"3692",46.253182874957
"3693",46.9413520577023
"3694",57.6875599632437
"3695",35.1150765879815
"3696",62.4076443663153
"3697",57.3178759722669
"3698",19.7919739832409
"3699",74.4223443946725
"3700",35.4858436906008
"3701",32.3949391218762
"3702",82.844240029832
"3703",17.6809115765766
"3704",38.2693750095866
"3705",48.939394236805
"3706",32.9384785082775
"3707",10.1582357523459
"3708",20.7503247394523
"3709",42.9430403007619
"3710",39.6262112493702
"3711",63.6123894619428
"3712",48.0351699490148
"3713",61.0208172397221
"3714",30.4132360590733
"3715",20.2559490660967
"3716",42.5711788364909
"3717",37.5276610681334
"3718",37.2497107464191
"3719",102.191103009131
"3720",59.081169672805
"3721",98.6865571681429
"3722",61.2808160270006
"3723",43.1755579940636
"3724",33.2814841872655
"3725",21.8907938523915
"3726",95.3819519342911
"3727",24.1139343240235
"3728",25.8510000361991
"3729",17.3911384869424
"3730",113.101592400216
"3731",44.1016416735297
"3732",59.8801068369447
"3733",37.0774929381771
"3734",66.61640406193
"3735",72.5502479332407
"3736",45.6276385276816
"3737",60.2983883328396
"3738",47.8534331739096
"3739",14.1310420810504
"3740",46.5861041390478
"3741",19.3408213238176
"3742",89.8037530034624
"3743",35.4486650952519
"3744",65.0193419397656
"3745",81.3496614086214
"3746",19.8692279306719
"3747",57.6978282987046
"3748",69.8215301033398
"3749",36.8933411948013
"3750",39.2898472038567
"3751",44.6185745131464
"3752",53.1162287037021
"3753",45.7623154444279
"3754",49.4568695612318
"3755",65.565845182328
"3756",38.6608453964039
"3757",28.2138114505108
"3758",29.7949540571176
"3759",41.9840580226678
"3760",91.2546027232096
"3761",39.0251528278004
"3762",54.6769759646758
"3763",37.2666082576648
"3764",81.5718906488503
"3765",27.8131560071401
"3766",42.1432440978887
"3767",71.8107751146537
"3768",83.4215842656896
"3769",57.505240269157
"3770",31.0459816487122
"3771",29.6558398301767
"3772",11.900355881693
"3773",40.8011499543311
"3774",86.8267451658653
"3775",50.5377778267401
"3776",118.087156517556
"3777",38.2218594353746
"3778",17.3872861809803
"3779",57.5467459422334
"3780",40.1122604205137
"3781",33.7631040479234
"3782",130.173672916707
"3783",38.9222687492648
"3784",23.1649343953787
"3785",29.6213046805495
"3786",35.5346969305633
"3787",53.5688579695779
"3788",48.9123393318704
"3789",43.7149823637233
"3790",47.3778585598951
"3791",84.7326372623159
"3792",29.0859506128061
"3793",64.4136275057057
"3794",80.8716321535094
"3795",31.135633757064
"3796",51.2817961795366
"3797",17.4412596886491
"3798",69.8064885419129
"3799",43.3782410462935
"3800",42.7988604468878
"3801",41.2453478584796
"3802",21.0370102505465
"3803",116.216956680617
"3804",28.9049393931111
"3805",58.1585308675413
"3806",38.9074669420874
"3807",38.7036194840848
"3808",49.1789287016772
"3809",34.3110252156245
"3810",25.4667136412448
"3811",40.1569147533747
"3812",42.6498616334229
"3813",91.6940020366681
"3814",44.9593284075987
"3815",59.8464756678298
"3816",28.6888838703506
"3817",128.298662806421
"3818",31.7822980033858
"3819",35.2897027139379
"3820",38.1869984311345
"3821",47.1721849656157
"3822",25.2915303488206
"3823",57.6029330567933
"3824",66.6244868783491
"3825",50.8730365765808
"3826",59.9482819451235
"3827",32.2912250388686
"3828",41.6112696796876
"3829",25.6641069999519
"3830",58.8073235416219
"3831",47.8135021919039
"3832",86.2258133551781
"3833",53.0224813652462
"3834",28.011441476025
"3835",34.861969103206
"3836",54.4035540383201
"3837",88.6475709436695
"3838",31.9306381684595
"3839",36.4480199831515
"3840",62.2415918676645
"3841",38.8144838732168
"3842",25.015545695398
"3843",56.8178870636699
"3844",23.6006596683669
"3845",53.7333788405335
"3846",46.7110497060982
"3847",47.326919543456
"3848",32.7183990381746
"3849",37.896936207721
"3850",36.0386439939504
"3851",53.9718050980387
"3852",42.865896593627
"3853",25.9729787661496
"3854",22.3377068719822
"3855",118.49109399511
"3856",53.1183213453479
"3857",16.7101128069459
"3858",34.7155613913232
"3859",57.5650529137049
"3860",100.464084426001
"3861",54.5021130758496
"3862",50.5477173200444
"3863",63.6534942327949
"3864",32.1156304197953
"3865",50.353546690106
"3866",36.1603594034191
"3867",30.0665800445712
"3868",55.8818057359179
"3869",40.7887461099579
"3870",23.2060169842191
"3871",23.6251080641468
"3872",34.2491097901551
"3873",53.9791504856215
"3874",100.538541675873
"3875",45.4309484299728
"3876",42.2992479156524
"3877",71.6117011449234
"3878",22.167566395768
"3879",25.3909618588551
"3880",122.013301514797
"3881",107.617507504924
"3882",121.654168377672
"3883",72.7816165108535
"3884",62.1102465613827
"3885",22.9455273177105
"3886",80.288197194234
"3887",53.067325254051
"3888",20.2522836577859
"3889",29.7607609965491
"3890",24.0314704794801
"3891",55.7897338062433
"3892",51.3760528046143
"3893",75.5219648134482
"3894",47.4419989576113
"3895",24.503252602395
"3896",54.5713215000872
"3897",26.5562110794712
"3898",20.7094589962419
"3899",49.9847924895826
"3900",37.1204676151247
"3901",38.9208968246336
"3902",42.8345096883982
"3903",31.3556306402246
"3904",17.4130565086204
"3905",107.247056757276
"3906",65.3124357416666
"3907",70.7017802689378
"3908",71.1960410047971
"3909",39.843741617766
"3910",42.5403661059292
"3911",20.2465778066263
"3912",155.771065169831
"3913",114.182834329772
"3914",33.4235399509986
"3915",28.7634690650819
"3916",18.9756401150058
"3917",12.7365184295866
"3918",61.7793366534505
"3919",60.7170919850741
"3920",38.078518658779
"3921",46.3755258710199
"3922",39.6509986951673
"3923",34.1617254244251
"3924",57.812700121786
"3925",60.2193427761882
"3926",65.7514431376043
"3927",62.2006207135946
"3928",128.586394487741
"3929",27.3598783593068
"3930",38.0157678193034
"3931",26.4510835678845
"3932",71.6115954010982
"3933",97.3049407590022
"3934",27.5248898122153
"3935",91.1421296023321
"3936",39.9484365719171
"3937",82.3580939487234
"3938",19.7816453401574
"3939",33.2011306312076
"3940",110.914729288115
"3941",62.0697079471166
"3942",42.7628122764569
"3943",44.3052225740369
"3944",44.3858220872726
"3945",28.4953058450166
"3946",59.6685274595828
"3947",44.815813074184
"3948",24.8721883412963
"3949",105.565279526386
"3950",32.8644271941702
"3951",51.5344390812565
"3952",99.9773645766871
"3953",105.751457035211
"3954",47.6025311169662
"3955",85.4042422537849
"3956",35.3144493793907
"3957",143.882622790351
"3958",51.8927711073406
"3959",46.7630993775372
"3960",45.8210873220178
"3961",23.4612563142752
"3962",47.2280092401157
"3963",77.6398666785173
"3964",44.0314527092157
"3965",29.6310721082437
"3966",20.0252560001152
"3967",34.1823716660832
"3968",43.8354928868056
"3969",35.562237744867
"3970",37.2336218810565
"3971",52.4523029294601
"3972",24.7482742272581
"3973",59.0609692609355
"3974",33.1352354327319
"3975",24.4448425002443
"3976",30.7570437326295
"3977",63.2383780339095
"3978",42.7003254135922
"3979",24.0190217754271
"3980",34.4840486689947
"3981",26.2429606180863
"3982",66.0025097633295
"3983",55.3817769524602
"3984",31.8540598528585
"3985",53.6324807083876
"3986",22.5698901151274
"3987",22.2151751456842
"3988",70.5357709751439
"3989",63.9124805829806
"3990",70.7668413191572
"3991",42.0076760107044
"3992",36.5077775390025
"3993",52.0219590397215
"3994",39.3669637453608
"3995",56.0628757933595
"3996",48.6436915387325
"3997",48.5205045204282
"3998",20.7245816360698
"3999",77.5402990537653
"4000",46.7884951837447
"4001",85.651231131561
"4002",59.7416412329172
"4003",35.306171651831
"4004",29.7025578146334
"4005",55.5250670828815
"4006",90.8621277522768
"4007",44.1717759440799
"4008",26.5823164594052
"4009",57.378515575736
"4010",49.0474111063159
"4011",87.9229887268036
"4012",26.3968198129668
"4013",55.1526340634859
"4014",37.119436907295
"4015",50.958811433783
"4016",41.5531084695691
"4017",77.930887054671
"4018",65.4995937482078
"4019",37.6076750476255
"4020",26.9382637767188
"4021",16.0670011392532
"4022",47.887227113518
"4023",88.4591349352306
"4024",38.0015604153741
"4025",62.9715804498549
"4026",40.8812299622505
"4027",20.7881567819455
"4028",60.5502282642113
"4029",136.859269755729
"4030",30.6475548804405
"4031",46.3025117247069
"4032",71.8709083590613
"4033",47.2635939118962
"4034",20.5949811040029
"4035",75.1263038635147
"4036",31.463532133745
"4037",52.6809659109692
"4038",93.7325776367246
"4039",18.6332465478103
"4040",70.1638438990724
"4041",45.9594284954883
"4042",69.4977932489878
"4043",81.6197373595042
"4044",130.005521041643
"4045",20.3483933744107
"4046",95.9500846066411
"4047",84.8821392107818
"4048",38.0201514508428
"4049",123.525058676841
"4050",73.6527023108419
"4051",29.214703223261
"4052",39.2311867200132
"4053",63.2010474479019
"4054",85.2064556162893
"4055",52.8686584519212
"4056",41.9840094803405
"4057",55.7173455839351
"4058",24.3259625683297
"4059",113.306003901678
"4060",17.1139803250269
"4061",64.0032335240267
"4062",26.0236478336726
"4063",37.0509853055911
"4064",36.307989099894
"4065",19.9011820558223
"4066",108.601906238608
"4067",103.793267717379
"4068",33.5659075157937
"4069",25.2639320872161
"4070",19.1102399944433
"4071",57.7722844676931
"4072",87.7728443927602
"4073",23.7295468124554
"4074",17.6153946855836
"4075",17.8995371792654
"4076",83.4389685727172
"4077",45.4113190710203
"4078",78.5761585087818
"4079",38.8178761518095
"4080",37.9071175691378
"4081",112.650019804568
"4082",65.3751408853301
"4083",39.4284359193895
"4084",18.9461432885097
"4085",30.1671918288886
"4086",26.8470810875615
"4087",25.6715168804858
"4088",45.6783620597771
"4089",29.7796238597159
"4090",74.5597916537893
"4091",27.8151222544702
"4092",96.3698683148551
"4093",23.4573825341023
"4094",36.8188466441904
"4095",53.2678159115211
"4096",40.297039980639
"4097",24.7125648495445
"4098",44.2405765423796
"4099",33.7299980570581
"4100",50.1116898865196
"4101",36.4751032335647
"4102",29.9241463446387
"4103",45.1329172794936
"4104",27.2967507135499
"4105",40.3230155501444
"4106",36.4890788315255
"4107",17.2668084589464
"4108",52.0304606305476
"4109",80.0028157823261
"4110",62.1135357404196
"4111",38.3967517646848
"4112",47.5011136627478
"4113",50.3972415058164
"4114",26.6840406335975
"4115",26.9042035175158
"4116",82.8407601319981
"4117",45.928074450244
"4118",80.679831548761
"4119",85.5736063276117
"4120",33.3340677808295
"4121",96.4392741921733
"4122",31.5684047218331
"4123",86.8529876487329
"4124",47.7464640028269
"4125",38.2618364591299
"4126",52.2625888129173
"4127",93.727537064545
"4128",114.063214164033
"4129",52.7411053933229
"4130",20.5035604055477
"4131",34.2528857619029
"4132",39.2303354378204
"4133",62.8994651255255
"4134",22.1379678785374
"4135",38.6643382315815
"4136",42.2770110529144
"4137",39.318622175479
"4138",80.6459078356964
"4139",23.9280584838891
"4140",45.2110713887087
"4141",30.0220408947816
"4142",52.408049366097
"4143",38.4688277012038
"4144",83.0908455986598
"4145",14.6923478306748
"4146",32.6781547587281
"4147",31.730130178561
"4148",114.540668421725
"4149",38.6472373888314
"4150",23.1088218466267
"4151",35.1808501599369
"4152",36.5851719095438
"4153",38.5877612408719
"4154",117.667634155305
"4155",32.7339881904615
"4156",81.9093919962362
"4157",29.5401494535384
"4158",35.130087931853
"4159",65.2840127183849
"4160",28.5742645921629
"4161",24.2078925745829
"4162",59.4463930707496
"4163",32.1463890301915
"4164",43.0958644029311
"4165",32.5628009978123
"4166",94.6833284833633
"4167",29.1234431809678
"4168",36.058144677827
"4169",59.7793035878267
"4170",62.8893450153262
"4171",29.4906640599799
"4172",69.6035002680873
"4173",51.0919598863487
"4174",27.5259215947773
"4175",36.1325398101614
"4176",45.708243610807
"4177",56.2471575403036
"4178",38.0225607165369
"4179",57.6655923943859
"4180",44.3278098081397
"4181",51.7829140378828
"4182",34.6174355520219
"4183",35.9803397670499
"4184",46.8873467882572
"4185",52.3264298495933
"4186",35.4878384428192
"4187",59.0358998628589
"4188",33.5287247661071
"4189",86.8514127311497
"4190",23.9010830996139
"4191",46.4837465952401
"4192",31.6941414515048
"4193",40.5398146749459
"4194",114.188983863522
"4195",79.860116622679
"4196",62.1089895452352
"4197",87.3444480943207
"4198",52.3381306620045
"4199",95.6832126786449
"4200",35.8036606155054
"4201",73.1421180251653
"4202",39.5426124832397
"4203",25.9747731030118
"4204",43.3234171182441
"4205",64.9117608516528
"4206",19.031839322295
"4207",116.476557601384
"4208",25.1902433523237
"4209",31.5654514770169
"4210",40.1053485169324
"4211",39.8075532691034
"4212",34.4366903916492
"4213",75.5758079766199
"4214",26.3001722343315
"4215",53.6875713160896
"4216",26.6095270822846
"4217",16.3058367884947
"4218",63.0307604860304
"4219",27.1948378355743
"4220",42.8380911357701
"4221",39.0993690502248
"4222",36.4360612895395
"4223",87.38016844341
"4224",21.3231623229506
"4225",35.4679726925479
"4226",88.2427450114817
"4227",167.746803293266
"4228",89.3601876947265
"4229",34.4204855909914
"4230",110.046325354115
"4231",80.7899655167685
"4232",45.1650353786471
"4233",37.7175889251004
"4234",37.6650495899226
"4235",35.9478034817814
"4236",79.50511946081
"4237",51.1126197538598
"4238",22.7835111288849
"4239",113.994785491899
"4240",33.0418244199994
"4241",71.3115125355576
"4242",32.6341111716184
"4243",16.4368099882739
"4244",75.7840814569966
"4245",41.917889912108
"4246",46.9296102096726
"4247",43.5097008919138
"4248",62.1463684173774
"4249",81.8124197915393
"4250",55.9504198876243
"4251",72.5891676111327
"4252",67.8570995882324
"4253",31.7487691869464
"4254",173.787832978885
"4255",29.1882650765743
"4256",43.172070306096
"4257",82.6309728485287
"4258",29.2507627483001
"4259",85.0975623073657
"4260",30.3519064933748
"4261",9.04097433579378
"4262",30.9688839383525
"4263",22.5281439173797
"4264",29.809690603392
"4265",28.0739070041522
"4266",59.4830929767911
"4267",59.7246966492144
"4268",43.0235979021946
"4269",21.0126683400095
"4270",63.2622154188455
"4271",42.9286038696629
"4272",43.9994577953168
"4273",83.0224873171288
"4274",204.434056790521
"4275",37.2079098940743
"4276",51.4552874191405
"4277",68.4133567848047
"4278",139.392605199825
"4279",24.9741413864867
"4280",36.3169373607655
"4281",31.096469771659
"4282",36.0878239845441
"4283",22.2801413704964
"4284",52.9231208286216
"4285",92.1389269202723
"4286",47.9841912179124
"4287",31.2006786193412
"4288",37.9153327307487
"4289",34.660938416529
"4290",32.0866608714291
"4291",81.3415050208131
"4292",39.0105486667585
"4293",92.6200769295562
"4294",56.2926728683053
"4295",120.932629445101
"4296",55.1865950421141
"4297",29.6763575447892
"4298",42.6100517052345
"4299",54.4636648739039
"4300",186.413847001965
"4301",66.9563293107178
"4302",60.5965885434958
"4303",50.6742036496581
"4304",81.463084833936
"4305",72.1532210972566
"4306",21.1378870789339
"4307",28.5946854375191
"4308",55.2450381784605
"4309",20.9934072942091
"4310",52.1804228578093
"4311",24.8414376011744
"4312",74.3606732244782
"4313",43.7466459495454
"4314",35.1085846803963
"4315",42.9789526663391
"4316",74.0565007689751
"4317",63.4164682214353
"4318",90.4183755447255
"4319",26.7139440279407
"4320",92.9068056942992
"4321",105.003242565014
"4322",21.0431143308114
"4323",120.370843974398
"4324",46.4311087933026
"4325",23.730183718632
"4326",45.6170857405856
"4327",92.3342213983704
"4328",32.5153523844869
"4329",79.1084092471588
"4330",34.7182959723881
"4331",43.0619279880789
"4332",30.8922476509608
"4333",41.4461231827996
"4334",25.7238524206116
"4335",37.3811765159784
"4336",82.9203331540359
"4337",42.7038326534164
"4338",21.1675165378253
"4339",74.0398125246233
"4340",37.990649549795
"4341",29.9739953530186
"4342",25.5339675927484
"4343",47.9122655404923
"4344",53.7376217264026
"4345",15.8050528922537
"4346",108.550921578553
"4347",81.3518512663943
"4348",77.2201425303428
"4349",57.6821829683076
"4350",29.5529455135882
"4351",38.9786015776405
"4352",50.4285093673843
"4353",33.9270501844207
"4354",123.42960823682
"4355",38.7271919429
"4356",28.0900929159972
"4357",50.8959713524714
"4358",44.2611302247886
"4359",24.448600624573
"4360",75.8075160945747
"4361",24.8449991863884
"4362",54.4460441406827
"4363",24.9444827702742
"4364",21.4749792414529
"4365",76.1820054834036
"4366",29.2516594019199
"4367",81.0841240851904
"4368",31.0040464635796
"4369",73.6449906383387
"4370",19.3384504827447
"4371",47.0456839267167
"4372",40.8233076757093
"4373",34.3215970575653
"4374",113.904415335966
"4375",39.3172993851342
"4376",32.9423429002964
"4377",57.4071631268098
"4378",51.5544161524561
"4379",30.6262372974275
"4380",46.3585609167207
"4381",47.0728022892937
"4382",26.3976652963481
"4383",85.8384850419491
"4384",123.895540572859
"4385",30.1782559783079
"4386",28.9312469192784
"4387",30.4000404529193
"4388",33.133554198099
"4389",15.7121463584533
"4390",27.6363881803992
"4391",53.0908442094015
"4392",21.6868130535499
"4393",57.8777049227256
"4394",57.8343804478274
"4395",23.4355881917131
"4396",116.704137777322
"4397",33.8551888416069
"4398",16.9062035518419
"4399",115.129060021661
"4400",51.359893779774
"4401",40.8819523058995
"4402",24.3725388442166
"4403",46.1033261745935
"4404",28.3335718191132
"4405",102.838407843196
"4406",43.8252007910274
"4407",67.2302910949773
"4408",34.8079803158592
"4409",41.0600022395149
"4410",21.8208368179821
"4411",125.473064660442
"4412",19.8543723102022
"4413",110.963250441452
"4414",29.9753159128556
"4415",60.768066682763
"4416",28.6413604815695
"4417",51.9730913287497
"4418",89.0217699066177
"4419",48.8312140282173
"4420",38.9623978615487
"4421",89.9499632127709
"4422",49.1588519404643
"4423",122.093687446899
"4424",42.6687979663999
"4425",31.7683373353453
"4426",49.3104081332457
"4427",50.959791762238
"4428",26.5459772604616
"4429",62.5779412145887
"4430",36.6549039306164
"4431",17.423433533539
"4432",136.933671835898
"4433",98.0685035345314
"4434",22.8575596564065
"4435",90.3793196592263
"4436",27.0096582580308
"4437",32.2018592208654
"4438",40.9753663447429
"4439",155.861831490897
"4440",22.0422901983634
"4441",44.9620602295946
"4442",28.9587931046559
"4443",60.9921274677509
"4444",36.9625202208079
"4445",33.2776798929361
"4446",22.5691537047843
"4447",34.7206350262602
"4448",43.281329563383
"4449",92.1455042796158
"4450",95.7654731587459
"4451",45.8460537637551
"4452",20.8657299679234
"4453",39.8685326950952
"4454",22.3363006344638
"4455",26.215859774428
"4456",11.6698113059977
"4457",19.9694580608138
"4458",40.7273814999075
"4459",27.2597821787368
"4460",24.5116697097967
"4461",32.1646643526218
"4462",42.4109163983103
"4463",29.9456787218349
"4464",22.4203332823076
"4465",37.8447677040765
"4466",60.0325212588481
"4467",52.5507178651561
"4468",35.5062049769202
"4469",96.8134170778433
"4470",60.8855145984988
"4471",34.3757824932929
"4472",17.4569470579023
"4473",55.7473972771146
"4474",44.8203901630643
"4475",29.0238355684264
"4476",31.8899641554208
"4477",59.4816353120183
"4478",23.3740437574576
"4479",76.4896565683032
"4480",25.160986639125
"4481",29.8215558058861
"4482",49.2297805868989
"4483",43.4416957519844
"4484",76.0974581035209
"4485",50.2243997675423
"4486",12.9077975909914
"4487",24.3385960132467
"4488",32.1451810726725
"4489",41.0606128222027
"4490",52.8735438268961
"4491",63.143374077825
"4492",23.7525228997788
"4493",61.5463458589424
"4494",68.4936855630895
"4495",76.9183341129823
"4496",21.1949768279137
"4497",35.2146536286069
"4498",76.2427857339021
"4499",64.4111533091924
"4500",76.1732803394607
"4501",57.4206337540477
"4502",55.2338911697647
"4503",49.3968577484976
"4504",38.5391546647197
"4505",17.7348432871626
"4506",22.8084449675847
"4507",41.9180294067977
"4508",19.1747333743561
"4509",50.1286159777596
"4510",55.7793565813486
"4511",105.934208310057
"4512",21.2351585142043
"4513",63.4439220334226
"4514",36.7446021261042
"4515",82.4961150803582
"4516",36.4616293692062
"4517",77.3666075296478
"4518",114.744606012621
"4519",52.0631784557808
"4520",54.4392621796164
"4521",92.0708189507234
"4522",42.0803482322274
"4523",29.253147704558
"4524",39.3828050834195
"4525",20.3656970347878
"4526",52.3927915074076
"4527",16.9887141600479
"4528",93.8206568979942
"4529",51.3425871316217
"4530",45.8716102096923
"4531",30.7542664496643
"4532",21.6623769910974
"4533",178.10386710428
"4534",44.8229628891475
"4535",87.0921901752741
"4536",61.8198060649333
"4537",21.8465484807641
"4538",62.1742473373244
"4539",59.4773163482699
"4540",32.2014203123864
"4541",142.169793811111
"4542",37.233669420713
"4543",50.7124715345606
"4544",41.9792307847779
"4545",17.3589203337523
"4546",41.9741969930979
"4547",28.1824196034734
"4548",125.197204023429
"4549",33.2234833023348
"4550",45.6132750005316
"4551",112.601547243175
"4552",24.2916242818626
"4553",113.16388758562
"4554",42.4718011599984
"4555",40.0541491165829
"4556",73.4406725565287
"4557",65.7960875786971
"4558",125.127553848079
"4559",40.9408014587796
"4560",40.1630333238861
"4561",53.4651557461062
"4562",43.5893247887656
"4563",10.999086500786
"4564",104.430114491193
"4565",96.1802250298847
"4566",60.8977234328897
"4567",41.0663147044623
"4568",86.5548979214762
"4569",27.9924911638577
"4570",31.2388766219632
"4571",37.9196129654626
"4572",37.8905746504337
"4573",25.5097807858479
"4574",72.7704184461141
"4575",58.483482699436
"4576",65.0152691831891
"4577",37.2113809279008
"4578",29.2865197059728
"4579",43.2536903660674
"4580",48.9676537482849
"4581",80.7183428136411
"4582",25.6927005078028
"4583",85.5415472529017
"4584",92.2782957772981
"4585",109.150707546909
"4586",32.2644896738063
"4587",74.6146220019584
"4588",104.101266623903
"4589",33.6312380870859
"4590",54.6808481320063
"4591",42.9396559146235
"4592",44.6104755647263
"4593",32.1405412107214
"4594",76.6852058620738
"4595",53.7432958196248
"4596",65.5550704119762
"4597",30.3033745218795
"4598",54.9080822832227
"4599",12.9645404657331
"4600",44.0697565040804
"4601",28.9138811505066
"4602",47.0078825994146
"4603",83.3458662773244
"4604",39.3086395304879
"4605",48.2004373948115
"4606",49.0489563727726
"4607",40.3216099834675
"4608",45.134227836411
"4609",40.4410047902374
"4610",60.3371569239887
"4611",37.5421585499155
"4612",51.7861649559572
"4613",28.6377104738968
"4614",20.7209258072845
"4615",38.0647988807563
"4616",19.6540306269923
"4617",16.8934259265203
"4618",36.3408508841705
"4619",50.0357317069952
"4620",38.8751153938801
"4621",58.1690886351347
"4622",21.5890677879682
"4623",41.2076410677445
"4624",54.630994454437
"4625",18.7314081202238
"4626",30.1576282827054
"4627",20.148105018753
"4628",44.3329570067777
"4629",116.851083875859
"4630",59.0086306351091
"4631",31.4340993962763
"4632",49.0702295501977
"4633",120.73328036316
"4634",57.1307859313604
"4635",87.8391873983322
"4636",86.247651985656
"4637",40.2130972890127
"4638",65.6574373893036
"4639",29.0018750232053
"4640",35.7996194642871
"4641",37.4600995646228
"4642",42.6830942220663
"4643",48.8865336980074
"4644",53.6697341265505
"4645",36.6836191468659
"4646",64.3694905601367
"4647",122.472423916784
"4648",26.1425994156735
"4649",59.4267281226898
"4650",63.3610021328282
"4651",55.2146370421297
"4652",31.3718124946428
"4653",17.5641923733604
"4654",71.9910889596725
"4655",69.1970843280335
"4656",30.2683104071732
"4657",54.5718457331018
"4658",39.0411842988671
"4659",59.4818992120057
"4660",82.6188259776881
"4661",25.2043566594796
"4662",29.8050596917368
"4663",36.0395904564565
"4664",94.0897281432917
"4665",43.7031069850324
"4666",26.1975059137766
"4667",90.9553765897263
"4668",48.2888929483439
"4669",58.7576448522234
"4670",25.9099970912009
"4671",75.0906702658777
"4672",34.5438198133227
"4673",23.2553510472745
"4674",113.702019623422
"4675",129.633108278346
"4676",72.0337250226917
"4677",41.7510628753153
"4678",25.8524558348636
"4679",43.8926406305856
"4680",34.3852826730309
"4681",63.928506637446
"4682",11.7574909183686
"4683",30.2530740348067
"4684",118.517491273178
"4685",48.6304572835436
"4686",75.7337140262152
"4687",29.7152289533181
"4688",47.8469621274222
"4689",34.4636645552904
"4690",39.7109123028857
"4691",65.678895568045
"4692",36.4123297636348
"4693",29.4494033524592
"4694",21.8281240175748
"4695",52.2224590929114
"4696",31.7204514688314
"4697",52.9528200232286
"4698",27.2668568517032
"4699",33.3282853577075
"4700",46.6759708178098
"4701",29.4641948229558
"4702",33.0759929069134
"4703",69.4678545972953
"4704",20.9232853345392
"4705",47.5526395574586
"4706",109.154547423392
"4707",81.3195508597003
"4708",52.7822090570713
"4709",38.1224457978972
"4710",35.4366205381972
"4711",68.5495487072833
"4712",26.9689577550246
"4713",46.3929873257016
"4714",32.2360631265283
"4715",33.0488801822255
"4716",39.071730881421
"4717",27.4048201566826
"4718",29.0247037827445
"4719",36.6709641346084
"4720",49.3279222479804
"4721",35.9999669062651
"4722",61.4150220586558
"4723",39.2359550101607
"4724",72.9673679974052
"4725",8.31266573967258
"4726",20.6291762962819
"4727",79.4433717543678
"4728",48.3468411395884
"4729",22.6957658839198
"4730",44.0327756171895
"4731",36.0538357566736
"4732",39.0368796965489
"4733",50.2379371258592
"4734",34.5989616802555
"4735",95.7297630323648
"4736",51.6534587217887
"4737",27.9164655855956
"4738",23.928372799918
"4739",65.0098106377446
"4740",27.3733558017943
"4741",94.464742364469
"4742",21.3824159832678
"4743",47.8166350322078
"4744",46.2331437345413
"4745",36.5826504131629
"4746",38.5936564039367
"4747",30.2200808554002
"4748",134.920976578459
"4749",124.231045112626
"4750",25.0979630894867
"4751",91.3066780421702
"4752",89.6993021484626
"4753",27.5420669195517
"4754",21.9590335807006
"4755",93.6457942621645
"4756",38.4125215711849
"4757",17.8875217535084
"4758",37.7154960617669
"4759",135.275284530613
"4760",24.7648038725239
"4761",66.0197457638091
"4762",30.172642377194
"4763",28.9374775520391
"4764",48.3826448839837
"4765",55.9478224948843
"4766",14.0820241773574
"4767",64.6468057080087
"4768",43.926651026522
"4769",48.6166648091244
"4770",31.4778135269004
"4771",31.121810751038
"4772",37.3072788070915
"4773",30.3341898904303
"4774",38.9273468851794
"4775",94.8273306354719
"4776",42.1581176234468
"4777",56.2993103440905
"4778",115.495812472516
"4779",86.5289677599649
"4780",23.330788591209
"4781",38.782584726796
"4782",61.9739340209767
"4783",27.5025422508123
"4784",40.4998434694948
"4785",40.9424454906407
"4786",44.8536034069883
"4787",33.5561409916335
"4788",56.4833454316741
"4789",55.149980584207
"4790",64.961014700203
"4791",56.3594158512492
"4792",80.8784359119672
"4793",39.2072054967298
"4794",21.8576058125886
"4795",21.4965303749349
"4796",100.534669541974
"4797",50.0794956694401
"4798",40.8635212328043
"4799",70.1139687032299
"4800",64.0152838145979
"4801",39.6486746771529
"4802",24.3082309096642
"4803",27.2840416864341
"4804",43.0869237438562
"4805",28.3949403149164
"4806",32.3247403000485
"4807",43.7990152191125
"4808",84.9105311189312
"4809",51.8192720207862
"4810",92.6718837803702
"4811",27.3354358614343
"4812",64.3869702306755
"4813",83.4139638352044
"4814",72.6315879271675
"4815",105.465095693355
"4816",67.4622488545501
"4817",74.7050871814879
"4818",49.513808931407
"4819",56.1460291356714
"4820",27.5530976937876
"4821",43.64210115458
"4822",26.0863395538665
"4823",184.216794013618
"4824",32.1686555953472
"4825",32.1143815981833
"4826",45.9970453116453
"4827",40.4189157400958
"4828",75.1066280913599
"4829",26.4757895587992
"4830",113.241320923245
"4831",27.4746299690274
"4832",107.448341466908
"4833",33.447822428961
"4834",88.9071228079205
"4835",36.5747079983947
"4836",36.4986128852606
"4837",60.7497112678834
"4838",49.679717178482
"4839",58.4827606468696
"4840",69.3658508923352
"4841",19.9724546563407
"4842",35.390925198083
"4843",47.862519137484
"4844",40.9944120934024
"4845",98.0864179461785
"4846",71.2718585026946
"4847",24.3440656775738
"4848",81.2619545742985
"4849",75.7418331283268
"4850",75.3187028570891
"4851",54.9843586695206
"4852",100.364064908024
"4853",17.0233770872111
"4854",55.6768570133156
"4855",69.5235185965268
"4856",63.7071486341415
"4857",60.5160690182271
"4858",57.4085509692217
"4859",47.2695081927361
"4860",33.2459165002898
"4861",38.4634494830847
"4862",54.6407155753449
"4863",60.2316108613643
"4864",27.2752892379894
"4865",40.7503499474785
"4866",52.5414642910241
"4867",32.500983956361
"4868",56.2431764746182
"4869",42.4647433274668
"4870",68.1763637887794
"4871",82.7960000752231
"4872",43.7601294088525
"4873",93.0195102465387
"4874",28.5738464356652
"4875",35.0539585549534
"4876",35.8546522816665
"4877",38.9814863184588
"4878",50.2204646913105
"4879",35.5761866851783
"4880",55.988012597176
"4881",80.0694570370198
"4882",85.4518814324331
"4883",101.015292091543
"4884",31.0911282349858
"4885",31.4740188823507
"4886",37.4520834524512
"4887",46.9574362255292
"4888",77.5823895588102
"4889",80.2859968376568
"4890",14.5954000919281
"4891",33.4821395467597
"4892",38.7617720649017
"4893",121.997669748194
"4894",25.0582435136856
"4895",79.6238141558126
"4896",58.1020205583405
"4897",77.6471752115511
"4898",29.4676983189244
"4899",31.6342771337361
"4900",71.4466728217043
"4901",34.2643487578733
"4902",127.160390542195
"4903",32.5892261622719
"4904",33.4154924066961
"4905",66.528146423829
"4906",50.1547101097892
"4907",30.8604481841033
"4908",16.551702691317
"4909",51.0234211896456
"4910",76.2533353545833
"4911",41.4453053436941
"4912",57.895038781445
"4913",26.6890397283443
"4914",30.2147399677009
"4915",32.0623168359856
"4916",45.2358519929597
"4917",28.7199025121532
"4918",20.8322614598138
"4919",12.8167217724217
"4920",41.6592871046407
"4921",23.8910269712132
"4922",118.291595391138
"4923",91.258008311287
"4924",68.0483412180621
"4925",79.7309929857162
"4926",24.5152079959149
"4927",15.7708597413694
"4928",43.7036795214313
"4929",65.8438338606263
"4930",136.481935727442
"4931",34.9107160357286
"4932",30.6035557114319
"4933",52.2485691058173
"4934",82.806130146806
"4935",29.7305306838471
"4936",34.6784159059591
"4937",81.5400739993431
"4938",19.1184888899874
"4939",48.5328575921721
"4940",51.6295182080619
"4941",48.118983728682
"4942",37.4806801961407
"4943",18.0037391210587
"4944",34.4313916324494
"4945",23.4220399969422
"4946",87.1294396487068
"4947",57.7246245932582
"4948",79.5844087218872
"4949",22.0060342682631
"4950",64.5383171558416
"4951",22.5496169874833
"4952",27.3480772462985
"4953",37.8760144715421
"4954",77.4821059850497
"4955",42.967142426546
"4956",80.2279134696923
"4957",38.9266442371676
"4958",74.1628702032103
"4959",47.6119760477769
"4960",47.9357858459991
"4961",35.4599508776287
"4962",31.9285859291002
"4963",61.5292306094644
"4964",45.0621323472477
"4965",28.3148985242323
"4966",23.6162063409035
"4967",39.4306867365627
"4968",22.9317991658472
"4969",23.2495572582923
"4970",70.9660307277103
"4971",36.4914766820704
"4972",62.7064859423403
"4973",56.1689457074665
"4974",42.5182964381572
"4975",51.0115602494939
"4976",42.0642548060994
"4977",113.0430229488
"4978",33.501816283939
"4979",90.3828828235608
"4980",51.3293567668465
"4981",19.2089824966924
"4982",18.5715280005152
"4983",31.7816663336329
"4984",38.9057636145678
"4985",25.3303671209061
"4986",34.2773387672511
"4987",29.7914819710237
"4988",28.6777923689003
"4989",60.9031332234436
"4990",96.6952279067752
"4991",51.5754319524788
"4992",56.9211138483366
"4993",16.8293153738745
"4994",51.3267013663987
"4995",41.9923624589561
"4996",32.9293041373937
"4997",48.5094165273499
"4998",62.3169463916766
"4999",70.3126295093664
"5000",21.2462431080052
"5001",98.9833370323067
"5002",48.6553485608124
"5003",40.4789872281041
"5004",85.0390049782967
"5005",34.7220327052567
"5006",26.0140241981459
"5007",28.6195462593842
"5008",28.0786905991794
"5009",102.184250844333
"5010",19.2656456016974
"5011",104.87218418153
"5012",44.233170733613
"5013",61.0814763367863
"5014",74.2579495063465
"5015",75.8602349509539
"5016",45.5939228551667
"5017",32.4726875715241
"5018",48.6486863040615
"5019",41.153616044588
"5020",40.052707239632
"5021",42.4942332049247
"5022",93.1136324258749
"5023",50.7792481696873
"5024",26.6143506008174
"5025",47.1672030457408
"5026",43.2596889853961
"5027",36.1897257685106
"5028",54.2119449807367
"5029",92.8601278407736
"5030",23.3366014928255
"5031",39.9710209572819
"5032",23.3373771611803
"5033",16.7421856625149
"5034",26.8811998182441
"5035",31.1337475355329
"5036",41.0047355695006
"5037",79.4214978525689
"5038",17.5097261085986
"5039",57.4136309348622
"5040",22.2664466998329
"5041",34.9528167671165
"5042",50.6009078630352
"5043",25.4660669853637
"5044",63.8045435329381
"5045",91.4479208254567
"5046",41.1001596073829
"5047",81.0225693692886
"5048",32.9643703076954
"5049",75.2086221718837
"5050",45.0675073101021
"5051",53.2445424266117
"5052",41.710693495848
"5053",61.1168297368358
"5054",75.1546259538997
"5055",34.0452178509797
"5056",80.6305866083672
"5057",40.1377899967018
"5058",67.4243853686414
"5059",42.5605761374396
"5060",36.7270697479356
"5061",34.6198144396492
"5062",61.1298349372142
"5063",53.8915932826564
"5064",46.3206493150979
"5065",100.865388300546
"5066",39.2264099816527
"5067",14.6629822696342
"5068",78.7893761421873
"5069",104.522804264435
"5070",42.2064324679279
"5071",47.7529200111577
"5072",73.6948356424995
"5073",41.70713267039
"5074",20.4628484593859
"5075",19.2674787104869
"5076",60.335704208852
"5077",25.011739814205
"5078",35.8096767073305
"5079",42.0045547780753
"5080",34.7149510340794
"5081",30.9212378880131
"5082",52.2846987403997
"5083",34.469030211628
"5084",20.5020708231563
"5085",224.167044619139
"5086",25.2710263118638
"5087",24.6646746933981
"5088",39.0704601774677
"5089",28.165664731471
"5090",106.67061253392
"5091",26.85851748057
"5092",124.19798751482
"5093",23.2621446251066
"5094",32.1205969140689
"5095",53.7989732089514
"5096",26.2265339789399
"5097",17.2745991008793
"5098",40.4435131875676
"5099",96.4284074553542
"5100",26.3852240893908
"5101",25.7987805852248
"5102",31.9139094521958
"5103",57.912223642555
"5104",19.4322711985878
"5105",35.7823019092583
"5106",63.1869303003191
"5107",280.181961786963
"5108",35.2384674198757
"5109",48.4752348384378
"5110",135.704144650008
"5111",34.6212353011023
"5112",28.5837196335085
"5113",98.4995282965671
"5114",29.1827862059649
"5115",79.4167194144117
"5116",40.678526730974
"5117",22.7850118847053
"5118",79.6128102546892
"5119",82.6239681208355
"5120",58.9618840951281
"5121",26.6022337959899
"5122",73.8974900986876
"5123",42.2657299647593
"5124",38.1245315214642
"5125",115.052545288655
"5126",93.0999773910803
"5127",34.8372982047536
"5128",14.5598741344861
"5129",91.643616041969
"5130",38.6165475321718
"5131",47.9840909054082
"5132",105.325025617231
"5133",62.652427796848
"5134",25.7208853854126
"5135",40.3164074925664
"5136",94.0480696813202
"5137",41.9356516091586
"5138",53.2173103109098
"5139",34.8161819888832
"5140",31.7893284229419
"5141",22.7904635903801
"5142",36.1591959963075
"5143",31.9627833092489
"5144",76.1469534381613
"5145",49.3497596109932
"5146",72.9909428436035
"5147",63.2953255864664
"5148",105.495780112332
"5149",40.924239374723
"5150",29.7237616322785
"5151",68.7146670434914
"5152",29.356690097513
"5153",76.2260052589881
"5154",30.6835506813435
"5155",44.3719588689866
"5156",29.5405546157837
"5157",21.5012571897481
"5158",35.464878557342
"5159",50.7298117706242
"5160",72.3349178157558
"5161",18.7095456862238
"5162",40.2555465347027
"5163",92.2894050212629
"5164",32.1338628811723
"5165",28.1232255841488
"5166",43.578734564594
"5167",81.3229318490367
"5168",26.3448292948716
"5169",22.1470257045713
"5170",30.573371617783
"5171",83.1198657379037
"5172",44.1177987445273
"5173",47.2143178870528
"5174",33.7051040281936
"5175",75.0351479155279
"5176",70.1884407210973
"5177",132.575553637333
"5178",121.850962672003
"5179",21.5537061752144
"5180",16.4619175921125
"5181",56.8372635952551
"5182",30.4355649032784
"5183",30.0945398427709
"5184",34.5079627747856
"5185",43.9450511213317
"5186",58.7254067402334
"5187",77.8797428264671
"5188",35.5987595187301
"5189",37.4647313483866
"5190",26.2521885248429
"5191",26.8175564435483
"5192",24.6824739341297
"5193",32.4452631360457
"5194",27.9654938293308
"5195",32.8120964233763
"5196",42.2706794927054
"5197",29.0425107633334
"5198",77.9527696508477
"5199",13.8651053675265
"5200",80.083839597183
"5201",26.439543476617
"5202",30.9118537458295
"5203",22.2443992533432
"5204",61.183334918099
"5205",26.077124650363
"5206",17.6653818661368
"5207",24.8242243671032
"5208",60.8618951127044
"5209",18.2193029944016
"5210",45.1566636419456
"5211",14.8043949895353
"5212",48.0858572735568
"5213",14.5987080031193
"5214",85.3415097061294
"5215",54.4050851949246
"5216",31.3298334886462
"5217",37.6764011037623
"5218",17.8362714952026
"5219",38.4330235131948
"5220",64.2846093303403
"5221",58.6871155110326
"5222",47.0968627687375
"5223",33.0574308104955
"5224",48.6853033562164
"5225",110.552379121142
"5226",37.3889297228173
"5227",83.0344557827377
"5228",20.531202249819
"5229",49.6923661144711
"5230",96.0606304695287
"5231",46.6016756337873
"5232",11.4541602571501
"5233",24.4760155720748
"5234",25.2877604923938
"5235",66.4055830163225
"5236",14.5151889777399
"5237",55.3623928346123
"5238",21.480759077161
"5239",44.0740178196269
"5240",33.7617282200799
"5241",31.3839035364631
"5242",36.4174183916447
"5243",48.4821123871617
"5244",39.7646802106557
"5245",112.881477984042
"5246",28.2437938182989
"5247",42.5862421228383
"5248",22.8833411047642
"5249",31.5485264037769
"5250",25.1176471133456
"5251",56.3572090528981
"5252",100.327533713268
"5253",24.4133011096245
"5254",29.9446908188855
"5255",33.921640822959
"5256",157.28848034875
"5257",51.0156196503186
"5258",22.9890403285641
"5259",22.0942722247813
"5260",61.2799931598292
"5261",37.1755252581224
"5262",28.3416254006216
"5263",56.557734677421
"5264",57.9700271790686
"5265",40.6971324150598
"5266",30.5184651220166
"5267",16.7159776396542
"5268",48.9947647069786
"5269",63.3468578034537
"5270",66.1792283053072
"5271",53.1678080218943
"5272",42.5402832891915
"5273",40.0806578014851
"5274",27.0410928040436
"5275",16.8689052675505
"5276",64.9095663359107
"5277",58.0356690590249
"5278",31.3564866615099
"5279",46.3152169917198
"5280",55.701201376647
"5281",37.232040401445
"5282",23.4449244627717
"5283",21.1201280998064
"5284",79.6795427107825
"5285",40.3900131589135
"5286",38.975237311016
"5287",71.8735566722818
"5288",52.4716497316881
"5289",33.9140545018142
"5290",22.723817461811
"5291",36.0133531280742
"5292",26.0866688476381
"5293",72.0694765595313
"5294",42.4235173797409
"5295",41.5681902665843
"5296",61.2027187734001
"5297",36.1785138281269
"5298",28.6902303035275
"5299",34.9539670127756
"5300",13.3713389832953
"5301",24.9325778870262
"5302",55.3798569918186
"5303",16.8602064508056
"5304",104.638206073229
"5305",40.7691048914479
"5306",20.7984111335332
"5307",19.2062894695307
"5308",13.8692622130755
"5309",50.2719653035614
"5310",54.7454514631012
"5311",49.8971961087155
"5312",63.7092607462
"5313",159.763365503523
"5314",25.6829546846156
"5315",60.1717196672132
"5316",23.2298916022383
"5317",29.9261408945567
"5318",102.037829495563
"5319",52.6078739148867
"5320",158.596942384042
"5321",60.4837486898366
"5322",58.2116596930785
"5323",28.9815686293848
"5324",83.4515163133445
"5325",51.5885153721656
"5326",27.151275973025
"5327",34.9519069179848
"5328",59.6145472952473
"5329",116.42217738407
"5330",53.6654252391195
"5331",29.5448753600295
"5332",33.7520815326895
"5333",51.471974737162
"5334",39.8932043608824
"5335",18.9850546704431
"5336",45.3966664297308
"5337",37.6308588680343
"5338",66.713934962612
"5339",52.0560718483401
"5340",37.3821031412983
"5341",75.511911039313
"5342",57.5432666246534
"5343",31.436252585076
"5344",16.9548551622031
"5345",97.5264736619234
"5346",33.4085135829066
"5347",55.3567015774106
"5348",18.6531695946196
"5349",48.6693840802626
"5350",38.753220630782
"5351",44.3312789642835
"5352",52.8710946736249
"5353",19.5578566849459
"5354",39.7630106040222
"5355",53.2608946573172
"5356",87.7998470413652
"5357",33.0929395538522
"5358",38.7664311710084
"5359",67.7920973842328
"5360",69.2710614153484
"5361",78.3244847825281
"5362",37.1559690150033
"5363",25.1496128643993
"5364",85.5200014379644
"5365",28.6857454435596
"5366",170.15782141044
"5367",77.6087918486338
"5368",22.1791138998812
"5369",74.0922769491736
"5370",51.23659981255
"5371",24.2594910650242
"5372",44.7044563511618
"5373",29.8750516826253
"5374",60.5551474235045
"5375",90.7101907525644
"5376",24.0699979317549
"5377",43.3178775431786
"5378",59.8367728759768
"5379",48.7504405558209
"5380",20.1445225139796
"5381",34.8906110039685
"5382",83.1694691647071
"5383",61.23984913693
"5384",56.23591958996
"5385",14.873502117054
"5386",53.0821861367011
"5387",20.9753618600441
"5388",31.7072621451966
"5389",24.6502019279613
"5390",58.366500633703
"5391",21.6926279003706
"5392",27.0502719335157
"5393",44.2343028943604
"5394",39.0961781102311
"5395",119.845164783099
"5396",60.5246721346198
"5397",76.101078730912
"5398",47.8022966845971
"5399",22.4772000705135
"5400",25.5875799824889
"5401",19.4272271433328
"5402",33.328170952213
"5403",51.3536328991469
"5404",45.3923626605136
"5405",58.4001898389357
"5406",18.2010613148576
"5407",49.9486158912505
"5408",23.8897042535902
"5409",55.7131235710181
"5410",62.8004177391831
"5411",47.4915512702209
"5412",27.1811898782102
"5413",27.6955995159793
"5414",91.8954563463999
"5415",36.782172344744
"5416",35.2244760853184
"5417",20.4785198331555
"5418",11.4179460557798
"5419",37.5200528809729
"5420",31.5283135839318
"5421",36.1913234618706
"5422",25.7726904643669
"5423",33.9573252079896
"5424",63.1312107390139
"5425",35.0877356329304
"5426",115.575352133057
"5427",137.13449278635
"5428",57.9076762488254
"5429",191.630933451962
"5430",62.6004395608423
"5431",37.698477929482
"5432",42.9157455898937
"5433",25.6622724365925
"5434",29.1345820354617
"5435",45.9665326421344
"5436",49.4913804596115
"5437",40.4456193654007
"5438",31.0114671816473
"5439",20.9784013529942
"5440",102.2749346642
"5441",37.138318993871
"5442",102.516491281175
"5443",11.2304407765058
"5444",66.4364849556165
"5445",42.1246829366142
"5446",31.7181404722136
"5447",63.3556460364141
"5448",27.8225246371984
"5449",37.7253870046043
"5450",33.4964493519948
"5451",49.380961897042
"5452",71.3989168473017
"5453",37.2377754264171
"5454",23.5306220027873
"5455",18.2132874194911
"5456",34.9789300330987
"5457",76.8297554512243
"5458",44.3350000419018
"5459",70.5705459317719
"5460",24.2182178895565
"5461",57.277674752662
"5462",35.7695029357691
"5463",25.1855843612433
"5464",26.1137901541096
"5465",27.5429529196681
"5466",56.196512780427
"5467",32.7463274684797
"5468",63.4652755994399
"5469",58.435461862604
"5470",91.2774698148964
"5471",32.5630396576109
"5472",31.1331065964066
"5473",45.0933094047068
"5474",17.1242733847193
"5475",32.4996277706707
"5476",22.72883770359
"5477",16.9844125717959
"5478",20.8269464612144
"5479",62.3098230669359
"5480",44.2312128257857
"5481",70.3092492206962
"5482",69.2232806505246
"5483",34.3418442689872
"5484",36.6802260289195
"5485",39.2585822925506
"5486",55.3753807944376
"5487",41.2757503503315
"5488",59.2868120091877
"5489",17.5644691944361
"5490",27.3152855363996
"5491",23.8785124901765
"5492",26.8303029369325
"5493",105.803971106828
"5494",54.1616690679165
"5495",132.716163646251
"5496",76.8556698778747
"5497",40.0411986584063
"5498",26.6514255302281
"5499",76.6517870734213
"5500",93.025750989248
"5501",22.4246014426737
"5502",51.6774532656303
"5503",101.040390382426
"5504",50.8836751674303
"5505",48.5994677906674
"5506",21.8637737158396
"5507",35.2851023971418
"5508",50.0054299344424
"5509",23.5494098085461
"5510",64.5247122512748
"5511",18.2268254501479
"5512",99.0378490037446
"5513",35.4502463365733
"5514",81.3354766835897
"5515",62.4421171923714
"5516",46.7136475752013
"5517",46.4365111571358
"5518",41.2865174617586
"5519",12.1312361191938
"5520",31.1717460959938
"5521",48.7842721675105
"5522",25.4344959508037
"5523",42.0000121946135
"5524",40.6549682703641
"5525",62.1623618448368
"5526",30.1036163022615
"5527",29.8881940042884
"5528",60.1942466600079
"5529",56.7492782369476
"5530",48.9199796841139
"5531",45.1521988984503
"5532",52.5587279961291
"5533",91.8210092654608
"5534",60.7194593578279
"5535",40.3660139065083
"5536",44.719280196897
"5537",35.9953696397819
"5538",66.6634646969762
"5539",32.5186916538356
"5540",34.3883675289681
"5541",54.1719788887618
"5542",56.4976402878763
"5543",16.6205638199201
"5544",35.4648473915313
"5545",18.373144519269
"5546",60.3314002824504
"5547",75.8858360323804
"5548",38.131358902029
"5549",82.6699731250897
"5550",67.1302876933758
"5551",59.1539985897708
"5552",39.1740836715439
"5553",21.8961988205924
"5554",83.7749594145522
"5555",42.3122187607338
"5556",45.0756002327624
"5557",30.0296211505982
"5558",93.3250575106928
"5559",99.4360390293942
"5560",72.5027443254743
"5561",26.7857824992831
"5562",35.5649468782746
"5563",94.5799547241747
"5564",45.6194214701359
"5565",74.4538963845892
"5566",32.6110383592908
"5567",62.5259094940179
"5568",59.7598588689716
"5569",40.67871595341
"5570",21.1537415474848
"5571",79.541542423084
"5572",38.6188605384742
"5573",58.8733778264906
"5574",24.9213650912615
"5575",62.6182186571263
"5576",37.644090466203
"5577",42.9949008110398
"5578",58.3598552464832
"5579",31.0594735143069
"5580",14.756553306909
"5581",25.397518958468
"5582",32.2577426846011
"5583",68.8962488531643
"5584",20.8712355414046
"5585",45.2777159842908
"5586",50.0598127639173
"5587",54.8813404550428
"5588",17.7908856360221
"5589",60.9670730508997
"5590",57.8017423389945
"5591",57.973140830568
"5592",21.8596906656793
"5593",35.1179934723839
"5594",48.9096233789563
"5595",67.2744645337188
"5596",39.2741446122741
"5597",35.6597291089948
"5598",18.3774091409363
"5599",24.5027776301422
"5600",21.9098283672603
"5601",34.6421367649998
"5602",122.877602841733
"5603",45.8759941625474
"5604",20.3364219531691
"5605",23.8660382631885
"5606",34.1506497699506
"5607",49.9670731208314
"5608",24.7288776626615
"5609",69.1651733581755
"5610",141.081807047443
"5611",84.186484347522
"5612",53.477678099006
"5613",72.3930856578443
"5614",35.5436815506792
"5615",18.1141284908998
"5616",72.723976624656
"5617",50.0365630004578
"5618",29.3472459177472
"5619",55.7745774701391
"5620",32.918092764009
"5621",72.5064725320611
"5622",45.0369478665214
"5623",73.2845895550642
"5624",70.9658213830515
"5625",24.0195683204001
"5626",39.5502640940835
"5627",154.793918931092
"5628",30.8536812157462
"5629",27.1289381739518
"5630",65.8535987144527
"5631",45.9119314547814
"5632",61.0988333539029
"5633",49.4713677601354
"5634",16.6346947429794
"5635",13.4894255555509
"5636",29.8210669138996
"5637",33.188351022106
"5638",26.3444553462483
"5639",55.9356980904236
"5640",41.1323653184979
"5641",38.9331448543476
"5642",79.7651002239745
"5643",21.8753152825466
"5644",36.8253078367264
"5645",61.7587294323594
"5646",45.2235450982403
"5647",35.7322659977235
"5648",27.168575039085
"5649",28.0454451966939
"5650",138.565703016897
"5651",37.6835567512055
"5652",48.0067824350693
"5653",34.7901459217704
"5654",74.3028953337684
"5655",74.9818580605952
"5656",37.6561740481088
"5657",69.2816550517363
"5658",26.7720920954042
"5659",35.6530554815236
"5660",86.4156758507955
"5661",40.5002639033105
"5662",11.9718441556629
"5663",51.4006240792301
"5664",49.3631084263486
"5665",42.6071835869453
"5666",29.606675978615
"5667",42.0603714400996
"5668",29.0051422424994
"5669",37.0600061629747
"5670",113.299797328549
"5671",42.0735898345493
"5672",15.8618520416248
"5673",30.60713306621
"5674",23.8536846646452
"5675",22.9980059581337
"5676",54.1290982901862
"5677",47.9246743440469
"5678",30.3542648923587
"5679",43.6460594286964
"5680",30.713664427082
"5681",50.5801877589833
"5682",27.464395470834
"5683",77.4662158166475
"5684",21.9616611439539
"5685",55.8303215459994
"5686",36.388457501546
"5687",56.938934108087
"5688",29.3445681068642
"5689",100.570835340757
"5690",31.2482230953695
"5691",86.690370664413
"5692",50.1730545091601
"5693",30.4906290598784
"5694",133.218989401738
"5695",46.5812031651271
"5696",26.6130289455303
"5697",49.3901342113333
"5698",13.0211032200065
"5699",74.0657680593178
"5700",41.3731726542055
"5701",60.8823886511536
"5702",39.9132665269321
"5703",32.1454468543863
"5704",47.6029432729154
"5705",55.5447272866506
"5706",53.9756554907034
"5707",35.5304047413222
"5708",43.9191188581646
"5709",67.0161403627779
"5710",39.5112096032047
"5711",25.9405271993946
"5712",29.6535241646719
"5713",53.2682170906271
"5714",24.5570324679577
"5715",33.2683715493875
"5716",83.2482392784766
"5717",22.9894420385374
"5718",27.8853152754234
"5719",55.3084108416187
"5720",33.4180126476942
"5721",43.6637108711319
"5722",23.5298613398843
"5723",40.3408229128816
"5724",71.725584117383
"5725",12.6187715703512
"5726",55.8387165856607
"5727",65.0555829498464
"5728",91.683725931
"5729",11.4842332190876
"5730",38.1856902555971
"5731",36.2764631104626
"5732",94.8114279943825
"5733",44.2117390961383
"5734",65.5925445429557
"5735",35.0510366195413
"5736",44.5569317586858
"5737",24.7409938944049
"5738",63.2984038180589
"5739",79.3543049638031
"5740",53.4591954307379
"5741",58.8945348600788
"5742",68.4550940911188
"5743",80.3971826688686
"5744",18.45224839999
"5745",62.430815593982
"5746",59.8361280802164
"5747",50.8706199874976
"5748",30.7051915233954
"5749",26.811025662396
"5750",32.9075003389311
"5751",75.827992060057
"5752",86.2836570634933
"5753",44.4663601705004
"5754",24.2973677211325
"5755",80.4646155473759
"5756",11.3242803628165
"5757",46.931282558702
"5758",44.8199217239572
"5759",65.5202121734979
"5760",23.2842727052034
"5761",25.5577760526464
"5762",43.1003351333704
"5763",38.9443703933183
"5764",86.8108829329668
"5765",80.0984902124884
"5766",22.380473644854
"5767",31.0335366329579
"5768",24.1026890410322
"5769",47.9875881411122
"5770",20.5754495355513
"5771",38.3194388024325
"5772",49.6594781132949
"5773",46.3025591151441
"5774",35.8805412356577
"5775",26.4343464232311
"5776",106.885841477964
"5777",14.4197730930872
"5778",27.5326945541174
"5779",32.9162696234214
"5780",22.6950273496463
"5781",44.3575370802594
"5782",25.4081152154469
"5783",30.0185801480784
"5784",55.0264746176627
"5785",99.3573242632276
"5786",54.1447559635309
"5787",15.1934737123758
"5788",97.6631978073338
"5789",16.9783871413513
"5790",16.5545230834588
"5791",151.041250198678
"5792",82.268999679762
"5793",59.4437376154042
"5794",29.2171818268526
"5795",31.3958867558572
"5796",100.426936549596
"5797",39.7781395696583
"5798",25.375999872952
"5799",73.7778562067098
"5800",82.53239102699
"5801",16.9914010057189
"5802",35.2271332804115
"5803",30.7016362049844
"5804",33.8314267274016
"5805",63.358668183613
"5806",65.492142370377
"5807",45.8248317810634
"5808",33.5702113816898
"5809",85.2579778447835
"5810",57.4946532131384
"5811",39.3370037893677
"5812",62.8874615682256
"5813",34.136061992303
"5814",65.6939184397714
"5815",41.208675649788
"5816",48.2940103106965
"5817",51.8834618966075
"5818",38.9461690271845
"5819",42.9271132872688
"5820",49.1038616294509
"5821",87.1750738609467
"5822",29.0598152567783
"5823",26.8445039671742
"5824",125.364729629298
"5825",104.801412102628
"5826",78.1036995026723
"5827",18.3518393412187
"5828",218.714537461372
"5829",51.5263184668031
"5830",114.469335385388
"5831",35.6029910586088
"5832",28.2567727130161
"5833",33.3707078742223
"5834",39.8834023037336
"5835",26.2514006414172
"5836",27.2779434469305
"5837",48.7080670196885
"5838",185.80748152559
"5839",13.5694022295966
"5840",41.5579734320694
"5841",66.0210324727928
"5842",74.8183855673786
"5843",53.8774215903548
"5844",74.7185144942748
"5845",37.3329644744461
"5846",27.7797120602202
"5847",100.860562395074
"5848",33.9357735999083
"5849",30.8549556791739
"5850",17.4847612148972
"5851",15.2022188762379
"5852",21.9647114907552
"5853",57.6613677690476
"5854",36.4255154288638
"5855",23.6298027389291
"5856",51.1598666733497
"5857",66.6269341546247
"5858",24.1993216991607
"5859",88.2911055025819
"5860",29.6077995949762
"5861",78.4371066664952
"5862",37.1290260698179
"5863",15.6620037470348
"5864",55.1187738348536
"5865",97.0808772296052
"5866",61.6472035658289
"5867",59.6316019822972
"5868",36.6506287921594
"5869",15.3756084750264
"5870",43.1614268705076
"5871",25.2895976348897
"5872",56.0372545415257
"5873",45.5574639012749
"5874",63.4580837079769
"5875",53.3626984849211
"5876",41.3037162339086
"5877",23.1736082392713
"5878",42.846761156395
"5879",23.1564094815677
"5880",47.6656497385159
"5881",35.5525617838177
"5882",30.1723407981675
"5883",101.394839740801
"5884",71.2293040053467
"5885",68.3091723414523
"5886",68.8378017787848
"5887",114.921393908612
"5888",87.8899430366435
"5889",20.5125984623996
"5890",70.4398015340122
"5891",20.8360335467109
"5892",60.5284085314265
"5893",88.9622151276111
"5894",69.0165822203783
"5895",83.2832716859359
"5896",36.8558503462727
"5897",25.6299532437715
"5898",22.0154969888406
"5899",46.6935577298719
"5900",28.8698255395319
"5901",31.8619665672954
"5902",44.2281237795895
"5903",34.4637518593459
"5904",26.557273164636
"5905",49.6508681162893
"5906",27.6097013283432
"5907",33.8333265050904
"5908",80.9506940251757
"5909",24.8901291711299
"5910",80.7276898818562
"5911",19.1375395805406
"5912",63.123485001358
"5913",75.8675136492112
"5914",30.2677129309528
"5915",46.2671993306065
"5916",26.9181066118191
"5917",78.7234443571571
"5918",37.1036478373418
"5919",46.2947668861573
"5920",106.044352318208
"5921",35.9896590590018
"5922",63.3534484628822
"5923",30.3836289903632
"5924",73.0248991425123
"5925",85.6129171576052
"5926",34.3135144730166
"5927",43.9858821293339
"5928",28.1864888995541
"5929",71.263700510057
"5930",18.0120154662565
"5931",53.3789116608556
"5932",55.3508529967148
"5933",46.8353947518812
"5934",25.119375484063
"5935",54.8347944474467
"5936",52.3723523002534
"5937",38.5049893028193
"5938",61.042915416955
"5939",104.122763437629
"5940",24.1130851247324
"5941",39.1486292290668
"5942",73.1334448240251
"5943",93.5628787078287
"5944",74.6969740644492
"5945",45.2117363409801
"5946",113.789539305843
"5947",71.9563303411594
"5948",53.462594548299
"5949",35.332087184213
"5950",26.7647473178619
"5951",50.3178338823537
"5952",33.2037638121985
"5953",18.9830923598174
"5954",30.6052305080233
"5955",21.3258192660844
"5956",41.0230145256656
"5957",41.6864581408307
"5958",30.1229347215213
"5959",20.6644422919996
"5960",19.6995217695572
"5961",36.3277317905133
"5962",68.941132205873
"5963",27.0022637169136
"5964",18.6092109350215
"5965",82.3245770867061
"5966",41.2500579557846
"5967",48.7917118499807
"5968",17.5877043686466
"5969",17.1076298819534
"5970",96.3353060245727
"5971",41.6339002158163
"5972",56.9222030124655
"5973",20.0807809875777
"5974",21.8991318667481
"5975",56.3143894976549
"5976",46.6248224102548
"5977",37.0231158135337
"5978",28.1740635188874
"5979",41.6930376954242
"5980",44.8268968082601
"5981",54.0340453476389
"5982",47.8974940196498
"5983",70.2220705530322
"5984",52.413965717986
"5985",38.9294893773449
"5986",56.0993018641154
"5987",39.7993406682733
"5988",24.0246556307737
"5989",39.0315769244604
"5990",45.9778034172708
"5991",72.939485215234
"5992",49.4991262373473
"5993",46.409336284341
"5994",64.4825352969526
"5995",23.9950122359942
"5996",87.0463119522751
"5997",32.5037634864698
"5998",23.4270079736532
"5999",19.0789138713972
"6000",58.2610517284874
"6001",33.7198488002169
"6002",40.1181295109494
"6003",114.068202158359
"6004",68.4721334752984
"6005",45.3381902207957
"6006",28.692873762452
"6007",31.4192516441322
"6008",18.8865018126201
"6009",32.0786334251934
"6010",27.1837413298964
"6011",43.4782134690798
"6012",67.7795244843986
"6013",159.636965263843
"6014",46.2226538368485
"6015",24.6805168443235
"6016",39.9937994368885
"6017",52.8086897189488
"6018",22.046632141783
"6019",42.1949664181454
"6020",17.403829497437
"6021",20.0029881201175
"6022",45.4505554190169
"6023",49.1172747285346
"6024",56.0540412051447
"6025",79.0614425271315
"6026",61.0078151420952
"6027",17.725479292642
"6028",48.3306958656735
"6029",64.0723374730864
"6030",18.5226023985186
"6031",61.2773651311223
"6032",59.314816438766
"6033",69.5955877536255
"6034",29.3356980055128
"6035",45.1756890981743
"6036",128.154716328429
"6037",27.3629975515637
"6038",37.445640925537
"6039",35.5982852626737
"6040",81.7182665599124
"6041",41.9379657437319
"6042",36.5136000597784
"6043",47.6124721827945
"6044",100.559799039611
"6045",85.3957852714717
"6046",37.4355795971828
"6047",81.7414036341746
"6048",38.1229075896682
"6049",28.4911668057243
"6050",16.8649310603753
"6051",35.1908177419759
"6052",54.5339082320364
"6053",77.2476844609771
"6054",105.722381646094
"6055",60.7335470040284
"6056",38.0975846946028
"6057",97.840453454931
"6058",29.6834253977451
"6059",116.570117964969
"6060",32.7031179345156
"6061",38.370778760472
"6062",40.1735336655794
"6063",93.5558506937036
"6064",65.2724907737426
"6065",65.687778279994
"6066",57.2597952143461
"6067",41.7956799791444
"6068",113.985055795968
"6069",76.1546546409045
"6070",59.952830169429
"6071",44.7031427696004
"6072",70.0067311379289
"6073",11.5653150711965
"6074",31.3270418904014
"6075",32.6759652909587
"6076",58.9840355325156
"6077",39.1467329133463
"6078",24.2375701002193
"6079",41.2084442058524
"6080",25.9977525266945
"6081",36.2599182495733
"6082",16.4927248233416
"6083",21.9605100999143
"6084",37.749508989528
"6085",71.2636102619676
"6086",54.9421479098766
"6087",34.5475289291754
"6088",21.6612647582329
"6089",24.4967539919648
"6090",25.984352273016
"6091",46.474269925349
"6092",64.6583267983913
"6093",24.9306939243956
"6094",19.6074418791295
"6095",31.3427777556098
"6096",61.822264668092
"6097",26.9321696778847
"6098",19.1405431184858
"6099",49.3579355568141
"6100",33.4951186196115
"6101",49.2220777160933
"6102",36.7394738916508
"6103",31.9939399192588
"6104",21.5777363042479
"6105",20.2344910778179
"6106",14.2012467251462
"6107",45.7678644957423
"6108",45.4860682432893
"6109",57.9981319772875
"6110",97.8136955748084
"6111",23.0504056955999
"6112",20.9861738963559
"6113",90.8573129442876
"6114",49.6527686192771
"6115",41.3908047654821
"6116",43.0067409051563
"6117",62.6524534860239
"6118",70.496699638389
"6119",17.9458196219999
"6120",28.3500159747013
"6121",19.3274505566278
"6122",81.2691495657104
"6123",42.8780359270743
"6124",33.8883699937618
"6125",58.0240967958239
"6126",43.3070470017111
"6127",74.3192617179648
"6128",101.343678467786
"6129",22.2386426995439
"6130",62.7544481396617
"6131",23.646218188266
"6132",48.0496398399843
"6133",77.2762650032408
"6134",44.1881018114567
"6135",63.9701959146833
"6136",80.5987863732542
"6137",97.3922670841373
"6138",40.9611200830799
"6139",29.7464301860504
"6140",26.1847293222079
"6141",63.2013184910689
"6142",61.1087163508275
"6143",61.7255293325838
"6144",49.3635880093174
"6145",33.4705237682242
"6146",46.9328618360891
"6147",53.7236040385188
"6148",67.9648960539883
"6149",31.9714921522025
"6150",23.5352008037205
"6151",25.16206208999
"6152",51.6453462945279
"6153",28.2647969552096
"6154",23.00008000814
"6155",42.3526610246784
"6156",44.8134583832427
"6157",24.5046982793637
"6158",70.8075211587903
"6159",42.0536010060632
"6160",50.7726271320101
"6161",174.036575220508
"6162",22.8508006341264
"6163",34.9956186524325
"6164",65.9239683168035
"6165",12.4647732761619
"6166",29.2684418418258
"6167",66.9903059171841
"6168",38.977308092666
"6169",50.424028161898
"6170",36.5942748501975
"6171",35.7553246066894
"6172",46.6674953836155
"6173",42.4726197111289
"6174",30.2182828949817
"6175",24.2632896686678
"6176",33.957461040188
"6177",35.5668802862002
"6178",24.1082321679573
"6179",35.756320793197
"6180",33.8289456656367
"6181",28.5619356575842
"6182",42.9293348926781
"6183",38.1077861888922
"6184",23.6493036056419
"6185",31.4433046731009
"6186",46.4848573974408
"6187",81.869600950111
"6188",30.8795610769947
"6189",48.7659911395796
"6190",34.5447388028452
"6191",29.4999927645718
"6192",22.1951302221902
"6193",66.4757150073656
"6194",42.53226033011
"6195",66.5597404505045
"6196",17.97904319039
"6197",27.3413020216044
"6198",28.5732012894928
"6199",78.3504008543466
"6200",13.8405570527603
"6201",40.1934674691576
"6202",23.0016752585548
"6203",54.4426310668758
"6204",27.916980764991
"6205",50.1646191626063
"6206",60.4751994315562
"6207",17.8532661506427
"6208",51.2579540665263
"6209",61.2053413004563
"6210",47.7966950280142
"6211",19.54780496261
"6212",33.0652346654247
"6213",33.754644927846
"6214",33.6690497007184
"6215",21.882630885119
"6216",33.3449061303325
"6217",45.9980190302537
"6218",21.8969320206833
"6219",15.3923751451355
"6220",34.7180058110806
"6221",39.2223839824524
"6222",37.1613803016074
"6223",57.3542115887538
"6224",49.1066942689368
"6225",77.3048524305009
"6226",44.1186290543615
"6227",19.2551052961228
"6228",37.5341844360744
"6229",33.1168145405353
"6230",72.5238735565132
"6231",41.2885778682543
"6232",102.742669360729
"6233",84.1416971274243
"6234",24.7214361406841
"6235",39.6042719426639
"6236",61.6921226811782
"6237",15.3354200923472
"6238",35.6288821910839
"6239",32.4183863593981
"6240",46.4538239950966
"6241",38.1233554099482
"6242",36.8382336476734
"6243",150.030791557078
"6244",103.655669089488
"6245",48.5749789816476
"6246",20.3026582443546
"6247",94.111336876393
"6248",32.3706780066744
"6249",22.3230145304527
"6250",42.4813799313329
"6251",51.6358723926241
"6252",41.9282612654362
"6253",60.4952189320858
"6254",22.7783311369084
"6255",53.3218493370905
"6256",20.8626442699143
"6257",21.109866709851
"6258",43.839013266247
"6259",62.0182908261724
"6260",32.573469485511
"6261",17.6951845592133
"6262",34.0707274711378
"6263",53.618530668288
"6264",47.3606161238611
"6265",45.6086089468869
"6266",70.4335584372453
"6267",63.1557903033858
"6268",27.1490522514807
"6269",23.7531300038562
"6270",44.9709249293214
"6271",92.9832874230046
"6272",79.8227188111728
"6273",25.1153933931067
"6274",28.9264067175708
"6275",66.7752350828603
"6276",38.0177983626464
"6277",22.3977319325321
"6278",85.8167144647298
"6279",50.2681920836792
"6280",45.1269776778465
"6281",74.6435175152139
"6282",27.5863947439235
"6283",120.521367372438
"6284",60.5655197715742
"6285",43.0876731946466
"6286",48.038342899145
"6287",25.3985593608498
"6288",197.027176662621
"6289",35.8401855093266
"6290",31.2200538204253
"6291",31.4632600668872
"6292",76.6071461195552
"6293",26.8236910798679
"6294",15.3205525642467
"6295",30.9981058404373
"6296",85.474700855529
"6297",49.1557400866008
"6298",52.41915919577
"6299",118.197869700211
"6300",95.877720231662
"6301",50.8762569809831
"6302",23.4150956185145
"6303",70.5201452197802
"6304",84.1449009499162
"6305",47.0562000480765
"6306",75.9752750809837
"6307",57.8030859475023
"6308",25.1328052758956
"6309",81.5843076283072
"6310",32.1339714400005
"6311",77.3332195540551
"6312",23.1895267693513
"6313",26.1254119415853
"6314",67.9747674624508
"6315",84.9518154315514
"6316",32.8966003868079
"6317",40.2400834720557
"6318",31.7996147455872
"6319",63.9616708910015
"6320",53.1111306633497
"6321",51.7233498717326
"6322",42.7432415817628
"6323",84.452428766877
"6324",14.2038075704243
"6325",96.348024543998
"6326",29.1872838164604
"6327",133.149222356775
"6328",39.2973524516215
"6329",117.398532058717
"6330",61.3043459674163
"6331",28.9805445948033
"6332",60.2275191662087
"6333",37.0823791688686
"6334",83.4687886654392
"6335",37.9006688268986
"6336",42.8351685194074
"6337",89.0498753424212
"6338",37.484324673387
"6339",34.2676002665231
"6340",83.4788458677162
"6341",54.7964386943392
"6342",37.2136934667822
"6343",57.928755633508
"6344",22.7963857441333
"6345",44.6691091504392
"6346",30.0242031550453
"6347",22.1136281179043
"6348",79.208162406879
"6349",46.6689523099106
"6350",36.5015433722163
"6351",33.5558848000937
"6352",33.5644625554416
"6353",31.3311627259044
"6354",33.2449477872427
"6355",61.0415800430144
"6356",83.5313672917701
"6357",39.0797967134882
"6358",38.9479713303428
"6359",47.8061764793921
"6360",46.790362907408
"6361",53.2034710389436
"6362",57.242465879195
"6363",51.3332239264915
"6364",37.0224127936806
"6365",27.7257497728386
"6366",22.5875812836486
"6367",34.8644712274045
"6368",29.7300971450302
"6369",26.0266795401586
"6370",27.7253269705729
"6371",41.5570178773195
"6372",102.727790627446
"6373",34.3647668570083
"6374",20.6743250959693
"6375",59.9374468953953
"6376",60.6503471862991
"6377",44.4077613336925
"6378",43.0438611689148
"6379",56.6549947906296
"6380",93.0835713588228
"6381",38.2455312800778
"6382",52.7652360939449
"6383",32.9047525328113
"6384",55.856378820741
"6385",25.437224607651
"6386",107.833633844615
"6387",78.2787024562852
"6388",46.3397635274226
"6389",65.6047457363112
"6390",60.6290636106042
"6391",72.6090643275713
"6392",54.5562774492251
"6393",63.4993374596362
"6394",231.994178458705
"6395",49.4134959443084
"6396",57.7445813552855
"6397",29.362199232125
"6398",29.2157648757068
"6399",23.6494355801677
"6400",40.5044167864404
"6401",17.819333186278
"6402",88.9173385400019
"6403",58.5845084867698
"6404",31.2976085874091
"6405",63.0731318762049
"6406",54.8292800781676
"6407",44.5400126048043
"6408",46.3570239319459
"6409",43.7341380756927
"6410",29.093514408552
"6411",47.7594936806771
"6412",24.2916596757111
"6413",39.6043869635454
"6414",60.8617518012488
"6415",25.9634297532426
"6416",34.3110348079614
"6417",46.7958324854778
"6418",60.2022570421648
"6419",37.4973556599562
"6420",40.6589154727993
"6421",46.5916515066788
"6422",94.1262249257269
"6423",41.2607584429677
"6424",46.4906513559237
"6425",26.9754991669086
"6426",58.7677532736945
"6427",24.5845905240001
"6428",40.0392920902411
"6429",79.5422716342462
"6430",35.9293196265328
"6431",50.3591113705482
"6432",31.5230667025977
"6433",35.2440010528706
"6434",29.272246431434
"6435",55.1720595492809
"6436",101.828354147736
"6437",41.8403492436228
"6438",96.8359913486271
"6439",32.2756379158003
"6440",63.3691995815426
"6441",64.4588620933416
"6442",21.3062247920633
"6443",70.2167913935558
"6444",20.0527982661596
"6445",83.3895613568112
"6446",77.7733317032044
"6447",88.8994133171128
"6448",47.0773467169619
"6449",102.620217366349
"6450",35.3431843694503
"6451",15.8048233936233
"6452",35.9374370276707
"6453",29.2507258486183
"6454",26.0398224554182
"6455",42.1997780238184
"6456",44.2800657777088
"6457",50.2227036452398
"6458",75.6450954428645
"6459",36.0286995963239
"6460",41.1460553983741
"6461",70.491747879657
"6462",33.6993552123382
"6463",24.2122961772697
"6464",36.9903578621993
"6465",42.2192708316549
"6466",33.025157924741
"6467",28.4451559495475
"6468",23.3037394213438
"6469",45.1987374868233
"6470",128.967954907446
"6471",27.1898859273543
"6472",31.2965524747362
"6473",44.190949778568
"6474",24.6710761958545
"6475",25.5071019089489
"6476",58.1991536021534
"6477",70.0528870693672
"6478",36.2036185532824
"6479",46.1198689284693
"6480",22.8892288378739
"6481",31.9580198819544
"6482",72.1822537513437
"6483",44.293431886827
"6484",59.6133491070608
"6485",59.4411451160483
"6486",55.5122687369193
"6487",51.5924134986311
"6488",15.8496889516166
"6489",60.017017999897
"6490",110.123979872896
"6491",22.6925980303825
"6492",54.0978696498623
"6493",70.078067789525
"6494",26.3564742297361
"6495",37.0581983174967
"6496",69.7784907506747
"6497",38.2187264474116
"6498",43.1582649223085
"6499",17.8540994416765
"6500",45.9404201737514
"6501",24.1724227872207
"6502",40.4329565233293
"6503",31.5123613741792
"6504",77.3401982990622
"6505",21.8304467984174
"6506",130.786742417791
"6507",46.37916311982
"6508",89.2095166310965
"6509",49.2514588113747
"6510",41.6370364553119
"6511",48.8387197279515
"6512",20.6536559863649
"6513",89.0497719094066
"6514",93.4095546682546
"6515",26.7912422051681
"6516",42.6420270125202
"6517",35.8027974489534
"6518",36.8006303789247
"6519",32.0516664381071
"6520",66.9424234719906
"6521",84.4150250347243
"6522",41.5564511226919
"6523",69.183912165006
"6524",16.2595453522321
"6525",87.0158177212071
"6526",25.6085462944659
"6527",146.399908811388
"6528",210.511468843883
"6529",56.2340975597031
"6530",15.528668506822
"6531",139.365064575371
"6532",60.094382391093
"6533",95.6919969433096
"6534",52.1631937673434
"6535",31.4572011085503
"6536",37.6198490657544
"6537",34.8281540813834
"6538",18.8302282950897
"6539",68.7309690860408
"6540",31.5345921694099
"6541",46.9181896730328
"6542",38.3236845432373
"6543",117.923438153995
"6544",74.7757069652619
"6545",32.2227931099883
"6546",88.2572260909067
"6547",54.7187243590808
"6548",52.0381878186441
"6549",42.6311655315543
"6550",26.6631824605728
"6551",274.372361914395
"6552",37.3466961775191
"6553",42.4767505048193
"6554",109.727071647437
"6555",18.0479882473515
"6556",128.841944716868
"6557",39.180257993162
"6558",70.0824969833165
"6559",60.0541100518409
"6560",26.2040622482573
"6561",28.4279632952336
"6562",27.0025651256896
"6563",88.8613688379243
"6564",38.0767158951079
"6565",26.471048267404
"6566",27.2415285134535
"6567",23.0694036301203
"6568",34.9571840142854
"6569",33.4618844227391
"6570",42.6804005409637
"6571",100.519054214824
"6572",22.6391071397787
"6573",52.0518058073164
"6574",97.0748503149815
"6575",28.9681016105458
"6576",58.984683093368
"6577",54.6004890065521
"6578",81.6006311512302
"6579",25.5797985629546
"6580",85.6737266175997
"6581",44.9502873199216
"6582",69.6366662455273
"6583",31.970193447409
"6584",51.1000448552002
"6585",34.8616718308772
"6586",82.3565989690481
"6587",19.6114832846423
"6588",23.5956138132651
"6589",11.0689734620835
"6590",67.0101853245238
"6591",24.4560293958806
"6592",51.5819580682042
"6593",55.7544779518085
"6594",79.1611198273921
"6595",44.5754449778009
"6596",33.1280380770579
"6597",87.7331802945284
"6598",22.8799749461762
"6599",49.3133299729217
"6600",36.2628768547063
"6601",21.6881971256194
"6602",118.478808722838
"6603",18.0638932726323
"6604",41.3053603833784
"6605",21.3697193567584
"6606",99.9347090759668
"6607",48.4498239980357
"6608",61.5348462006912
"6609",119.083049122239
"6610",24.4175691838836
"6611",36.0899649322226
"6612",49.8650074152992
"6613",40.8275740713974
"6614",50.6734306565654
"6615",29.1098323883875
"6616",124.263874760353
"6617",18.7758813158625
"6618",50.8182614803539
"6619",58.2526469460783
"6620",34.127205867289
"6621",53.5027321297897
"6622",88.5610844540739
"6623",46.2521562551486
"6624",38.4205435987413
"6625",28.6115441044649
"6626",25.3696837435672
"6627",40.5025863071646
"6628",51.4810719813119
"6629",104.387278490805
"6630",33.178326028021
"6631",53.7221056375877
"6632",27.3853256834876
"6633",49.5878080392349
"6634",25.9164314091826
"6635",62.4203290043232
"6636",123.685757986403
"6637",46.7111157837281
"6638",40.1069684540923
"6639",34.8971927865954
"6640",31.8266140936545
"6641",96.7917979795729
"6642",56.2240620741906
"6643",60.8030771070464
"6644",20.6952575855943
"6645",27.598182823058
"6646",37.5654417029852
"6647",114.214694021215
"6648",46.0581038002223
"6649",58.37903124313
"6650",42.4229634990147
"6651",81.0338963185598
"6652",161.491433456652
"6653",47.1355326054156
"6654",81.2979465430396
"6655",51.2944109762246
"6656",65.2729959832977
"6657",29.0186021463609
"6658",31.6204270270933
"6659",30.6908482110927
"6660",25.0886169339778
"6661",38.0184482732058
"6662",35.2005263726139
"6663",78.5242096204929
"6664",29.6482501868552
"6665",72.5808475371173
"6666",33.2412619124087
"6667",51.7932692088899
"6668",29.3752750852251
"6669",63.1673500184378
"6670",60.4209651912377
"6671",26.780619497833
"6672",29.1979948939402
"6673",18.0170604015068
"6674",81.5816133438848
"6675",41.9906124946923
"6676",25.2578130992253
"6677",43.0541342846919
"6678",21.3223370828826
"6679",30.9194182150559
"6680",12.9798749907521
"6681",47.4128944004226
"6682",27.8613850494413
"6683",50.2955599599976
"6684",45.5690106835529
"6685",61.4560258836611
"6686",25.8568843826878
"6687",39.1587271180103
"6688",41.4352404836731
"6689",56.2722618874113
"6690",28.4270660191505
"6691",58.5613355952317
"6692",20.9256428807658
"6693",109.348776379183
"6694",45.2574417902487
"6695",55.9660225726407
"6696",91.0448489121919
"6697",75.0274840239896
"6698",29.5318182842273
"6699",50.4436676261496
"6700",23.7805338241252
"6701",26.9560107786765
"6702",116.095470260147
"6703",46.4585848542854
"6704",94.5622508580695
"6705",81.4343622071189
"6706",70.7008738478816
"6707",26.9164771803885
"6708",91.3191452050348
"6709",30.9460585370275
"6710",35.3484827471803
"6711",24.9827800676446
"6712",43.760302004788
"6713",44.9101197469687
"6714",30.3696056102201
"6715",19.0336792530384
"6716",34.0682165925151
"6717",48.0331842910259
"6718",37.5021559451664
"6719",27.8258136873211
"6720",39.7755989822389
"6721",181.598936130962
"6722",51.4076854546693
"6723",22.8673909595013
"6724",174.454012468663
"6725",78.280394200435
"6726",92.9619008172255
"6727",24.1230237893999
"6728",43.8871169854778
"6729",73.409775675069
"6730",39.2808137885448
"6731",25.2726822206171
"6732",86.0349621318284
"6733",65.8611718000596
"6734",44.2532911125779
"6735",60.788042483361
"6736",27.8276874236064
"6737",57.6536768138122
"6738",80.7650245110537
"6739",91.8060644081699
"6740",38.6521359572353
"6741",101.438916125423
"6742",25.3402586221062
"6743",35.9780123308648
"6744",19.972422727652
"6745",39.9569801481369
"6746",71.1200963932321
"6747",13.5444518900457
"6748",35.7818415228269
"6749",109.187521025857
"6750",18.2004635630346
"6751",26.7130989793673
"6752",47.3933419278201
"6753",37.954783179372
"6754",43.0644864401501
"6755",74.3890601948927
"6756",51.9334027392035
"6757",15.7359473658728
"6758",75.890004920532
"6759",22.3765668956792
"6760",28.5283888391388
"6761",87.8818697045483
"6762",33.5047435701672
"6763",97.0611173213697
"6764",50.2161923919423
"6765",45.3971691236999
"6766",44.2666220933863
"6767",33.8626923532152
"6768",72.8575034604594
"6769",47.2816667986171
"6770",21.2345339042409
"6771",42.5697886834153
"6772",40.9368599539929
"6773",30.2038380518358
"6774",19.6682695298806
"6775",49.6540548842161
"6776",52.953784877352
"6777",29.3977133445411
"6778",45.0914660056495
"6779",16.3053461940777
"6780",89.4905093383263
"6781",58.7901236792444
"6782",52.9887073076201
"6783",49.8173076497829
"6784",62.9571747271447
"6785",24.9389421893754
"6786",30.1610476115056
"6787",65.1364611897009
"6788",56.6751252949887
"6789",31.6372716795022
"6790",31.4210948772095
"6791",34.1666074001918
"6792",40.8324819235777
"6793",88.6739746030467
"6794",30.1320537778232
"6795",34.6057787271499
"6796",53.4783890565313
"6797",44.2981469789493
"6798",43.619431095802
"6799",26.2320402363716
"6800",36.5006302387607
"6801",54.3913393166004
"6802",42.9938861822519
"6803",68.3060051103468
"6804",61.2082494566335
"6805",70.592516587688
"6806",73.9928468832826
"6807",151.041709764573
"6808",29.8919007809155
"6809",25.9358376577197
"6810",87.1468392197765
"6811",53.3475934264312
"6812",52.545668099027
"6813",49.0613288504876
"6814",51.3483025338071
"6815",98.6337694171094
"6816",28.016061686381
"6817",52.7184402114389
"6818",12.9721432087331
"6819",34.07742701219
"6820",25.6401086503491
"6821",96.7757247671385
"6822",44.3425926931996
"6823",33.6633597456051
"6824",60.3352747870894
"6825",51.1202860550622
"6826",50.70490907236
"6827",32.666540488187
"6828",53.3578406577016
"6829",16.1287917361686
"6830",34.9663395328478
"6831",70.9074599982333
"6832",51.0338719428813
"6833",32.4562135287613
"6834",102.093409517887
"6835",36.9655493541999
"6836",45.8598384417061
"6837",25.4209792524531
"6838",16.3714699208301
"6839",35.168996097369
"6840",53.4905211218155
"6841",27.9472854064907
"6842",12.0293820754475
"6843",86.800750161817
"6844",27.5821164534442
"6845",41.5569038833163
"6846",20.3657954381472
"6847",36.0269775259896
"6848",23.4931650854781
"6849",28.5460428428642
"6850",15.2835003007376
"6851",102.118368917415
"6852",130.799548882964
"6853",44.2013831133768
"6854",33.8968373832342
"6855",30.7891762799636
"6856",30.2891671190649
"6857",44.7439928088406
"6858",54.7373622641462
"6859",41.2098728834648
"6860",43.4152521255884
"6861",68.7367487717612
"6862",14.7251369631886
"6863",46.4868676490351
"6864",51.6946757192039
"6865",17.5576485536577
"6866",23.7153811692498
"6867",51.9094528631824
"6868",97.3785877789386
"6869",47.9738708881743
"6870",83.2495529684249
"6871",98.1000291662569
"6872",82.7512077681364
"6873",60.4838162815037
"6874",31.5643055284092
"6875",42.9970745841009
"6876",20.6213111800744
"6877",63.4727630242913
"6878",68.1746197253558
"6879",76.9521512057054
"6880",27.7875836940044
"6881",42.1535258365867
"6882",25.9156065768923
"6883",46.0952257850162
"6884",28.6711566121913
"6885",84.7019459311934
"6886",53.641351495401
"6887",65.6160433378949
"6888",34.4869470187652
"6889",42.2522775308896
"6890",31.2075963913794
"6891",88.0988215558173
"6892",23.8751733153714
"6893",83.8039356800177
"6894",26.9812915748084
"6895",72.3158181351667
"6896",84.4916245762094
"6897",67.1751835685429
"6898",113.836404644852
"6899",50.4363411437179
"6900",92.709905858694
"6901",65.118689410368
"6902",17.9248074303323
"6903",24.3762458017577
"6904",79.7412619738516
"6905",29.573753484511
"6906",74.7509148498249
"6907",61.5344506484559
"6908",29.3179468392689
"6909",36.6251146738179
"6910",97.3879947276668
"6911",39.4234838050759
"6912",69.8202114968151
"6913",115.105091245674
"6914",52.0911092420146
"6915",59.6095422862558
"6916",31.7323864976694
"6917",103.82513165698
"6918",40.8382959927558
"6919",19.7093650907846
"6920",50.2978263541867
"6921",83.9838329510432
"6922",15.046071616569
"6923",58.2779565118162
"6924",56.2129194083712
"6925",46.6758822753538
"6926",31.6015437816622
"6927",25.3849945920768
"6928",32.168098927148
"6929",24.3007289994086
"6930",41.7314665321535
"6931",89.7442857151371
"6932",50.267914565951
"6933",53.7183592319432
"6934",26.3955377240411
"6935",24.9237304027504
"6936",20.4342131636785
"6937",20.318688987452
"6938",41.8016225956657
"6939",30.1994144602912
"6940",25.8204843910183
"6941",19.3226128189727
"6942",13.7918198529903
"6943",38.0782286293015
"6944",33.6300968204924
"6945",43.4223179884404
"6946",47.2703001905079
"6947",42.5961283787394
"6948",40.1744470789233
"6949",56.3248345629666
"6950",68.0769158164896
"6951",20.8986324625044
"6952",134.65856259039
"6953",54.2812231561594
"6954",11.6904007402315
"6955",74.8421803442511
"6956",51.6334977180396
"6957",30.6036646989714
"6958",55.871044380676
"6959",111.2003325013
"6960",44.124455356188
"6961",80.6192190978318
"6962",21.614922100932
"6963",32.8497559107554
"6964",52.0449006081181
"6965",21.1619572884181
"6966",25.4062941400134
"6967",80.1224189791176
"6968",29.0122363661622
"6969",40.6476771815026
"6970",42.3641264180755
"6971",30.5470115490459
"6972",47.8710188454307
"6973",76.0307730774206
"6974",78.0661754215506
"6975",71.2319055022512
"6976",27.1858241410112
"6977",68.1285118632712
"6978",52.5455043743553
"6979",62.6809185386198
"6980",34.6651755562812
"6981",35.3758832066481
"6982",42.6695135118119
"6983",23.9345272490316
"6984",29.3561249362594
"6985",113.769932105266
"6986",31.2527928177362
"6987",62.7000557453359
"6988",29.0785441808945
"6989",72.7535490535802
"6990",48.7581655773335
"6991",77.3321769416524
"6992",13.0325291759123
"6993",104.897943382828
"6994",33.201556508121
"6995",40.2155391552385
"6996",27.8905942293912
"6997",50.7856320053222
"6998",81.1133199838991
"6999",36.9641307774896
"7000",12.5089011756795
"7001",50.0542351664005
"7002",74.218953455798
"7003",51.9223469599594
"7004",50.0817522243841
"7005",26.4647043541094
"7006",45.4874086062871
"7007",34.4416109968369
"7008",61.3695005103377
"7009",48.767514844983
"7010",42.125493966624
"7011",41.7994898630543
"7012",55.9248815953704
"7013",31.1286705380057
"7014",25.4057570145436
"7015",36.0521124744993
"7016",65.390169207015
"7017",83.1429738350921
"7018",71.14572967287
"7019",46.050560174865
"7020",70.271007125827
"7021",31.3548564224621
"7022",45.2025612862034
"7023",53.5201229012384
"7024",55.0109530291028
"7025",26.3928711131158
"7026",59.8636636006682
"7027",22.6318067461437
"7028",76.5927109136355
"7029",56.8009918860856
"7030",82.2010841275675
"7031",33.7837986380291
"7032",45.145532448106
"7033",75.4695033329331
"7034",91.9358551899188
"7035",49.1609460506443
"7036",28.7331616152899
"7037",83.643641740762
"7038",23.5586560557746
"7039",52.8851626073628
"7040",26.6107676332329
"7041",28.9467301165317
"7042",45.1124141070895
"7043",21.9880134863894
"7044",94.4022663071189
"7045",17.9323996194689
"7046",37.3598344809636
"7047",17.5075671116927
"7048",53.6005899047777
"7049",29.5826055863832
"7050",79.6463791244278
"7051",118.860942586369
"7052",36.6157319844002
"7053",28.1815951313605
"7054",49.6718510945117
"7055",53.8204542511217
"7056",41.9338088760848
"7057",42.5721665192138
"7058",27.3352725154638
"7059",46.7513770132997
"7060",36.9782584938665
"7061",26.9788802074756
"7062",11.1891562516901
"7063",43.9376785596501
"7064",153.230711869401
"7065",31.2869699901214
"7066",34.8522263074879
"7067",25.957941620209
"7068",99.6640532298091
"7069",29.3343142365108
"7070",56.0125409538879
"7071",46.3500914900737
"7072",48.5941503649003
"7073",54.5364637183983
"7074",26.3339696803882
"7075",77.1452069949463
"7076",54.7433432867989
"7077",36.5585091636338
"7078",97.3818288475293
"7079",36.5979148855526
"7080",45.2037267776493
"7081",36.5782922773086
"7082",64.0056428675129
"7083",24.5957318340107
"7084",60.6078500537256
"7085",22.9773920146883
"7086",31.5918343640234
"7087",15.4137300806912
"7088",18.7727747784021
"7089",118.891754221186
"7090",89.2112073252403
"7091",35.2353822257919
"7092",33.1133977875777
"7093",83.2606903623331
"7094",26.0438934500367
"7095",17.0320482962174
"7096",22.3302731295001
"7097",123.217649052726
"7098",64.8483660408146
"7099",37.4884472056428
"7100",32.7224655276803
"7101",26.9199615219975
"7102",59.6981815975903
"7103",38.8998887000974
"7104",22.5285189177104
"7105",253.804763814621
"7106",43.9211959558224
"7107",57.6359338993615
"7108",41.3745857714654
"7109",76.3036321899011
"7110",15.1257101720773
"7111",40.9122472891907
"7112",32.3699309471362
"7113",24.7012877036822
"7114",43.1535068701703
"7115",45.9166387632646
"7116",42.7244317164368
"7117",119.364399231725
"7118",62.8034880110955
"7119",53.2217097523034
"7120",23.3670249348093
"7121",29.7959755276976
"7122",61.4782316955253
"7123",68.1986123158488
"7124",71.9698270620965
"7125",20.8221125410957
"7126",43.383242465709
"7127",67.1673335038222
"7128",21.3673544661878
"7129",43.0632105100179
"7130",23.202849162949
"7131",25.5924492586336
"7132",20.2710223952522
"7133",39.8204950928073
"7134",74.5196424880513
"7135",64.0669873735067
"7136",33.737883449978
"7137",31.1170306620067
"7138",34.3380294877098
"7139",22.0702988230951
"7140",103.946547741012
"7141",33.4138046171216
"7142",18.171085258613
"7143",67.9214388540169
"7144",34.7043105111859
"7145",97.6930133850384
"7146",53.2269923084873
"7147",40.1639372125084
"7148",77.3497850796874
"7149",17.332085693077
"7150",19.6926204553516
"7151",30.4515948961765
"7152",33.310190057205
"7153",37.5254527626329
"7154",167.965377792021
"7155",37.7637477332059
"7156",111.273887963874
"7157",21.1569776562661
"7158",73.1665471758341
"7159",26.438363173385
"7160",32.9532905058817
"7161",41.7592509397567
"7162",61.2582802703283
"7163",30.2588457845977
"7164",18.8887908684165
"7165",44.0003585633074
"7166",41.4542376156364
"7167",26.2496969005407
"7168",26.511812747427
"7169",47.0748628588261
"7170",30.7018746809973
"7171",29.2078747777527
"7172",73.6326082832179
"7173",29.121735239377
"7174",32.3746336364001
"7175",17.2305211077967
"7176",63.5814678118479
"7177",39.8955422621863
"7178",36.1280088154488
"7179",32.1092653545832
"7180",25.8167892271637
"7181",31.4516575901327
"7182",35.6121639293909
"7183",35.0946546065292
"7184",84.04666475164
"7185",101.158434528488
"7186",39.4541765571196
"7187",39.6033477106148
"7188",76.3437525197289
"7189",37.5149348230389
"7190",49.3104416701959
"7191",139.427775941188
"7192",28.1871613217434
"7193",124.74555654693
"7194",23.8077113037756
"7195",63.1409088729315
"7196",11.0703755341661
"7197",109.187901751355
"7198",153.128269441481
"7199",76.9640918584892
"7200",18.7772600038501
"7201",29.7575965588995
"7202",80.3725930173944
"7203",40.7539605861393
"7204",48.0097079014492
"7205",143.477982971366
"7206",34.2881040730855
"7207",41.3328498712683
"7208",30.3372015337854
"7209",117.053408026071
"7210",49.0140694860543
"7211",44.685537385603
"7212",85.3928275920909
"7213",67.7350165627176
"7214",68.8267717313069
"7215",87.1081843337067
"7216",29.312754645815
"7217",22.8951095113996
"7218",16.8724982763184
"7219",44.8905452166218
"7220",118.018931310908
"7221",44.8942084864711
"7222",47.9822595567768
"7223",27.4956307909104
"7224",50.5978026651933
"7225",38.2186361476331
"7226",67.674609925574
"7227",87.2927705026515
"7228",50.7559809931683
"7229",51.4071551161399
"7230",35.5848334963449
"7231",74.8715559878564
"7232",66.0095826013848
"7233",32.3400370300077
"7234",39.5603107673782
"7235",57.7046143592444
"7236",47.5134244964789
"7237",53.558176708699
"7238",146.421332301348
"7239",27.0344385082172
"7240",72.8647360326019
"7241",31.2687301865244
"7242",53.0479277204754
"7243",24.5331376336711
"7244",91.8032324215471
"7245",37.6587526891079
"7246",84.7423307156032
"7247",25.2988316382449
"7248",89.1175618585917
"7249",26.1199705325325
"7250",20.614314224145
"7251",28.4561800672494
"7252",51.5713222818264
"7253",71.5003789793896
"7254",115.346386370935
"7255",30.3833207275096
"7256",12.9192294461322
"7257",40.8909579101026
"7258",92.7915313617077
"7259",37.0377124144281
"7260",51.6536447053296
"7261",21.6936472925853
"7262",28.7984010576632
"7263",41.4363622766372
"7264",126.724810818639
"7265",68.0265818257638
"7266",65.0865729574564
"7267",49.4737946810247
"7268",58.6246578540064
"7269",18.7228849356468
"7270",96.0863997899856
"7271",87.1167444166537
"7272",22.2594216830103
"7273",45.6303989265039
"7274",45.6252911096581
"7275",61.7310880063918
"7276",43.0100078934908
"7277",26.431856424366
"7278",35.0821087836334
"7279",20.4976322262419
"7280",17.5474179116571
"7281",33.3428496707827
"7282",24.5274839922526
"7283",109.133483028851
"7284",26.7588095725653
"7285",27.6097043990403
"7286",57.1132941353716
"7287",30.5840069855517
"7288",16.6020717981869
"7289",81.760073444681
"7290",81.5758747701344
"7291",58.0613356314954
"7292",71.7324691466295
"7293",39.9256487190447
"7294",24.187491376531
"7295",38.2061091554927
"7296",21.0382951501122
"7297",45.6736701791462
"7298",29.4713649937533
"7299",28.3753225617427
"7300",44.9182946339584
"7301",51.0963395046796
"7302",46.3218811169004
"7303",43.0043931495057
"7304",19.6428769895234
"7305",20.4653837818321
"7306",46.2533450220123
"7307",96.7620656282116
"7308",38.2385118834384
"7309",37.7608123592993
"7310",29.4502565310413
"7311",30.8144896002086
"7312",50.2461444317395
"7313",136.170885779803
"7314",17.5204237745265
"7315",30.7388452639694
"7316",31.2845072763431
"7317",26.1333887975141
"7318",40.1018207997901
"7319",76.2987432461228
"7320",76.8112074408445
"7321",89.6386167382892
"7322",46.26632826267
"7323",17.1944076927262
"7324",37.2555480402493
"7325",40.9058783224617
"7326",63.8823931554488
"7327",79.7431126800817
"7328",76.9631622102438
"7329",51.6323591326408
"7330",29.0565964897287
"7331",115.593087943548
"7332",36.2349469752438
"7333",62.9386590528757
"7334",35.696292160511
"7335",27.0365864865307
"7336",59.1931038519432
"7337",64.0030052755141
"7338",38.1901303254088
"7339",65.5208069460729
"7340",26.7669165862596
"7341",57.8809646051839
"7342",71.3571657900192
"7343",52.3647193229011
"7344",31.2069703457738
"7345",21.3050546626822
"7346",32.4590019370758
"7347",23.9631908519469
"7348",29.3985444088848
"7349",42.8454210490229
"7350",24.3594090223043
"7351",16.8720733686826
"7352",63.656480317773
"7353",22.931061225079
"7354",29.158311829635
"7355",112.574790546947
"7356",109.111295275212
"7357",54.5898814102553
"7358",74.3223405071775
"7359",75.8147726198772
"7360",45.9112456620825
"7361",45.2113030836722
"7362",50.6084086781114
"7363",47.1271260811826
"7364",28.5954463233281
"7365",22.4486055223619
"7366",43.3779058099448
"7367",33.5753738248457
"7368",160.072435836717
"7369",33.3839583707143
"7370",72.6485916384013
"7371",46.7604052035372
"7372",116.343336479039
"7373",16.1008964097522
"7374",51.2659287851217
"7375",35.5914798290351
"7376",22.4749674540047
"7377",39.1081799721709
"7378",15.3085461116882
"7379",36.2508823180943
"7380",33.6310209345975
"7381",81.9856764129055
"7382",24.8222697924533
"7383",37.3524411169878
"7384",43.0391394704864
"7385",34.3083892376629
"7386",28.8220391296631
"7387",42.6130364926239
"7388",34.4639222987171
"7389",67.6021718833991
"7390",96.3890957633451
"7391",22.9168929400748
"7392",43.6645331324202
"7393",91.0728168668502
"7394",55.047563195178
"7395",38.7302535279746
"7396",49.1166364177435
"7397",82.8869246279988
"7398",74.2711802533882
"7399",36.4279684649236
"7400",43.4127414763805
"7401",30.5486358306141
"7402",46.217403982816
"7403",83.0736514963592
"7404",57.2625210512122
"7405",54.186466310775
"7406",84.0382759365499
"7407",86.1978404548388
"7408",17.9362343602808
"7409",88.8880900202915
"7410",85.9363269704048
"7411",27.6841034472675
"7412",110.85396310656
"7413",40.8476642011581
"7414",29.1426415766899
"7415",21.845894615026
"7416",135.862958598277
"7417",15.5693288474155
"7418",29.1593558520153
"7419",48.6490235187733
"7420",94.9817217544018
"7421",45.3115013832572
"7422",30.3933385185839
"7423",31.799223193696
"7424",24.1070898303196
"7425",36.9831565503149
"7426",41.9770362587473
"7427",61.7273063714152
"7428",27.7211346755577
"7429",130.269598566148
"7430",59.2257441815628
"7431",35.2848266910651
"7432",21.6042476267754
"7433",55.8460790465088
"7434",67.130403664462
"7435",58.3487699679757
"7436",30.746238931348
"7437",31.991080783798
"7438",22.5102628141083
"7439",52.968178324772
"7440",42.4571186440164
"7441",25.5713695434949
"7442",42.7077269889179
"7443",198.586856102506
"7444",275.485443677817
"7445",119.544842102057
"7446",37.357509458806
"7447",44.8690722289672
"7448",90.8951238586129
"7449",17.8920379890528
"7450",165.294232606456
"7451",45.1760131269351
"7452",10.5368339079179
"7453",18.4783062433878
"7454",60.0487547024679
"7455",31.1037123351828
"7456",34.8851273539815
"7457",66.1159132416025
"7458",29.7935202455401
"7459",18.4401077421085
"7460",100.04668105753
"7461",37.1280528345316
"7462",59.9931166610172
"7463",85.4073086017444
"7464",51.0162431892856
"7465",30.3779107124472
"7466",100.935829772529
"7467",44.1539698574873
"7468",23.4069649106197
"7469",85.2329122147579
"7470",45.8605743464951
"7471",27.3295446334623
"7472",51.8668063027497
"7473",104.456759496219
"7474",46.3271387284666
"7475",58.5784789919211
"7476",116.053012480644
"7477",29.1013477421935
"7478",50.0674398064616
"7479",32.6417414476569
"7480",96.7459307702632
"7481",49.2366286416485
"7482",38.5306882508064
"7483",90.604955055187
"7484",38.8830357479255
"7485",32.2029237859698
"7486",33.1986674245764
"7487",66.3285193109494
"7488",16.7227219828519
"7489",39.2863912592024
"7490",48.6896762793573
"7491",27.9096818681561
"7492",19.8266802406605
"7493",48.3283745813646
"7494",68.2959512640415
"7495",30.3035590497834
"7496",49.9016758993886
"7497",82.689054572137
"7498",58.8516690167928
"7499",20.8775236153323
"7500",40.5037584585803
"7501",32.7654397276277
"7502",19.2399831741522
"7503",19.6514974578597
"7504",50.7660531543657
"7505",47.0506987821648
"7506",49.7325359901195
"7507",96.8977893885395
"7508",130.878416054317
"7509",24.3289121984419
"7510",87.4365719025116
"7511",86.6124423150612
"7512",24.1945149917949
"7513",55.7417706495453
"7514",76.8470140369434
"7515",47.6163637458912
"7516",30.7364686597118
"7517",11.695674027844
"7518",71.9717110981633
"7519",30.2967908420262
"7520",35.8574223337966
"7521",32.9800876487047
"7522",45.7284178931428
"7523",29.1325331679523
"7524",25.6934196005691
"7525",23.4418779827678
"7526",16.8529437179204
"7527",38.3227864071338
"7528",61.7904809303945
"7529",84.2538291864757
"7530",140.241202018539
"7531",30.5972766808261
"7532",28.4919932369982
"7533",88.4099758825452
"7534",52.4990650092936
"7535",33.9550987257368
"7536",38.3018387015024
"7537",40.323929523845
"7538",27.7187287808489
"7539",28.9748533692949
"7540",39.9568789981942
"7541",44.6947428937188
"7542",26.2319467315586
"7543",34.4816612739515
"7544",28.9936848386526
"7545",41.7058011724296
"7546",26.80476866244
"7547",13.4122291319139
"7548",70.4215727008049
"7549",28.5892095085475
"7550",44.0306893353747
"7551",37.6579006700894
"7552",41.981948832213
"7553",69.1995288339901
"7554",90.8772360750671
"7555",49.3623550349147
"7556",31.5733122497513
"7557",43.6188794732715
"7558",76.1061878905533
"7559",33.6912790577648
"7560",27.9106055030981
"7561",39.9556441024036
"7562",46.3256046962274
"7563",49.0662170683605
"7564",48.1881747300558
"7565",81.0844358817897
"7566",98.6408866038612
"7567",45.7860818222055
"7568",23.910496504943
"7569",24.541115063885
"7570",35.6585410971543
"7571",31.7213692384703
"7572",54.4701216366704
"7573",31.9791149669613
"7574",31.9605402535459
"7575",22.0651740768509
"7576",32.1748236081461
"7577",42.2722632948702
"7578",123.634144093736
"7579",33.5135238352407
"7580",95.0365235992208
"7581",43.1229246539955
"7582",18.6993815977556
"7583",24.7730582411648
"7584",43.081920887005
"7585",44.6086661092031
"7586",33.4568653280497
"7587",73.8466319734837
"7588",59.7811367702598
"7589",187.34697086372
"7590",32.2522102323203
"7591",54.0780951022064
"7592",41.1326760394128
"7593",36.3149091056477
"7594",52.4212121245076
"7595",32.2347384341605
"7596",30.009649151301
"7597",57.2939537117227
"7598",24.7863825501165
"7599",52.2707506832422
"7600",62.0480079140853
"7601",21.6555943471381
"7602",31.5021931218798
"7603",201.96813054736
"7604",69.6695182273866
"7605",44.3633813003764
"7606",36.3307351737404
"7607",19.1452288837164
"7608",22.0086986946213
"7609",31.9192329364469
"7610",37.0200238333568
"7611",43.2563121224193
"7612",49.5571465831449
"7613",42.1395142912682
"7614",39.9429193524807
"7615",39.6382932663507
"7616",22.7008297090764
"7617",68.2925310447262
"7618",23.1831730654789
"7619",86.5347353363371
"7620",14.3592477848488
"7621",55.9483123170616
"7622",35.0523526582331
"7623",32.4721701928321
"7624",77.4889652337457
"7625",36.28220575108
"7626",40.600570115398
"7627",57.6946635313721
"7628",38.2684219764441
"7629",40.4463467579426
"7630",37.2038136497717
"7631",69.6260518799895
"7632",23.7523500288789
"7633",57.7906493430929
"7634",27.2309817570828
"7635",15.6849142783722
"7636",17.6448043889425
"7637",31.5058937308305
"7638",33.8915267718867
"7639",39.6667570985032
"7640",64.5995478231995
"7641",40.2248750958963
"7642",13.4022098658514
"7643",27.4659183931985
"7644",59.3574495839981
"7645",52.3615300041589
"7646",31.0552133843254
"7647",32.5145934891468
"7648",46.1115170052619
"7649",130.914513030275
"7650",31.1756928070507
"7651",39.4914372453772
"7652",85.0753809247777
"7653",30.5804800860023
"7654",35.7848084124134
"7655",24.8069533104727
"7656",73.1373610833846
"7657",51.0911338977836
"7658",33.7463234448544
"7659",88.6889829296932
"7660",60.4028915593735
"7661",101.032897665845
"7662",80.2838066737984
"7663",46.4865491830727
"7664",31.9892422798115
"7665",88.2589543452045
"7666",85.9883705534068
"7667",29.3414371924417
"7668",42.5634465559262
"7669",49.4238847763108
"7670",10.1731558265075
"7671",31.7776494046916
"7672",37.6400900014723
"7673",62.310481114749
"7674",49.5443360489535
"7675",38.3012173472277
"7676",23.9804587213666
"7677",31.6639128545909
"7678",23.7475100805624
"7679",49.0633299818431
"7680",42.9456319757356
"7681",31.5772885980417
"7682",24.5356142228157
"7683",30.9821537058568
"7684",35.2080470942131
"7685",31.4739288234175
"7686",59.2333843398433
"7687",46.5611920701087
"7688",60.9159797148062
"7689",24.7680897996435
"7690",26.6026822803913
"7691",68.6392819677997
"7692",20.4909157063141
"7693",48.7962687634574
"7694",105.580297327336
"7695",74.6346124303766
"7696",45.6176866159299
"7697",166.862303404535
"7698",52.6846844387221
"7699",60.7825921899691
"7700",42.5731282884208
"7701",43.864759589229
"7702",59.8322118282088
"7703",61.065761275968
"7704",34.036083526495
"7705",48.4315640288241
"7706",64.7138235010668
"7707",25.6726579472358
"7708",39.7524851556621
"7709",60.3425375534789
"7710",71.6711166533401
"7711",36.1540926979612
"7712",67.8990466428169
"7713",31.2048567557204
"7714",79.5989969933135
"7715",38.2598104183941
"7716",23.5035977392061
"7717",111.549006363982
"7718",33.791285641675
"7719",27.6386500119156
"7720",82.4222152430634
"7721",46.6376914407274
"7722",68.6558519917892
"7723",34.4945941644647
"7724",46.804086099207
"7725",36.8995434326833
"7726",30.7802747622978
"7727",40.2234878563722
"7728",50.5438419487799
"7729",66.27194637615
"7730",46.1862804061698
"7731",32.5692571776053
"7732",79.4196268492201
"7733",26.2408161611321
"7734",42.0704174562226
"7735",34.6191210582165
"7736",59.4830798534249
"7737",39.3129488150098
"7738",37.6545171267824
"7739",31.0563174634489
"7740",129.901942685208
"7741",107.488039116331
"7742",34.0453823184241
"7743",40.1510174162435
"7744",19.4013264052993
"7745",26.9019687761383
"7746",37.8752951295362
"7747",21.5509971319897
"7748",89.1481804378057
"7749",29.5919379949498
"7750",50.0534845096447
"7751",33.9665039723776
"7752",20.2098458059685
"7753",16.6567745208214
"7754",23.6991695558243
"7755",49.9347889493946
"7756",9.27930268176008
"7757",59.4520719923436
"7758",48.09105949667
"7759",34.7861613850294
"7760",73.3673208030562
"7761",31.4283212590975
"7762",117.905405161469
"7763",73.6772231744443
"7764",47.3671502347114
"7765",24.6566954878721
"7766",84.8999921433286
"7767",33.040942622344
"7768",27.3239093144801
"7769",81.3170592491221
"7770",26.0541437402833
"7771",158.517636253731
"7772",87.6626693425779
"7773",94.7934545616524
"7774",47.2829240152064
"7775",23.9791013375929
"7776",30.3198432959534
"7777",104.471293089388
"7778",56.6981566550597
"7779",52.1751560432269
"7780",21.0712970354199
"7781",109.314008217081
"7782",68.4636899646347
"7783",60.8991244314116
"7784",69.4955441532066
"7785",49.9396516062295
"7786",123.502058912658
"7787",136.690149019247
"7788",72.9414018690616
"7789",58.2457267388138
"7790",15.3815288896502
"7791",97.6752888514352
"7792",47.78014274709
"7793",92.221422469525
"7794",20.5078026563375
"7795",45.0136729938496
"7796",34.1851997861913
"7797",73.9447562529669
"7798",22.6788864899332
"7799",51.3943415882121
"7800",29.3067205128145
"7801",74.9229359725914
"7802",45.0904259547188
"7803",53.4447667261862
"7804",35.4578502419146
"7805",57.0452078825396
"7806",41.2653603135287
"7807",46.0769649501284
"7808",55.1001568332714
"7809",33.656854187316
"7810",48.208346765486
"7811",37.0407048056804
"7812",11.4019433153446
"7813",18.2137877050247
"7814",34.1387822160653
"7815",36.8939678316315
"7816",14.7839378280875
"7817",70.6318675695839
"7818",24.1726102024572
"7819",113.804325468894
"7820",73.091925520889
"7821",69.3912326614371
"7822",22.0439255524346
"7823",111.790450521469
"7824",72.4779587291536
"7825",100.449860284453
"7826",35.0028824486725
"7827",33.205499999685
"7828",42.9801840106581
"7829",40.7271170700616
"7830",48.7774185984475
"7831",28.3477522242367
"7832",53.8237387256033
"7833",73.5545039266904
"7834",26.1688846685871
"7835",94.6878993096017
"7836",24.4420387012114
"7837",49.8749668049141
"7838",43.5593175918912
"7839",44.2192847190749
"7840",48.8242895565902
"7841",125.325964675931
"7842",87.0610763151443
"7843",31.2045179175621
"7844",177.917962286499
"7845",48.0240642934228
"7846",63.5489381432128
"7847",132.472311894937
"7848",39.1296019827624
"7849",25.7255620177664
"7850",35.4455890889789
"7851",53.0301942342884
"7852",37.0330079238839
"7853",107.623656374099
"7854",35.6510977856865
"7855",30.3791154192252
"7856",17.2471918226647
"7857",54.3920826249751
"7858",36.5001428471289
"7859",41.4395206328496
"7860",51.0490812279291
"7861",71.5927671045819
"7862",42.3088703197825
"7863",39.0065789198938
"7864",70.1925499236462
"7865",50.4329191288725
"7866",32.9881091040969
"7867",53.4066917621144
"7868",45.013966609971
"7869",29.0365120630214
"7870",30.3270723022183
"7871",41.0622402229796
"7872",30.0484023135735
"7873",76.3108571985832
"7874",70.0069140838427
"7875",47.7638151224265
"7876",50.2760731016037
"7877",24.855266989324
"7878",47.1907180112696
"7879",21.4370725614445
"7880",27.9298478829506
"7881",40.5972175816719
"7882",70.6238676129134
"7883",91.6362363466501
"7884",47.2800072570328
"7885",45.2006490811968
"7886",113.620405543509
"7887",19.6835800079377
"7888",36.8069329307836
"7889",61.0746654660361
"7890",24.1547310161414
"7891",51.5099619916319
"7892",27.187804765789
"7893",90.2264349424783
"7894",67.1814483141088
"7895",19.8499612582795
"7896",47.9507659916697
"7897",36.6154411006347
"7898",28.3314397258907
"7899",31.0948578604687
"7900",40.6831971125719
"7901",21.0604677691688
"7902",61.5230133869266
"7903",40.8040766272893
"7904",37.3349973563869
"7905",28.8473383390992
"7906",16.347598935084
"7907",44.9731929061725
"7908",42.6744323029335
"7909",55.0590038461461
"7910",47.3914641693298
"7911",53.4360704818722
"7912",54.0050517723275
"7913",25.3548903007284
"7914",60.9520578173974
"7915",80.3881538931211
"7916",61.16938238299
"7917",76.2233052013546
"7918",32.1886188039765
"7919",41.9491526089895
"7920",61.1146044487999
"7921",36.1809110308444
"7922",120.851603422098
"7923",70.9506598415303
"7924",21.3088239680426
"7925",20.4151169770733
"7926",85.6506536905739
"7927",60.196068576865
"7928",20.5952119572663
"7929",53.4595047935896
"7930",39.8675242857652
"7931",35.4341299383071
"7932",46.650166052404
"7933",40.6358638126638
"7934",43.8282675626433
"7935",148.037133342071
"7936",54.9301154390133
"7937",113.127592609938
"7938",65.9536039793429
"7939",99.4650035661066
"7940",47.498436524554
"7941",46.0570378496712
"7942",27.5554686296188
"7943",39.5167871429211
"7944",38.5358139188413
"7945",16.6694510549724
"7946",17.6673729950421
"7947",44.201284002806
"7948",36.4403351316325
"7949",27.6027034067712
"7950",42.7555293684465
"7951",84.6812920593645
"7952",32.2666308228703
"7953",79.2149138989233
"7954",30.9800127433924
"7955",74.5812014871867
"7956",24.4268439751998
"7957",30.0327859346576
"7958",90.3397766204342
"7959",67.4345577558147
"7960",65.7596216336849
"7961",38.1947814460962
"7962",15.0126623485105
"7963",17.6482756030287
"7964",38.6084455901331
"7965",21.0862035685145
"7966",25.1432148737352
"7967",38.2572618229744
"7968",84.2903232156179
"7969",45.5635823328982
"7970",53.2034442989959
"7971",33.1082639109969
"7972",28.1990126212089
"7973",41.2036262197523
"7974",30.367561563041
"7975",80.7604107331177
"7976",46.8834590171445
"7977",28.8571377248558
"7978",32.8324726816032
"7979",140.889073885513
"7980",39.5480901577446
"7981",81.901023789254
"7982",54.4539024303725
"7983",54.1719020141978
"7984",43.4740861238369
"7985",37.1327131185935
"7986",29.7116549507963
"7987",126.663376432551
"7988",107.275249625081
"7989",97.5119830944129
"7990",48.600686447706
"7991",44.1691249013127
"7992",29.4137937244511
"7993",25.4168297960507
"7994",85.4784101996914
"7995",68.666263196092
"7996",21.1574225503244
"7997",32.6960742704908
"7998",46.2975686011878
"7999",59.5833542099128
"8000",32.6622612287725
"8001",43.9158991327912
"8002",25.6926399978155
"8003",32.0263643608683
"8004",24.0322797634247
"8005",21.5579869988048
"8006",59.0546826749684
"8007",39.5408694147433
"8008",37.2526430381633
"8009",44.5722378087189
"8010",101.318719971719
"8011",50.611429171298
"8012",122.698543039024
"8013",71.0765243106682
"8014",52.7335164848272
"8015",56.1953667787191
"8016",27.9363601912391
"8017",20.9258730578732
"8018",64.7971196318998
"8019",78.9262241061375
"8020",29.1769939539425
"8021",44.0712158309653
"8022",32.0740576784362
"8023",21.7764283643532
"8024",39.550566531222
"8025",47.0782887272005
"8026",99.5046878459708
"8027",43.8368451728749
"8028",19.1296087239454
"8029",20.511201242461
"8030",30.1264554768492
"8031",33.9670086457081
"8032",35.9831024940015
"8033",29.3886731038846
"8034",20.1648554566571
"8035",127.379054070931
"8036",41.6093786330277
"8037",61.3331846408691
"8038",46.159220919915
"8039",90.4131645486598
"8040",36.7070226237125
"8041",29.0976271106731
"8042",52.1291606830243
"8043",40.6588820173241
"8044",112.255463842924
"8045",49.9290904909234
"8046",14.3397195245315
"8047",31.5613315859281
"8048",59.8873818920462
"8049",92.2879732867865
"8050",17.5993696015602
"8051",28.7388372202335
"8052",91.725985535653
"8053",28.6039007550612
"8054",52.5693362036928
"8055",82.3306548359801
"8056",57.9536538708807
"8057",87.0387031876623
"8058",41.8179623787972
"8059",94.8899099739716
"8060",66.1690385606764
"8061",40.2111512834344
"8062",76.6043458504741
"8063",30.0287407963384
"8064",23.5950592194601
"8065",117.321319921642
"8066",20.4720474056106
"8067",33.4740856222431
"8068",48.8782543777692
"8069",42.1233395336827
"8070",21.9741873764124
"8071",51.8384978640239
"8072",23.2458455126179
"8073",74.5244324480091
"8074",56.8062118796882
"8075",20.6220651579605
"8076",40.5530273771734
"8077",41.3601270624926
"8078",28.785565157158
"8079",27.4229754434201
"8080",56.2734745781697
"8081",84.6764940717007
"8082",61.8940868869392
"8083",56.0144391688368
"8084",70.0615723421446
"8085",45.7194404048075
"8086",21.7926737127274
"8087",16.4476376741038
"8088",55.0701465968249
"8089",29.7685938421085
"8090",52.7780417575492
"8091",141.954846537614
"8092",42.5155540405442
"8093",46.5302257918821
"8094",26.0738333762685
"8095",62.3100204751297
"8096",21.7876017061835
"8097",26.3744712311349
"8098",31.2836376213218
"8099",109.93135525577
"8100",27.7483111978407
"8101",43.3588123203483
"8102",62.1022656303122
"8103",94.3063504830671
"8104",49.6462675067732
"8105",62.2463287358491
"8106",27.0754033635603
"8107",16.1000128147183
"8108",24.6585685264355
"8109",47.2644822865896
"8110",133.437580582767
"8111",23.2013600052334
"8112",46.494163777906
"8113",17.4533240970999
"8114",52.7143977970214
"8115",38.8373042001407
"8116",62.7397402891486
"8117",47.7608318532735
"8118",59.6568538032546
"8119",31.242765053856
"8120",34.0018782695187
"8121",71.8085744226647
"8122",117.283008613786
"8123",57.8019899240204
"8124",130.565585806705
"8125",60.8076726592299
"8126",42.262688599387
"8127",21.1252048641022
"8128",26.7090331655805
"8129",20.6881676144888
"8130",24.4458599264439
"8131",14.4989102153245
"8132",48.625023631122
"8133",82.7762392845549
"8134",76.9209786064774
"8135",70.9229665037341
"8136",41.9039333079281
"8137",29.7801974443286
"8138",43.3156566789729
"8139",61.309278090945
"8140",49.0987827358617
"8141",65.8787196120107
"8142",29.6474452535113
"8143",55.2985534051952
"8144",13.6319375848243
"8145",70.1275267933415
"8146",18.0162408221371
"8147",71.1132675383547
"8148",39.3162846050427
"8149",95.6905125120685
"8150",38.3543467470704
"8151",18.4885918849024
"8152",51.0314909739996
"8153",24.394453118066
"8154",36.1678047824885
"8155",54.0817152631805
"8156",30.3012680601755
"8157",39.5699915396213
"8158",123.536165095738
"8159",69.1566278127918
"8160",71.6215141647892
"8161",28.8684098623606
"8162",97.8388087646757
"8163",30.5295547641551
"8164",34.1883191706988
"8165",30.8811194628905
"8166",47.0499836874875
"8167",46.6348245027021
"8168",19.2552647356245
"8169",68.0499279709107
"8170",54.4943443516029
"8171",43.0387936851185
"8172",43.0978727796953
"8173",17.6552149692476
"8174",66.9002844364736
"8175",61.2762485826713
"8176",103.556506835286
"8177",158.233473920836
"8178",25.865690979223
"8179",60.3778690114304
"8180",76.8836341469443
"8181",69.1841248395481
"8182",96.2000095770823
"8183",72.3087447134515
"8184",26.1410239342457
"8185",46.4461374807527
"8186",59.9297893203766
"8187",48.1162261362279
"8188",25.1877516619609
"8189",25.9318004820962
"8190",23.3437042869116
"8191",28.9596746984811
"8192",101.980233132796
"8193",88.2550946900171
"8194",69.9526977167513
"8195",48.4828736515785
"8196",35.7333012885983
"8197",18.9715193529019
"8198",50.5504239468911
"8199",56.0359197429753
"8200",88.7113263461979
"8201",41.4946075518902
"8202",38.1615370110985
"8203",25.9942531290173
"8204",108.029461893478
"8205",99.6246363330165
"8206",83.2007606521426
"8207",34.1892796599598
"8208",36.500548492135
"8209",25.0176554089516
"8210",99.1280794527714
"8211",28.9138293322568
"8212",51.6945785258
"8213",29.4638115335902
"8214",23.5598989788946
"8215",50.9644165679854
"8216",72.1435676965728
"8217",33.5208224427063
"8218",22.3996106151376
"8219",44.9168165448487
"8220",62.0975839887557
"8221",52.5441799958839
"8222",50.9492333667265
"8223",18.2829324758303
"8224",71.7299000243592
"8225",48.5582826627824
"8226",30.97196309503
"8227",35.9145324062724
"8228",86.5428675080435
"8229",27.9853344608622
"8230",41.2101042911191
"8231",19.8561805218157
"8232",45.250930967095
"8233",26.3371811461951
"8234",14.2637205934271
"8235",46.5334078249185
"8236",49.3231278920777
"8237",24.0321659272323
"8238",72.8584846678585
"8239",17.4214919562747
"8240",27.1068186697426
"8241",79.9384868579886
"8242",65.1295508798957
"8243",29.9788353539703
"8244",39.8247186309373
"8245",19.9187688207433
"8246",19.1654739636616
"8247",24.6826957045438
"8248",37.8575900915881
"8249",23.611220488812
"8250",60.4974152336178
"8251",44.4536069623861
"8252",60.387331527282
"8253",25.8014147047074
"8254",46.341456628254
"8255",114.093816302194
"8256",44.4773009296303
"8257",108.419477619745
"8258",29.9854323844312
"8259",109.032754653774
"8260",27.3385203933892
"8261",37.9664495735711
"8262",33.726072623406
"8263",29.2658339714995
"8264",29.6772775059983
"8265",18.7723477336797
"8266",29.499937770568
"8267",15.8078172971572
"8268",37.5284651097107
"8269",48.8911812831002
"8270",27.5645130931305
"8271",36.2145799009218
"8272",40.6887702723232
"8273",46.9572134945132
"8274",77.1740268477138
"8275",50.9085164726657
"8276",34.4949031164791
"8277",146.340556828313
"8278",30.3959557780688
"8279",15.4261081046369
"8280",25.9871948058499
"8281",21.8572880690412
"8282",41.7316121210965
"8283",28.6069811368915
"8284",39.8175412831863
"8285",18.3733034889625
"8286",67.209730531729
"8287",38.1954363183996
"8288",80.3204018543856
"8289",65.0996254702912
"8290",39.9225877573027
"8291",40.699571588831
"8292",62.0803924671721
"8293",62.9573139582666
"8294",16.1098480331056
"8295",34.3504151419624
"8296",24.0318898571749
"8297",22.6662224616784
"8298",26.4592595848757
"8299",18.7499512172265
"8300",39.3162962075518
"8301",96.0701770160126
"8302",15.6419566520984
"8303",55.5734571665092
"8304",36.9548457448075
"8305",54.7842356586269
"8306",56.3637208477261
"8307",48.410619343455
"8308",50.4036828852577
"8309",21.4181802237767
"8310",55.9898970321751
"8311",25.8404909681993
"8312",91.5922017153891
"8313",33.0520694087103
"8314",17.7142583573618
"8315",35.4466835878044
"8316",30.122785699725
"8317",44.9801465506193
"8318",17.6396849580072
"8319",76.7649407504454
"8320",50.5292837003982
"8321",27.8603323389482
"8322",35.2315286949369
"8323",45.826650175638
"8324",40.5481367073666
"8325",82.3557814628657
"8326",37.2710771562813
"8327",16.8588219882392
"8328",26.7120007238286
"8329",33.929276140872
"8330",57.6659952545692
"8331",49.0478070014027
"8332",80.659832518081
"8333",12.8733816655079
"8334",72.4452484953176
"8335",30.8468952075378
"8336",42.9832224496965
"8337",32.644536288631
"8338",79.6106433561056
"8339",22.507282732321
"8340",25.6521589719808
"8341",34.4773373874226
"8342",62.1258867617028
"8343",31.3078023985614
"8344",26.9600181497926
"8345",39.8867898992747
"8346",29.4695095981401
"8347",42.2053701367079
"8348",55.7545223196714
"8349",32.0294995065311
"8350",74.6264743194099
"8351",53.6155489404427
"8352",34.979264449366
"8353",20.5742400344927
"8354",64.7960101405066
"8355",21.1205219642173
"8356",87.9570994257041
"8357",85.6990754153711
"8358",56.5274449097391
"8359",28.3379916873914
"8360",113.057665237561
"8361",33.4582946812187
"8362",72.6031515334225
"8363",24.4019134338851
"8364",66.3208198393499
"8365",46.7145376449229
"8366",48.1614712510374
"8367",38.0827695469963
"8368",127.545369555502
"8369",30.1091782349888
"8370",57.825975112353
"8371",15.8220169546391
"8372",27.0969746015018
"8373",33.780924692905
"8374",40.3860653128688
"8375",117.983900321576
"8376",23.3927439852784
"8377",149.87922621539
"8378",59.7373660347396
"8379",41.0151419031396
"8380",58.8738728514666
"8381",145.805840402398
"8382",44.915165837881
"8383",28.719636223032
"8384",20.3787778331546
"8385",48.0062400384514
"8386",50.1863184101717
"8387",47.5161635573937
"8388",29.3908247723076
"8389",127.139943085043
"8390",34.7036860608511
"8391",96.066054030036
"8392",33.9282838867267
"8393",40.0311384087194
"8394",17.7240736776765
"8395",55.814230719136
"8396",77.0179146866543
"8397",47.4544877849749
"8398",14.3115816609633
"8399",15.1078472375533
"8400",45.7304895151831
"8401",37.6676072815103
"8402",31.8832387794668
"8403",36.8640003579115
"8404",41.1309459952728
"8405",24.4661931773566
"8406",46.9518491453949
"8407",74.5599688064535
"8408",33.1268288681715
"8409",23.768132313025
"8410",67.6070139536856
"8411",62.5616216943871
"8412",44.893536086362
"8413",55.9261683271288
"8414",33.9625659356752
"8415",39.6994936742422
"8416",79.143502988579
"8417",17.7738720367161
"8418",87.1313489896982
"8419",15.591718106046
"8420",55.5513994585121
"8421",34.5002511662904
"8422",41.4939906733008
"8423",33.4329374716105
"8424",31.270493881583
"8425",32.3880196509239
"8426",35.4945043930093
"8427",36.5656277240284
"8428",43.9924596261897
"8429",24.0675344540735
"8430",21.4044598962434
"8431",46.3892490045062
"8432",43.6337850741288
"8433",22.3251840163158
"8434",24.3833009772064
"8435",133.977211238185
"8436",45.5586057133535
"8437",54.2632999685077
"8438",61.8470582886713
"8439",30.8296758206539
"8440",36.0647767081834
"8441",92.6478381489914
"8442",53.955487962026
"8443",56.1531148897312
"8444",84.0774634214961
"8445",78.8171972618619
"8446",17.006474347203
"8447",59.2631454498529
"8448",34.7832919587837
"8449",33.1665227790755
"8450",37.8873050082938
"8451",61.2102857923676
"8452",42.9867198487524
"8453",54.4413827815749
"8454",75.1854233441036
"8455",74.4260743080458
"8456",143.314697087404
"8457",42.3972563926752
"8458",35.4803000261448
"8459",117.538819344374
"8460",18.4835815660375
"8461",113.657653038248
"8462",30.4809009149025
"8463",44.3747151993412
"8464",56.519745844415
"8465",65.9688883019073
"8466",16.8090687362882
"8467",36.9861399916964
"8468",47.2452779921764
"8469",57.5157258264986
"8470",37.7032289003107
"8471",89.713516531607
"8472",125.957455917525
"8473",56.1902818122061
"8474",70.8528338459172
"8475",63.0365830737662
"8476",61.1669055924962
"8477",75.366544740777
"8478",45.2611647620619
"8479",30.9515252686697
"8480",13.9483719325978
"8481",169.826656443668
"8482",47.7423142835
"8483",38.2206320234746
"8484",42.6569147338276
"8485",45.6414756851534
"8486",74.9953459787086
"8487",22.9164948174093
"8488",65.5580550349415
"8489",63.2509921131107
"8490",51.4765753882362
"8491",34.0884495074896
"8492",50.5731256775352
"8493",27.1607495089879
"8494",13.026040740274
"8495",32.3550558444099
"8496",43.4130251720066
"8497",64.2712118854259
"8498",98.8449898449045
"8499",62.9908483533736
"8500",49.1026410579194
"8501",26.8875337611721
"8502",32.4323254571531
"8503",107.324418217675
"8504",68.3583289275652
"8505",40.2880841436979
"8506",32.7553632368428
"8507",69.1968684527692
"8508",69.6874163880952
"8509",44.4750813693907
"8510",67.5662719148358
"8511",17.2326455175807
"8512",62.5288122965242
"8513",56.8120454572943
"8514",33.5217059917893
"8515",82.5027079087195
"8516",41.7454510003818
"8517",18.8363252476458
"8518",127.113731032687
"8519",27.9988284438824
"8520",33.5077232079452
"8521",47.0482270272006
"8522",19.2826477395019
"8523",28.0483699204524
"8524",35.4911716303388
"8525",117.992028910903
"8526",30.243422488217
"8527",21.6927108219972
"8528",91.9057093254506
"8529",50.0785207114869
"8530",26.8106874214291
"8531",20.413785318455
"8532",61.4830976912633
"8533",33.3706388611521
"8534",15.2217262040168
"8535",44.6899139890981
"8536",59.3175822779453
"8537",43.6542628796416
"8538",30.4490223271198
"8539",46.4112683763277
"8540",20.7133340363453
"8541",29.4353322741858
"8542",44.0973860098331
"8543",26.8944704247504
"8544",11.8399382379161
"8545",48.5380198044345
"8546",23.1269669350299
"8547",35.9923145239862
"8548",74.0703876986843
"8549",80.447523818288
"8550",45.7785190768263
"8551",34.8963559226189
"8552",65.4237040551432
"8553",65.3553251425246
"8554",57.6764267798954
"8555",40.3737009291803
"8556",72.0532488722623
"8557",34.5398284028701
"8558",27.7931395122219
"8559",15.5100289938387
"8560",52.421402291723
"8561",22.4477085458575
"8562",61.3388340400706
"8563",41.203709660691
"8564",111.275763203281
"8565",40.131314735372
"8566",30.3070548984561
"8567",28.4790012792532
"8568",16.2583146045411
"8569",64.449403252872
"8570",57.4255894120059
"8571",36.7294332983211
"8572",22.7322220411612
"8573",41.5731214101686
"8574",47.9817064316275
"8575",60.5265115087681
"8576",106.133810145117
"8577",110.827066183583
"8578",50.7295096823771
"8579",108.752490750391
"8580",49.506695666737
"8581",27.754589033519
"8582",70.4213612089812
"8583",130.88381575786
"8584",35.4611803537673
"8585",35.8103933280963
"8586",50.0683309967365
"8587",107.947195742621
"8588",20.0360667601675
"8589",93.9774295892394
"8590",46.9212497066687
"8591",27.3273072754204
"8592",39.4522067944518
"8593",70.9572110210004
"8594",42.6714834004273
"8595",88.6998381035403
"8596",65.3193974562481
"8597",32.053939105152
"8598",26.6438029381678
"8599",25.9084651994872
"8600",23.5767128863156
"8601",43.940064607319
"8602",50.8909765823416
"8603",18.1491875936074
"8604",76.0884821554627
"8605",28.2430442049533
"8606",105.786978473116
"8607",100.148417034293
"8608",36.9732594739025
"8609",50.6349109423348
"8610",14.3622712689811
"8611",32.642004743475
"8612",32.8341322423032
"8613",33.5961347535265
"8614",63.792984257426
"8615",60.4778527110777
"8616",64.5391003581067
"8617",20.0528486290455
"8618",34.2772226954752
"8619",26.5167541936523
"8620",43.6924730182522
"8621",92.397657565196
"8622",67.4355652971407
"8623",28.4149881819713
"8624",59.0914172713101
"8625",64.3950706685038
"8626",56.6268623882491
"8627",81.1159549412931
"8628",52.9544158504842
"8629",35.4258387474483
"8630",23.8145395143825
"8631",43.1167865501437
"8632",58.6277083060538
"8633",29.3018186899502
"8634",47.1478612910475
"8635",25.0065842359465
"8636",46.7508998155743
"8637",17.8040994161438
"8638",31.040712290836
"8639",35.257869102148
"8640",54.5837656869949
"8641",31.3966728920691
"8642",29.5691902315418
"8643",35.5997197561132
"8644",31.8318192360502
"8645",66.2909445838195
"8646",40.3600406847862
"8647",30.2390088592851
"8648",74.5846735247429
"8649",34.4342286702726
"8650",84.5750781392245
"8651",34.0607557495913
"8652",40.5520700687299
"8653",45.5419329488951
"8654",32.1254328242367
"8655",24.748044925362
"8656",120.2654357457
"8657",15.4228720232304
"8658",58.4356735164833
"8659",22.027125261095
"8660",56.8197591098879
"8661",20.0329985114444
"8662",61.9073050532235
"8663",31.1906520457658
"8664",60.6971352972898
"8665",40.5369559710443
"8666",59.0882949695147
"8667",82.1748521906095
"8668",40.2860779147601
"8669",33.025802398987
"8670",37.0005234257134
"8671",112.730690358853
"8672",24.3601430100546
"8673",42.2009391212244
"8674",87.1653173670456
"8675",101.220707434187
"8676",62.0459297571245
"8677",23.543214540437
"8678",65.1041586569609
"8679",29.3176599131566
"8680",46.0556111818189
"8681",28.8397964452337
"8682",56.7641462957478
"8683",24.8839301649754
"8684",24.1108681901282
"8685",22.7663883020238
"8686",55.6078114556331
"8687",32.1118095433727
"8688",26.8119206955085
"8689",41.6114019495936
"8690",16.9283855878609
"8691",81.0330931221705
"8692",44.3668539855402
"8693",60.6455824636263
"8694",71.4514694139622
"8695",43.9714352276967
"8696",62.8944846072095
"8697",37.1315266167795
"8698",23.6822043098869
"8699",10.5543954641458
"8700",48.6739829674234
"8701",30.7294412786341
"8702",21.2275208364234
"8703",21.137989891381
"8704",31.5637162909915
"8705",37.2152244599759
"8706",29.6485394908
"8707",42.4665639661613
"8708",30.4502121541166
"8709",40.4729532366516
"8710",50.9147626556375
"8711",27.9366303922911
"8712",69.8984160865869
"8713",60.2333167580197
"8714",73.7702077721607
"8715",51.1275394466857
"8716",90.9252720857642
"8717",51.8656560028356
"8718",30.3385370197259
"8719",38.758913855748
"8720",42.3700650309319
"8721",114.281337004061
"8722",12.8857058633335
"8723",44.6934405174437
"8724",34.2980141499147
"8725",38.5288951585452
"8726",100.953635851565
"8727",38.4242710868176
"8728",46.7957363762549
"8729",31.0552317792125
"8730",50.9431801828036
"8731",82.3667688373178
"8732",30.8718138624606
"8733",34.6956251335365
"8734",58.9662394322431
"8735",31.4726471747098
"8736",24.0222210990588
"8737",29.4010882105285
"8738",95.6616918216591
"8739",35.5915357320004
"8740",24.1796335018072
"8741",56.1823683776137
"8742",86.9066875782311
"8743",60.9604717119538
"8744",42.4083521055422
"8745",38.9744713467256
"8746",36.4454030313526
"8747",21.7939678322502
"8748",25.0246934499676
"8749",54.5919812107907
"8750",27.8915861715824
"8751",77.6336361866549
"8752",69.8191470665901
"8753",48.5638566262408
"8754",72.3146908091933
"8755",28.6493166908257
"8756",111.229308451843
"8757",77.1892360354941
"8758",50.679561902129
"8759",72.201537498085
"8760",37.229862706294
"8761",28.8959993934687
"8762",36.8034024763788
"8763",63.7356255271722
"8764",26.3975375075069
"8765",37.6669870525386
"8766",22.757172246171
"8767",21.9901243368285
"8768",74.9952761574758
"8769",68.9787245483815
"8770",69.5443155132681
"8771",35.6773859315143
"8772",56.6674381304704
"8773",65.6044453065768
"8774",25.0729898690761
"8775",23.3716360014286
"8776",37.5513210124556
"8777",25.6491334217929
"8778",38.2053024138277
"8779",31.3051315835683
"8780",49.2593885122808
"8781",24.9458763359783
"8782",39.0214899808704
"8783",29.1698125828388
"8784",11.9662437367817
"8785",256.455433891639
"8786",131.09018828659
"8787",28.2911770165984
"8788",36.5997881150106
"8789",52.1762546102596
"8790",31.295319718256
"8791",35.8508485453034
"8792",74.3080890446006
"8793",110.149147681822
"8794",21.48171893887
"8795",41.3066918138842
"8796",73.9932998140392
"8797",20.4974624073204
"8798",96.4424714150537
"8799",21.3874940932494
"8800",32.1650477613951
"8801",21.283864576391
"8802",27.1166886882547
"8803",27.9671300290991
"8804",65.2235205081287
"8805",29.7762005112835
"8806",40.1637391599094
"8807",22.6838418413225
"8808",173.614486253756
"8809",77.6729085917906
"8810",43.5450265460085
"8811",24.0374100166199
"8812",46.7004130337687
"8813",85.9772634895949
"8814",50.5715603135458
"8815",47.7141200813732
"8816",70.7065432603067
"8817",316.25512040775
"8818",22.4329034110152
"8819",22.2787841726094
"8820",32.989725845439
"8821",65.1121271829005
"8822",26.7199628100062
"8823",25.7588951872209
"8824",46.151491430788
"8825",65.6244524564269
"8826",50.2208258110771
"8827",62.8500727037868
"8828",19.585581196015
"8829",72.9596262660691
"8830",78.1014157938931
"8831",77.6974837966239
"8832",63.6643055989202
"8833",52.4961921157035
"8834",121.81009959121
"8835",19.1436529464221
"8836",26.3533721892729
"8837",22.0583623219285
"8838",87.8494949012111
"8839",42.4918574479433
"8840",94.0883626147181
"8841",43.6569977739111
"8842",31.6634152892342
"8843",29.9277518902209
"8844",21.1719963320597
"8845",81.5528927481447
"8846",53.7734977696658
"8847",22.3320308990345
"8848",66.24374070254
"8849",75.5651142261913
"8850",98.7939478208164
"8851",56.6496217106092
"8852",41.6560663523448
"8853",29.6980279082798
"8854",40.9725882755993
"8855",23.679798804568
"8856",82.9009391408142
"8857",67.0650014875219
"8858",52.4841746320407
"8859",52.7812296103075
"8860",30.9511993193398
"8861",16.1845868480338
"8862",115.964070762335
"8863",117.930075249727
"8864",44.482570037714
"8865",40.9129459960116
"8866",73.3882499490785
"8867",77.6638636465116
"8868",28.7974673439432
"8869",69.0542217905146
"8870",41.4255153883906
"8871",63.3877611926416
"8872",104.284697123772
"8873",62.0675232605683
"8874",45.5015415063217
"8875",78.8916044733122
"8876",18.2077302351891
"8877",36.3670040182931
"8878",67.7641237713875
"8879",56.0235587706886
"8880",29.710052235361
"8881",31.1639249247868
"8882",29.0695750312628
"8883",28.1809084255619
"8884",40.2600470569808
"8885",55.2518529514931
"8886",57.349942733755
"8887",63.1633404234159
"8888",87.2578192619683
"8889",46.4165343630997
"8890",26.8170500964286
"8891",105.399440641527
"8892",38.1402207356027
"8893",49.2839611789509
"8894",58.7484304261578
"8895",95.5687601583339
"8896",80.5441370895036
"8897",63.7132494790812
"8898",29.2623890290729
"8899",26.4961668485422
"8900",47.5103352997466
"8901",69.4752170549
"8902",61.6955561499976
"8903",46.2280515595172
"8904",103.779735421636
"8905",29.1713905712253
"8906",24.9004940995112
"8907",19.561510190487
"8908",38.5278626265691
"8909",72.440596537974
"8910",23.5785268583054
"8911",22.3467690299995
"8912",60.3692250578502
"8913",37.3743937417858
"8914",20.137291474887
"8915",50.5463923612719
"8916",44.7742952901569
"8917",49.2292420002495
"8918",57.8570491203487
"8919",50.7093961979532
"8920",63.8301236757401
"8921",33.3190159106939
"8922",27.6107612313903
"8923",40.8092369285757
"8924",69.6977935412226
"8925",21.4190457412544
"8926",21.6086753409685
"8927",108.932069896111
"8928",74.9371094985779
"8929",41.6554217509734
"8930",50.4943118789624
"8931",65.1972545227357
"8932",23.4963623991919
"8933",47.0486256584223
"8934",87.1672507027925
"8935",37.2092020970916
"8936",80.2400338511968
"8937",41.4825429589991
"8938",24.3811706330541
"8939",36.8510507450749
"8940",40.9511298082658
"8941",38.7703231628354
"8942",37.8658015528091
"8943",73.8383668125382
"8944",39.5927403625087
"8945",26.4372754526409
"8946",53.2652588622545
"8947",46.9871621274323
"8948",28.8410456191907
"8949",25.3534469551668
"8950",90.8650213754685
"8951",44.605434713247
"8952",17.9809385523196
"8953",32.0036388544247
"8954",49.9839173084076
"8955",57.0091220213129
"8956",40.0734444325161
"8957",35.3838155526887
"8958",61.9982288267686
"8959",56.622689291621
"8960",99.9878250315631
"8961",77.8659767072936
"8962",82.5429009599866
"8963",41.9111716182937
"8964",44.7481859802499
"8965",59.964449393065
"8966",26.3114886943497
"8967",45.658490063512
"8968",42.2894491890148
"8969",53.2855074747915
"8970",42.9801184648093
"8971",65.5186277900318
"8972",40.7553633743697
"8973",63.6496049982284
"8974",80.5821837579596
"8975",139.142586722937
"8976",52.4021997193874
"8977",39.5264930087953
"8978",47.7298224393863
"8979",64.9568940179436
"8980",86.7897982257446
"8981",32.1755375423631
"8982",38.2475173511331
"8983",33.7651699844239
"8984",66.9080460241045
"8985",25.6153044246217
"8986",53.9852231035695
"8987",48.5908416565061
"8988",26.8278851602717
"8989",46.1546637348451
"8990",75.7441874974746
"8991",49.4143568359028
"8992",89.5043475495883
"8993",63.2073555974702
"8994",48.2584110822447
"8995",32.2018077651074
"8996",83.7349771858926
"8997",95.7203636935254
"8998",42.6342175506396
"8999",88.1485393181712
"9000",36.7390187204909
"9001",21.9594120010873
"9002",65.9784087511109
"9003",63.383272570846
"9004",40.5398896809687
"9005",25.2174808231296
"9006",17.0925784639521
"9007",141.046232299961
"9008",17.4997097598417
"9009",48.8374530137852
"9010",84.6411524664165
"9011",28.1502747897569
"9012",38.5765144333845
"9013",49.4003617832785
"9014",32.141703762541
"9015",49.0364239319021
"9016",88.5487081794934
"9017",68.1454022818112
"9018",32.3405910681954
"9019",69.200674032059
"9020",173.253919042968
"9021",28.017081289174
"9022",78.1245865907722
"9023",23.8276464847424
"9024",93.3210233955768
"9025",111.327840702246
"9026",22.4186929817804
"9027",116.969267232766
"9028",40.2952075789279
"9029",25.8135895518963
"9030",156.409683808986
"9031",22.2178756722606
"9032",147.364319589398
"9033",14.1869637839561
"9034",20.0492324162468
"9035",94.0458617068067
"9036",33.5128347962566
"9037",72.0059833834734
"9038",23.4997544558965
"9039",62.5962532959747
"9040",17.9033307978022
"9041",86.8129091069
"9042",19.1602667431195
"9043",44.5951633458034
"9044",21.638561137087
"9045",25.976178611256
"9046",87.4095541904479
"9047",47.1013152448809
"9048",83.6784801828284
"9049",154.08526031603
"9050",56.0561878108869
"9051",70.4330197630872
"9052",53.9962806811436
"9053",68.0561576891916
"9054",54.0011001040857
"9055",41.4360649588723
"9056",34.6309670342677
"9057",107.969450659952
"9058",36.9326237735711
"9059",21.8494122051011
"9060",33.9856569711404
"9061",75.181658720989
"9062",46.7560346807034
"9063",37.2894052960825
"9064",29.3283058210851
"9065",31.0048469103055
"9066",22.230045567724
"9067",49.2441556168039
"9068",36.0461631384467
"9069",28.329910490563
"9070",41.0900298260691
"9071",37.502091664906
"9072",125.450724584184
"9073",40.1428300620008
"9074",70.0514372105981
"9075",61.1220420696479
"9076",42.0038218811615
"9077",50.2762655829681
"9078",29.0922895831433
"9079",91.0897697370469
"9080",112.533169957449
"9081",35.9106374531151
"9082",35.8745652771004
"9083",21.5176923419329
"9084",47.4111034095365
"9085",68.1403186975798
"9086",49.8946076609405
"9087",55.723820820734
"9088",31.522815518136
"9089",18.3208401602823
"9090",41.8978016342645
"9091",19.828633516073
"9092",48.7290713577041
"9093",57.6042467361269
"9094",102.704146309951
"9095",15.7439359793834
"9096",24.8252898531158
"9097",70.1290953538257
"9098",40.2105848997835
"9099",47.5617455245687
"9100",80.6686566736967
"9101",62.1794946198792
"9102",42.0191772996077
"9103",53.1341589742368
"9104",47.7466584542791
"9105",83.2497725976614
"9106",37.9459262736083
"9107",71.2256466654435
"9108",64.7103915945741
"9109",33.7341534745105
"9110",36.3005120839105
"9111",30.5628860373268
"9112",37.5875524781581
"9113",48.3025718721579
"9114",92.0627040217353
"9115",61.2137736637163
"9116",50.6228088702837
"9117",39.4298233842287
"9118",84.3268220313555
"9119",27.9983268443073
"9120",40.2095880044395
"9121",23.3543476110977
"9122",34.961451277444
"9123",45.6771318176914
"9124",41.5950983164908
"9125",30.4119006894094
"9126",26.9491357161913
"9127",37.4819124258661
"9128",43.260361361842
"9129",31.5728661356885
"9130",68.7274922714853
"9131",11.7075475637407
"9132",63.3561115765123
"9133",23.9629230642632
"9134",62.3714298254284
"9135",33.1865375540184
"9136",35.7890688666368
"9137",31.2756728756993
"9138",31.2936100939562
"9139",63.4187830993194
"9140",176.198804311552
"9141",24.5119793493774
"9142",52.0614770845789
"9143",19.9707042978094
"9144",26.5088326833507
"9145",76.3806957257309
"9146",17.2138169533121
"9147",18.871074670452
"9148",104.357855098284
"9149",61.0025991029797
"9150",30.976500753054
"9151",33.8668275622856
"9152",43.2983489432842
"9153",76.2163608901195
"9154",42.3142569840237
"9155",39.0575507402682
"9156",100.711611657663
"9157",26.8359889592739
"9158",28.6699961967082
"9159",109.289822416998
"9160",53.3914589206106
"9161",47.0322366824327
"9162",31.9335733979334
"9163",40.5374250562391
"9164",45.1482037244019
"9165",113.594417031692
"9166",62.8213898663363
"9167",28.9323326736506
"9168",43.8125750660993
"9169",104.853281767562
"9170",38.4895266413073
"9171",45.137938297755
"9172",19.3960034778111
"9173",71.269405366074
"9174",21.7647704899875
"9175",46.5952724095599
"9176",40.5233390244338
"9177",46.5316137620468
"9178",160.271330602241
"9179",56.4764866772943
"9180",35.1139652242493
"9181",39.0769691444922
"9182",27.8626065336185
"9183",65.4298949857783
"9184",56.2524105305953
"9185",46.4411627991578
"9186",26.7419488460687
"9187",106.700152055702
"9188",27.4381693268174
"9189",29.1259297418865
"9190",18.9826423060499
"9191",100.789567979886
"9192",39.7272894012525
"9193",141.438459239577
"9194",32.4120680187133
"9195",26.1504104047478
"9196",49.3056882544004
"9197",41.0345188222835
"9198",72.1767245714247
"9199",55.221649678293
"9200",26.0770767700396
"9201",59.4211886520635
"9202",33.8397880084735
"9203",34.7332059656279
"9204",42.0616670141484
"9205",76.5862584886035
"9206",33.861177338909
"9207",35.0654740418054
"9208",40.0054807277739
"9209",32.3602053381646
"9210",30.0187872660322
"9211",30.9938575726562
"9212",30.2597522375507
"9213",130.093486452933
"9214",20.4696333034109
"9215",41.2262442188651
"9216",59.5921954719252
"9217",56.4893706597234
"9218",102.72208480664
"9219",84.4097797112019
"9220",22.4677492800949
"9221",28.7013801586778
"9222",56.738500925092
"9223",78.2956862024624
"9224",67.1875980917863
"9225",86.8085402950888
"9226",31.2335534823927
"9227",42.2428810874081
"9228",25.5300927401351
"9229",24.4198002569676
"9230",81.9262132941413
"9231",46.3563677181127
"9232",58.0918430830577
"9233",28.1607775742744
"9234",23.576905628252
"9235",28.9357401415937
"9236",30.7267648321462
"9237",39.1459991972157
"9238",28.9520998746482
"9239",48.2869655623776
"9240",51.6871448158319
"9241",110.645696126241
"9242",42.1201304620433
"9243",43.7311073019767
"9244",264.334361320526
"9245",27.0495186004142
"9246",23.7305165131817
"9247",27.2805645408632
"9248",13.2570061560741
"9249",46.4174054270627
"9250",44.8508372423329
"9251",48.2183896636042
"9252",22.5531526512569
"9253",53.5757118433848
"9254",49.4022310225892
"9255",30.0582282952196
"9256",82.8518428348138
"9257",16.8208216182393
"9258",33.641356683359
"9259",44.1836340069373
"9260",75.0469470586945
"9261",26.7256735974757
"9262",74.9340323870071
"9263",39.4031337974589
"9264",73.1463554105669
"9265",24.9578883233729
"9266",52.8534534752773
"9267",19.7163461546023
"9268",83.5165088170541
"9269",78.9014990695917
"9270",32.2733661194316
"9271",48.5657170218562
"9272",30.9204307480114
"9273",55.7956293512094
"9274",47.0770214636246
"9275",16.4591867700755
"9276",48.5367572318759
"9277",38.9507444475032
"9278",17.3071335326108
"9279",56.2476821932311
"9280",59.2677187393707
"9281",39.4552236313775
"9282",30.0714528865498
"9283",57.4984649561856
"9284",44.5809445658606
"9285",52.5627944561178
"9286",28.4212654996763
"9287",22.8654608069662
"9288",22.5853370561685
"9289",28.7929397062688
"9290",33.8353824166332
"9291",77.3114079531058
"9292",40.6265831933246
"9293",48.7808004633091
"9294",58.3992474023748
"9295",44.0200311952354
"9296",63.1596777982161
"9297",18.0835224165733
"9298",49.4236955087852
"9299",33.2897491573763
"9300",42.720391467641
"9301",61.1166439443639
"9302",42.8694685028338
"9303",77.1759224199545
"9304",25.8644040245122
"9305",30.1789953707734
"9306",29.8059167156765
"9307",71.1784545019856
"9308",21.1598271945632
"9309",72.7200382437764
"9310",76.3312771589962
"9311",79.4192782755919
"9312",40.0251586114963
"9313",13.965835337746
"9314",62.6455649854474
"9315",73.7333218188083
"9316",73.0123997579494
"9317",48.1244857416997
"9318",69.95752939776
"9319",68.6979416345057
"9320",12.7475156826219
"9321",63.0311845025016
"9322",32.497101661635
"9323",19.7057696584585
"9324",64.3376623241717
"9325",74.2254103004325
"9326",146.928710695787
"9327",79.140777373469
"9328",60.5459106206322
"9329",50.3018661185773
"9330",41.4379957485934
"9331",30.7712059311572
"9332",36.4581525728856
"9333",39.8046662922609
"9334",42.2712873236557
"9335",41.4002160659006
"9336",118.567177151643
"9337",31.2261999930933
"9338",69.0218678836838
"9339",29.4958114566375
"9340",40.4270502566985
"9341",97.1836159541842
"9342",53.0146713498422
"9343",57.2290621861545
"9344",35.8856405509481
"9345",29.8242736404112
"9346",57.0830745059383
"9347",93.4976452357949
"9348",63.999135165299
"9349",69.9331850047471
"9350",82.8300051970939
"9351",33.1843385791709
"9352",34.7300801045726
"9353",38.7124604820979
"9354",32.7946132762477
"9355",65.0138813885138
"9356",76.3246115146276
"9357",24.3097159281502
"9358",47.9281581361748
"9359",87.4008252629635
"9360",23.8283320508205
"9361",38.671378593015
"9362",58.9310729324811
"9363",14.5150024820469
"9364",22.0559505126368
"9365",68.7471216612814
"9366",44.293115125973
"9367",37.0225666371032
"9368",104.745656606347
"9369",44.3179933575527
"9370",179.447766205053
"9371",78.2730082149253
"9372",47.9028245683557
"9373",66.2784096488841
"9374",29.1021072054133
"9375",64.6172821682574
"9376",49.0200762081194
"9377",60.2866038822219
"9378",26.6637060829123
"9379",29.156909343581
"9380",19.6775788133474
"9381",110.780550452968
"9382",54.4577512087283
"9383",38.7497204583215
"9384",67.6136741627377
"9385",55.8277249045216
"9386",61.5598087381266
"9387",126.769375017873
"9388",32.4921819911327
"9389",29.1834197941432
"9390",17.9152734109082
"9391",53.122833114504
"9392",53.2476908635147
"9393",89.3349923227954
"9394",38.8035378162244
"9395",50.2556736479362
"9396",94.3080854418754
"9397",32.9262387609553
"9398",34.2645964902614
"9399",23.2061322769334
"9400",24.2287610643975
"9401",142.215665237534
"9402",15.9488844928234
"9403",64.5422089732478
"9404",36.7053270287114
"9405",89.3837573977689
"9406",26.283865260807
"9407",31.2770770515868
"9408",209.129880153504
"9409",86.1867170873072
"9410",39.1612499971959
"9411",36.8095714172834
"9412",40.2116355470075
"9413",32.1055161831063
"9414",33.2870955976077
"9415",57.95870121515
"9416",51.7179400287348
"9417",58.2345930767297
"9418",12.0947663886661
"9419",17.6780455595153
"9420",43.4353461264554
"9421",76.388070648006
"9422",37.6724723981582
"9423",82.6916710939978
"9424",51.021250521927
"9425",30.1385913559947
"9426",56.1527225459001
"9427",29.3616404788989
"9428",49.9403726104582
"9429",44.0945481982406
"9430",31.3391479539267
"9431",164.606277445209
"9432",40.9973016279938
"9433",52.7438384713517
"9434",18.5692337578881
"9435",40.6525419287056
"9436",30.4370679509718
"9437",86.8571398681399
"9438",80.6809267239355
"9439",34.0119977202008
"9440",89.7019957851589
"9441",45.4424093317458
"9442",38.541581203935
"9443",33.9465274857114
"9444",70.85502515401
"9445",67.8123947242597
"9446",38.0538352651015
"9447",56.3529143378616
"9448",54.2440097572421
"9449",78.7802787634776
"9450",34.2075508653759
"9451",32.3520257423477
"9452",27.3217111353919
"9453",62.8624085292204
"9454",107.963308614039
"9455",42.0970553276896
"9456",53.9543942477357
"9457",21.4190120644869
"9458",95.4864858610581
"9459",41.505976626583
"9460",121.344112332446
"9461",63.6115780096083
"9462",40.0792285099955
"9463",61.0055661276504
"9464",93.4135878240722
"9465",40.0471083233547
"9466",35.0449788396923
"9467",34.1647271122604
"9468",41.3703880734194
"9469",37.9551850800942
"9470",22.4883562599173
"9471",63.3054441224215
"9472",61.5035653595928
"9473",26.8001091516976
"9474",48.039099285422
"9475",21.5144102793031
"9476",52.4271686946196
"9477",93.4732966224925
"9478",89.927140473186
"9479",26.1777814916834
"9480",20.0622845206064
"9481",27.5780722979498
"9482",33.2134669363784
"9483",34.4438005895094
"9484",61.9623329175138
"9485",20.1570688105017
"9486",44.7526202140619
"9487",70.7491027527603
"9488",67.4517251162482
"9489",62.6492536094913
"9490",60.2067162188197
"9491",60.0110826238512
"9492",49.2818600484381
"9493",51.7867784133476
"9494",56.1668643500822
"9495",41.50479291072
"9496",40.6801573809624
"9497",33.73592590919
"9498",53.2531297971132
"9499",75.8506219547376
"9500",41.7312327217496
"9501",31.6408665039372
"9502",91.8712603946929
"9503",35.9163566926777
"9504",40.1497224245796
"9505",32.9775119877954
"9506",39.9883921642911
"9507",21.8490190745058
"9508",37.0968024452503
"9509",38.6298211542636
"9510",22.5039414733288
"9511",66.2490794906877
"9512",35.5700407007244
"9513",33.752395469503
"9514",38.2251455566573
"9515",56.86036519982
"9516",53.4490075298752
"9517",53.2104839670306
"9518",29.5760541884244
"9519",70.9519336558218
"9520",84.1616151614862
"9521",21.4783182922684
"9522",98.6372018523814
"9523",48.5114151585256
"9524",73.4945465833143
"9525",36.9190670103372
"9526",29.9194504479222
"9527",70.6478939076954
"9528",27.735297297778
"9529",27.047840188539
"9530",50.2981979020608
"9531",47.3006327187048
"9532",24.8524251602282
"9533",14.9109830972513
"9534",22.2741747746256
"9535",32.5698628255856
"9536",41.9082500299382
"9537",43.3484943880134
"9538",70.7618483934753
"9539",23.7358092919593
"9540",28.9609377946405
"9541",134.593143325136
"9542",28.5634363712595
"9543",81.3012942272602
"9544",68.0287554578799
"9545",25.8095030672656
"9546",49.8408936405246
"9547",41.1792769508811
"9548",60.0475959911955
"9549",27.8187000075841
"9550",30.7633237300549
"9551",71.6470511003097
"9552",57.5711880870505
"9553",35.2994680265424
"9554",44.7027693606617
"9555",73.6927088660704
"9556",56.8716078489643
"9557",35.8168314947037
"9558",35.9541091430333
"9559",76.0256245869856
"9560",34.8699930033238
"9561",30.2745608781826
"9562",41.8121795892431
"9563",35.6203319387904
"9564",162.18494552373
"9565",27.4862771410793
"9566",43.9285955636496
"9567",34.2866639807455
"9568",31.9199391626446
"9569",83.9971830491559
"9570",75.2734065813171
"9571",32.7932715865221
"9572",28.1349222133023
"9573",27.5647114468828
"9574",31.5730019658768
"9575",60.2994300489682
"9576",44.0812407368368
"9577",31.1503814082688
"9578",33.6842257742108
"9579",51.4846777753791
"9580",18.8478762641586
"9581",55.3307784749141
"9582",153.865953442107
"9583",59.748589413921
"9584",30.926106398113
"9585",47.5945772432148
"9586",41.0414492892672
"9587",23.6710059987029
"9588",43.3846319957963
"9589",27.2968811304949
"9590",90.6108980961974
"9591",29.295480845808
"9592",82.1316367531954
"9593",36.1526812494807
"9594",67.4066760689409
"9595",75.5070632405987
"9596",98.3221969415814
"9597",40.428165449067
"9598",28.6846052080619
"9599",17.3546094484999
"9600",117.196936668923
"9601",92.3415214268032
"9602",66.6116474283487
"9603",137.913343533079
"9604",138.487255570932
"9605",67.4465582233699
"9606",35.4065873032931
"9607",61.8692539817343
"9608",51.8987187991584
"9609",64.0834691340145
"9610",91.9317444417823
"9611",29.5196578898031
"9612",35.1617181407241
"9613",55.2372895763607
"9614",13.8671991241703
"9615",75.4814658667594
"9616",50.0513871339654
"9617",54.887805350863
"9618",25.9253996156859
"9619",49.7948689861304
"9620",62.3671167165273
"9621",39.6275763385129
"9622",48.9334849020339
"9623",47.3765006425391
"9624",28.2753911647742
"9625",21.3636802352901
"9626",19.7690687923411
"9627",56.6093713142274
"9628",65.4359240558227
"9629",63.3017574141712
"9630",13.394530498493
"9631",18.590681412884
"9632",20.846668550545
"9633",32.0132325207364
"9634",64.4714211370828
"9635",57.937374780322
"9636",22.8806039926633
"9637",25.6106313371168
"9638",79.5383685781624
"9639",41.6878252658493
"9640",43.0849478784534
"9641",35.5600854024058
"9642",100.004223342507
"9643",54.2525761238687
"9644",78.5648215737697
"9645",57.4138881154546
"9646",22.8783044857519
"9647",186.106471902165
"9648",62.003251616605
"9649",99.8063216490984
"9650",39.3212235672658
"9651",32.4158773596682
"9652",30.4007762051313
"9653",67.8973386675828
"9654",22.2056896175684
"9655",27.9725916873143
"9656",38.4275991047105
"9657",105.709921263027
"9658",42.3817320321883
"9659",49.4385389525485
"9660",54.5847801375443
"9661",49.5433312262588
"9662",31.4760097404324
"9663",99.8348882046676
"9664",285.570328823499
"9665",32.3537849725446
"9666",45.5686299681
"9667",26.0239782151009
"9668",24.3125219799003
"9669",58.4011743840457
"9670",27.3993456195078
"9671",51.8591985706179
"9672",80.4645259761401
"9673",51.6100102105406
"9674",28.0072147419223
"9675",40.4496439270431
"9676",104.931932783263
"9677",36.1420840935138
"9678",22.2165214498666
"9679",25.0940323705595
"9680",41.3039136287401
"9681",85.070463887082
"9682",25.1957875750635
"9683",71.6903726037465
"9684",80.8609473190392
"9685",21.974291556138
"9686",29.4334903442258
"9687",42.1075604964877
"9688",67.3585221775721
"9689",14.8501416024303
"9690",42.3118382359377
"9691",20.0299852198773
"9692",54.4660348165779
"9693",34.9046587329078
"9694",63.3555931145573
"9695",55.0301476288406
"9696",13.8157436105011
"9697",55.0894599588492
"9698",26.6560977122687
"9699",31.6100998795859
"9700",30.3353534790206
"9701",13.3312316768839
"9702",48.4761252770319
"9703",89.8068994680543
"9704",19.6807319115304
"9705",32.0955382475366
"9706",39.0880484965727
"9707",50.1949776701089
"9708",46.2145328459375
"9709",55.7937414328054
"9710",40.5880805560836
"9711",58.9765180296439
"9712",70.5742741381668
"9713",22.6580717320325
"9714",25.6016055109485
"9715",18.7679255807953
"9716",31.6630548972354
"9717",99.0576860239237
"9718",45.2016141917871
"9719",106.304503539926
"9720",28.6867637277602
"9721",50.9491630737903
"9722",19.9488393098445
"9723",58.6170822449499
"9724",35.4743335741942
"9725",41.2329219694877
"9726",49.0480512424034
"9727",14.4170788067688
"9728",25.6570865042928
"9729",90.178645787199
"9730",27.3178815311098
"9731",26.1113217057306
"9732",30.6879460651316
"9733",67.9554972008559
"9734",62.4745867142834
"9735",83.605794262972
"9736",94.6827404455616
"9737",23.826394828998
"9738",20.5502014215269
"9739",60.2373173347298
"9740",20.2765071311387
"9741",50.1598405311655
"9742",44.8129262750182
"9743",34.9328200601759
"9744",21.1126244384338
"9745",93.5679759836258
"9746",113.480738758036
"9747",64.0176659970368
"9748",118.554837436806
"9749",48.3233261826975
"9750",60.8006531740383
"9751",22.7170010350727
"9752",23.9016990720037
"9753",93.9270762765543
"9754",47.7643480546628
"9755",19.0177236880013
"9756",40.5075349158205
"9757",46.1766621745408
"9758",126.667169832832
"9759",40.7169482347907
"9760",21.6867785684263
"9761",29.4785463896621
"9762",16.0426354367675
"9763",29.3528249114216
"9764",48.8553904438782
"9765",45.9934320160198
"9766",39.5967127272005
"9767",79.8438708675266
"9768",44.1745633667048
"9769",16.8184915298406
"9770",27.1599696249429
"9771",41.9412761209352
"9772",69.6749267246503
"9773",27.2444747079771
"9774",96.2065691900629
"9775",17.7526567628271
"9776",98.5829711039347
"9777",27.3676149057319
"9778",83.2730975436916
"9779",47.4543544160253
"9780",34.071186672235
"9781",41.875546442678
"9782",41.1900074388812
"9783",31.6124621882781
"9784",45.1880131780769
"9785",57.5293441237173
"9786",49.3648433286502
"9787",61.8051292501855
"9788",14.2316089102073
"9789",72.9841473727361
"9790",44.1235940134595
"9791",60.4283917255349
"9792",73.1536857275472
"9793",153.588520379135
"9794",20.2188858658279
"9795",50.3768936638868
"9796",18.8948453856835
"9797",29.2251055883213
"9798",88.9443903050505
"9799",20.2952529946728
"9800",22.7710033814187
"9801",21.477863197503
"9802",29.192329546769
"9803",34.0322575198678
"9804",26.6977934844209
"9805",130.647060223474
"9806",59.4242773871626
"9807",44.5006860023241
"9808",19.1867769632941
"9809",39.8477498972126
"9810",69.3978741896285
"9811",44.0621243160446
"9812",47.665965098441
"9813",60.2573955929501
"9814",94.9891141199052
"9815",43.399146354078
"9816",89.1326209585653
"9817",44.8771519747918
"9818",93.6408693047294
"9819",51.5166420508625
"9820",34.5104819524756
"9821",48.1519116352747
"9822",72.4895491466939
"9823",77.8898076278834
"9824",60.3925545752313
"9825",32.5196484136121
"9826",24.6991226395264
"9827",38.8111343026858
"9828",25.0967646897656
"9829",81.5338468872983
"9830",38.3077772289255
"9831",38.5411914339373
"9832",51.4832741578833
"9833",42.3508255512738
"9834",36.4383772519845
"9835",44.4383727369845
"9836",22.6711256757084
"9837",30.8758882252225
"9838",26.5880279858887
"9839",36.0386239684836
"9840",17.5186056364241
"9841",76.8885302681346
"9842",55.0818941029254
"9843",70.6487913341829
"9844",38.5421164629295
"9845",134.583355558428
"9846",29.7428025436315
"9847",26.9027540845852
"9848",34.3880639004358
"9849",65.6060807981458
"9850",20.1602552728052
"9851",60.323624714717
"9852",22.1362969671293
"9853",24.2692213526555
"9854",50.4755669273311
"9855",63.5082478572878
"9856",41.6836805182774
"9857",27.239139313739
"9858",26.8874545738908
"9859",49.7153213057724
"9860",46.7141751338787
"9861",36.6362030438454
"9862",78.2335422034898
"9863",53.8895097987446
"9864",36.7479242409033
"9865",38.1199548370974
"9866",81.4182493542824
"9867",55.2639808368419
"9868",44.3103782472339
"9869",20.3056867223978
"9870",26.3653064126168
"9871",60.3089409273859
"9872",15.8429669926436
"9873",57.1634507919141
"9874",35.0597438594203
"9875",18.1396255415641
"9876",11.4903260241872
"9877",27.8544157701577
"9878",50.7091274441127
"9879",45.4253370635114
"9880",152.151723481676
"9881",91.1627461675407
"9882",44.1487083998919
"9883",43.7222330209584
"9884",67.8175370523102
"9885",115.02435233919
"9886",51.2495532730704
"9887",19.6932293850573
"9888",23.654557159128
"9889",76.6318303057558
"9890",48.5642544913415
"9891",71.4652544772616
"9892",62.5927171078762
"9893",43.5385986146582
"9894",89.1756567466052
"9895",28.611570826098
"9896",18.0385002706548
"9897",59.5928333722189
"9898",15.1585411802633
"9899",97.0849591599264
"9900",73.6517979336674
"9901",30.1854407345853
"9902",28.8579578838033
"9903",56.9045388504717
"9904",17.1843514655986
"9905",24.4983716164152
"9906",50.7871332852047
"9907",59.6720816729646
"9908",57.6123406049876
"9909",57.902449443265
"9910",31.5142191216396
"9911",85.0473276329008
"9912",18.6964254776116
"9913",62.1319393813075
"9914",50.1291355955452
"9915",54.4457705299574
"9916",29.8792792904033
"9917",52.6791446751068
"9918",30.4499735168914
"9919",47.343524894213
"9920",45.4177692220277
"9921",18.1304100661156
"9922",56.9131883643203
"9923",17.2673049473535
"9924",58.4910074171521
"9925",31.6934726033613
"9926",17.9982784875562
"9927",32.0348632075206
"9928",82.5994072057144
"9929",24.9848634610954
"9930",67.6699904149084
"9931",107.681804419962
"9932",46.3479202202025
"9933",41.4129999147165
"9934",42.8608811158603
"9935",70.2354751825946
"9936",63.421524513789
"9937",143.938796963034
"9938",40.0655743428991
"9939",17.8759194887226
"9940",42.0870653153119
"9941",30.8714752479624
"9942",73.8019948937059
"9943",57.312567195841
"9944",25.3191734858501
"9945",49.5348040909394
"9946",56.1547557449303
"9947",89.4106731100415
"9948",37.0404933093436
"9949",26.0459310993718
"9950",27.7964427577542
"9951",222.708127237985
"9952",72.6524862766611
"9953",34.3048666797991
"9954",106.696124397704
"9955",48.2940531387356
"9956",55.1486958820982
"9957",28.6011404900304
"9958",28.5894171446125
"9959",76.3119170260246
"9960",29.5244244715682
"9961",37.1411689479272
"9962",45.5294049661109
"9963",23.5690573525123
"9964",24.7734809014501
"9965",50.8622834793543
"9966",27.9447116880573
"9967",77.9325416295267
"9968",44.3827906511531
"9969",42.7424822699905
"9970",92.1082549605377
"9971",54.4374605124349
"9972",42.5244794092421
"9973",38.1843643142173
"9974",19.0790629349865
"9975",27.3424829600296
"9976",66.0371134147092
"9977",49.7173366037887
"9978",35.8084380913832
"9979",31.8379696485021
"9980",61.6068689220192
"9981",71.7091187553544
"9982",95.0452891660764
"9983",101.033388278708
"9984",34.9355662015953
"9985",41.1908223939574
"9986",69.7565485416078
"9987",52.0666593240739
"9988",59.6348625854282
"9989",63.5172537318834
"9990",30.083515781351
"9991",44.0388810586665
"9992",31.4724884055259
"9993",73.4352519006181
"9994",51.6190753020755
"9995",58.1941595190226
"9996",61.7061807833821
"9997",29.530607448665
"9998",29.2667865424006
"9999",68.4893249893669
"10000",24.8824420226972
