"","x"
"1",60.986948903375
"2",53.2681533466301
"3",38.258376621689
"4",41.1403570990571
"5",22.6674879909823
"6",33.8058343642534
"7",32.595130671216
"8",73.727906330287
"9",31.8906681812529
"10",92.135128731014
"11",79.5716061020844
"12",148.939176100235
"13",25.0306467489155
"14",48.7669045727431
"15",57.0602407383093
"16",45.0749325691325
"17",15.7905091168471
"18",81.2896892036838
"19",34.5880856111151
"20",31.6394099342754
"21",78.2512510388669
"22",24.7669220445014
"23",39.3470149921351
"24",42.3642968521726
"25",30.55718895604
"26",41.2567184222522
"27",77.8047529408651
"28",20.7880666019998
"29",26.906343948222
"30",21.3961909028745
"31",25.2900286149584
"32",29.7219732516244
"33",87.2773069292161
"34",53.0309852225053
"35",22.5392881614213
"36",101.653925761776
"37",16.6689535179498
"38",30.4504737951791
"39",33.2219484552525
"40",127.043478868711
"41",75.0179213203855
"42",44.4865865823616
"43",54.1690726839398
"44",70.6531913543146
"45",20.3816424816565
"46",29.9626707385394
"47",101.868078869188
"48",30.7955314767025
"49",104.816534849597
"50",16.8706881368813
"51",36.971304897487
"52",34.2343041009917
"53",66.7146884932104
"54",134.126507220423
"55",58.3233461237537
"56",46.9027448191951
"57",21.3684171640866
"58",44.5893350341315
"59",45.352894367703
"60",45.2381712111267
"61",82.9347828047889
"62",44.9322295962242
"63",56.9012973683825
"64",80.2559303294412
"65",74.7361165229434
"66",26.7472108452473
"67",38.4513255326976
"68",23.8845658674768
"69",49.4280845173774
"70",101.918182852772
"71",42.8640374617969
"72",67.3598544753886
"73",30.5568826311284
"74",41.0513087274858
"75",31.5122757962116
"76",46.9336553042601
"77",30.126682047604
"78",29.9466765544706
"79",61.0856765984066
"80",158.318872142923
"81",55.5530336577395
"82",30.5328247194741
"83",41.4617565508272
"84",35.2836088147957
"85",87.9960026884423
"86",35.9727660223302
"87",33.044308503858
"88",43.8447262706014
"89",54.9058040676847
"90",44.8937798908337
"91",33.083994005784
"92",23.8774639024353
"93",15.5346576161124
"94",37.2897379815899
"95",64.3668440526223
"96",97.8106908686505
"97",22.0303844386929
"98",69.9281937999221
"99",31.4197835470915
"100",54.3737925955181
"101",94.3775692648841
"102",104.517450903453
"103",61.6855019708436
"104",57.6915174377195
"105",60.8302773186605
"106",127.748763193224
"107",36.7484092989949
"108",162.134966801437
"109",55.6923780587371
"110",40.5825788610162
"111",39.4787914670172
"112",47.5033960365289
"113",43.1947262706014
"114",76.9974896136131
"115",47.4661553269197
"116",76.5897015356895
"117",28.0235715144319
"118",57.5819561729285
"119",27.2079643904981
"120",36.4856904558667
"121",56.7591515701902
"122",63.5542912851005
"123",70.7293202681085
"124",84.8328706543549
"125",59.9402427377438
"126",78.6501368845036
"127",28.9097064761655
"128",54.8098169703992
"129",39.0247764389122
"130",159.492790393643
"131",18.4388440792269
"132",29.5018928355083
"133",47.3719353277326
"134",32.1371769253202
"135",38.9498781742104
"136",27.2592305170188
"137",27.3404403106691
"138",46.9767927279599
"139",55.5908988544294
"140",45.8063232459808
"141",75.8213546025035
"142",45.9523687905785
"143",148.669737826543
"144",59.435393679222
"145",73.9245947766741
"146",63.0327147725472
"147",49.8185570759328
"148",30.5388758974017
"149",76.675710665176
"150",39.3686552639428
"151",133.557388047121
"152",61.5151864174458
"153",70.6348183049725
"154",29.2800434729562
"155",40.1490922305784
"156",30.7197206592118
"157",37.7858651750609
"158",61.8465917933443
"159",38.4920122059955
"160",20.4928603842565
"161",113.864984284175
"162",95.3518544745201
"163",86.9970438633825
"164",48.3099928030083
"165",99.8282174402136
"166",33.2301662511902
"167",31.6095925713581
"168",119.955094999653
"169",43.271606333415
"170",30.0665880704348
"171",37.2365999447569
"172",16.6801321872862
"173",118.810799469252
"174",28.2131060430404
"175",39.8549976362293
"176",22.9179894397105
"177",77.824693971583
"178",47.4367873055334
"179",93.5818544745201
"180",37.8454118414981
"181",135.111862840018
"182",74.6112693994599
"183",57.497398398041
"184",81.3075132644132
"185",21.6374879909823
"186",58.6599462707902
"187",18.3537182612511
"188",31.3816015513625
"189",84.2091784769223
"190",16.7670193347683
"191",87.4763506158686
"192",49.6831138025026
"193",57.6478207249974
"194",19.3604983129363
"195",63.7550219252978
"196",39.4523425448984
"197",38.0420754421725
"198",67.155992844721
"199",88.570031772161
"200",126.602147329417
"201",33.4647550489921
"202",34.6268240245843
"203",62.5759851826859
"204",51.7590110681411
"205",20.475782987043
"206",98.4347691116859
"207",27.5717330217941
"208",59.4596902549389
"209",36.5159056374533
"210",75.0287648541991
"211",61.7587658754592
"212",60.3379623384976
"213",75.0504803149395
"214",19.2012601938864
"215",58.8188125936211
"216",92.6679106800583
"217",41.3252837591713
"218",43.3513155534817
"219",49.0008915640744
"220",99.3445474838302
"221",65.4089354932428
"222",47.3957084415839
"223",24.7075768593475
"224",33.3198957723671
"225",50.9419253472251
"226",22.9454978225278
"227",18.192007087812
"228",68.6682326518978
"229",61.161366808716
"230",54.850937208068
"231",90.4137982516573
"232",43.0439995577858
"233",24.9079079292497
"234",75.8524183917561
"235",43.2614125698644
"236",107.285693688962
"237",32.7858710552428
"238",34.0746469030277
"239",41.9251624875639
"240",103.142894472059
"241",73.7157513696439
"242",31.4347234410558
"243",67.7780811938405
"244",19.9411204079247
"245",54.9676705603116
"246",68.8461136683623
"247",35.6689520642113
"248",26.7468660375094
"249",44.1393350341315
"250",51.2826229320988
"251",18.7582391994679
"252",40.1534059671342
"253",34.3144258914566
"254",57.9520597156914
"255",24.4887802088751
"256",44.5250202959874
"257",49.3172012570961
"258",44.8131345821628
"259",41.7830624361619
"260",34.6862138268495
"261",34.2376949750213
"262",22.895266688536
"263",48.8927354119109
"264",23.4004912284825
"265",23.0947996614397
"266",27.3587102340934
"267",24.3074157078282
"268",15.3249893545058
"269",55.0441262840025
"270",57.8722546265233
"271",41.6767503517096
"272",44.6597365751209
"273",20.2627989139316
"274",47.1956287750726
"275",71.7247697726123
"276",31.214623805731
"277",130.685839558585
"278",47.1084268289803
"279",46.696814750336
"280",44.02875597766
"281",40.3486730092631
"282",78.3201524264056
"283",95.088801546449
"284",32.2782516283633
"285",77.426683263735
"286",58.4762455041028
"287",56.886940611565
"288",103.460362593832
"289",26.7171399262182
"290",57.4392466369712
"291",48.5308915640744
"292",79.0460492484772
"293",21.3479727398475
"294",18.1241495604082
"295",48.547072704975
"296",45.8996270946972
"297",47.2618874110598
"298",32.6647550489921
"299",39.9286373552695
"300",35.549540044454
"301",77.4338635809898
"302",54.6140708238029
"303",88.144826761937
"304",22.1631625299965
"305",29.1910934736241
"306",30.6646897289791
"307",64.2465394603167
"308",13.1882178925099
"309",60.4916919620831
"310",45.2123584540183
"311",25.8095914619147
"312",26.5165198677504
"313",65.4737198744081
"314",51.4113126453743
"315",43.9973093930931
"316",59.3885972821454
"317",151.491042510563
"318",25.6351770210631
"319",45.3586219897291
"320",60.9891494893322
"321",51.4259280755679
"322",16.2848506355173
"323",25.4997998655858
"324",84.136420008082
"325",77.0094761176502
"326",35.3892890337665
"327",45.0870841677683
"328",50.6330997401132
"329",25.6410334949307
"330",76.672074518432
"331",75.3630658602222
"332",27.7870589430047
"333",65.4977572354988
"334",27.5547778545834
"335",20.8397397157984
"336",103.059060095846
"337",38.3586395288037
"338",43.9619762845292
"339",24.8389061744919
"340",58.4773001258314
"341",101.402842631494
"342",31.503995639091
"343",28.8917753430954
"344",24.3397854894577
"345",60.7890790586107
"346",40.9238856409452
"347",32.6124234855147
"348",17.4392559060131
"349",72.0652372143467
"350",30.4612597696607
"351",93.8055393141302
"352",38.5246059699935
"353",69.7840280455004
"354",16.6538367981191
"355",79.4126224947154
"356",59.2996621769507
"357",27.9884408606303
"358",39.1865023378186
"359",41.8015722957039
"360",45.0038469207485
"361",99.7102183595036
"362",19.3767814071236
"363",43.4154719198123
"364",112.818527635174
"365",28.4603558233765
"366",93.1815516797044
"367",40.0202657581965
"368",58.9520118315575
"369",18.6974019194092
"370",90.685915526712
"371",61.6541885079798
"372",40.70027165787
"373",93.7287709077853
"374",67.0796255371644
"375",36.1968240245843
"376",76.4358299125385
"377",91.1980897806542
"378",77.9357513696439
"379",43.7432819902688
"380",49.0995629456829
"381",107.347760770533
"382",32.7829526113275
"383",41.8982024148175
"384",35.2832427730699
"385",58.5383236589591
"386",66.507626331548
"387",96.3590637799785
"388",14.5531217320811
"389",150.271042510563
"390",27.7512097539573
"391",93.5851023730247
"392",104.583009651964
"393",40.9660950913745
"394",55.2103403852837
"395",98.4707693108625
"396",52.1163517964749
"397",77.9469713907549
"398",62.5727973822686
"399",47.9003676563812
"400",73.2662469451327
"401",36.87810069765
"402",40.2659304147949
"403",41.3037175876165
"404",32.2406493565162
"405",65.9458404193692
"406",54.5810286594686
"407",121.476019731244
"408",71.2407310734246
"409",103.59614751263
"410",33.4741528627579
"411",15.5365980428578
"412",28.9462718896243
"413",124.28885119297
"414",37.3543934137386
"415",43.297360931389
"416",40.5235654900552
"417",73.36355526923
"418",29.9747778545834
"419",34.7886870913396
"420",48.703803618859
"421",143.457230345009
"422",60.5843509436495
"423",46.2877117766926
"424",40.5427750072119
"425",58.5307061038731
"426",36.8790320396569
"427",37.4275776987533
"428",44.7473033979335
"429",23.7752726193481
"430",24.3160817941553
"431",33.1457321317629
"432",32.4146916279739
"433",52.1471050655563
"434",65.12327950223
"435",68.6170909752539
"436",40.1405547317045
"437",36.9580873253251
"438",49.5442627654564
"439",51.0624589099321
"440",57.201138637425
"441",57.5655863651913
"442",68.1952028697942
"443",21.3371854158753
"444",91.6127774614524
"445",42.8912812464222
"446",40.1885327689889
"447",31.5833251184666
"448",47.302916146363
"449",40.772907066048
"450",41.7414788663698
"451",69.0061136683623
"452",30.568589413472
"453",18.7061501638732
"454",26.7552138946899
"455",27.3422756770021
"456",29.9850079990839
"457",36.2036973418799
"458",50.7783421860089
"459",71.7530199302235
"460",42.7777211436736
"461",82.7525668439812
"462",44.3269922420219
"463",44.9404125980904
"464",42.9057423626169
"465",21.2621165481673
"466",54.9135614470583
"467",51.971110153516
"468",43.5351314847889
"469",58.7425492318827
"470",22.1842255881148
"471",38.6532402245109
"472",30.1039330177863
"473",46.7177067014954
"474",53.8945318724959
"475",49.1303003671827
"476",44.433876254514
"477",114.75074593662
"478",61.1457145563177
"479",17.9550444778105
"480",45.9284973828786
"481",52.1084626852173
"482",38.8334712423296
"483",121.908880750309
"484",43.6293689404078
"485",36.2813634233635
"486",42.5258121422797
"487",60.6895628698317
"488",35.6075086402743
"489",30.5032459765094
"490",66.738166254208
"491",62.187864008838
"492",37.452750502768
"493",55.9108073301458
"494",28.7710471179563
"495",42.1940029024563
"496",36.4572915924078
"497",42.8662611436613
"498",43.309327603689
"499",66.1065856118591
"500",18.6516424816565
"501",21.5920120741487
"502",80.0846751711649
"503",32.088067819047
"504",72.5683262139761
"505",56.3755861448266
"506",47.0636672678086
"507",16.3115177376674
"508",46.2150436870158
"509",136.886693317453
"510",30.5595928734635
"511",42.1103766782538
"512",53.1635200763717
"513",57.0608593258098
"514",66.3416659184681
"515",43.0598950592606
"516",17.2050444778105
"517",87.4797885736363
"518",24.9917696418147
"519",51.8321812841812
"520",24.4785529602934
"521",48.8740356841693
"522",47.5580845173774
"523",41.2341609367758
"524",28.5068343934913
"525",47.0617110445067
"526",88.8206059675194
"527",45.1154668138407
"528",31.9593799694824
"529",45.2227448191951
"530",21.9232603011314
"531",37.4677326341526
"532",42.5431673852599
"533",80.8717851604994
"534",30.8280315376639
"535",101.574209025351
"536",33.6277120849386
"537",46.3115526401971
"538",78.0005109072695
"539",71.8378144999912
"540",24.3086499877718
"541",23.318372090146
"542",51.8669836604475
"543",21.199224840385
"544",84.1602491899131
"545",41.7413530247901
"546",91.0604141171503
"547",34.9345583117085
"548",74.1614282489673
"549",58.0429972960543
"550",75.1514822045243
"551",72.6339890475799
"552",37.5733823335658
"553",82.8395529848168
"554",43.8850280323334
"555",43.216703977776
"556",42.3009783808483
"557",56.569586023013
"558",24.4829595871656
"559",54.190937208068
"560",27.3143825053312
"561",50.4041779845423
"562",29.591699927673
"563",33.5879490039965
"564",38.6867458515785
"565",62.8685849081596
"566",26.6608560311514
"567",45.9435649639531
"568",57.0407543917001
"569",34.497003608604
"570",120.649276744747
"571",101.016877566493
"572",59.0692514916056
"573",36.3759759910513
"574",50.8227738437091
"575",36.2243108511144
"576",136.980729765262
"577",35.6796089727058
"578",41.5381067621616
"579",55.082254897302
"580",84.7715922465483
"581",32.2798957723671
"582",66.3350017998029
"583",54.6908819498947
"584",144.832701342051
"585",112.306982764457
"586",114.894996069846
"587",54.4481885608768
"588",73.2583555276025
"589",37.7286033314198
"590",33.2143085746205
"591",41.0060950913745
"592",52.7186867681602
"593",66.6430620003528
"594",32.2848689659848
"595",27.5773091231146
"596",58.7073193647451
"597",35.3799612488772
"598",39.1841021335269
"599",33.0178962165848
"600",45.2357733961506
"601",47.6255491403476
"602",43.9922670139955
"603",27.6470959437351
"604",38.8435060817776
"605",50.5210889167764
"606",37.2909043143294
"607",29.6185062373155
"608",37.0459056374533
"609",47.7293378627029
"610",19.8306930832326
"611",11.9562423519166
"612",55.0030449054463
"613",34.9473296613656
"614",83.7823807045709
"615",90.4677636430275
"616",86.0866186110735
"617",37.1414960618732
"618",36.5554084215177
"619",48.0268230707789
"620",46.2543996741858
"621",22.3736442201446
"622",112.66862768724
"623",79.6372104863982
"624",18.5024465387159
"625",13.6231988811101
"626",18.2080745692349
"627",36.6490735260512
"628",37.2026579321856
"629",25.9218452587182
"630",59.9499068522336
"631",156.291079569321
"632",84.4505009268519
"633",28.3385418446971
"634",32.1508344417432
"635",113.719904929814
"636",29.1727377000937
"637",75.383879730826
"638",35.9716373866401
"639",24.3614969809728
"640",55.8921168358214
"641",27.3495914619147
"642",29.012798644022
"643",17.8152354821626
"644",19.870044859552
"645",44.7032567029905
"646",32.7654957040602
"647",49.4897400986134
"648",99.3239370250402
"649",136.054558750856
"650",61.1558987666104
"651",58.9977914642959
"652",38.7086730092631
"653",16.872643107159
"654",54.3767379247861
"655",8.9713741750367
"656",39.5077468324249
"657",33.8365860715374
"658",41.0099677836296
"659",81.935100196248
"660",88.5383602186647
"661",78.5130626317542
"662",58.5575923456038
"663",58.0488916711837
"664",40.0309878798327
"665",35.4280856111151
"666",20.6470167432109
"667",30.0089809674203
"668",61.6076297920985
"669",73.1869590771671
"670",22.5199099711022
"671",37.6305980065395
"672",64.8287521819478
"673",43.1614299244815
"674",61.4175909776625
"675",36.55080047588
"676",41.9888476545193
"677",48.5120132432264
"678",20.3774879909823
"679",74.5362528323494
"680",26.055556587097
"681",79.6388731337221
"682",62.4000918837277
"683",22.4093764212767
"684",23.5852161946756
"685",42.8144452378247
"686",73.0036590252012
"687",96.0316973364814
"688",36.0326579321856
"689",40.1466510181651
"690",43.257011371005
"691",29.5450021378761
"692",22.2489289463217
"693",44.9687849352039
"694",68.9820673898546
"695",71.7187682267691
"696",39.1243576144
"697",40.0002989416911
"698",64.3862828844761
"699",22.2686150240105
"700",31.6348320518356
"701",53.8418081875208
"702",107.324615411284
"703",29.9247440176499
"704",37.0783285292543
"705",31.5710055240431
"706",34.1859957010417
"707",34.9643934137386
"708",18.0020660884152
"709",58.025622148572
"710",66.6490473865298
"711",76.6924360615873
"712",58.0301665897025
"713",39.5185206247321
"714",40.7773127631575
"715",71.2543145262002
"716",75.184871140993
"717",54.8180983732445
"718",50.1554472973881
"719",20.8835180729188
"720",27.8557298540963
"721",86.1623348619568
"722",25.2304040401264
"723",52.2797227331534
"724",71.5948551260608
"725",22.6551727846688
"726",80.8919038371781
"727",61.0204874627328
"728",81.0272852277435
"729",48.5177067014954
"730",23.8671996787044
"731",41.7060091327874
"732",18.5689959102228
"733",30.9745828981047
"734",31.6702009207291
"735",32.6638405999141
"736",33.6116590527771
"737",12.5002759110859
"738",103.654197525871
"739",57.5089147750002
"740",69.4637254645774
"741",73.7490500966358
"742",49.8778615510212
"743",29.0238127626691
"744",27.1295192265781
"745",26.3131616333226
"746",93.7722962383563
"747",32.6928740426942
"748",33.700932090486
"749",37.3652980140659
"750",63.393311923857
"751",72.301954218755
"752",40.9855891610471
"753",41.4905148022898
"754",37.7723696503613
"755",71.5519805277172
"756",94.9244348292037
"757",24.8984984304798
"758",16.5512187812471
"759",24.896118043228
"760",36.7867872434174
"761",135.961327368651
"762",39.06658234177
"763",55.765622148572
"764",125.604721833952
"765",34.536575707119
"766",47.9172018903035
"767",47.1121526198967
"768",43.0620648676321
"769",41.8477402561132
"770",25.2904024326433
"771",23.1642255881148
"772",35.5822090416535
"773",32.8234973203277
"774",21.11128612771
"775",55.6996955452531
"776",40.0399462271586
"777",72.2068578452096
"778",63.1070248001465
"779",12.0890262787383
"780",70.1810144135101
"781",20.9059340343615
"782",51.9006368319191
"783",22.4790777846391
"784",46.1762192430838
"785",69.8682731202967
"786",36.6633385867969
"787",41.5713664407894
"788",58.1558895534544
"789",46.4595891007519
"790",45.873608207439
"791",30.8580170321665
"792",29.2473440397968
"793",92.8441134424264
"794",45.2543056680955
"795",92.5122311359374
"796",41.3551401216334
"797",43.1744150312618
"798",15.8609131742321
"799",69.3239884997795
"800",50.1337735488627
"801",45.9110784285217
"802",57.2863539246668
"803",33.3011111204669
"804",51.7986549194023
"805",49.3052718312957
"806",79.2896892036838
"807",120.349427243254
"808",18.4006236924022
"809",55.6461767980872
"810",43.3752573936608
"811",37.0565086455894
"812",30.3252536718734
"813",38.9882974175235
"814",96.8976996061484
"815",51.4086981182926
"816",19.7582676597243
"817",15.5222196809463
"818",25.2872161614376
"819",65.2500918837277
"820",68.3984682404755
"821",66.5451234929607
"822",53.8067390486982
"823",25.0296966243325
"824",30.4842260586349
"825",57.6948231483586
"826",38.3651816057639
"827",16.7780049359736
"828",18.4779585152773
"829",54.1250352494509
"830",26.0887102340934
"831",22.701727969701
"832",31.5994182008559
"833",26.1552138946899
"834",29.9331014676676
"835",43.1902220870703
"836",50.2087427682604
"837",36.8967889568954
"838",40.7875144580048
"839",29.9622256648782
"840",33.5865888748896
"841",46.7499928030083
"842",60.943721092703
"843",23.5211722388951
"844",22.9452608082741
"845",37.8604171647208
"846",61.3893542399401
"847",37.9958984152354
"848",62.9580163422383
"849",61.3316832009752
"850",31.1675860763124
"851",40.7434750430721
"852",92.3804141171503
"853",52.7374411873341
"854",35.2869805362057
"855",21.2163446469435
"856",33.3279766755203
"857",80.0066143699135
"858",24.6946493178619
"859",27.901714618792
"860",35.0785455506521
"861",51.7286599135115
"862",33.8557913038843
"863",41.4931969756257
"864",44.3904125980904
"865",23.1245361402837
"866",66.608166254208
"867",54.7208043313805
"868",23.9271241735713
"869",31.9471769253202
"870",63.8534541997693
"871",9.72609499243454
"872",85.5036544827163
"873",24.3647721141752
"874",49.0156012223688
"875",39.0398050506108
"876",20.8155611832686
"877",45.2352900073257
"878",100.059592405047
"879",39.7896541197434
"880",22.8904544568755
"881",88.3149532271889
"882",34.7145978006512
"883",27.3400852234901
"884",36.8656904558667
"885",47.5492967193788
"886",61.6500918837277
"887",52.1804020262097
"888",50.6339056204818
"889",40.0896582219186
"890",73.1547697726123
"891",25.1529485251716
"892",53.4656777485344
"893",49.9330303936696
"894",33.8537964403085
"895",44.5389672195523
"896",99.0423770862843
"897",33.6810474505268
"898",63.8768440526223
"899",54.9001340932494
"900",48.231877781724
"901",84.8296812197312
"902",20.8577519838466
"903",108.536222072066
"904",32.5242332855742
"905",34.4590822558654
"906",78.3611885579568
"907",53.0789701320363
"908",82.9497087330711
"909",27.2577023953078
"910",25.4173351458065
"911",44.9113045353218
"912",40.436188796639
"913",54.3052858824786
"914",67.5233038088416
"915",55.8473231454288
"916",66.8217075127483
"917",35.4875784239542
"918",29.4303053928686
"919",40.8876893770923
"920",49.5943565235474
"921",30.356733501984
"922",26.4538766076741
"923",28.5253648591109
"924",49.881617167912
"925",31.337635090351
"926",43.2531969756257
"927",50.0195360829679
"928",57.8145341193507
"929",67.8696638521654
"930",65.4091819528009
"931",40.9547939566199
"932",32.8029921273821
"933",64.4259953491111
"934",33.1812451973272
"935",67.3144434950715
"936",52.1906962246025
"937",43.2143242963983
"938",58.3759707745279
"939",67.8196255371644
"940",44.5995907785815
"941",87.0733528526465
"942",57.0944333669978
"943",41.9430765671339
"944",21.4300685182088
"945",72.6552206312888
"946",40.9368068948637
"947",141.305116471042
"948",75.4147900709864
"949",80.5959662914612
"950",100.474843650297
"951",56.596807701091
"952",37.1140208780681
"953",53.2079412572369
"954",39.1816992628039
"955",98.2070187493156
"956",30.6454024666666
"957",57.0581956542617
"958",77.7394268106912
"959",32.893664150402
"960",77.9517623132227
"961",38.0962205838089
"962",21.6536556412222
"963",29.6902991231957
"964",47.4754119301227
"965",52.0008915640744
"966",54.1567458516068
"967",20.1496113909537
"968",55.6161499682454
"969",58.4219107151272
"970",40.7089945691403
"971",33.9717070751219
"972",26.8705716297969
"973",36.4240546602102
"974",25.2901846981797
"975",42.5392950459018
"976",24.4530691131624
"977",19.2060819840231
"978",75.6491445644831
"979",28.4985849278974
"980",14.5172995790629
"981",29.8100434729562
"982",25.7783678858434
"983",38.588429424126
"984",38.396188796639
"985",38.5264229104735
"986",34.9496889822428
"987",26.6852404853556
"988",27.2851375699347
"989",20.9266269827519
"990",21.0686655050341
"991",58.2416832009752
"992",21.7699397309042
"993",34.5113899376471
"994",54.7573976911416
"995",42.2319661164168
"996",35.8858651750609
"997",22.0022772117455
"998",97.1823770862843
"999",61.8728096808232
"1000",77.1809353173924
"1001",73.9174644206567
"1002",21.2350322360857
"1003",30.8243090471889
"1004",44.0876893468931
"1005",52.4321784378528
"1006",42.170521290688
"1007",58.3093752225072
"1008",134.456693317453
"1009",67.5396255371644
"1010",27.2981890312824
"1011",26.0741024824495
"1012",46.3254559455135
"1013",28.2990438757096
"1014",50.9701051769299
"1015",27.1691184845526
"1016",42.2873093930931
"1017",27.0160043763506
"1018",35.1546897289791
"1019",52.3458773557734
"1020",42.0990464893854
"1021",78.931330582192
"1022",27.2574157078282
"1023",29.5693629193426
"1024",53.5433393660785
"1025",28.1186797916695
"1026",48.4166114778178
"1027",21.340173451453
"1028",98.0966355286977
"1029",31.3775399643259
"1030",28.2532423385449
"1031",67.4269597450409
"1032",20.7765868987779
"1033",22.0710811375204
"1034",46.7784388107747
"1035",63.5654457005287
"1036",61.7075975653831
"1037",73.2508642147633
"1038",23.1041141209522
"1039",94.0102884537079
"1040",29.0492653755976
"1041",30.1411153240437
"1042",30.6998305520668
"1043",31.8299442760518
"1044",24.2989221880061
"1045",77.721795673327
"1046",50.8213097989091
"1047",19.4585771494697
"1048",40.1213087274858
"1049",32.3114696936559
"1050",63.2473828027465
"1051",21.5945113937192
"1052",52.3485854833386
"1053",83.3987412873704
"1054",53.900937208068
"1055",45.2610153101747
"1056",80.6641020024854
"1057",56.027371373995
"1058",23.5408101686671
"1059",111.715449610386
"1060",80.2066104510045
"1061",46.3924286169309
"1062",41.7458794892629
"1063",28.0117808331171
"1064",22.893721695815
"1065",33.9880342002787
"1066",36.9723519812887
"1067",42.4775005698567
"1068",81.7319239812244
"1069",17.5950996760964
"1070",85.9205683680549
"1071",104.567725212395
"1072",58.6905780547739
"1073",69.8924920112823
"1074",40.6499278672178
"1075",49.9064999077988
"1076",22.9368438859908
"1077",26.716466863775
"1078",28.3220223125357
"1079",33.0345359983526
"1080",110.286172801552
"1081",63.0352064840193
"1082",107.157273578053
"1083",87.6889406032229
"1084",18.6778312171746
"1085",59.3950367005234
"1086",52.4008909441841
"1087",44.3957985277154
"1088",38.7133351346869
"1089",39.4185152009927
"1090",57.847348520582
"1091",28.587043958965
"1092",19.6946737290487
"1093",27.3868314913269
"1094",39.1364575130639
"1095",45.7226934262811
"1096",59.9413877591145
"1097",73.499036388941
"1098",80.9984770192648
"1099",65.1034541997693
"1100",55.4508861956862
"1101",47.5695146947788
"1102",109.388256903304
"1103",71.6539890475799
"1104",34.0502901093716
"1105",23.1396479241128
"1106",95.9833126490707
"1107",43.6792922160079
"1108",66.9954457005287
"1109",88.6997885736363
"1110",101.426874396988
"1111",52.2738498892037
"1112",21.8663951306079
"1113",40.0671250973678
"1114",50.5936042629857
"1115",98.4370187493156
"1116",36.7066219885652
"1117",71.1942532681256
"1118",58.1495940842336
"1119",29.9771089280359
"1120",41.4829571144217
"1121",16.3221928067067
"1122",29.1905980710567
"1123",37.2244164038508
"1124",28.4592653755976
"1125",60.5118968989467
"1126",20.2520660884152
"1127",23.1295431578327
"1128",15.5813180141246
"1129",46.7522783174916
"1130",31.9644646934201
"1131",37.4607372846054
"1132",30.7700660766538
"1133",51.8776840453688
"1134",83.3322195160416
"1135",36.1977608101123
"1136",24.2288440792269
"1137",29.1713164398266
"1138",23.5448922357147
"1139",52.6083421860089
"1140",30.3739330177863
"1141",47.4628526725696
"1142",46.7643996741858
"1143",57.5849639782159
"1144",34.5225761858453
"1145",29.6628742166079
"1146",39.8760554602912
"1147",50.537843215814
"1148",60.2710929244506
"1149",48.8259219471499
"1150",37.6218149112423
"1151",92.6106059675194
"1152",104.53097800773
"1153",67.0844907033846
"1154",41.7258470394953
"1155",38.8251402856095
"1156",39.47443208908
"1157",21.6791673857744
"1158",33.6560449067691
"1159",50.602777523574
"1160",24.8215769592898
"1161",54.2720978248295
"1162",47.4080845173774
"1163",30.6147809550561
"1164",75.3411007497831
"1165",15.086820156378
"1166",38.4121701068678
"1167",14.7756475235828
"1168",20.4325552850342
"1169",53.2497227331534
"1170",40.1619647366684
"1171",20.4740804482496
"1172",45.5098982513375
"1173",20.1812918530494
"1174",17.7693898166125
"1175",18.5170036448588
"1176",32.3246594238742
"1177",32.1961756918424
"1178",54.3908073301458
"1179",47.7563957195244
"1180",58.3228373057111
"1181",108.415299306946
"1182",26.0577891116721
"1183",31.5177368218062
"1184",31.4111969870846
"1185",73.3618322094585
"1186",118.789427093975
"1187",46.4910784285217
"1188",55.6720354060299
"1189",29.0237399447742
"1190",85.5459846342609
"1191",28.8261117081302
"1192",143.232860808091
"1193",34.1501175500471
"1194",131.33128445426
"1195",41.6668068948637
"1196",25.2597998655858
"1197",59.4302773186605
"1198",32.6616317785813
"1199",78.7212249118036
"1200",25.1441819054393
"1201",53.227997041403
"1202",23.5906109628282
"1203",100.744791695868
"1204",57.8554144996186
"1205",50.9313126453743
"1206",23.9050735294414
"1207",43.5509173772781
"1208",24.4111022169689
"1209",45.3034832996134
"1210",64.1160615859976
"1211",59.8737402504682
"1212",45.0860707860743
"1213",25.7282122679504
"1214",26.5106622226771
"1215",141.948101752982
"1216",60.7125157247424
"1217",20.4056900380344
"1218",38.8167872434174
"1219",73.3009459942695
"1220",22.0709167914082
"1221",53.7190215534072
"1222",92.0947483003079
"1223",47.657072704975
"1224",24.2595280525746
"1225",44.310642255477
"1226",15.9809131742321
"1227",26.69313040357
"1228",28.6607171223171
"1229",70.1341797310678
"1230",26.8325513004021
"1231",67.9981504923771
"1232",71.7442291038273
"1233",37.5987777340085
"1234",24.9830850633242
"1235",97.1258885284927
"1236",93.1318578773621
"1237",41.1435060817776
"1238",20.0469883617201
"1239",38.3025388473705
"1240",17.0062750670083
"1241",49.2147486264151
"1242",24.694017675728
"1243",60.6943912261458
"1244",78.7410027473187
"1245",40.648817246951
"1246",42.9150114437472
"1247",79.4954839366051
"1248",22.282605472969
"1249",66.6957437606098
"1250",50.5862612504556
"1251",28.6697064761655
"1252",99.0677804233195
"1253",58.2914945617115
"1254",73.759036388941
"1255",35.16570943673
"1256",36.6107948846432
"1257",81.8040799387778
"1258",50.1057972826036
"1259",36.6757272220882
"1260",23.7562616202758
"1261",27.9142679658607
"1262",56.8637558591519
"1263",19.1121791239556
"1264",30.1522577519407
"1265",86.5487108112491
"1266",22.239294976543
"1267",20.7601464433874
"1268",22.3896464728713
"1269",35.2987113116648
"1270",35.2351414451753
"1271",16.6863386872148
"1272",23.9489289463217
"1273",27.019022781554
"1274",27.0842668256545
"1275",66.2300498815744
"1276",47.4333861541633
"1277",23.7165148806453
"1278",30.7912421763111
"1279",95.005727281327
"1280",46.8909023898117
"1281",30.2469723007581
"1282",24.6426173038534
"1283",69.5910144135101
"1284",73.9337090206328
"1285",49.6764961625694
"1286",26.2981261546741
"1287",62.4090790586107
"1288",29.3322718681668
"1289",69.1765550261076
"1290",23.0492798359908
"1291",35.4834974907948
"1292",87.7769971968077
"1293",40.9474862375777
"1294",58.7637352463661
"1295",23.8201962452827
"1296",39.5473202203461
"1297",32.8631639583266
"1298",40.3057608963803
"1299",53.018439686787
"1300",63.2279009771066
"1301",70.6907310734246
"1302",24.3792881614213
"1303",32.6426571837718
"1304",48.6555116536194
"1305",35.4361616223607
"1306",21.2068438859908
"1307",93.8029351044675
"1308",65.8561165620126
"1309",57.2969628518313
"1310",20.2294087406314
"1311",25.3994714639797
"1312",51.8553136280975
"1313",32.148429424126
"1314",33.3593778653167
"1315",61.4643509436495
"1316",26.5726940411222
"1317",36.8375086402743
"1318",48.9135545001272
"1319",89.1615723175574
"1320",25.1121358895631
"1321",63.1920436406968
"1322",30.6060963958355
"1323",39.2450345087834
"1324",22.9451213084952
"1325",38.5829246033603
"1326",59.8070613398139
"1327",45.0984533884288
"1328",39.717216241309
"1329",68.1124920112823
"1330",56.3801340932494
"1331",17.9385624977989
"1332",21.6975894001395
"1333",41.3653591952981
"1334",27.4816071435257
"1335",123.924197882011
"1336",46.9710784285217
"1337",42.4289483678336
"1338",29.2392653755976
"1339",63.6955743506237
"1340",47.838113357271
"1341",107.006172801552
"1342",65.3927432901695
"1343",35.5193393336858
"1344",26.8090077441153
"1345",78.7037479840706
"1346",39.6134050464013
"1347",16.2296888529237
"1348",55.9537558591519
"1349",30.9124068578028
"1350",24.1712368980902
"1351",31.5355109003187
"1352",56.2158942169779
"1353",38.8693518733019
"1354",42.396633612782
"1355",16.7529184501002
"1356",36.9287700221163
"1357",32.9744964187114
"1358",19.8906200987894
"1359",19.6788684172391
"1360",35.9524616132361
"1361",25.1859240973834
"1362",75.7354339890849
"1363",40.7370012793696
"1364",38.406389216406
"1365",32.6522906083486
"1366",28.5372053058499
"1367",35.3864923786126
"1368",73.522419523526
"1369",37.231102080303
"1370",53.5467755181337
"1371",94.3279106800583
"1372",45.9364069782479
"1373",25.7135715144319
"1374",92.8820641676511
"1375",54.869606765337
"1376",44.5084713593924
"1377",22.6882813135937
"1378",47.2406556339845
"1379",94.2776388126909
"1380",55.3417611992548
"1381",28.5084614260884
"1382",41.7734050464013
"1383",24.3430436914128
"1384",54.1930449054463
"1385",25.6233805577933
"1386",41.0776423740671
"1387",139.045528399523
"1388",30.5254692962194
"1389",59.2409628080094
"1390",39.2232431215791
"1391",43.2621124135508
"1392",30.5911409299494
"1393",61.9893318774714
"1394",39.7585327689889
"1395",21.8744969996882
"1396",44.2388836854878
"1397",29.1165780004441
"1398",96.1954553246503
"1399",47.7095891007519
"1400",31.4147250468866
"1401",28.7909154046055
"1402",34.1438675436744
"1403",21.6520530464846
"1404",25.6107939519175
"1405",38.7413087274858
"1406",74.953147336805
"1407",45.8836688285768
"1408",30.5749929972604
"1409",54.5567390486982
"1410",81.475830327385
"1411",104.830445753112
"1412",31.6224930225238
"1413",16.287968681844
"1414",98.4310341587908
"1415",40.9597058231201
"1416",41.4358633957086
"1417",44.7949209222358
"1418",69.882020649642
"1419",45.7529123435992
"1420",49.3453065532846
"1421",26.5427691420005
"1422",45.0190268052761
"1423",125.717807128492
"1424",67.9706884324178
"1425",107.212253408395
"1426",33.1420022238584
"1427",15.4392451600024
"1428",27.7375853876385
"1429",19.5841120891669
"1430",31.430932090486
"1431",66.378348171074
"1432",48.9440438869572
"1433",160.110726502421
"1434",112.192047389746
"1435",30.6705587203272
"1436",47.5007424175013
"1437",27.457481095219
"1438",46.2723442650398
"1439",57.1077100785992
"1440",48.5486837504977
"1441",50.8152333825618
"1442",45.5659785337429
"1443",34.7752979606763
"1444",34.6496185111887
"1445",19.4450129957225
"1446",27.2705980710567
"1447",30.9655479674263
"1448",61.3323676574788
"1449",23.7009872643623
"1450",19.3478246646817
"1451",26.3440379841929
"1452",29.0503655304528
"1453",37.5472611959781
"1454",59.0751864174458
"1455",65.171180189737
"1456",53.786960984985
"1457",34.9518625197616
"1458",70.921867931616
"1459",50.7378609044433
"1460",23.9596490577433
"1461",109.567366832923
"1462",20.5892495714644
"1463",27.0307656517563
"1464",77.8358299125385
"1465",64.6044103288295
"1466",48.3212569196649
"1467",29.9693531271715
"1468",24.0023657693736
"1469",75.6806308275615
"1470",73.2171138845436
"1471",67.9189166433569
"1472",121.215778887515
"1473",49.5469570061855
"1474",36.299181939198
"1475",20.0429433726425
"1476",63.2184053225318
"1477",48.5720877011382
"1478",20.8184834785755
"1479",50.8722298615283
"1480",52.5123933729886
"1481",69.8734050833532
"1482",30.1584859151923
"1483",22.5148922357147
"1484",19.507380362039
"1485",55.9055894854219
"1486",35.6241391134786
"1487",63.1448070789337
"1488",28.6012323501529
"1489",46.3981272089498
"1490",17.2993898166125
"1491",43.5227764431883
"1492",26.9295803786692
"1493",37.4533598529056
"1494",39.2751617143156
"1495",47.3394521904844
"1496",54.3414034522983
"1497",39.5278064450993
"1498",32.1289400394954
"1499",83.7088434664381
"1500",36.7988753745124
"1501",56.2236371393899
"1502",37.9247240687076
"1503",21.9788830301961
"1504",28.5454450506392
"1505",52.7896570448464
"1506",17.6486250257952
"1507",19.018285864347
"1508",43.8364069782479
"1509",29.9537489187333
"1510",61.359815723069
"1511",132.811809586497
"1512",33.8536482542611
"1513",35.5545705632729
"1514",61.614446914246
"1515",93.8365386213062
"1516",71.3463363396316
"1517",32.8165693623392
"1518",20.3682714394122
"1519",44.8980009211869
"1520",17.3848678719907
"1521",42.6533173067928
"1522",115.19831039712
"1523",35.284660437535
"1524",32.6057316133576
"1525",28.8924970080961
"1526",76.4777560832606
"1527",130.190266356056
"1528",39.3528889802261
"1529",103.006489757734
"1530",17.0065064616675
"1531",54.8849909940714
"1532",29.5922505458185
"1533",80.4841843622223
"1534",32.6305500579242
"1535",23.8308951417543
"1536",46.0134705143336
"1537",33.256388709306
"1538",39.6277580134204
"1539",48.2449343649474
"1540",52.0055097615493
"1541",47.3860627700595
"1542",31.6360727419238
"1543",32.5033835756425
"1544",43.5187658936856
"1545",72.9058954437004
"1546",21.4679611801083
"1547",49.1063224631043
"1548",45.0321526198967
"1549",44.2755960886734
"1550",96.4839024129744
"1551",28.7268944291151
"1552",88.3399897176017
"1553",52.3938498892037
"1554",23.621622617419
"1555",24.5238225636997
"1556",96.4084792625753
"1557",34.2712494798389
"1558",23.0322772117455
"1559",18.1001522390984
"1560",149.869137973559
"1561",28.5227819023133
"1562",38.6288759026208
"1563",37.0550182800158
"1564",49.5254847868855
"1565",19.3365980428578
"1566",70.0465916011672
"1567",32.9040955179907
"1568",50.7596006172014
"1569",64.9871833469739
"1570",32.7270654576083
"1571",26.7078265182617
"1572",27.0968314913269
"1573",38.8975622567429
"1574",33.7613133580494
"1575",41.6585152927187
"1576",15.832643107159
"1577",41.51570943673
"1578",22.3928603842565
"1579",37.9034628278679
"1580",54.765330620847
"1581",44.9063770442861
"1582",56.031902390978
"1583",28.953954436687
"1584",79.2966102087193
"1585",55.2333787981734
"1586",28.8483444158008
"1587",39.1882938682891
"1588",152.968199521736
"1589",61.635687707379
"1590",49.69361227541
"1591",40.5409660582715
"1592",43.5610038690467
"1593",41.0063232459808
"1594",81.6919726164205
"1595",29.7621771189238
"1596",41.4663091314881
"1597",74.4347697726123
"1598",53.3547080737198
"1599",39.8458644024129
"1600",85.7673183173918
"1601",19.487816522296
"1602",71.0388700518896
"1603",33.9061616223607
"1604",32.0559270130968
"1605",27.0771468219145
"1606",47.0504416379114
"1607",17.3255723039783
"1608",22.0841685533007
"1609",39.3869598444957
"1610",31.7351593443162
"1611",39.1512066923285
"1612",103.245966275635
"1613",42.6608980960136
"1614",41.2347939566199
"1615",21.3683215437582
"1616",33.0828123592656
"1617",48.2614870807058
"1618",22.0912472029571
"1619",69.1075541600662
"1620",37.6565823632011
"1621",15.5850008571405
"1622",28.5492653755976
"1623",70.471391030473
"1624",36.1043486083301
"1625",60.614650878955
"1626",38.4216786262022
"1627",33.5280430089714
"1628",27.447200183727
"1629",22.9706357437123
"1630",52.0461991724647
"1631",35.4448387092104
"1632",36.5716992628039
"1633",26.25500508079
"1634",35.8804227086622
"1635",29.7772053058499
"1636",31.651924412305
"1637",17.7330902638744
"1638",23.4007296503918
"1639",22.1795302973631
"1640",26.9943790438513
"1641",53.5297825886216
"1642",91.7844348292037
"1643",23.5703716951377
"1644",58.1455377560428
"1645",25.2973091231146
"1646",56.7454993282365
"1647",33.6942156619542
"1648",159.868872142923
"1649",41.189853331372
"1650",81.7778908255369
"1651",44.5313867822068
"1652",53.071902390978
"1653",62.3674593118491
"1654",37.6624863529645
"1655",61.3146705084729
"1656",93.4767240055603
"1657",11.2598615309796
"1658",19.403182153213
"1659",53.2126901731028
"1660",33.6426560319993
"1661",52.9138837537692
"1662",66.7615498522555
"1663",67.0808355601068
"1664",38.4075440921967
"1665",39.0363021879111
"1666",103.500296589747
"1667",69.7197277881398
"1668",42.2075494135927
"1669",41.9786771763095
"1670",20.7004178509271
"1671",57.0080158647498
"1672",19.5015177376674
"1673",49.260890739593
"1674",42.7252052092992
"1675",59.4142039002423
"1676",33.2160274614068
"1677",37.3046252526081
"1678",24.1780452388271
"1679",46.0954548667803
"1680",138.531710236493
"1681",60.7122127348342
"1682",14.9778049901675
"1683",137.189449347021
"1684",69.1871802783322
"1685",41.3221141465828
"1686",35.8400662338594
"1687",20.8624519998035
"1688",30.4640166948074
"1689",20.5367865833106
"1690",86.2991273616381
"1691",33.0075145476747
"1692",39.8563992697243
"1693",35.661274452097
"1694",41.6359801265385
"1695",58.0091243524987
"1696",81.395101673565
"1697",47.6651463363353
"1698",25.9156172665886
"1699",55.987398398041
"1700",59.0974588732642
"1701",70.9834388634003
"1702",74.6535816719534
"1703",106.932012692091
"1704",67.9067403027486
"1705",50.3674327561074
"1706",53.339606765337
"1707",23.0275757835805
"1708",37.5435135497334
"1709",27.8350501817199
"1710",23.9679456925056
"1711",30.3058669416922
"1712",91.636267049983
"1713",24.0110259572156
"1714",76.7375915975538
"1715",50.9556012223688
"1716",70.9337255558901
"1717",69.4327331407645
"1718",64.9372989223644
"1719",45.6925560239189
"1720",35.8198042401619
"1721",14.6512860724397
"1722",28.0284990897923
"1723",52.311432897422
"1724",128.427280291595
"1725",67.3160941822624
"1726",52.8269836604475
"1727",65.2483873608457
"1728",14.4932022356638
"1729",29.3204545510297
"1730",24.663908203558
"1731",55.4288274234527
"1732",25.3621678875313
"1733",53.9740296633389
"1734",75.2308109732574
"1735",90.5678835595643
"1736",32.2266602159392
"1737",28.6779456925056
"1738",59.5989713314259
"1739",22.2777824281157
"1740",54.8436023811353
"1741",80.8981783108903
"1742",70.3735547831488
"1743",53.5501340932494
"1744",73.4749979353205
"1745",40.9114619077365
"1746",94.8122849419931
"1747",43.1994453306475
"1748",26.7095533388103
"1749",70.0502223813614
"1750",20.8785196651248
"1751",73.4316107649615
"1752",97.5342545604465
"1753",31.8928123592656
"1754",87.080031772161
"1755",43.3480448661362
"1756",37.0147748432746
"1757",86.1145533480839
"1758",90.2026709775022
"1759",25.7198884400331
"1760",34.4724962201118
"1761",69.509442147316
"1762",35.5668144920722
"1763",46.337072704975
"1764",64.014446914246
"1765",30.6260963958355
"1766",33.8568240245843
"1767",53.3395422444041
"1768",48.9136178476329
"1769",60.4543183166408
"1770",58.6315769902453
"1771",51.1598077113955
"1772",35.0583894490345
"1773",44.4805953927101
"1774",111.446918344542
"1775",62.3096441598516
"1776",43.4632431215791
"1777",29.3256048853265
"1778",113.710235472083
"1779",23.8983360725087
"1780",23.9045007494109
"1781",143.351071781818
"1782",48.9856012223688
"1783",39.2776209476855
"1784",16.9609346705866
"1785",68.4381686662562
"1786",28.8282516283633
"1787",89.0289406032229
"1788",39.8588466824422
"1789",64.7925209738728
"1790",104.976708637977
"1791",33.1019732516244
"1792",33.8095392340958
"1793",30.5386062330211
"1794",18.8080049359736
"1795",34.0955471087147
"1796",53.5853981986207
"1797",47.9998306139454
"1798",37.0495702054701
"1799",48.552538714663
"1800",50.5598710190501
"1801",72.4127298258957
"1802",121.638971565146
"1803",20.2351322204067
"1804",110.867755577909
"1805",67.6305413056951
"1806",32.0484574702126
"1807",52.6157725295185
"1808",34.6139058420656
"1809",39.4313530247901
"1810",26.74313040357
"1811",20.2134701093389
"1812",104.107081459667
"1813",70.0811800906899
"1814",26.3511153240437
"1815",56.1993946276001
"1816",47.1797431196902
"1817",64.0750219252978
"1818",26.3614461499904
"1819",28.2765579433536
"1820",79.1647521289048
"1821",45.2608525430118
"1822",29.9560760613678
"1823",20.5137182612511
"1824",22.5289061744919
"1825",36.9325112820868
"1826",26.0568053436699
"1827",35.4850789088946
"1828",52.5028779332052
"1829",42.349974379095
"1830",40.8939243148764
"1831",33.7572703803975
"1832",66.3064696668821
"1833",52.1059746911383
"1834",30.2124995761889
"1835",28.8828051226686
"1836",37.5237588773483
"1837",33.6857220870721
"1838",52.3046251643121
"1839",53.3619529007433
"1840",39.437703009706
"1841",49.7428387659817
"1842",37.0090822558654
"1843",69.8381937999221
"1844",32.4744964187114
"1845",49.5393206318134
"1846",39.4560065503582
"1847",35.6627620683423
"1848",46.1628146219876
"1849",78.1486291898386
"1850",34.2269801379178
"1851",14.4266991079253
"1852",77.8352268039276
"1853",39.8730918825663
"1854",23.3930436914128
"1855",53.9336801711855
"1856",48.0105953927101
"1857",73.2460268992369
"1858",30.939666566211
"1859",44.6154184957945
"1860",53.5779450346313
"1861",24.5862265949895
"1862",20.0116084145245
"1863",53.1728553578524
"1864",43.0164730972817
"1865",63.8082804082987
"1866",80.1090354941397
"1867",63.853204551313
"1868",27.8102609094371
"1869",40.802907066048
"1870",65.2291634492466
"1871",65.3815757507838
"1872",45.3822800159489
"1873",37.6857793764975
"1874",22.8454834149364
"1875",39.5872611959781
"1876",69.6517832123212
"1877",86.1820231911401
"1878",29.7927752377741
"1879",129.553309241309
"1880",46.8104354202211
"1881",21.7859338432562
"1882",38.0537175876165
"1883",11.9864796857735
"1884",51.5328779332052
"1885",33.9965086455894
"1886",37.459666566211
"1887",86.0089887122759
"1888",58.4350269421801
"1889",21.7465930240572
"1890",42.4500449277232
"1891",86.9270560474603
"1892",53.1411962127613
"1893",15.9478049901675
"1894",78.3381749249137
"1895",18.7469883617201
"1896",52.2796833464655
"1897",39.8234330895697
"1898",81.4116411666723
"1899",27.3960629229229
"1900",39.2124569006084
"1901",61.9902390802414
"1902",31.4560974098113
"1903",29.1174078214925
"1904",22.9933211140325
"1905",23.6902327758022
"1906",48.9842157192992
"1907",28.5322756770021
"1908",21.514091509953
"1909",38.3652811251437
"1910",81.3324701055661
"1911",45.542834456868
"1912",61.5619099751628
"1913",21.2426328808078
"1914",32.1138553909356
"1915",40.9289231001861
"1916",21.7040992474361
"1917",35.5924059901483
"1918",57.7901927709439
"1919",38.2037820801463
"1920",72.1359290522831
"1921",37.5222394695573
"1922",38.1252528064356
"1923",35.9157424144024
"1924",143.024747764687
"1925",59.5189405150547
"1926",34.3729921273821
"1927",27.9253164447287
"1928",48.1856012223688
"1929",27.3065104178025
"1930",36.6140546602102
"1931",163.664966801437
"1932",27.9108817084117
"1933",45.1978573384079
"1934",59.5782003372609
"1935",77.089818940589
"1936",79.0064350148328
"1937",139.504535819072
"1938",25.6228146979994
"1939",97.0122849419931
"1940",40.8405630857291
"1941",41.3888157725925
"1942",27.3562563413763
"1943",38.0382901272935
"1944",39.3073211896149
"1945",38.5779727842677
"1946",88.4474053885829
"1947",124.177103539532
"1948",40.7814608292953
"1949",28.0448123943587
"1950",51.5754081314848
"1951",15.3889135795327
"1952",91.8055916421066
"1953",73.708880597114
"1954",12.3892305337542
"1955",90.4137982516573
"1956",23.6433275384552
"1957",35.629540044454
"1958",38.2559304147949
"1959",40.6529118921965
"1960",31.8813424397418
"1961",60.4147807939768
"1962",56.1424260142869
"1963",36.6092753639461
"1964",12.3276183078972
"1965",41.9580787276671
"1966",76.0391152174045
"1967",40.2493791747755
"1968",71.4941293838973
"1969",31.1308995821819
"1970",35.6689183513891
"1971",71.6559798171316
"1972",79.1752268039276
"1973",67.4210592000498
"1974",32.2455784342082
"1975",51.3276840453688
"1976",17.8082269058573
"1977",11.9576183078972
"1978",33.5506004270937
"1979",35.7727660223302
"1980",18.2389135795327
"1981",177.877283139046
"1982",20.4956049276324
"1983",95.2245995037373
"1984",53.881432897422
"1985",64.3810786976818
"1986",47.4746085528799
"1987",73.3307840296164
"1988",92.8578835595643
"1989",24.3811722388951
"1990",21.6117819851567
"1991",30.6385744681713
"1992",33.1417125915608
"1993",94.7023761605209
"1994",33.3732950467197
"1995",45.761007585488
"1996",44.8005227190426
"1997",80.8416836903464
"1998",9.96609499243454
"1999",87.7769971968077
"2000",78.3327156984157
"2001",17.7994638457716
"2002",86.8733528526465
"2003",30.072738161739
"2004",22.3983088109926
"2005",51.3751946147204
"2006",93.7725218828154
"2007",36.0388593097446
"2008",46.9560927557721
"2009",82.319081477261
"2010",43.412672359028
"2011",25.988360053901
"2012",34.7207234275517
"2013",68.7485027404394
"2014",14.5062070868782
"2015",19.2421670153413
"2016",137.477302860892
"2017",27.9584492773646
"2018",46.9615421465902
"2019",48.4898217357563
"2020",51.9678609044433
"2021",51.1749183532417
"2022",69.5891478806694
"2023",20.7230970771119
"2024",34.7915478969989
"2025",15.6131217320811
"2026",71.2078144999912
"2027",79.6234821593235
"2028",24.9818536417438
"2029",74.6903510536654
"2030",14.8529214014165
"2031",29.0716159118855
"2032",77.0518574913939
"2033",40.0394926917335
"2034",59.5648407638967
"2035",113.547378168314
"2036",30.0535298645431
"2037",49.12347251254
"2038",107.278502374044
"2039",37.4966945838327
"2040",25.8128297569043
"2041",18.4861979495236
"2042",61.2939649514424
"2043",124.27192588961
"2044",32.9055411132427
"2045",23.0306365937762
"2046",105.224961574945
"2047",25.7360729569963
"2048",39.1381892480546
"2049",75.735994488428
"2050",91.2730037260989
"2051",68.2583378489802
"2052",69.5441293838973
"2053",40.1265823632011
"2054",38.2321634984613
"2055",57.0633922991706
"2056",30.6420058714023
"2057",67.6202210355596
"2058",75.0246538975096
"2059",37.8774685856379
"2060",31.5151017440832
"2061",52.3674394510872
"2062",77.0758670714974
"2063",108.429617448312
"2064",94.6452758814582
"2065",55.4973760526873
"2066",72.548202393816
"2067",55.33876837496
"2068",35.4793253506559
"2069",20.0064018941427
"2070",31.28380811576
"2071",130.291592168451
"2072",51.6498077113955
"2073",35.3554287663606
"2074",93.4746215599856
"2075",58.8267717658159
"2076",14.9830145411947
"2077",62.071973785263
"2078",27.5900625303833
"2079",43.2719453147975
"2080",26.574220607037
"2081",78.6442760845282
"2082",22.5337528396974
"2083",69.6291546919927
"2084",46.3419958173546
"2085",26.0496464728713
"2086",119.57582482595
"2087",29.6408059243786
"2088",38.8961311209239
"2089",44.3122097308395
"2090",65.4027746445692
"2091",35.9068699528051
"2092",47.9525662578333
"2093",87.7064425901348
"2094",170.004315623282
"2095",79.2701368845036
"2096",39.3380129287042
"2097",35.2293406719776
"2098",120.151535597119
"2099",45.0583762077617
"2100",45.6640175902111
"2101",25.9339947142936
"2102",43.137378509253
"2103",22.1735535064789
"2104",48.7275105584726
"2105",29.1350079990839
"2106",48.350377396984
"2107",69.4286537639406
"2108",57.9781080609352
"2109",25.4060030874883
"2110",35.3895926738722
"2111",48.3036223576716
"2112",75.5526288877294
"2113",48.7741398807653
"2114",21.488669684539
"2115",72.4477312206363
"2116",30.5929533159178
"2117",67.0485904685507
"2118",66.6019825163572
"2119",41.1105520063812
"2120",42.7571368697164
"2121",84.1011437881199
"2122",22.2959338432562
"2123",44.0856464041446
"2124",66.3117075127483
"2125",43.8698502258042
"2126",68.7521647208846
"2127",76.3146751711649
"2128",60.5810929244506
"2129",19.6718906168603
"2130",20.6263446469435
"2131",65.0724645974936
"2132",40.6319858572102
"2133",50.0417758073249
"2134",36.3840415591983
"2135",21.2367814071236
"2136",96.9186854674807
"2137",15.0542423593536
"2138",27.4668572835728
"2139",34.3836666191916
"2140",39.8851401216334
"2141",63.4005105808083
"2142",35.3241663669065
"2143",37.30038143483
"2144",38.3843395423827
"2145",28.8101953752963
"2146",66.6830620003528
"2147",46.311762208712
"2148",73.550354904093
"2149",49.2866530969043
"2150",54.0674877537247
"2151",49.9945832549253
"2152",58.3872149904221
"2153",51.1597666794942
"2154",39.3960436046162
"2155",34.2474858425603
"2156",21.5387025976902
"2157",52.4060549639734
"2158",94.1524491068282
"2159",52.0857261893387
"2160",60.4456271166156
"2161",36.4563481778749
"2162",47.5682984130655
"2163",21.0759338432562
"2164",22.4034403718043
"2165",77.9330626317542
"2166",66.5404715115728
"2167",51.782123075421
"2168",82.6743254064838
"2169",26.8366290017043
"2170",15.9881686248427
"2171",38.4770558895275
"2172",62.978454606024
"2173",25.71726232633
"2174",38.8388157725925
"2175",46.8549630634329
"2176",27.3498852022856
"2177",25.4357872583244
"2178",39.5796870737054
"2179",38.6964575130639
"2180",50.4267379247861
"2181",68.2051234929607
"2182",65.7138528423299
"2183",28.8860912481701
"2184",42.1614619077365
"2185",35.3358232846423
"2186",22.7911364177081
"2187",213.77187352788
"2188",155.779544732407
"2189",38.378461072973
"2190",109.970972959776
"2191",62.9691243524987
"2192",57.9938211493936
"2193",96.3293831839343
"2194",55.0024413088531
"2195",42.2271566597477
"2196",51.2908909441841
"2197",19.1694269093001
"2198",69.4462535772864
"2199",21.1747995460713
"2200",22.388994782837
"2201",24.9240853888672
"2202",32.139270794399
"2203",21.3920470478031
"2204",56.2556777485344
"2205",38.7386808510565
"2206",25.1029168132887
"2207",93.1487709077853
"2208",48.7318762584288
"2209",23.5034403718043
"2210",67.9571802783322
"2211",20.3296628167271
"2212",40.8084423706521
"2213",53.9142684833394
"2214",51.864524491572
"2215",27.8572053058499
"2216",46.8681353651567
"2217",41.4965407373667
"2218",52.7455444533591
"2219",35.1765789975512
"2220",45.4525768603903
"2221",29.4312421763111
"2222",20.2088406350975
"2223",58.5893416206981
"2224",75.8002119863107
"2225",50.0580195498392
"2226",15.5451562161982
"2227",35.5682828682144
"2228",31.1407726540186
"2229",103.634299115132
"2230",73.4724418238613
"2231",56.6465637189615
"2232",47.467329315156
"2233",66.9599203235611
"2234",55.4776705603116
"2235",35.9311295370799
"2236",22.3603316448125
"2237",43.9691108898004
"2238",45.4898974463044
"2239",60.9177914642959
"2240",62.0342116320358
"2241",33.513724497984
"2242",53.9280983732445
"2243",50.6621812841812
"2244",88.316267049983
"2245",66.3969353868706
"2246",33.4206681812529
"2247",33.0316391769237
"2248",68.4180069533517
"2249",22.4220120741487
"2250",65.4502683036052
"2251",46.1356446561859
"2252",45.8623509332134
"2253",121.367894906542
"2254",66.3843967013652
"2255",86.7289443680494
"2256",131.481724875094
"2257",46.4597494476686
"2258",51.4171120220052
"2259",48.8979969868715
"2260",31.6146088744758
"2261",97.2609823565771
"2262",21.7706200987894
"2263",39.9222095442397
"2264",51.8291435796094
"2265",63.7877172520892
"2266",57.3030256774971
"2267",44.0457596691702
"2268",27.8141595518556
"2269",41.1460420220147
"2270",17.0050244278856
"2271",52.3152333825618
"2272",24.725556587097
"2273",106.036371675816
"2274",29.2166287167779
"2275",43.8311269248271
"2276",33.5860584687809
"2277",38.0670012793696
"2278",20.8220020696532
"2279",33.0687039332878
"2280",40.316266077865
"2281",53.4838344952617
"2282",54.3740296633389
"2283",43.0064202539967
"2284",50.7961391420337
"2285",63.0730593457544
"2286",17.5534793629958
"2287",35.2931778339067
"2288",104.551377778077
"2289",27.2080623497765
"2290",38.5264575130639
"2291",121.595340034226
"2292",80.0101524264056
"2293",22.6014120249424
"2294",36.5646059699935
"2295",49.4148184958238
"2296",27.3222011422101
"2297",152.410723089579
"2298",18.769219479417
"2299",24.8259940363332
"2300",75.0826288877294
"2301",31.11380811576
"2302",33.0664986775404
"2303",11.3676183078972
"2304",21.9184110120855
"2305",55.1469490666909
"2306",15.5353512316201
"2307",38.11080047588
"2308",19.0675044519817
"2309",33.0034984459392
"2310",28.7182999720757
"2311",51.6833427982712
"2312",65.2472668006537
"2313",36.1393043951383
"2314",25.0197543241899
"2315",17.8779226110931
"2316",49.2323376748304
"2317",32.9381059839661
"2318",139.684747764687
"2319",67.3507396609459
"2320",46.5617098644189
"2321",11.4015227062442
"2322",47.4297273656295
"2323",40.9541580198785
"2324",42.4299976657882
"2325",50.821902390978
"2326",20.0550562106623
"2327",20.3044558495943
"2328",113.222767598531
"2329",23.0637805533287
"2330",66.6793202681085
"2331",33.537003608604
"2332",38.1266767262132
"2333",27.734220607037
"2334",107.710619095161
"2335",100.726263407461
"2336",60.4022546265233
"2337",62.8095628698317
"2338",35.4108217933907
"2339",38.0042538639287
"2340",31.7770103478085
"2341",55.281138637425
"2342",30.460456795577
"2343",24.1879517385571
"2344",68.1662561616996
"2345",27.1524161228098
"2346",23.8333170542814
"2347",64.3720383141424
"2348",32.0297433194716
"2349",27.7006064250157
"2350",54.4984621312162
"2351",62.5287756187789
"2352",26.5772281076177
"2353",26.9373438480934
"2354",32.7732459765094
"2355",18.0812601938864
"2356",25.5660629229229
"2357",33.1594325817172
"2358",26.4597386724223
"2359",72.4761707444046
"2360",36.8079671978391
"2361",42.4458783148741
"2362",54.6526901731028
"2363",16.3393003621743
"2364",54.447371373995
"2365",72.1880168418538
"2366",44.1601641939233
"2367",69.3542830674138
"2368",75.7207588260931
"2369",67.1092571438867
"2370",47.4793206318134
"2371",50.4317210845047
"2372",56.5144218125469
"2373",31.0309581729252
"2374",126.127147023948
"2375",41.3701007591334
"2376",48.7786990078759
"2377",38.6066510194099
"2378",46.6128146706637
"2379",49.3460810538541
"2380",21.5281319046351
"2381",28.3285744681713
"2382",18.5046096171297
"2383",95.0355393141302
"2384",165.915032093258
"2385",62.7408408287323
"2386",35.1519650281376
"2387",91.9966798897032
"2388",24.9115135241091
"2389",18.4918906168603
"2390",44.5592977042442
"2391",33.9414530703876
"2392",49.7826194994813
"2393",23.2962488411366
"2394",51.3468956711948
"2395",81.3792840811099
"2396",34.9896574260018
"2397",37.6299737844415
"2398",30.793322998022
"2399",91.8581888581709
"2400",32.8809867823252
"2401",54.8325447473844
"2402",36.4052137319664
"2403",40.1847764389122
"2404",75.3567369000052
"2405",25.7331060430404
"2406",92.9151023730247
"2407",28.0276303997139
"2408",59.0176141773191
"2409",52.4276421100001
"2410",40.7918173694473
"2411",35.4005547317045
"2412",69.6159279937477
"2413",128.222285487302
"2414",69.8267351983323
"2415",70.3087142417437
"2416",36.8660620080991
"2417",26.5185813012703
"2418",27.4660045964269
"2419",41.4424260718278
"2420",18.8422589776982
"2421",38.7420754421725
"2422",23.4919082743637
"2423",77.43613480734
"2424",72.3958727581448
"2425",19.9312601938864
"2426",51.4413151311376
"2427",28.4623006984891
"2428",18.5948397409191
"2429",41.3064565768191
"2430",67.2593202681085
"2431",18.9921670153413
"2432",21.9720378063074
"2433",43.7907389706125
"2434",26.3471241735713
"2435",26.0610983201561
"2436",47.9333113848386
"2437",47.7868280666846
"2438",64.4220436406968
"2439",41.8964229104735
"2440",50.7720808505153
"2441",19.7625406491946
"2442",72.1741293838973
"2443",46.8728146219876
"2444",40.4486758636615
"2445",65.5435913210957
"2446",41.3408358956561
"2447",73.405513798825
"2448",63.0061602512164
"2449",25.1616564981937
"2450",45.0284196368336
"2451",27.985592449844
"2452",42.2764285306659
"2453",38.7674685856379
"2454",49.1308683392107
"2455",107.819755820323
"2456",72.4226490397559
"2457",16.7228739847013
"2458",68.8066453718549
"2459",80.3460211524644
"2460",27.3647177808662
"2461",70.30619967925
"2462",40.1034050464013
"2463",109.428651574062
"2464",28.74240124707
"2465",53.9722976004755
"2466",59.3572263466465
"2467",62.694446914246
"2468",33.3005459579286
"2469",30.219983518174
"2470",24.3752726193481
"2471",12.2307149100895
"2472",36.8918562994438
"2473",60.5820308020792
"2474",40.8977187711958
"2475",33.0399730939717
"2476",43.7699642941553
"2477",52.6738837537692
"2478",50.337449090531
"2479",32.3244044666939
"2480",37.5777538218265
"2481",25.350030882811
"2482",43.4996527770744
"2483",36.1767156487217
"2484",34.3430104369161
"2485",90.751298880512
"2486",71.6094182000112
"2487",101.239567111732
"2488",25.3372281076177
"2489",85.7466522827309
"2490",69.3321647208846
"2491",44.0598502258042
"2492",20.2926053125913
"2493",39.5928403180353
"2494",86.9471466107437
"2495",27.0266107559944
"2496",83.836807481703
"2497",46.2738469207485
"2498",75.814693971583
"2499",46.1581353651567
"2500",30.9840450839026
"2501",35.4322354941999
"2502",41.8660091327874
"2503",46.0912236245026
"2504",36.2248835242634
"2505",49.1186990078759
"2506",29.8695275834335
"2507",38.1924569006084
"2508",37.874555198618
"2509",32.2966290017043
"2510",62.0175975653831
"2511",52.8563801408025
"2512",115.391456622885
"2513",35.6983295357836
"2514",61.0511199826651
"2515",69.5015590214196
"2516",47.042916146363
"2517",75.1561562853196
"2518",67.2140758317788
"2519",38.9420738685003
"2520",40.5763744113259
"2521",74.8219656694423
"2522",108.054227255352
"2523",59.9485725573698
"2524",97.6577804233195
"2525",72.0252372143467
"2526",66.3729875021491
"2527",31.2543087553801
"2528",15.5000884680754
"2529",91.3247483003079
"2530",38.9937588773483
"2531",41.9556464041446
"2532",31.3601610047184
"2533",45.7625406964571
"2534",30.5090038784376
"2535",55.5785339028126
"2536",38.4298721027093
"2537",16.6521928067067
"2538",79.9847031068
"2539",17.8349893545058
"2540",42.9137928490413
"2541",49.5268851564321
"2542",9.08628404877557
"2543",54.8592171478342
"2544",17.1926953051064
"2545",61.3629509312618
"2546",74.914498820996
"2547",82.4635850098017
"2548",70.6207310734246
"2549",65.5587781806553
"2550",33.2612451973272
"2551",16.6324003515635
"2552",33.0777608101123
"2553",109.142012692091
"2554",107.792515678845
"2555",35.4116026694651
"2556",76.04751101825
"2557",17.0340992474361
"2558",15.3050244278856
"2559",88.1032845492405
"2560",41.4016785908946
"2561",15.7888647332369
"2562",59.3007252599886
"2563",52.8562330307023
"2564",70.8048207393627
"2565",47.2808460113961
"2566",34.143043547536
"2567",87.6033774846575
"2568",55.0333922991706
"2569",37.2853702057136
"2570",52.0528848199988
"2571",73.3058670714974
"2572",26.8012568909561
"2573",35.0639051126806
"2574",73.4266951270922
"2575",37.631373208169
"2576",60.0561642848027
"2577",33.1813031662404
"2578",25.1290195338192
"2579",12.5562423519166
"2580",40.8613561566655
"2581",61.0390890986501
"2582",35.9380377836358
"2583",86.7160026884423
"2584",40.6886784685534
"2585",69.6533971383092
"2586",50.9889525868865
"2587",54.8954089815372
"2588",45.9893742291571
"2589",77.790458133145
"2590",101.024329320038
"2591",27.456131097045
"2592",17.5174130476566
"2593",38.5249330382456
"2594",36.518376621689
"2595",34.2489306290673
"2596",47.2948781400332
"2597",10.7760949924345
"2598",31.7213351408214
"2599",38.2220122059955
"2600",71.634904253121
"2601",36.1106606517799
"2602",35.2247656443234
"2603",74.5048454069459
"2604",50.1164961625694
"2605",82.6893292645315
"2606",75.2235790268215
"2607",50.170598290217
"2608",23.3953187479891
"2609",55.5713071444934
"2610",39.0330384258579
"2611",29.2627154942882
"2612",47.6676252662063
"2613",29.8524800402778
"2614",21.92726232633
"2615",19.8988175686563
"2616",26.5118251129244
"2617",27.0785062373155
"2618",78.4042973021176
"2619",70.706692548916
"2620",117.780934548714
"2621",47.3880635010628
"2622",20.3821076238545
"2623",25.4183228988968
"2624",62.188621092824
"2625",88.6189119382755
"2626",17.2452354821626
"2627",33.9748320518356
"2628",16.1991001211553
"2629",38.8128612091221
"2630",13.0028956399823
"2631",58.5610521823264
"2632",56.9769930235956
"2633",65.4427312973695
"2634",22.5414246789531
"2635",56.8364280261499
"2636",54.5751093020575
"2637",32.8995291730941
"2638",57.7066966821103
"2639",45.77658234177
"2640",95.5103196067531
"2641",81.5555331201929
"2642",24.2995453022625
"2643",39.9450196725713
"2644",19.660173451453
"2645",88.1659490061321
"2646",37.4378480187243
"2647",66.2864017475491
"2648",89.961298880512
"2649",49.787229397164
"2650",60.2695940842336
"2651",42.7614380177502
"2652",53.06389096891
"2653",39.6301817447785
"2654",39.8073021028321
"2655",88.1184306269911
"2656",39.3372659032377
"2657",56.2353875726757
"2658",91.6764129390881
"2659",36.6398165601808
"2660",58.9922644318307
"2661",21.6915080408351
"2662",23.4165994304615
"2663",39.6115722957039
"2664",38.9188759026208
"2665",51.4669082860323
"2666",30.9892840075931
"2667",74.4761562853196
"2668",34.3584233477834
"2669",32.2437658356195
"2670",26.0605878809478
"2671",71.9488700518896
"2672",49.417843215814
"2673",36.5335113268688
"2674",53.4985723153262
"2675",36.6734360516664
"2676",31.3703456092286
"2677",50.7314729036569
"2678",27.6900129419003
"2679",98.224436837257
"2680",108.160124875806
"2681",116.314984284175
"2682",82.5470001807622
"2683",115.557109548896
"2684",72.5716158111955
"2685",25.3450131893758
"2686",42.7187668258939
"2687",24.8761363135827
"2688",27.0007126461954
"2689",45.2876988586963
"2690",25.8920656577944
"2691",35.7488674622893
"2692",28.0637003804938
"2693",48.928418110018
"2694",72.1476069372492
"2695",43.1601275605463
"2696",24.2607188525352
"2697",43.96190934474
"2698",45.401877781724
"2699",18.1793003621743
"2700",26.0454517170379
"2701",41.7999367359042
"2702",36.826271664441
"2703",34.7565888203425
"2704",63.8674593118491
"2705",39.3125298142375
"2706",37.1191479040279
"2707",70.3657382093812
"2708",34.1894169340752
"2709",90.8757153843021
"2710",24.6582312354792
"2711",61.2913062811501
"2712",18.0033587040305
"2713",37.3849015020564
"2714",31.1529633460303
"2715",146.382910240214
"2716",45.017062376835
"2717",104.702070425654
"2718",32.3666765544706
"2719",46.9598477356288
"2720",24.4165994304615
"2721",39.3399616365292
"2722",31.5966765544706
"2723",30.6503655304528
"2724",41.5805148022898
"2725",188.807509388416
"2726",55.0636444590011
"2727",32.8804100287799
"2728",50.8631657939983
"2729",66.0981504923771
"2730",73.0413958638806
"2731",64.4623866179718
"2732",33.7882542036965
"2733",52.6831385124513
"2734",42.0941004788365
"2735",63.5538021704138
"2736",20.7179514110783
"2737",34.1745331856508
"2738",37.6760420220147
"2739",124.968343276515
"2740",29.7906030744308
"2741",45.6974799707779
"2742",52.753281765449
"2743",74.7613546025035
"2744",60.773357715376
"2745",45.9984388107747
"2746",29.4889067603103
"2747",42.7952799147216
"2748",69.6969616637778
"2749",56.0457119052508
"2750",82.905101673565
"2751",96.9830881491443
"2752",31.7972369227658
"2753",58.9901198262865
"2754",47.5995888184505
"2755",44.6185576021848
"2756",45.5710833164483
"2757",49.71307374971
"2758",41.3582646297618
"2759",56.762742657338
"2760",63.3551798002115
"2761",33.5222757962116
"2762",109.086172801552
"2763",25.219801806575
"2764",59.622472070585
"2765",72.932074518432
"2766",41.4494139535888
"2767",27.9413284278941
"2768",17.1607950427947
"2769",39.0820458548678
"2770",49.0060549639734
"2771",43.2714304285374
"2772",31.386575707119
"2773",90.2484302935975
"2774",48.7797346735187
"2775",32.9706493565162
"2776",44.6433160366242
"2777",36.0240546602102
"2778",46.612810608682
"2779",128.881114317193
"2780",55.0555861448266
"2781",126.467072606435
"2782",29.9721591368696
"2783",18.4174807543037
"2784",19.4093474007434
"2785",86.9237982516573
"2786",35.8605073808006
"2787",23.9606200987894
"2788",52.7901711025769
"2789",39.1696870737054
"2790",65.9690008314725
"2791",82.8066785617015
"2792",18.3424952151758
"2793",26.3582209368447
"2794",25.1560278249719
"2795",44.1064730972817
"2796",38.2447764389122
"2797",22.2424833406385
"2798",72.9123497440777
"2799",68.6081937999221
"2800",39.1994646961458
"2801",37.5289742373724
"2802",81.0855933063051
"2803",60.9872891443238
"2804",53.3941526709376
"2805",40.6415640501313
"2806",45.4401434626951
"2807",16.4274778172123
"2808",21.5221165481673
"2809",23.9064793381759
"2810",38.2725668558435
"2811",21.9745290832335
"2812",34.9957949340287
"2813",51.5010889167764
"2814",40.6466767262132
"2815",40.829853331372
"2816",56.2569490666909
"2817",39.133108052337
"2818",29.3536994698206
"2819",29.169983518174
"2820",34.7395911764797
"2821",44.6477553968216
"2822",38.9763563785372
"2823",42.6413910613487
"2824",42.0458783148741
"2825",37.1614432762444
"2826",38.1163481778749
"2827",67.5065916011672
"2828",127.433478868711
"2829",34.6000341302511
"2830",37.3822694321895
"2831",37.2916853534336
"2832",16.7589535179498
"2833",26.5629511476325
"2834",32.5518202737978
"2835",71.6610396707364
"2836",21.6280871876544
"2837",24.5732431344031
"2838",69.8541797310678
"2839",63.7380813735735
"2840",37.9097820240618
"2841",42.456660847717
"2842",77.2746751711649
"2843",106.832732963339
"2844",111.562631206097
"2845",39.9019496575265
"2846",28.4587242270304
"2847",47.5397016563666
"2848",57.7389801418837
"2849",31.6659866007255
"2850",32.4708017873381
"2851",34.9141528627579
"2852",115.15015724109
"2853",42.9817163562378
"2854",36.1048208773621
"2855",48.7838123818561
"2856",17.5634554871218
"2857",29.645408143421
"2858",28.4460030874883
"2859",24.0525118018148
"2860",24.1105074419445
"2861",42.463451611807
"2862",30.3462264342052
"2863",39.9751097828307
"2864",42.8104227523463
"2865",19.72034125235
"2866",28.2637161187366
"2867",51.0247312894359
"2868",78.1247031068
"2869",21.4007296503918
"2870",50.1296570448464
"2871",69.2696149835666
"2872",104.693805375255
"2873",56.5382658737994
"2874",32.6287395534371
"2875",89.6293435747899
"2876",24.9779667407788
"2877",19.1869802354719
"2878",18.9951401333032
"2879",63.2223676574788
"2880",150.459323614125
"2881",160.931142891351
"2882",45.0342682743003
"2883",37.2905941095238
"2884",39.4464087752251
"2885",55.9301505542833
"2886",46.3405853269173
"2887",24.5851846687705
"2888",49.1662508847266
"2889",17.361601085902
"2890",64.3197330640912
"2891",84.6294224448299
"2892",51.668418110018
"2893",30.0522587665712
"2894",35.556920926547
"2895",46.6998054562726
"2896",50.196451323285
"2897",13.8780901957274
"2898",63.4753403784174
"2899",66.4541661607267
"2900",17.186301664547
"2901",45.1632328075989
"2902",44.9123201607261
"2903",40.3432044642922
"2904",46.9955618804509
"2905",130.457388047121
"2906",82.7416061020844
"2907",21.1637171110213
"2908",79.2317940057018
"2909",21.7132603011314
"2910",78.9764316211537
"2911",39.0353306438848
"2912",21.9572026314398
"2913",51.7176840453688
"2914",48.4966825252382
"2915",54.7196833464655
"2916",52.3031138025026
"2917",142.853468819343
"2918",60.2531004762443
"2919",28.9695275834335
"2920",48.7282973688515
"2921",49.6335470836754
"2922",82.2159303294412
"2923",45.4317982627992
"2924",71.7261612210385
"2925",23.589521738183
"2926",42.1240119603939
"2927",33.6310124876321
"2928",31.0738518994048
"2929",40.5116026694651
"2930",29.793167236262
"2931",67.2298717186484
"2932",40.6166973584064
"2933",92.102365914438
"2934",44.8038469207485
"2935",28.4694540838173
"2936",41.8721005856264
"2937",67.3731001385851
"2938",23.4121678875313
"2939",22.0322481240638
"2940",95.5561678235786
"2941",28.4291990868271
"2942",25.733721695815
"2943",31.206127899169
"2944",54.8845902108231
"2945",52.0969082860323
"2946",70.8280168418538
"2947",56.4784200661483
"2948",27.4505980710567
"2949",26.1927743044557
"2950",86.4340850732052
"2951",19.1124255091146
"2952",34.1573637359087
"2953",58.5338886739193
"2954",81.8529788671702
"2955",60.0809628080094
"2956",40.6930773106304
"2957",49.5372018903035
"2958",40.0496414983471
"2959",130.037426353668
"2960",19.4971010563027
"2961",87.0780885302789
"2962",82.1805075903743
"2963",36.30853596866
"2964",64.4297762041405
"2965",59.1057145563177
"2966",67.6011932900839
"2967",63.866931572726
"2968",94.0896914932147
"2969",50.9857596262388
"2970",37.3472611959781
"2971",12.9636891294018
"2972",28.4411188109943
"2973",39.7142725983155
"2974",29.7333567098346
"2975",56.1547574067865
"2976",30.8847550489921
"2977",47.2672342264506
"2978",43.1754668138407
"2979",36.0383768000445
"2980",24.8544904148388
"2981",23.3653198037422
"2982",46.832894367703
"2983",110.837755577909
"2984",25.7262829379432
"2985",29.3937388242711
"2986",71.5722831676922
"2987",30.811304897487
"2988",49.4252034686841
"2989",77.4897015356895
"2990",72.2320774534529
"2991",69.8584963970495
"2992",92.1670211416741
"2993",43.968799715358
"2994",58.0863539246668
"2995",24.4735187022614
"2996",48.4545684509068
"2997",81.4155331201929
"2998",42.18027165787
"2999",99.9125165732828
"3000",50.4709852225053
"3001",30.0701320790318
"3002",48.5818011684118
"3003",79.5290050444254
"3004",169.354847826148
"3005",35.9435969963578
"3006",88.8297148267967
"3007",51.0227317204813
"3008",47.8862898258379
"3009",59.8955248526315
"3010",28.7152573261412
"3011",23.3489289463217
"3012",17.9086419759437
"3013",47.980300508573
"3014",61.9379803728984
"3015",31.4016767454126
"3016",45.6778033579447
"3017",27.0512189439503
"3018",30.9663102699201
"3019",45.1369970612397
"3020",39.613417506965
"3021",30.5321109191484
"3022",39.6099101703492
"3023",44.32875597766
"3024",35.1236785260411
"3025",87.7793435747899
"3026",34.0391998975529
"3027",79.0161266655455
"3028",68.2111375022927
"3029",21.511279076601
"3030",22.5596490577433
"3031",35.0597038643579
"3032",130.744165650093
"3033",24.6763951306079
"3034",13.6527863616892
"3035",22.6104178509271
"3036",58.949407425699
"3037",97.3979106800583
"3038",17.4120110438113
"3039",78.4636637593361
"3040",29.5408063109932
"3041",59.0436441806607
"3042",54.8742968373403
"3043",50.5686981182926
"3044",58.8607543917001
"3045",32.7685455506521
"3046",84.7920379618406
"3047",65.1457856960082
"3048",16.1906881368813
"3049",41.6198781742104
"3050",45.7690468878504
"3051",37.8623458046688
"3052",15.6850008571405
"3053",115.122504196513
"3054",37.5466510194099
"3055",93.2771623787077
"3056",53.1141857279085
"3057",30.0138992759442
"3058",41.9201239208234
"3059",40.4731700336333
"3060",54.5160933887501
"3061",52.2920150966909
"3062",65.4813182145506
"3063",37.4375570621443
"3064",34.1967997673381
"3065",32.6112116423821
"3066",53.1540935153783
"3067",26.7168075566438
"3068",61.7019667073719
"3069",31.2864992304266
"3070",53.3712065046411
"3071",57.3777413641737
"3072",85.2838615001835
"3073",56.8980013835203
"3074",42.956988494965
"3075",34.4164923786126
"3076",32.500932090486
"3077",33.814609139151
"3078",50.6835629334379
"3079",19.2485521477589
"3080",83.0248190292463
"3081",38.5908233858156
"3082",28.8738553909356
"3083",42.3235895117203
"3084",45.9512497891832
"3085",44.8858978322133
"3086",81.149081477261
"3087",68.6069590771671
"3088",108.168445839828
"3089",13.5247042460358
"3090",58.0791515701902
"3091",112.416841887862
"3092",33.4306493565162
"3093",52.8426662338485
"3094",81.4546114051772
"3095",75.6699966396306
"3096",45.2954441470875
"3097",21.169224840385
"3098",15.9335532474089
"3099",29.1498305520668
"3100",46.5165320266703
"3101",53.9277029020184
"3102",65.6693542399401
"3103",40.1283698625573
"3104",35.393724497984
"3105",58.7435833238879
"3106",54.9251093020575
"3107",114.782428974878
"3108",17.1812601938864
"3109",64.1672128533023
"3110",62.9687122385296
"3111",22.8012276287187
"3112",46.2720356379562
"3113",97.3081636871752
"3114",39.9821084909602
"3115",47.7839722469466
"3116",55.9676708370775
"3117",44.8186771763095
"3118",63.0123096778858
"3119",36.3352137319664
"3120",27.1993013685098
"3121",78.9464350148328
"3122",28.6133428048812
"3123",47.2323217064311
"3124",58.4975657950594
"3125",40.4396613595114
"3126",20.295044409243
"3127",44.8680631714997
"3128",80.7143436492023
"3129",15.5516200362644
"3130",89.0096812197312
"3131",74.7419541455559
"3132",52.4256850439619
"3133",67.7957856960082
"3134",30.6062391130937
"3135",60.3376424781757
"3136",47.1918011684118
"3137",33.7266856285791
"3138",58.4533922991706
"3139",55.3576705603116
"3140",94.0647847820306
"3141",76.741945931806
"3142",70.0110144135101
"3143",25.82369627056
"3144",50.4033405081684
"3145",36.9253524029232
"3146",49.2917210845047
"3147",35.176271664441
"3148",64.3100910488567
"3149",122.537894906542
"3150",71.919995174376
"3151",38.2520055040601
"3152",135.609292348731
"3153",21.3080871876544
"3154",51.4243313260205
"3155",17.211191714571
"3156",18.7305482672399
"3157",41.9899631610399
"3158",51.9792131315513
"3159",79.6416836903464
"3160",33.6914178692326
"3161",26.9143655985745
"3162",40.5832431215791
"3163",27.7205244726303
"3164",51.0637943701647
"3165",41.0687503161348
"3166",30.9993778653167
"3167",24.0253164447287
"3168",70.8745458896113
"3169",71.2510012398073
"3170",55.2546356020029
"3171",88.1811376042282
"3172",47.6255623915277
"3173",54.2610946707155
"3174",59.2132392573015
"3175",37.4012739116565
"3176",46.8919389067412
"3177",44.5721593385786
"3178",43.6402047670235
"3179",36.2131049933651
"3180",39.4483216760663
"3181",72.5310168509684
"3182",70.300091243433
"3183",126.90921974124
"3184",33.0479177796591
"3185",40.8730624361619
"3186",38.1853702057136
"3187",62.4686373058857
"3188",151.942370535186
"3189",30.5373128128627
"3190",72.3996862409574
"3191",67.5573721149367
"3192",37.3383917985025
"3193",30.7280853386511
"3194",27.5577377419401
"3195",19.1763857747314
"3196",38.0273749707078
"3197",106.794356424659
"3198",63.7672196379334
"3199",35.5790969294096
"3200",39.5760950913745
"3201",60.9878606550365
"3202",77.186920938072
"3203",52.3459280755679
"3204",24.9465148806453
"3205",72.6447697726123
"3206",119.051535597119
"3207",32.1003853875645
"3208",25.2930962797261
"3209",90.1398071295442
"3210",39.0251762985318
"3211",52.2480073235606
"3212",71.9599014364796
"3213",40.5844422366255
"3214",35.3846691038699
"3215",37.8362024681015
"3216",69.4761847222592
"3217",34.9840415591983
"3218",93.9870803512119
"3219",28.3201320790318
"3220",19.593118160158
"3221",33.3634400130438
"3222",22.6752070448496
"3223",38.3438856409452
"3224",70.6091478806694
"3225",27.1365724950628
"3226",68.5594361457484
"3227",23.4928297569043
"3228",51.0325518122281
"3229",26.2541819054393
"3230",102.160741598453
"3231",65.7024645974936
"3232",53.2442217938138
"3233",41.4082024148175
"3234",46.9163455759186
"3235",41.8629450959378
"3236",54.7701145130654
"3237",25.0461802329159
"3238",46.493330049362
"3239",59.3729509312618
"3240",33.1568134322731
"3241",67.6879335837111
"3242",109.854704781185
"3243",39.9158390887541
"3244",24.7842009132184
"3245",45.6785094321659
"3246",32.56253882743
"3247",125.203139226286
"3248",60.7268360797237
"3249",153.761365235458
"3250",54.6612284482513
"3251",48.2183437368003
"3252",51.9655770045609
"3253",20.6496030955259
"3254",55.0252994730185
"3255",44.95252463528
"3256",49.0642288446456
"3257",23.7809475842815
"3258",82.6159846342609
"3259",84.4692500183336
"3260",67.5276777868922
"3261",57.7705634930921
"3262",37.6287677163161
"3263",20.6337101091494
"3264",76.48161633174
"3265",53.273230322116
"3266",100.00097800773
"3267",20.0600482011767
"3268",13.8397338543936
"3269",29.2925144365321
"3270",170.650907466039
"3271",38.5676423740671
"3272",81.3547828047889
"3273",82.331344124523
"3274",19.9386302635948
"3275",61.0960742026775
"3276",22.2550735294414
"3277",65.9427312973695
"3278",26.3710752217271
"3279",36.1594978165062
"3280",43.1078064450993
"3281",23.9589959102228
"3282",32.2488426616982
"3283",71.0095839542398
"3284",54.1846373182552
"3285",29.6418810570533
"3286",18.6594814329921
"3287",23.0452546436749
"3288",55.9578155937174
"3289",26.2827302626235
"3290",67.0393216725207
"3291",56.586146066406
"3292",18.7935570073573
"3293",92.7407997365803
"3294",61.0222325789171
"3295",91.8820792980669
"3296",69.1559601298141
"3297",107.532012692091
"3298",52.9411333183899
"3299",23.4620592446555
"3300",34.5896971428049
"3301",28.485435110387
"3302",31.6236341387077
"3303",51.5166829358468
"3304",44.773451611807
"3305",49.1149587088294
"3306",83.8320231911401
"3307",52.8231138025026
"3308",67.0006946205818
"3309",123.678880750309
"3310",30.2904953401681
"3311",43.2300937366829
"3312",81.3223807045709
"3313",31.65718895604
"3314",78.0564350148328
"3315",14.2300147089946
"3316",25.6611062430263
"3317",33.5047196297931
"3318",38.7339192031334
"3319",28.6904094541964
"3320",27.0211500884913
"3321",95.5963267866997
"3322",47.6910136697353
"3323",66.4926698678332
"3324",32.388346788186
"3325",26.9235029551604
"3326",73.2008639336641
"3327",53.7298183100876
"3328",81.9846751711649
"3329",116.253831105561
"3330",41.4188323882919
"3331",29.194078240761
"3332",55.8360562879119
"3333",35.7479285570363
"3334",53.5139652791198
"3335",89.4419828012247
"3336",23.3100691093344
"3337",53.8063801408025
"3338",28.4665780004441
"3339",30.90927757395
"3340",34.3283402638247
"3341",88.1932845492405
"3342",27.6513284278941
"3343",42.934317434008
"3344",31.5141060445012
"3345",56.0660051378338
"3346",64.2761563237184
"3347",53.9859104211888
"3348",19.028351752649
"3349",95.6967240055603
"3350",47.7211689717216
"3351",92.8547847820306
"3352",41.7739243148764
"3353",23.775331779711
"3354",41.9177591955614
"3355",67.9451011455705
"3356",33.1554826714669
"3357",42.8191108898004
"3358",41.1710920813376
"3359",31.660846961251
"3360",47.3982366538878
"3361",16.9213444805093
"3362",52.92359458753
"3363",50.2268451405479
"3364",45.9757132637406
"3365",85.6525294320957
"3366",28.230407103331
"3367",11.565655636522
"3368",16.2213180141246
"3369",40.1689014523602
"3370",50.8345074702181
"3371",28.7345421867236
"3372",74.3597050641149
"3373",65.7636873162017
"3374",51.3544617017846
"3375",77.8176486554947
"3376",53.5061153109554
"3377",143.354191073067
"3378",43.6457733961506
"3379",76.124708363392
"3380",97.415256100634
"3381",30.9084859151923
"3382",89.7803608405198
"3383",30.0699722127807
"3384",18.6254978225278
"3385",47.0921499001215
"3386",14.8087625274838
"3387",17.7063610920353
"3388",43.6399367359042
"3389",65.6218391098803
"3390",53.66359458753
"3391",84.548323142891
"3392",74.855345050857
"3393",26.1483320243109
"3394",107.452732062989
"3395",38.1045387526222
"3396",41.461699377124
"3397",36.8354493240934
"3398",54.6191165401635
"3399",45.9491070255105
"3400",47.2093789307605
"3401",25.6973949837903
"3402",29.0198483701406
"3403",41.2201857190939
"3404",48.3441040981865
"3405",35.5356899243508
"3406",77.517985831748
"3407",32.1992387399034
"3408",46.1695891007519
"3409",55.832123075421
"3410",23.4766296289304
"3411",51.2527317204813
"3412",114.962401150287
"3413",23.5456023456923
"3414",44.2464999077988
"3415",44.8364756134886
"3416",30.5895062285653
"3417",35.9922089001872
"3418",49.3720808505153
"3419",135.670003717715
"3420",98.8693775026897
"3421",46.4976930759414
"3422",33.807003608604
"3423",44.5408380345013
"3424",66.4689678633922
"3425",54.192123075421
"3426",65.9057677226906
"3427",31.0874103109142
"3428",152.681194907943
"3429",39.4086042553044
"3430",72.7948442231224
"3431",60.7480921199279
"3432",27.7867157445911
"3433",28.5951478655981
"3434",65.7941914114381
"3435",67.825036832352
"3436",46.6853065532846
"3437",23.109224840385
"3438",42.8406765923638
"3439",48.3833978832058
"3440",99.2190637799785
"3441",37.8326583052761
"3442",61.9002390802414
"3443",133.244521950399
"3444",24.9145658674768
"3445",83.9476714837276
"3446",64.4599641846129
"3447",70.0577633803799
"3448",23.9819771274619
"3449",51.3377493799804
"3450",45.7862360211675
"3451",56.336820747234
"3452",23.2626658733299
"3453",45.7674720887914
"3454",28.8837183577891
"3455",44.6581198879212
"3456",38.5775570621443
"3457",76.0422236681815
"3458",39.3073579291326
"3459",37.4046417699648
"3460",44.1308786884091
"3461",90.1912967844483
"3462",20.6385196651248
"3463",85.0146573984689
"3464",32.2577320184601
"3465",41.6001007591334
"3466",48.2111689717216
"3467",26.1158857230013
"3468",48.7420808505153
"3469",39.7975783555835
"3470",14.9959074351163
"3471",48.4447486264151
"3472",42.6741004788365
"3473",38.1297379815899
"3474",89.1377101348307
"3475",68.5108347288805
"3476",35.6064986775404
"3477",38.3646417699648
"3478",45.9334885848017
"3479",33.2620058714023
"3480",78.8774070254812
"3481",34.5334330895697
"3482",123.13192588961
"3483",33.5331730750483
"3484",37.2501399225644
"3485",66.8407507055776
"3486",34.6589520642113
"3487",23.6202766330868
"3488",13.8292900222683
"3489",70.9359279937477
"3490",112.51046849395
"3491",26.7778361216755
"3492",22.0520378063074
"3493",36.4411111204669
"3494",17.4493440064716
"3495",61.1088180543735
"3496",53.9389736716755
"3497",35.6428153864374
"3498",36.0705646367531
"3499",41.4329571144217
"3500",58.106512844121
"3501",40.6910469223426
"3502",100.761488616615
"3503",23.4286150240105
"3504",52.9626158385722
"3505",32.431304897487
"3506",35.9717943884975
"3507",29.1037065155926
"3508",50.540300508573
"3509",35.0985048239648
"3510",62.6273867690493
"3511",81.8659282934351
"3512",29.3698224646908
"3513",27.1129687883224
"3514",89.3509806387991
"3515",133.455839558585
"3516",38.7834059671342
"3517",49.4173289572237
"3518",112.206736925465
"3519",73.3722156516601
"3520",67.9539476974809
"3521",86.3519511988036
"3522",129.032279005891
"3523",18.077968681844
"3524",15.4489135795327
"3525",144.008481977789
"3526",27.3138088673155
"3527",22.7135113873226
"3528",15.0076968651436
"3529",57.7692514916056
"3530",36.4372693521966
"3531",49.7857995119586
"3532",29.2397015845913
"3533",69.1117129974335
"3534",66.6270909752539
"3535",41.6167503517096
"3536",36.9501275605463
"3537",95.8973385554775
"3538",29.8185340485999
"3539",40.5120117823558
"3540",98.4445474838302
"3541",41.9354441470875
"3542",27.8191370773472
"3543",28.3022718681668
"3544",40.0032508105691
"3545",144.662183471842
"3546",47.4156012223688
"3547",52.0281353651567
"3548",55.9631286854543
"3549",31.9714604600132
"3550",46.5726953551231
"3551",30.3105244726303
"3552",27.8905244726303
"3553",28.1644843946568
"3554",27.5745145074661
"3555",26.6882209368447
"3556",54.5908861956862
"3557",95.4916339964598
"3558",33.5651107128009
"3559",79.6574644206567
"3560",43.7372134049866
"3561",43.6956477867515
"3562",64.2647661444962
"3563",25.6150903915262
"3564",110.312732963339
"3565",42.6684869272638
"3566",33.0506004270937
"3567",28.6201846981797
"3568",51.3641398807653
"3569",119.011535597119
"3570",25.7175053151322
"3571",48.9871533470988
"3572",28.4000677730178
"3573",38.9809829079095
"3574",55.2126911141886
"3575",37.4410715427234
"3576",28.2950467328596
"3577",112.079904929814
"3578",21.9659407451334
"3579",40.8223897854988
"3580",44.6421948404595
"3581",49.1323509332134
"3582",34.1382828682144
"3583",231.053627143864
"3584",37.8981375171413
"3585",97.808801546449
"3586",24.0646687314055
"3587",33.4072693521966
"3588",72.34355526923
"3589",66.190688876583
"3590",24.8922756770021
"3591",39.8444092663434
"3592",23.409752313155
"3593",20.1837685239862
"3594",45.480196445399
"3595",38.0689138475563
"3596",65.8665856118591
"3597",123.184647286989
"3598",68.691165806033
"3599",32.6716391769237
"3600",59.8909691137062
"3601",25.8285813012703
"3602",19.2434542898854
"3603",23.5152404853556
"3604",51.8510035447197
"3605",70.3662538945693
"3606",57.9620978248295
"3607",70.985366721989
"3608",69.2901110834366
"3609",63.8418200659803
"3610",21.7998224795821
"3611",82.9686182112312
"3612",25.6769874131527
"3613",85.3346150960865
"3614",51.4094750600674
"3615",26.2081276894086
"3616",43.9350280323334
"3617",51.8706527704681
"3618",70.5645276546092
"3619",17.5116205648192
"3620",47.5346085528799
"3621",55.1131522756066
"3622",18.743118160158
"3623",50.1139276508567
"3624",41.6426574292358
"3625",32.0391767113734
"3626",51.8063959209782
"3627",35.986468881112
"3628",59.7122546265233
"3629",43.4729997835154
"3630",37.5487469744221
"3631",55.501780923716
"3632",59.6729240345412
"3633",42.0829571144217
"3634",40.9455637419918
"3635",45.2140208429772
"3636",51.379745486775
"3637",30.285142708334
"3638",56.2948896631543
"3639",23.5341442000147
"3640",20.8667440937431
"3641",69.960239619592
"3642",40.1332013685486
"3643",36.014308503858
"3644",83.6652551614328
"3645",48.9488985604253
"3646",46.8532942539703
"3647",91.9625218828154
"3648",22.0668267328289
"3649",37.2052979606763
"3650",17.6560819840231
"3651",14.9043126840056
"3652",22.9301962452827
"3653",30.4500974254141
"3654",16.9499805937725
"3655",35.8500046188124
"3656",32.0285962649018
"3657",38.1529487996695
"3658",70.2836170311722
"3659",48.0503769891552
"3660",26.3198923791881
"3661",110.746918344542
"3662",58.1425157247424
"3663",18.5286912666203
"3664",39.1796870737054
"3665",38.4906155707676
"3666",50.5093163061644
"3667",41.876434535036
"3668",172.951546374188
"3669",63.83444284088
"3670",29.8098865427628
"3671",50.2483801116919
"3672",16.1330902638744
"3673",79.5452551614328
"3674",55.5714565469163
"3675",40.4690817350349
"3676",133.351724875094
"3677",41.6774245170141
"3678",18.5609141206397
"3679",42.8065407373667
"3680",104.530611259869
"3681",39.2677591955614
"3682",67.349442147316
"3683",37.7648563552916
"3684",91.116278373086
"3685",48.7852776850344
"3686",54.3350266074047
"3687",36.5280254552835
"3688",29.8083155079054
"3689",40.9111269248271
"3690",71.6563358289789
"3691",21.2629271341758
"3692",116.266982764457
"3693",43.119449764701
"3694",54.4271165401746
"3695",61.5286373058857
"3696",26.5184622455929
"3697",58.02014336756
"3698",88.0171466107437
"3699",38.3445768540058
"3700",101.356959093199
"3701",15.7972995790629
"3702",23.4835831574736
"3703",52.0992248626245
"3704",32.1542156619542
"3705",54.7535217677545
"3706",17.9486597056085
"3707",52.5542684833394
"3708",22.4441643587971
"3709",21.3546609703002
"3710",144.423468819343
"3711",133.332210581619
"3712",44.589718403729
"3713",26.6011526969589
"3714",49.7402820751157
"3715",39.9485839825774
"3716",66.876905993327
"3717",88.4763506158686
"3718",75.9579213203855
"3719",110.685851265165
"3720",57.9866831181775
"3721",32.4628391691684
"3722",19.9712918530494
"3723",66.5157675279725
"3724",21.3349907985429
"3725",57.741366808716
"3726",23.816197603125
"3727",118.100799469252
"3728",34.1785139464982
"3729",51.5841139058879
"3730",81.5506561066432
"3731",119.591083734525
"3732",89.344769188391
"3733",33.8609867823252
"3734",77.4892711107698
"3735",44.7954762898927
"3736",16.8175122173316
"3737",29.3081381870101
"3738",43.7315526401971
"3739",45.2227448191951
"3740",53.292856657452
"3741",29.9982516283633
"3742",35.2403338261849
"3743",40.8458783148741
"3744",84.33193844662
"3745",92.7346070457331
"3746",41.7408358956561
"3747",52.190385763965
"3748",60.9403178721594
"3749",69.2830257336812
"3750",46.960196445399
"3751",48.1063348814626
"3752",36.5511465426622
"3753",42.9457260852593
"3754",55.8411199826651
"3755",15.7397088509522
"3756",50.8033113848386
"3757",31.2814434957091
"3758",16.583748035181
"3759",112.626918344542
"3760",84.2247172258096
"3761",34.2411901122861
"3762",54.0129623546097
"3763",78.5041080815846
"3764",19.898669684539
"3765",72.2360589083439
"3766",55.8008469138629
"3767",45.3492963287243
"3768",25.2911526969589
"3769",40.2573749707078
"3770",28.8993799694824
"3771",58.0996902549389
"3772",77.5030601990317
"3773",27.9147372704987
"3774",68.4951011455705
"3775",40.3333497982882
"3776",52.2426280187247
"3777",102.163794902264
"3778",22.9352546436749
"3779",71.0830199302235
"3780",23.8615659618775
"3781",56.5207543917001
"3782",141.073456142915
"3783",66.9339476974809
"3784",46.1661553269197
"3785",62.3752252169447
"3786",35.8843102371971
"3787",17.510670801226
"3788",27.3975853876385
"3789",57.2682003372609
"3790",108.98558313064
"3791",28.7236730352091
"3792",47.7836178476329
"3793",57.2110521823264
"3794",41.2251402856095
"3795",55.7880130395701
"3796",88.3010276546093
"3797",40.5658780517487
"3798",29.2951593443162
"3799",125.069156018373
"3800",112.038633356374
"3801",86.2239832894513
"3802",39.6082504351194
"3803",112.03122897429
"3804",84.7237625128981
"3805",69.9517639528392
"3806",38.5762379710165
"3807",116.323585307034
"3808",116.157069196968
"3809",91.0571266434195
"3810",47.4723217064311
"3811",42.3279192571851
"3812",41.7798357887828
"3813",21.8625552850342
"3814",24.6732168657697
"3815",77.8047479391555
"3816",23.1646687314055
"3817",42.4321593385786
"3818",39.2508497294985
"3819",60.121973785263
"3820",39.9780336955127
"3821",22.9869286021917
"3822",89.8971945733337
"3823",69.4690513979499
"3824",78.3456519502216
"3825",18.8006957815156
"3826",82.4684931007234
"3827",44.2507050912945
"3828",40.8939245443862
"3829",52.8293584329738
"3830",46.609610130992
"3831",35.9341412222333
"3832",32.2793778653167
"3833",26.9478722509023
"3834",41.1018489378891
"3835",100.987450473021
"3836",26.7169264706225
"3837",42.7535709828215
"3838",65.7126981125834
"3839",43.0577077659597
"3840",68.2061703691975
"3841",38.011992115466
"3842",74.2965906036703
"3843",109.739335608668
"3844",72.5460268992369
"3845",28.217200183727
"3846",43.4777553968216
"3847",21.0361909028745
"3848",32.6498984551976
"3849",43.0556464041446
"3850",120.319862802591
"3851",51.4874394510872
"3852",52.4568956711948
"3853",86.6010482410943
"3854",116.825773830772
"3855",108.236222072066
"3856",128.871592168451
"3857",53.6803403852837
"3858",70.322020649642
"3859",26.8402132085945
"3860",27.1463989017941
"3861",50.1152333825618
"3862",16.9592110981498
"3863",99.4200336996613
"3864",80.0512249118036
"3865",33.7889991981386
"3866",56.3861835500303
"3867",30.2727859897882
"3868",56.6008861956862
"3869",59.7316919620831
"3870",24.3471325214904
"3871",31.234623805731
"3872",62.9054553127414
"3873",62.4668360797237
"3874",40.2088476545193
"3875",77.9692711107698
"3876",51.8394700867628
"3877",81.1962548304834
"3878",37.6163744113259
"3879",34.2649131077467
"3880",123.134343497832
"3881",62.1697762041405
"3882",25.9995516071215
"3883",22.4418906168603
"3884",22.8693979705157
"3885",48.8691529859975
"3886",53.9579412572369
"3887",66.8641800308425
"3888",119.49831039712
"3889",45.5252960368018
"3890",129.550388868205
"3891",74.8374644206567
"3892",54.63389096891
"3893",22.1141246548011
"3894",49.7175750764819
"3895",24.877613244315
"3896",19.0631625299965
"3897",36.3467556199165
"3898",28.7615795580831
"3899",45.1622278618532
"3900",31.2068199989003
"3901",41.7505148022898
"3902",40.2988323882919
"3903",23.6307175522975
"3904",38.4728889802261
"3905",43.2900039467467
"3906",63.5219610942885
"3907",25.2230670133865
"3908",68.0391573169288
"3909",25.1095533388103
"3910",37.671510058462
"3911",161.110726502421
"3912",37.2400341302511
"3913",65.5053664544883
"3914",22.425782987043
"3915",73.7199531851097
"3916",39.7256650031211
"3917",33.7816467914337
"3918",44.2140175902111
"3919",38.6083597578367
"3920",32.0842712557832
"3921",77.1502690126999
"3922",40.3844231532997
"3923",87.8505866911367
"3924",30.3625388590697
"3925",39.8901399225644
"3926",68.7001864338443
"3927",70.2063363396316
"3928",49.8644627086279
"3929",44.7770084612328
"3930",79.987627009763
"3931",109.917711370973
"3932",63.0285222668592
"3933",41.6772576550998
"3934",32.5496864730017
"3935",22.1371957573707
"3936",43.1101007591334
"3937",92.1400551108731
"3938",66.9073721149367
"3939",41.8873870861611
"3940",118.039613662567
"3941",72.5483555276025
"3942",40.2812167202226
"3943",89.3871945733337
"3944",36.8542264260929
"3945",26.4537183577891
"3946",27.4706455357879
"3947",18.4072487576943
"3948",84.085830327385
"3949",47.4728072142283
"3950",31.2865957216858
"3951",21.2820470478031
"3952",37.8587759313803
"3953",42.2774443492555
"3954",38.7085327689889
"3955",32.2231956098923
"3956",38.9620347118089
"3957",25.4996374749102
"3958",32.9440559300225
"3959",56.1756996575604
"3960",58.8463671005309
"3961",43.7259837352124
"3962",91.0597699399954
"3963",30.7039058420656
"3964",253.75737992038
"3965",41.9239832536675
"3966",21.0118906168603
"3967",31.0339030840824
"3968",14.2956070169555
"3969",32.8614849975849
"3970",44.5659501287196
"3971",55.0548127103061
"3972",59.4990890986501
"3973",20.0379611801083
"3974",23.268994782837
"3975",91.0287496015289
"3976",39.9067184222522
"3977",41.1281397668192
"3978",37.1085379001184
"3979",33.9554084215177
"3980",36.7657793764975
"3981",79.5442147361257
"3982",30.0851586975255
"3983",161.284650113316
"3984",100.696628107621
"3985",21.5294426929287
"3986",66.050688876583
"3987",35.9630384258579
"3988",56.0673231454288
"3989",30.3025834351392
"3990",24.3250903915262
"3991",69.2386690342833
"3992",55.0569628518313
"3993",68.9769616637778
"3994",23.8484834785755
"3995",35.5137629573205
"3996",71.8461612210385
"3997",57.6273001258314
"3998",31.3429526113275
"3999",26.0363591543905
"4000",49.4473193647451
"4001",44.6292963287243
"4002",17.4134670248597
"4003",31.0373128128627
"4004",150.778199521736
"4005",53.44982065513
"4006",59.7842968373403
"4007",106.603805375255
"4008",26.7565239516943
"4009",34.4059957010417
"4010",62.4975867246999
"4011",29.7676775301065
"4012",41.0739805727519
"4013",93.0902884537079
"4014",25.773397714324
"4015",32.1857524164206
"4016",39.808235970964
"4017",100.557081459667
"4018",47.2822673646098
"4019",26.1792305170188
"4020",14.4338962152535
"4021",25.4859413511601
"4022",50.8749577448871
"4023",34.6771176429081
"4024",55.6602117145143
"4025",82.4260849746418
"4026",46.1171334021032
"4027",26.3364901274279
"4028",37.1944659719034
"4029",32.6668160794045
"4030",21.6847727525062
"4031",114.995029878425
"4032",135.051639036376
"4033",53.9401505542833
"4034",30.8757913038843
"4035",20.2011227753688
"4036",40.8235098361323
"4037",17.4908886621871
"4038",30.2343087553801
"4039",66.0270785559826
"4040",47.2956806013998
"4041",48.846789506255
"4042",24.7590777846391
"4043",24.0585076475506
"4044",30.191310571234
"4045",20.1663873105492
"4046",59.3065917933443
"4047",39.5945383508162
"4048",76.4804803149395
"4049",91.4280897806542
"4050",50.1609643266264
"4051",35.545736597524
"4052",20.5515080408351
"4053",85.3052442840038
"4054",57.3716291150861
"4055",42.8012448149345
"4056",23.4369040266364
"4057",91.481356772564
"4058",29.3414156917672
"4059",44.6027112698201
"4060",18.5600547689821
"4061",39.3392843510752
"4062",46.7123489955206
"4063",25.954633502052
"4064",25.3550636120149
"4065",47.5475506149106
"4066",34.5818871566195
"4067",113.52441514459
"4068",27.1045688157706
"4069",53.0890726839398
"4070",29.5764433831031
"4071",86.4440850732052
"4072",32.8268144920722
"4073",42.74027165787
"4074",25.9434104278501
"4075",74.2116136101789
"4076",101.724239781214
"4077",30.9375622652786
"4078",24.422845213292
"4079",41.1078649750433
"4080",30.304889249154
"4081",30.0962688578064
"4082",50.624339596763
"4083",40.7434712423296
"4084",70.9654711040831
"4085",65.1798492868839
"4086",39.7677870995744
"4087",33.9044226804775
"4088",73.5366912714448
"4089",38.6054958430432
"4090",45.5992226884902
"4091",50.3599225759858
"4092",14.3164796857735
"4093",43.810642255477
"4094",11.695405031374
"4095",19.9611227753688
"4096",43.166434535036
"4097",56.42969825158
"4098",53.319620012409
"4099",26.7945145074661
"4100",18.0879585152773
"4101",39.1202506351306
"4102",24.4559407451334
"4103",71.6509662229736
"4104",48.4586837504977
"4105",35.2020912694093
"4106",49.8521499001215
"4107",23.5452440559708
"4108",34.9022090416535
"4109",48.2111711176517
"4110",37.1752980140659
"4111",30.743870950339
"4112",43.808113357271
"4113",58.625410013264
"4114",66.5228161054234
"4115",57.0058192331593
"4116",19.7174019194092
"4117",35.4132317046635
"4118",34.4133385867969
"4119",35.4995051722053
"4120",58.9420354060299
"4121",31.4493043951383
"4122",55.9168540143575
"4123",57.5271011542924
"4124",51.9117927016258
"4125",34.3204490137592
"4126",47.6897098525741
"4127",40.2316409917446
"4128",46.2816097975211
"4129",43.0980415618103
"4130",106.580076461896
"4131",31.4775145476747
"4132",46.7693789307605
"4133",53.7286599135115
"4134",49.2819752067512
"4135",29.1180170321665
"4136",63.912438508586
"4137",34.1728391691684
"4138",27.9009687385655
"4139",26.5828479797117
"4140",59.1844444486642
"4141",49.1381006118084
"4142",27.9760080465938
"4143",139.098794668011
"4144",53.0500444531745
"4145",63.6282458619028
"4146",27.7138343373522
"4147",68.5141603704534
"4148",62.4849953732643
"4149",58.0162762432099
"4150",62.2789369628651
"4151",115.47652391365
"4152",34.0072703803975
"4153",56.6607543917001
"4154",90.2771466107437
"4155",20.2577028391526
"4156",37.0624982182651
"4157",47.2729759685433
"4158",25.7175583515638
"4159",115.818633356374
"4160",36.0881230508358
"4161",16.7599850736423
"4162",52.6757496520094
"4163",36.0023696503613
"4164",89.2334184834708
"4165",69.4085641494934
"4166",29.8905152734637
"4167",18.0463857747314
"4168",56.0769930235956
"4169",31.0837658356195
"4170",59.1535524616299
"4171",37.0654098471051
"4172",47.1345684509068
"4173",67.5353985379382
"4174",17.5430145411947
"4175",38.2692154154789
"4176",71.6222135733861
"4177",37.8318149112423
"4178",90.1313784874486
"4179",46.6455623915277
"4180",77.907624194725
"4181",67.6981937999221
"4182",74.622605067638
"4183",34.3734666362356
"4184",43.7042805818752
"4185",30.0553008614445
"4186",45.454305767503
"4187",66.7620001370504
"4188",44.9324348559056
"4189",40.0975872008698
"4190",73.8323831511546
"4191",68.1449127373514
"4192",32.4134973203277
"4193",86.8033883525653
"4194",63.8252028697942
"4195",44.0244452378247
"4196",53.5361391420337
"4197",18.3830145411947
"4198",34.0466001735372
"4199",62.9746762156899
"4200",16.6495723425163
"4201",43.9659837352124
"4202",63.1670959136043
"4203",20.770121916196
"4204",51.6175875541021
"4205",107.644615411284
"4206",68.0108347288805
"4207",118.197031935349
"4208",19.1081437836494
"4209",87.0656257127006
"4210",49.0258533503681
"4211",113.677366837423
"4212",26.0261363135827
"4213",24.8537645182261
"4214",44.1299281796664
"4215",73.8730658602222
"4216",66.7691805615513
"4217",37.1441702268657
"4218",30.4232820627787
"4219",19.2834306634334
"4220",80.8709273631364
"4221",60.5403515057001
"4222",25.2214477678413
"4223",73.594498820996
"4224",45.301978263593
"4225",38.6218285695035
"4226",41.9555584462397
"4227",42.0320648676321
"4228",48.9269631241072
"4229",42.5558794892629
"4230",21.5182714394122
"4231",72.7235498700337
"4232",25.3117696418147
"4233",59.4513063433354
"4234",48.277449090531
"4235",29.6962287744182
"4236",30.4861178582768
"4237",47.5497400986134
"4238",47.1825662578333
"4239",19.4585196651248
"4240",69.4895909728393
"4241",51.3847312894359
"4242",20.3667814071236
"4243",18.3641120891669
"4244",57.8066831181775
"4245",111.308297870861
"4246",22.0747155636312
"4247",34.1502018025223
"4248",100.687081459667
"4249",124.224300965685
"4250",38.8158644024129
"4251",38.736662965591
"4252",68.6423497440777
"4253",42.2041702268657
"4254",76.2143467745168
"4255",62.7645776429052
"4256",118.929435224514
"4257",80.351108698783
"4258",35.2637964403085
"4259",23.7248767491988
"4260",39.6259108074438
"4261",17.6279226110931
"4262",40.6659177536174
"4263",87.1234232220239
"4264",76.8796825276931
"4265",25.8492947301301
"4266",59.4136441806607
"4267",54.425265943893
"4268",90.0789406032229
"4269",71.7219656694423
"4270",35.7222872246852
"4271",55.1494173769801
"4272",43.265562863394
"4273",12.6414269991668
"4274",39.742124516577
"4275",82.3597087330711
"4276",31.2748337864743
"4277",41.0926574292358
"4278",19.3726864769499
"4279",34.8682643378905
"4280",44.4756477867515
"4281",29.9198815636985
"4282",30.2704545510297
"4283",58.0627432901695
"4284",27.2896356159721
"4285",27.1835029551604
"4286",41.8221791120204
"4287",59.9018191702446
"4288",37.2915268270744
"4289",33.3317476951866
"4290",53.0469045727431
"4291",40.9227764431883
"4292",81.132534465827
"4293",28.8905168062837
"4294",73.2201243469809
"4295",28.7415402945704
"4296",26.2482747235551
"4297",29.9973786796979
"4298",18.1693898166125
"4299",51.6910035447197
"4300",16.6590852367392
"4301",27.6015038226372
"4302",66.7557437606098
"4303",25.2344120971042
"4304",87.0743473178417
"4305",31.8150648127111
"4306",50.8941614132241
"4307",58.4102427377438
"4308",36.2813634233635
"4309",26.0909039511943
"4310",106.596371675816
"4311",28.4686487704625
"4312",52.8640438869572
"4313",30.7327883052538
"4314",89.8390083148258
"4315",59.4223798401149
"4316",54.2967755181337
"4317",50.6128671912927
"4318",94.1078835595643
"4319",46.7555640828754
"4320",21.8884195084753
"4321",39.8419629007249
"4322",59.3646028654297
"4323",116.775175562417
"4324",23.6682747235551
"4325",49.5838809070672
"4326",24.6888232466899
"4327",56.0408593258098
"4328",79.3513546025035
"4329",62.0661602512164
"4330",70.6476777868922
"4331",42.2700937366829
"4332",72.0939890475799
"4333",39.0153826436423
"4334",43.9042682743003
"4335",25.0346493178619
"4336",32.7722511574944
"4337",43.2145263397554
"4338",40.4260131848962
"4339",26.4078771381562
"4340",31.3205974960457
"4341",39.1940987977101
"4342",41.2640987977101
"4343",117.543322646732
"4344",29.7335298645431
"4345",66.4867351983323
"4346",93.1581888581709
"4347",38.434139338295
"4348",36.0281267507859
"4349",27.7039158665476
"4350",41.4228612091221
"4351",28.4718935467684
"4352",213.47187352788
"4353",21.4772968814557
"4354",41.3115722957039
"4355",52.128695180967
"4356",48.4163959209782
"4357",18.3699543995988
"4358",36.2798049278391
"4359",44.5626374803767
"4360",38.1889014523602
"4361",39.9024810176316
"4362",70.2860412503744
"4363",36.0834533107729
"4364",110.128102055906
"4365",34.7318923305242
"4366",25.5946493178619
"4367",26.9468660375094
"4368",62.0322145876634
"4369",29.95927757395
"4370",45.2110151462554
"4371",53.711833687256
"4372",15.2877534970558
"4373",48.7824299944618
"4374",41.5916683923586
"4375",91.1753200678099
"4376",56.6979779141948
"4377",48.4236672678086
"4378",89.5850332242597
"4379",41.9489788557251
"4380",74.0979373623196
"4381",159.323419324069
"4382",44.7526374803767
"4383",34.1015045631189
"4384",49.371978263593
"4385",46.4168280666846
"4386",16.093068467672
"4387",20.4961051841002
"4388",51.3819529007433
"4389",49.2466825252382
"4390",85.4501316811935
"4391",30.6806030744308
"4392",21.9277046871005
"4393",57.7924479324992
"4394",42.9488466824422
"4395",33.9670103478085
"4396",59.106948903375
"4397",28.0117330217941
"4398",43.1366089826372
"4399",23.6831625299965
"4400",96.9758885284927
"4401",45.6052718312957
"4402",30.340847453173
"4403",78.0716158111955
"4404",21.9171300020111
"4405",34.0291291051831
"4406",21.7302063284761
"4407",17.1977519838466
"4408",68.3705413056951
"4409",51.1393521632752
"4410",40.0785004186411
"4411",36.9417520627762
"4412",188.247509388416
"4413",33.9240646501086
"4414",28.9443384333078
"4415",40.4345293508735
"4416",86.8411421285753
"4417",22.7589289463217
"4418",28.9180170321665
"4419",47.1957647696804
"4420",63.6503178721594
"4421",44.8002421030618
"4422",23.0595453022625
"4423",16.1689819961012
"4424",66.2561730915129
"4425",52.7582386421935
"4426",20.6940392203105
"4427",36.9145705632729
"4428",75.488928475682
"4429",36.4977538218265
"4430",32.3439058420656
"4431",74.2206308275615
"4432",51.0124295413396
"4433",32.2780315376639
"4434",70.0876651692813
"4435",65.5650987152671
"4436",91.8030037260989
"4437",48.7143565235474
"4438",20.4640919064517
"4439",33.155947593043
"4440",27.3220034382412
"4441",13.5636891294018
"4442",44.4184085498149
"4443",103.803569395877
"4444",173.955416562586
"4445",31.1700553264698
"4446",48.1976138345406
"4447",58.4894182779431
"4448",70.6495466425228
"4449",53.0987321903088
"4450",48.0197273656295
"4451",54.6453310773647
"4452",70.4341293838973
"4453",49.634339596763
"4454",56.3572302302716
"4455",76.8839459832968
"4456",113.857534329388
"4457",39.2127750072119
"4458",33.8977303767922
"4459",116.772428974878
"4460",47.3325185790132
"4461",17.7882089315159
"4462",66.1379456692992
"4463",98.6461673013161
"4464",69.7001871522128
"4465",17.5720660884152
"4466",56.0212803260648
"4467",56.9935200763717
"4468",25.6862265949895
"4469",93.3475692648841
"4470",29.4342189290797
"4471",51.4206525052174
"4472",30.0873683855402
"4473",34.1209853256893
"4474",52.1156447556818
"4475",13.6855028725113
"4476",55.416820747234
"4477",29.853455462547
"4478",61.1878326984708
"4479",35.5043760565806
"4480",25.4613284278941
"4481",47.2472224187324
"4482",59.2525157247424
"4483",45.6349710375673
"4484",27.7277377419401
"4485",88.7778835595643
"4486",52.4533592776241
"4487",18.0362232704918
"4488",31.931855806336
"4489",21.2552546436749
"4490",90.4411530987067
"4491",67.8822566471249
"4492",55.4218283744595
"4493",31.0625193158802
"4494",35.1515641859399
"4495",39.2890206134975
"4496",24.5514969809728
"4497",25.8981276894086
"4498",33.0685352293787
"4499",45.9633960365289
"4500",61.503877999188
"4501",116.048910840496
"4502",68.9161136683623
"4503",43.0825560239189
"4504",43.6935776190848
"4505",38.4140208780681
"4506",26.7552580425122
"4507",29.603870950339
"4508",117.713322646732
"4509",67.1084485588405
"4510",25.0352463502531
"4511",46.4341040981865
"4512",37.4776893770923
"4513",38.1101275605463
"4514",33.2685072534903
"4515",72.6507840296164
"4516",58.3302834990154
"4517",48.5473525807911
"4518",42.021699377124
"4519",30.7715194390177
"4520",22.5017294344765
"4521",19.1153282813824
"4522",27.1298807511242
"4523",135.708954252348
"4524",28.3921398005608
"4525",28.213167236262
"4526",43.0573473273802
"4527",30.2193509907008
"4528",43.8300449277232
"4529",57.2444047039368
"4530",100.874209025351
"4531",51.1647080737198
"4532",40.2175613435854
"4533",44.4374245170141
"4534",28.5980853386511
"4535",49.0259447487637
"4536",32.3013133580494
"4537",107.300023438951
"4538",17.8905091168471
"4539",103.643794902264
"4540",22.3594988727515
"4541",36.0023531862803
"4542",65.4900814314201
"4543",36.7636131703314
"4544",29.3707860108644
"4545",73.8418123650026
"4546",64.5323506033545
"4547",15.3617299746342
"4548",38.5883522448192
"4549",49.9186322750792
"4550",25.6283056875333
"4551",81.3452919486498
"4552",59.2338955940728
"4553",41.7642377089162
"4554",26.4917639934572
"4555",63.1463884456396
"4556",61.9372942686781
"4557",31.5216487396444
"4558",25.9364901274279
"4559",23.5013403940101
"4560",70.4793202681085
"4561",63.0123798401149
"4562",57.1426045792634
"4563",19.9068083279928
"4564",27.8327743044557
"4565",76.1968410797038
"4566",38.9366833851068
"4567",41.9461319649909
"4568",31.7727953621161
"4569",86.8923265587603
"4570",44.8633841152324
"4571",19.9385284417062
"4572",82.9876443251732
"4573",30.885269085129
"4574",71.2967388056678
"4575",41.405339340648
"4576",64.9791272423838
"4577",80.374057040452
"4578",156.422506389248
"4579",26.4522011422101
"4580",28.7335263350053
"4581",88.3303608405198
"4582",50.2759447487637
"4583",55.116948750894
"4584",35.5865469731126
"4585",20.2953060087162
"4586",34.2215639164716
"4587",59.1259835336524
"4588",22.1187139636414
"4589",36.3442099272516
"4590",60.0022926772375
"4591",98.7639370250402
"4592",77.1423149386224
"4593",127.287280291595
"4594",28.7284990077446
"4595",21.6321076238545
"4596",50.0114578881896
"4597",127.723882388825
"4598",63.7708750522725
"4599",44.3648076028487
"4600",43.5349754319079
"4601",56.6753197635477
"4602",37.1170558895275
"4603",55.9879688309541
"4604",45.4154719198123
"4605",21.3336059874113
"4606",140.656979976837
"4607",73.8210168509684
"4608",21.0815080408351
"4609",22.1537528396974
"4610",93.0708876776965
"4611",43.8588341836595
"4612",23.8810752217271
"4613",57.021356895381
"4614",50.3797346735187
"4615",107.863724039302
"4616",67.4965387746409
"4617",48.8754297954723
"4618",24.972414419323
"4619",25.0820656577944
"4620",20.2109141206397
"4621",59.5043509436495
"4622",39.4989415556362
"4623",119.534980480893
"4624",30.2077529723142
"4625",71.938655300951
"4626",33.0052771917032
"4627",47.333123422403
"4628",34.2103396158266
"4629",29.1420644275454
"4630",54.5253964517112
"4631",33.164308503858
"4632",125.636778789326
"4633",44.9176119006138
"4634",22.4816002981975
"4635",21.2728603842565
"4636",44.1854668138407
"4637",68.1202502750419
"4638",37.2430064583014
"4639",27.8027691420005
"4640",58.1465364656172
"4641",41.3513902957662
"4642",61.8269897779129
"4643",31.5161275893573
"4644",40.8617163562378
"4645",50.7912569196649
"4646",51.277725943091
"4647",58.5564473589973
"4648",50.1228779332052
"4649",27.490455810392
"4650",28.5962391130937
"4651",17.0473482752031
"4652",44.1460300402062
"4653",22.6788175686563
"4654",18.2624416849235
"4655",38.3121459915187
"4656",49.3418846473231
"4657",33.8941021335269
"4658",113.596671640242
"4659",36.3964347706603
"4660",33.0726560319993
"4661",57.551356895381
"4662",51.1393602497789
"4663",37.6337629573205
"4664",47.9077067014954
"4665",45.3113502683403
"4666",40.7750013578693
"4667",53.2680561647879
"4668",51.8426158385722
"4669",70.3848207393627
"4670",24.5896131674586
"4671",61.9270574846121
"4672",54.402254897302
"4673",34.9606050349309
"4674",41.8814380177502
"4675",39.0380725273983
"4676",27.5941595518556
"4677",26.4653008614445
"4678",64.8522457101872
"4679",39.8834796854292
"4680",107.076489757734
"4681",47.3802542844413
"4682",50.7439987139614
"4683",47.9253677187507
"4684",45.7470646700629
"4685",47.8695083100172
"4686",102.085552907316
"4687",65.4842760068758
"4688",32.7071176429081
"4689",31.2735841051667
"4690",71.8979789369134
"4691",41.6158984152354
"4692",25.7612929148798
"4693",44.861869286881
"4694",91.3178525685573
"4695",18.5347718740327
"4696",61.2272149904221
"4697",56.7293946276001
"4698",57.271421949785
"4699",39.6091637917335
"4700",118.109613662567
"4701",38.5304039244835
"4702",28.2725870914845
"4703",63.1743967013652
"4704",62.8222325789171
"4705",18.8729665373905
"4706",58.9392514916056
"4707",53.7153350651789
"4708",38.9534059671342
"4709",63.3518200659803
"4710",28.271451338367
"4711",18.8293462138025
"4712",93.9834790167533
"4713",104.645808379092
"4714",15.4042423593536
"4715",40.0389833912581
"4716",42.5227498520935
"4717",22.7874639024353
"4718",59.3803509400532
"4719",58.6156588134325
"4720",23.4069340170391
"4721",23.4196490577433
"4722",64.5194147193457
"4723",49.5002542844413
"4724",24.4666296289304
"4725",23.8138225636997
"4726",31.0133737508455
"4727",21.9024416849235
"4728",57.5422915755203
"4729",128.175748048785
"4730",19.4681795720169
"4731",60.0917183256869
"4732",14.626771455557
"4733",76.1620899236808
"4734",25.5563591543905
"4735",82.6478828383587
"4736",40.0413561566655
"4737",51.2557408669891
"4738",103.249567111732
"4739",42.0682030702301
"4740",98.089868920837
"4741",29.2987305792091
"4742",62.0403281117708
"4743",56.0871050655563
"4744",63.1246705084729
"4745",67.5668128322758
"4746",51.4561991724647
"4747",45.598022553597
"4748",74.7966521306255
"4749",46.3091547077724
"4750",35.3017228022153
"4751",50.2656850439619
"4752",66.4886193749716
"4753",117.70796947301
"4754",15.6178714268963
"4755",38.8973211896149
"4756",45.6030405079737
"4757",29.7779981366724
"4758",19.2593523688237
"4759",18.5800547689821
"4760",151.429737826543
"4761",48.2353803670554
"4762",38.7842181454758
"4763",40.8474802213198
"4764",31.1031035848236
"4765",187.240078341415
"4766",50.8370014523967
"4767",120.247709562188
"4768",43.789718403729
"4769",59.9568902051804
"4770",70.2389784993823
"4771",32.8581256198202
"4772",47.6464202539967
"4773",35.4466589509336
"4774",101.292545013037
"4775",34.9784112223194
"4776",22.0705876309523
"4777",60.0084396556486
"4778",21.5227083043291
"4779",90.9313784874486
"4780",65.7388123368405
"4781",83.4573183173918
"4782",77.6707715585543
"4783",37.6818625197616
"4784",24.1489728970396
"4785",61.5012621804756
"4786",55.6682004979229
"4787",131.323255307379
"4788",33.3774512324111
"4789",29.1307597144945
"4790",21.7310811375204
"4791",46.7659617005892
"4792",28.6993583808383
"4793",103.264324547521
"4794",43.8707285586828
"4795",28.815688777439
"4796",19.9554708388483
"4797",48.7092884250974
"4798",39.4825533268696
"4799",38.4528861766746
"4800",35.5528391691684
"4801",49.775667149719
"4802",19.0559340343615
"4803",208.900619444701
"4804",35.494725831271
"4805",106.701868333452
"4806",59.4576424781757
"4807",34.2285139464982
"4808",21.4336256111301
"4809",28.4255567128873
"4810",35.8974001345826
"4811",36.9883768000445
"4812",45.4110257444424
"4813",64.728166254208
"4814",22.5852070448496
"4815",18.8188647332369
"4816",36.6606800257246
"4817",35.3098040732469
"4818",28.749775439606
"4819",43.4856164571807
"4820",70.7819715588357
"4821",18.5142140027322
"4822",57.8601665897025
"4823",41.3710307832224
"4824",62.5227150128734
"4825",77.2593773991723
"4826",24.3869874131527
"4827",20.7697045869723
"4828",26.6786441950531
"4829",76.4008462368808
"4830",84.372276914103
"4831",35.0473174894695
"4832",98.6366355286977
"4833",38.5576423740671
"4834",55.48389096891
"4835",119.513408911024
"4836",103.003158909377
"4837",41.9857724814139
"4838",56.6165619374847
"4839",89.1156257127006
"4840",66.1058415505717
"4841",47.9923945186987
"4842",76.0957513696439
"4843",27.4640379841929
"4844",21.7547584478465
"4845",52.749816595312
"4846",51.4821784378528
"4847",36.7807397353763
"4848",93.3628392355044
"4849",66.4905413056951
"4850",25.4467466710832
"4851",77.8858299125385
"4852",25.9828146979994
"4853",29.7648253511987
"4854",40.9747676958548
"4855",49.4419795935476
"4856",48.7180015710951
"4857",79.8609399646784
"4858",42.7117524396961
"4859",45.6253167209515
"4860",46.3309116145673
"4861",49.8345074702181
"4862",24.2698852022856
"4863",43.4454184957945
"4864",32.123499136168
"4865",145.020326969445
"4866",23.9838571547971
"4867",51.8253964517112
"4868",35.5234360516664
"4869",66.3161703691975
"4870",27.9339133457159
"4871",59.7968185579924
"4872",23.7537528396974
"4873",69.9185027404394
"4874",30.2925834351392
"4875",19.7758857230013
"4876",78.1365837643769
"4877",77.6398364283883
"4878",141.302860808091
"4879",37.8717520627762
"4880",81.3892410586275
"4881",33.3704726379884
"4882",47.7311842834584
"4883",39.149867476262
"4884",24.4783678858434
"4885",62.5572942686781
"4886",22.7355829367095
"4887",22.3159180605858
"4888",47.4942433356784
"4889",16.1576374221323
"4890",27.8932308351909
"4891",42.7031682619442
"4892",90.0989245625213
"4893",32.8362875251715
"4894",49.3813502683403
"4895",49.1827354119109
"4896",41.7377259385604
"4897",17.8082391994679
"4898",53.6532322803594
"4899",56.8961835500303
"4900",47.2980635010628
"4901",31.2569536932499
"4902",134.699696636967
"4903",53.4012474139172
"4904",95.3755393141302
"4905",19.8431625299965
"4906",92.0324491068282
"4907",46.2879288564253
"4908",18.2494638457716
"4909",49.7122803300656
"4910",30.5860449067691
"4911",32.6561117081302
"4912",21.8679831154622
"4913",49.0649446904194
"4914",54.6623719982358
"4915",12.2702295178642
"4916",50.3921566693893
"4917",36.4401275605463
"4918",31.1502009207291
"4919",52.5576421100001
"4920",9.11855034732469
"4921",26.44582423812
"4922",54.8722899313421
"4923",57.2486955157918
"4924",25.8220259558571
"4925",95.4455916421066
"4926",30.6504038282578
"4927",82.9138498238601
"4928",53.7845725188264
"4929",37.6787677163161
"4930",76.3633645548273
"4931",22.3664018941427
"4932",31.5131426566139
"4933",124.937072606435
"4934",44.7397122754143
"4935",66.0186193749716
"4936",120.153263288918
"4937",43.8152655423102
"4938",76.4139976981841
"4939",35.7315045631189
"4940",112.632485238647
"4941",27.0191018660247
"4942",22.3861284426524
"4943",78.2664319585403
"4944",82.8791784769223
"4945",83.5862205578185
"4946",19.127541516093
"4947",54.6353506839503
"4948",23.8102214830574
"4949",33.6524820928038
"4950",51.606814750336
"4951",24.4597887750475
"4952",77.6825579250841
"4953",47.8964285306659
"4954",66.2482326518978
"4955",14.1024003515635
"4956",55.4644333669978
"4957",22.6687829928443
"4958",43.4619453147975
"4959",27.0638343373522
"4960",23.7672968814557
"4961",22.6134512092325
"4962",56.0602521479525
"4963",35.9347560008513
"4964",32.5661117081302
"4965",53.0785854833386
"4966",73.3277795059242
"4967",31.3140559300225
"4968",12.595655636522
"4969",48.7522258567405
"4970",86.8499699469174
"4971",66.1385641494934
"4972",85.0585981593843
"4973",23.2398216276486
"4974",25.9747744812337
"4975",26.4373091231146
"4976",47.77196444385
"4977",75.1445619847791
"4978",49.82390422905
"4979",30.1607171223171
"4980",51.919816595312
"4981",42.2268068948637
"4982",33.0955784342082
"4983",31.6617596999787
"4984",26.0804403106691
"4985",42.5373223421189
"4986",44.320010266589
"4987",46.472894367703
"4988",62.6491365769365
"4989",44.7556486105617
"4990",47.3535506940373
"4991",33.1960620080991
"4992",57.3536371393899
"4993",36.5576061914509
"4994",53.990759254939
"4995",39.8444317271554
"4996",35.7365888203425
"4997",133.099881083123
"4998",17.7800547689821
"4999",41.9166212573011
"5000",34.1748008095175
"5001",49.6995360829679
"5002",24.4193578843429
"5003",51.7243951973853
"5004",22.1388972548265
"5005",63.7285222668592
"5006",38.4249849092473
"5007",24.2545658674768
"5008",28.9725144365321
"5009",83.8162182965752
"5010",61.7739510624978
"5011",47.6524299944618
"5012",68.1081937999221
"5013",36.5974685856379
"5014",33.0145359983526
"5015",51.5187427682604
"5016",57.7253934682851
"5017",25.5968361246439
"5018",28.9297964348449
"5019",58.1460448212157
"5020",47.7826485063276
"5021",76.8045829020621
"5022",20.1116424816565
"5023",37.8364923786126
"5024",54.5426706227871
"5025",29.3110241075228
"5026",57.6455377560428
"5027",83.4164102331946
"5028",27.2253164447287
"5029",73.9848323040774
"5030",75.7909555070508
"5031",33.037559483942
"5032",31.8625945065585
"5033",27.4450467328596
"5034",30.5446058511751
"5035",24.8504295338401
"5036",22.6362550455573
"5037",74.1852354722572
"5038",48.4849343649474
"5039",39.9473021028321
"5040",40.1198357887828
"5041",43.486606927188
"5042",42.5189765305975
"5043",108.003571483767
"5044",78.1766143699135
"5045",45.5247287425708
"5046",59.3058235190099
"5047",55.8456153004082
"5048",17.7938433917028
"5049",58.8781956542617
"5050",75.7223149386224
"5051",33.038387741742
"5052",27.9409039511943
"5053",62.4483612930774
"5054",49.7509466280106
"5055",51.066976142605
"5056",88.4763402948051
"5057",86.5253200678099
"5058",50.6226939440341
"5059",27.511537107253
"5060",32.909474663087
"5061",39.3439805727519
"5062",35.6542953540278
"5063",42.8612692507182
"5064",41.7229746373181
"5065",22.818070761918
"5066",80.6578096272334
"5067",69.7534872318322
"5068",31.8923432259871
"5069",30.1787113116648
"5070",54.2812474139172
"5071",76.8811007497831
"5072",72.4466521306255
"5073",43.7850114437472
"5074",28.5698807511242
"5075",38.1944659719034
"5076",27.4631022398746
"5077",46.1920379000668
"5078",55.0285032780483
"5079",20.9921165481673
"5080",40.6577402561132
"5081",47.5973117159131
"5082",56.8162762432099
"5083",82.2236563683389
"5084",37.1086042553044
"5085",34.9875091629284
"5086",36.3650438443248
"5087",34.8956904558667
"5088",43.8984869272638
"5089",28.792259571756
"5090",21.1767907279379
"5091",20.6869552031165
"5092",34.7126762106691
"5093",55.7896606469132
"5094",14.5143917710606
"5095",36.0640415591983
"5096",69.1261165620126
"5097",26.5451809407161
"5098",59.5239381958148
"5099",44.4889215212908
"5100",74.2167416720247
"5101",33.3567602860071
"5102",20.9606930832326
"5103",62.6770891760859
"5104",29.4741448185812
"5105",77.2247900709864
"5106",26.0804040401264
"5107",26.7795192265781
"5108",58.36317322168
"5109",40.4795450811257
"5110",18.1279387865229
"5111",65.9581504923771
"5112",31.2212597696607
"5113",44.8233841152324
"5114",37.2804654656972
"5115",26.1634157323078
"5116",28.3433567098346
"5117",95.3389971640768
"5118",41.1517524396961
"5119",29.0817808331171
"5120",60.9246720539298
"5121",92.7074885613316
"5122",57.7020788915637
"5123",23.5422481240638
"5124",40.2554325557835
"5125",82.8548303873361
"5126",30.3185261039354
"5127",50.3997098525741
"5128",43.8560260593758
"5129",31.9609630229649
"5130",60.573311923857
"5131",27.5483320243109
"5132",38.7319025832095
"5133",31.3046180276525
"5134",62.0449138382895
"5135",52.7060107307644
"5136",25.841978990923
"5137",130.220160547931
"5138",46.0365478537964
"5139",33.6245331856508
"5140",41.8642377089162
"5141",75.6269114243745
"5142",30.569075914816
"5143",52.963982137631
"5144",26.1462837787036
"5145",38.6908918246443
"5146",46.789688304626
"5147",42.8674245170141
"5148",50.1894750600674
"5149",22.3413403940101
"5150",40.8315319166855
"5151",43.2336217943529
"5152",65.2517105463329
"5153",89.1298137131677
"5154",23.2796131674586
"5155",29.3634600947049
"5156",82.735830327385
"5157",104.973009651964
"5158",56.1396902549389
"5159",43.1209173772781
"5160",70.3731913543146
"5161",72.8242529314504
"5162",64.1969685363292
"5163",48.2488658655927
"5164",91.7971022153773
"5165",37.4252979606763
"5166",53.0694898577626
"5167",61.6385849081596
"5168",40.8624560791742
"5169",39.7818149112423
"5170",34.2647190300794
"5171",29.0297997233763
"5172",43.3287658936856
"5173",21.5886928520578
"5174",80.0545825163313
"5175",29.9711862512551
"5176",250.95737992038
"5177",47.3929123435992
"5178",40.2357408045907
"5179",30.3780370375736
"5180",32.712195863745
"5181",115.001721129335
"5182",52.7892013653163
"5183",54.0685062002888
"5184",53.248439686787
"5185",64.7425534971837
"5186",68.8190547208318
"5187",56.6496938401317
"5188",18.9326173038534
"5189",59.1776424781757
"5190",38.6209829079095
"5191",29.2538238702512
"5192",16.2854532812118
"5193",31.6542034876698
"5194",53.1664556014179
"5195",53.8782004979229
"5196",39.0659304147949
"5197",45.0690547531372
"5198",51.6264556014179
"5199",21.3919771274619
"5200",75.7925977577415
"5201",53.0589701320363
"5202",73.6271138845436
"5203",36.9641255201693
"5204",93.6932855346585
"5205",49.6177067014954
"5206",102.102044504729
"5207",39.4645383880509
"5208",40.5759246964396
"5209",36.3633385867969
"5210",44.5681439958018
"5211",44.8492963287243
"5212",19.1240853888672
"5213",48.4767250876838
"5214",25.5432608193363
"5215",19.3645731038775
"5216",19.7854338525125
"5217",58.9569024160924
"5218",29.8744843946568
"5219",88.9718787624403
"5220",63.8558854566914
"5221",53.0445107155794
"5222",65.2705128590576
"5223",54.2909141318366
"5224",50.9124571908559
"5225",59.3885972821454
"5226",47.3719353277326
"5227",20.8016084145245
"5228",66.032020649642
"5229",25.3530670133865
"5230",51.7162665251269
"5231",43.4272890013503
"5232",214.154596987007
"5233",21.8075111359921
"5234",89.5211979013146
"5235",37.7851402856095
"5236",59.0485849081596
"5237",50.4610136697353
"5238",50.4657995119586
"5239",38.8380787276671
"5240",112.078721900854
"5241",75.0727156984157
"5242",33.0753412012385
"5243",51.4531385124513
"5244",27.9696374749102
"5245",74.1223831511546
"5246",21.0511275695093
"5247",61.9437402504682
"5248",27.530251568019
"5249",53.107598767298
"5250",17.2331600187835
"5251",37.1753306438848
"5252",38.6039258220194
"5253",23.9155363425844
"5254",59.6642968373403
"5255",56.2916717893906
"5256",15.5381352384553
"5257",101.318367853907
"5258",23.4460278249719
"5259",25.5604040401264
"5260",37.5319629007249
"5261",109.706618015925
"5262",42.8384533884288
"5263",92.0015644589899
"5264",45.2295069373603
"5265",75.9839954590534
"5266",25.2137006905166
"5267",22.49128612771
"5268",23.0736038140476
"5269",17.1891137494407
"5270",35.3114919554292
"5271",31.7140450839026
"5272",17.6910066757833
"5273",62.0730344326813
"5274",58.1798923085268
"5275",109.177207895301
"5276",15.7625770337611
"5277",80.5196892036838
"5278",74.9879373623196
"5279",51.659745486775
"5280",65.7891634492466
"5281",26.9994913691804
"5282",25.5249903645905
"5283",20.2096329025759
"5284",52.8137925955181
"5285",86.7010509688181
"5286",34.2647209350462
"5287",22.389443656267
"5288",171.94708929163
"5289",39.9889415556362
"5290",42.7269908023436
"5291",56.5411443848598
"5292",22.1632603726373
"5293",59.6170795429917
"5294",55.4677299411707
"5295",24.0603387140328
"5296",119.499862802591
"5297",88.0684306269911
"5298",33.1371856103403
"5299",28.7319926749243
"5300",32.365216033409
"5301",80.5609502820682
"5302",23.6327001991654
"5303",60.8959982985636
"5304",29.8522011422101
"5305",68.6639020744489
"5306",33.0887420740058
"5307",15.0986663747599
"5308",31.8943547478142
"5309",34.1434017617193
"5310",31.7054957040602
"5311",23.1514246789531
"5312",23.0334052256026
"5313",29.4873688041975
"5314",45.8955618804509
"5315",57.719586023013
"5316",33.0738518994048
"5317",32.0169536932499
"5318",49.8186322750792
"5319",33.3747196297931
"5320",49.9415306250238
"5321",37.8557975047336
"5322",42.8187192634419
"5323",62.29919068504
"5324",45.596660847717
"5325",126.601439808522
"5326",114.697378168314
"5327",53.3393051078026
"5328",100.313088149144
"5329",20.2086150240105
"5330",49.311617167912
"5331",109.072732963339
"5332",34.0106740789242
"5333",34.257739617507
"5334",54.0354993282365
"5335",72.6587142417437
"5336",38.5946059699935
"5337",60.2550269421801
"5338",56.4973289572237
"5339",51.9184143006094
"5340",41.7303995578675
"5341",41.7798454688678
"5342",74.8743951833914
"5343",103.081584253026
"5344",29.0207476478851
"5345",19.279219479417
"5346",28.2823006984891
"5347",72.6476651692813
"5348",37.6005551035717
"5349",29.131620964162
"5350",39.9805980065395
"5351",41.7824396937237
"5352",30.6111762856313
"5353",24.7475222626447
"5354",45.9716681033243
"5355",89.7208294462694
"5356",72.9975429403039
"5357",187.034272503688
"5358",71.5777312206363
"5359",41.7558780517487
"5360",31.5679216070754
"5361",71.6884963970495
"5362",41.2144092663434
"5363",80.835101673565
"5364",41.9098357887828
"5365",44.5373258694882
"5366",70.0250200383571
"5367",38.9696867960023
"5368",99.072492905989
"5369",55.113393489814
"5370",74.4036637593361
"5371",73.4014983404527
"5372",43.1488759026208
"5373",42.2039245443862
"5374",57.266146066406
"5375",53.3374327561074
"5376",45.4240374617969
"5377",41.832120124706
"5378",49.3371496198616
"5379",58.1925870171206
"5380",55.3010630822945
"5381",17.0959018350415
"5382",61.3829155101305
"5383",53.8336801711855
"5384",16.1497088509522
"5385",109.410023438951
"5386",45.7991177525776
"5387",60.1973861077669
"5388",46.5447287425708
"5389",33.6548387092104
"5390",41.1550888966766
"5391",33.9066831381337
"5392",30.9998305520668
"5393",71.381867931616
"5394",41.2681397668192
"5395",96.6674332452902
"5396",38.2820035591682
"5397",77.4263466479412
"5398",45.1954559455135
"5399",32.8648689659848
"5400",42.356613552602
"5401",22.4186499877718
"5402",24.5150295074222
"5403",33.4446470115755
"5404",34.0660584687809
"5405",71.3216136101789
"5406",37.9328153864374
"5407",71.5704252236889
"5408",27.6468554431295
"5409",56.2539241340331
"5410",27.6449996372818
"5411",27.5118536417438
"5412",41.3842725983155
"5413",84.7235365276896
"5414",61.9356927114964
"5415",40.330890008013
"5416",32.9185340485999
"5417",69.930579542201
"5418",37.5142261529385
"5419",123.748027243093
"5420",62.7893171826086
"5421",64.2343582821158
"5422",42.0911456015717
"5423",25.8656608510495
"5424",62.6675397827564
"5425",60.3389713314259
"5426",54.1475939437848
"5427",68.029039066047
"5428",16.2785521477589
"5429",41.4133351346869
"5430",77.598928475682
"5431",21.1759112614059
"5432",24.1746899167678
"5433",50.1184626852173
"5434",36.929411222393
"5435",25.9475145872159
"5436",47.0659501287196
"5437",49.4152333825618
"5438",20.3848678719907
"5439",27.2579711018771
"5440",49.4004161790456
"5441",30.1993458851304
"5442",77.6526256369668
"5443",46.32252463528
"5444",42.1992950459018
"5445",53.0365462063187
"5446",54.8955377560428
"5447",49.9619440551489
"5448",33.6668815118506
"5449",47.2808631413535
"5450",44.4290537868843
"5451",21.0051220034126
"5452",30.8993605438054
"5453",36.6011329437973
"5454",18.1208336259618
"5455",33.4196751540577
"5456",71.987980228005
"5457",29.4406363908347
"5458",48.4054559455135
"5459",53.3625332333615
"5460",54.7926429378211
"5461",94.0992744462323
"5462",41.331953365306
"5463",28.5675860763124
"5464",106.713787178757
"5465",24.6206334105501
"5466",37.956504191625
"5467",21.500711745447
"5468",37.8234666362356
"5469",26.8719709818856
"5470",50.872777523574
"5471",34.2562391130937
"5472",33.5865888203425
"5473",87.5880885302789
"5474",34.7650691400739
"5475",25.718989305896
"5476",99.7745886661747
"5477",26.3026271529037
"5478",54.8955377560428
"5479",46.8179814510624
"5480",118.748872887732
"5481",40.5892154154789
"5482",53.1832138756844
"5483",27.9879456925056
"5484",89.4812357747418
"5485",30.7975145476747
"5486",29.2277932989633
"5487",36.696389216406
"5488",35.1257898208221
"5489",34.1641021335269
"5490",35.3180254552835
"5491",41.7058390887541
"5492",26.1493583808383
"5493",35.212381207478
"5494",46.3792922160079
"5495",61.7432589329849
"5496",44.5080827663824
"5497",36.5222097262733
"5498",34.752577503812
"5499",20.9254264173104
"5500",28.4175385438465
"5501",49.3598710190501
"5502",54.2525809790246
"5503",43.9298066374003
"5504",43.092907066048
"5505",31.7762264342052
"5506",66.1738528423299
"5507",32.429474663087
"5508",28.228974965844
"5509",73.7318832623345
"5510",36.6701507623621
"5511",21.0674607733029
"5512",35.8095450811257
"5513",53.162856657452
"5514",87.5247172258096
"5515",43.9039995577858
"5516",27.7917749067135
"5517",28.1438659441971
"5518",23.8979653387434
"5519",66.0865856118591
"5520",45.2487658936856
"5521",70.2983873608457
"5522",134.347084515175
"5523",21.5916789662849
"5524",30.3314434957091
"5525",22.8413038959639
"5526",88.964826761937
"5527",55.0765619374847
"5528",43.1527112698201
"5529",44.6799367359042
"5530",61.780935466276
"5531",46.0577187711958
"5532",83.964916911643
"5533",29.4595673825968
"5534",33.7682542036965
"5535",34.6446470115755
"5536",33.1580950356416
"5537",53.2895288919132
"5538",91.8700477055476
"5539",70.0785508778324
"5540",42.4389765305975
"5541",30.2963670691941
"5542",42.1803658992433
"5543",33.75080047588
"5544",108.338661386901
"5545",44.2887658936856
"5546",70.497017452445
"5547",40.758817246951
"5548",75.74751101825
"5549",51.4994320382874
"5550",18.2096113909537
"5551",38.0778966369617
"5552",66.028166254208
"5553",48.0052788144599
"5554",53.9553136280975
"5555",50.8595629456829
"5556",34.4669805362057
"5557",26.9234600947049
"5558",34.5747367880631
"5559",50.3390767787355
"5560",23.6386774817
"5561",106.600374110407
"5562",54.3353506839503
"5563",28.1798897403649
"5564",74.2365809828795
"5565",131.699475318091
"5566",26.6564481345828
"5567",60.934021800081
"5568",18.0516727480137
"5569",53.167502759529
"5570",54.4969738860193
"5571",66.2947820244249
"5572",58.6098701508603
"5573",39.6475929549965
"5574",46.0811689717216
"5575",71.7531913543146
"5576",38.6282504351194
"5577",23.7620780301853
"5578",18.2899805937725
"5579",34.5281753769598
"5580",86.0645443330644
"5581",52.361780923716
"5582",34.6460584687809
"5583",50.7048288437305
"5584",58.0079623384976
"5585",47.2321499001215
"5586",53.4920330934489
"5587",44.7829746373181
"5588",39.0791872603702
"5589",40.0525533268696
"5590",62.0661488471536
"5591",95.0245995037373
"5592",26.6623025271459
"5593",25.3803387140328
"5594",24.8793013685098
"5595",67.9396638521654
"5596",33.1376775301065
"5597",98.8639158783667
"5598",22.7679517385571
"5599",16.9567203430693
"5600",77.9970756304535
"5601",52.7511442693028
"5602",19.4897312006347
"5603",94.2147847820306
"5604",87.1535365276896
"5605",51.0078576573003
"5606",22.8377600048229
"5607",31.2586404037836
"5608",37.3255534805843
"5609",38.8625972631359
"5610",39.7119496575265
"5611",31.1020777270709
"5612",23.1504891993813
"5613",98.6666355286977
"5614",15.8263022852913
"5615",22.3224456194014
"5616",34.6946731973381
"5617",46.0190683623539
"5618",79.964693971583
"5619",49.2902049617178
"5620",38.0327750072119
"5621",81.4347900709864
"5622",19.6854948539615
"5623",87.5306991041269
"5624",24.1281019091892
"5625",63.5538613665938
"5626",36.3848387092104
"5627",61.7218200659803
"5628",65.0923826046098
"5629",40.5795887223894
"5630",40.2680448661362
"5631",17.7534093381843
"5632",31.0629440565777
"5633",29.7229595871656
"5634",62.1179803728984
"5635",57.5286955157918
"5636",57.1720308020792
"5637",27.6533644618138
"5638",44.9096270946972
"5639",91.2871945733337
"5640",23.9041379912355
"5641",40.5239243148764
"5642",124.538880750309
"5643",60.5685849081596
"5644",42.0296570858596
"5645",52.7957725295185
"5646",19.9575903009283
"5647",62.1859263052364
"5648",71.8767696552182
"5649",79.8988731337221
"5650",107.122012692091
"5651",51.1178705599093
"5652",59.0428373057111
"5653",26.5112897306835
"5654",39.2501275605463
"5655",64.4277914330412
"5656",51.641902390978
"5657",40.709230299931
"5658",52.5650352494509
"5659",53.5820132432264
"5660",39.6075622567429
"5661",42.2162724248224
"5662",23.9669286021917
"5663",44.7222797533953
"5664",60.734163738784
"5665",27.8027687178669
"5666",18.3694814329921
"5667",69.49619967925
"5668",72.4601243469809
"5669",33.014208381236
"5670",41.0683216760663
"5671",38.4108497294985
"5672",54.8602788647169
"5673",98.0486854674807
"5674",21.3704983129363
"5675",17.2657919884133
"5676",93.7467240055603
"5677",24.5469286021917
"5678",12.2235119002731
"5679",81.9419511988036
"5680",43.0328664262353
"5681",74.6490288092059
"5682",53.1998047999564
"5683",81.9910071509331
"5684",60.2237151248985
"5685",34.038098789127
"5686",58.4589713314259
"5687",51.6928671912927
"5688",50.8275603462263
"5689",28.8579949368693
"5690",28.4312929148798
"5691",28.0941024824495
"5692",33.9495719465936
"5693",54.6971165401746
"5694",65.7559115389642
"5695",37.3319025832095
"5696",44.3508380345013
"5697",84.5140799387778
"5698",60.6254508699227
"5699",26.9802620116416
"5700",54.8979138485111
"5701",36.3672347465262
"5702",56.6155894854219
"5703",117.229427093975
"5704",19.5904522296002
"5705",21.9594677088802
"5706",24.3396468393913
"5707",41.8800257062375
"5708",37.4905049550241
"5709",58.7429972960543
"5710",107.783275052574
"5711",39.2602769641013
"5712",45.4771368697164
"5713",72.1806473132299
"5714",32.7684423864598
"5715",25.4531022398746
"5716",43.9497602590179
"5717",106.653008202236
"5718",66.2864314752736
"5719",36.4926715252392
"5720",48.4885700152238
"5721",29.3098319948386
"5722",56.926146066406
"5723",69.3927201869566
"5724",30.9811070923566
"5725",85.8760962825566
"5726",65.7643637311242
"5727",82.4923689643821
"5728",37.6883698625573
"5729",52.3062612504556
"5730",88.6968167165505
"5731",42.3264565768191
"5732",60.4972263466465
"5733",77.5633645548273
"5734",69.0577920990126
"5735",38.5590272739536
"5736",50.4964961625694
"5737",52.0590110681411
"5738",32.2305459579286
"5739",212.210619444701
"5740",28.0447966220342
"5741",37.2072289251954
"5742",30.986321603772
"5743",68.5991546919927
"5744",62.9069685363292
"5745",66.564699706154
"5746",177.781400574917
"5747",33.8410612729518
"5748",62.2685849081596
"5749",45.3784942646009
"5750",24.0144969996882
"5751",60.294446914246
"5752",58.5483472158059
"5753",41.2778951728775
"5754",75.6239383318659
"5755",249.739601170343
"5756",30.6824905875888
"5757",36.2845387526222
"5758",113.817073539571
"5759",17.6758925533362
"5760",45.470307415817
"5761",33.6706126092719
"5762",15.1074696235761
"5763",23.2840919064517
"5764",32.9446797644492
"5765",51.9359426542212
"5766",51.8164817055035
"5767",128.905054973482
"5768",77.1601368845036
"5769",22.1762661540652
"5770",70.8680755031679
"5771",62.368621092824
"5772",33.9570654576083
"5773",60.1935833238879
"5774",35.3747942555156
"5775",100.696372917747
"5776",64.258621092824
"5777",21.093245323115
"5778",125.188739459786
"5779",60.5726610517211
"5780",75.3837145162085
"5781",22.5677216587386
"5782",90.6863506158686
"5783",41.0391177525776
"5784",44.71816746279
"5785",49.9729713571791
"5786",58.081617342476
"5787",22.6454140918337
"5788",21.9454745289756
"5789",52.9264138708481
"5790",23.955556587097
"5791",14.6003130605164
"5792",76.1509399646784
"5793",26.8145421867236
"5794",91.0249408333393
"5795",37.1607372846054
"5796",59.0188974168912
"5797",51.7825295304579
"5798",48.6698710190501
"5799",76.4849433305521
"5800",38.4440208780681
"5801",99.7642090253513
"5802",54.5164855405193
"5803",51.2568214905243
"5804",38.5326579321856
"5805",122.157290059267
"5806",74.7887648541991
"5807",33.1068843834336
"5808",72.55355526923
"5809",45.0388300954868
"5810",17.4680231172898
"5811",26.3941379912355
"5812",69.9360412503744
"5813",17.0382289964348
"5814",88.9220991886125
"5815",30.3448915346752
"5816",160.160331427629
"5817",83.3844559448067
"5818",123.695221788937
"5819",38.0690074870001
"5820",33.3003338261849
"5821",34.9710487580363
"5822",76.4133409761876
"5823",40.1984920210816
"5824",21.0369808937839
"5825",47.2734832996134
"5826",59.6357252355945
"5827",57.5158899327911
"5828",36.2242953540278
"5829",27.1063320604159
"5830",47.8345557963141
"5831",55.1577413641737
"5832",38.0497094802754
"5833",69.8089033399459
"5834",27.54313040357
"5835",96.3190637799785
"5836",34.181274452097
"5837",17.6689521987199
"5838",69.7228030840193
"5839",49.3733503216252
"5840",29.283976718832
"5841",56.4131286854543
"5842",77.4833548126627
"5843",55.2819561729285
"5844",49.5135246786847
"5845",38.6673202203461
"5846",47.7009493944413
"5847",99.5039370250402
"5848",88.600123245349
"5849",115.195029878425
"5850",48.8324250220782
"5851",43.3580345730447
"5852",85.26193844662
"5853",34.844609139151
"5854",21.8706334105501
"5855",51.0751197716197
"5856",30.5347372704987
"5857",49.4542585737881
"5858",83.3442057212862
"5859",20.3610081471993
"5860",23.9665410146047
"5861",64.9168440526223
"5862",51.1004963066142
"5863",52.2250858285677
"5864",17.3959018350415
"5865",101.630033699661
"5866",55.9253506839503
"5867",50.6894992700739
"5868",27.205684176276
"5869",15.5066380167579
"5870",55.8255563272682
"5871",62.0204874627328
"5872",73.0148442231224
"5873",34.5790015431106
"5874",26.2866348810204
"5875",80.8161553290923
"5876",64.0913040509563
"5877",49.6204549126523
"5878",71.7819656694423
"5879",56.7518178036333
"5880",93.7476388126909
"5881",77.608439135228
"5882",40.3917549516821
"5883",15.3934872437969
"5884",118.571718193665
"5885",18.3685196651248
"5886",135.168103670548
"5887",40.7892154154789
"5888",21.411681505684
"5889",19.0712184010261
"5890",38.8461480823808
"5891",41.1427019496455
"5892",102.376628107621
"5893",57.9161335997687
"5894",40.9617807197325
"5895",42.7105750014857
"5896",26.0794913691804
"5897",25.7452404853556
"5898",66.0700910488567
"5899",35.4477608101123
"5900",55.8400219316185
"5901",52.4574886256501
"5902",19.3586749460711
"5903",40.5087192634419
"5904",50.5323155089705
"5905",143.452860808091
"5906",44.5991070255105
"5907",66.0114749625714
"5908",29.9141553263363
"5909",31.0745359983526
"5910",36.6874257829691
"5911",41.1462360211675
"5912",84.9998528707576
"5913",20.8999099711022
"5914",19.2276171508767
"5915",36.0752528064356
"5916",48.236451323285
"5917",55.5869909356361
"5918",77.879725342096
"5919",58.2000157734649
"5920",58.5569295755118
"5921",117.945029878425
"5922",48.2620413517591
"5923",36.3784822145413
"5924",28.3700267263904
"5925",20.3318159910064
"5926",114.052428974878
"5927",48.0975506149106
"5928",101.539381617932
"5929",72.4112706748722
"5930",39.3872611959781
"5931",53.9549043321411
"5932",43.8754668138407
"5933",51.2494320382874
"5934",60.6951669736423
"5935",52.8519771620504
"5936",36.9663481778749
"5937",22.3505074419445
"5938",13.90589887925
"5939",48.5749446904194
"5940",45.9074289739377
"5941",72.2676293512259
"5942",51.0567189399276
"5943",43.4051988780079
"5944",23.2793979705157
"5945",74.7257172624123
"5946",22.6140804482496
"5947",98.1029666406275
"5948",32.9485718182326
"5949",53.5803715440069
"5950",34.2362875251715
"5951",58.4318968989467
"5952",61.0175975653831
"5953",45.773147079008
"5954",65.3164696668821
"5955",24.5118936522107
"5956",27.4495431578327
"5957",76.4536590252012
"5958",109.143008202236
"5959",24.7827083043291
"5960",33.8297237153634
"5961",83.8344559448067
"5962",74.7559798171316
"5963",78.9479452981367
"5964",24.9662250089781
"5965",26.152219834722
"5966",49.9925289679295
"5967",46.2581006118084
"5968",32.0827752377741
"5969",13.3300180900238
"5970",23.4563989017941
"5971",28.0683912365563
"5972",27.6017326262105
"5973",38.1982504351194
"5974",48.6662021700062
"5975",48.2889532540466
"5976",98.4802183595036
"5977",42.9067503517096
"5978",73.9294255518105
"5979",71.9991478806694
"5980",30.1428742166079
"5981",26.0792947301301
"5982",14.8924446756438
"5983",57.8750057778954
"5984",26.2967157445911
"5985",85.5491613111745
"5986",61.4822127348342
"5987",70.1307310734246
"5988",52.3943522584626
"5989",30.2955479674263
"5990",51.2718806126778
"5991",76.9254339890849
"5992",101.240611259869
"5993",52.8375053803809
"5994",18.9238367981191
"5995",45.6490537868843
"5996",38.1611554374919
"5997",69.768348171074
"5998",54.3657358033154
"5999",58.1351669736423
"6000",67.4289678633922
"6001",52.4542217938138
"6002",37.1981059839661
"6003",27.2179456925056
"6004",18.0356475235828
"6005",90.1053200678099
"6006",55.6556630724904
"6007",118.671919686074
"6008",23.7781500659648
"6009",47.039633181444
"6010",53.2359280755679
"6011",29.7793605438054
"6012",25.89500508079
"6013",25.602926552001
"6014",19.5886250257952
"6015",64.232399777078
"6016",24.3907618227418
"6017",49.5742589211257
"6018",54.0179142011064
"6019",47.1388993783131
"6020",40.357360931389
"6021",73.5960589083439
"6022",90.5883511472301
"6023",32.5054992642742
"6024",108.070424593348
"6025",57.752734701861
"6026",39.3298049278391
"6027",33.8152611300914
"6028",51.3302705316886
"6029",22.6185759713031
"6030",34.2122744526328
"6031",61.0991204121983
"6032",58.0431236406791
"6033",47.8482973688515
"6034",41.7589655558641
"6035",37.9282828682144
"6036",56.661266200708
"6037",84.8828158610681
"6038",36.4271519338934
"6039",60.6462830863909
"6040",32.8039798856753
"6041",34.9480377836358
"6042",57.1523862273061
"6043",74.3494255518105
"6044",45.292834456868
"6045",98.792492905989
"6046",47.8271476134131
"6047",53.1933592776241
"6048",31.0168343934913
"6049",55.335571627584
"6050",40.154267553014
"6051",50.0859447487637
"6052",23.6768438859908
"6053",36.6064037215712
"6054",21.5831939562178
"6055",40.894897129224
"6056",46.6971496198616
"6057",69.1532755500825
"6058",33.8605386823301
"6059",25.5035029551604
"6060",19.8861721630984
"6061",45.611318798961
"6062",41.1419186108419
"6063",32.8893803822318
"6064",23.5955608198036
"6065",22.7802763042295
"6066",48.3045725188264
"6067",15.817541516093
"6068",30.2916776880008
"6069",88.5213985607851
"6070",25.239022781554
"6071",25.9762458387562
"6072",47.0169749896502
"6073",56.3874068288824
"6074",45.4004703854854
"6075",36.7437177097331
"6076",21.9949907985429
"6077",36.9660065503582
"6078",17.5750244278856
"6079",36.4719534668721
"6080",46.6226415998351
"6081",68.6390473865298
"6082",16.4972487576943
"6083",65.968497511882
"6084",87.808312639232
"6085",50.7989306716814
"6086",38.2432042922191
"6087",76.8126288877294
"6088",74.0061707444046
"6089",99.9768775664929
"6090",59.5574939622937
"6091",43.4223361166215
"6092",28.1714888643249
"6093",70.6767388056678
"6094",25.240907946274
"6095",25.4702457528731
"6096",39.6151099577618
"6097",30.7562264342052
"6098",44.8026415998351
"6099",31.5595275834335
"6100",47.4614578881896
"6101",21.8983676730505
"6102",102.285435161539
"6103",42.4780009211869
"6104",39.527216241309
"6105",82.6717343929208
"6106",54.253889406143
"6107",61.8412621804756
"6108",37.5202772670619
"6109",42.1211269248271
"6110",52.535860980874
"6111",19.8124416849235
"6112",38.8620421835607
"6113",91.5698071295442
"6114",28.9695925713581
"6115",49.7020877011382
"6116",43.0756164571807
"6117",20.1782676597243
"6118",27.090251568019
"6119",35.7236738632836
"6120",25.4663989017941
"6121",80.2191839616683
"6122",80.1073252411207
"6123",37.7244231532997
"6124",32.1019732516244
"6125",43.8458794892629
"6126",36.7400046188124
"6127",39.203872778034
"6128",28.092453964435
"6129",31.5424962201118
"6130",42.4366973584064
"6131",56.3758192331593
"6132",33.3613951716106
"6133",35.6930319655029
"6134",91.985727281327
"6135",23.9611246121786
"6136",142.649373627539
"6137",32.7873128128627
"6138",74.160354904093
"6139",16.0370435207244
"6140",58.6551669736423
"6141",59.7616392072159
"6142",104.294545976778
"6143",48.5474564311497
"6144",19.0162657084616
"6145",46.710307415817
"6146",25.5954134876572
"6147",109.31888404629
"6148",74.790282251625
"6149",45.7263436635753
"6150",19.774445322859
"6151",93.0604585050817
"6152",93.0569811545507
"6153",53.4832138756844
"6154",42.7045141077167
"6155",56.1772302302716
"6156",23.8926330213892
"6157",44.8900937366829
"6158",19.04810908358
"6159",24.7028297569043
"6160",25.1047155636312
"6161",77.4014711465953
"6162",73.295201048334
"6163",27.1536654715421
"6164",30.685216033409
"6165",23.2337409291055
"6166",22.9024519998035
"6167",75.3405109072695
"6168",105.960424593348
"6169",63.5027147725472
"6170",40.839230299931
"6171",60.8972370649523
"6172",44.1409878798327
"6173",34.4783894490345
"6174",43.2122797533953
"6175",35.2904125409955
"6176",43.0902047670235
"6177",23.1962837787036
"6178",24.7823025271459
"6179",45.8623409676402
"6180",28.1303180512393
"6181",59.2652129464211
"6182",24.672969995829
"6183",69.3289033399459
"6184",39.9703951578194
"6185",25.5523661457364
"6186",32.8489803526602
"6187",56.5260051378338
"6188",19.0804983129363
"6189",62.1009628080094
"6190",67.3823506033545
"6191",20.3236556412222
"6192",42.6957734398813
"6193",68.1948939177747
"6194",69.070091243433
"6195",87.2878736619306
"6196",24.3730670133865
"6197",83.2019511988036
"6198",35.2407605423577
"6199",48.7318762584288
"6200",51.2762612504556
"6201",30.5831035848236
"6202",55.7870002894971
"6203",91.7479106800583
"6204",85.2267558582338
"6205",30.6143790438513
"6206",108.137674139535
"6207",43.1145461336749
"6208",46.403047369584
"6209",38.2820122059955
"6210",143.259315907945
"6211",131.895839558585
"6212",18.8664148211076
"6213",41.5891545111557
"6214",86.6234232220239
"6215",46.5758978322133
"6216",41.2274443492555
"6217",25.7724995761889
"6218",57.6589319845558
"6219",54.1844333669978
"6220",47.1871334021032
"6221",39.2466833851068
"6222",48.1101591102547
"6223",46.1164069782479
"6224",52.3841526709376
"6225",34.8269805362057
"6226",38.1519647366684
"6227",106.634125138889
"6228",30.9262875251715
"6229",78.0776486554947
"6230",14.1134872437969
"6231",17.1742984737742
"6232",79.1170001807622
"6233",125.813180371761
"6234",29.2582209368447
"6235",123.149157802194
"6236",14.3555028725113
"6237",62.0429155101305
"6238",58.8392466369712
"6239",129.954953644288
"6240",41.6182954363172
"6241",123.79192588961
"6242",41.5410163463406
"6243",19.3765626343253
"6244",64.1076599267232
"6245",27.8775633454817
"6246",57.781785464847
"6247",27.0079949368693
"6248",35.4953702057136
"6249",46.9953677187507
"6250",22.4424635030941
"6251",112.064001713214
"6252",42.1600039467467
"6253",43.8759108074438
"6254",81.7998528707576
"6255",32.6892305170188
"6256",32.6028521492688
"6257",51.1997016563666
"6258",56.3831522756066
"6259",132.239292348731
"6260",75.0552345034489
"6261",37.8556319035643
"6262",38.2023653489026
"6263",115.40831039712
"6264",87.5986335800255
"6265",60.9297355802661
"6266",34.2911067485531
"6267",38.8976061914509
"6268",60.5431004762443
"6269",31.2538053427911
"6270",26.8779216070754
"6271",47.4298054562726
"6272",58.5582658737994
"6273",42.4256344220211
"6274",69.314660910788
"6275",18.2101595410872
"6276",38.657549241251
"6277",285.081412746515
"6278",113.59071830564
"6279",19.4661245635086
"6280",33.8278860587734
"6281",29.0675860763124
"6282",27.0365154058881
"6283",19.6270167432109
"6284",40.1795350987689
"6285",19.2152794822287
"6286",28.4468053436699
"6287",51.9792932612885
"6288",20.9186302635948
"6289",37.8824260718278
"6290",36.5007567819643
"6291",22.992037097944
"6292",80.004057040452
"6293",39.8495770844767
"6294",37.9934666362356
"6295",72.1312756215723
"6296",26.494575713089
"6297",61.9452545123845
"6298",47.2758773557734
"6299",56.8500967301189
"6300",26.3860080465938
"6301",52.2943313260205
"6302",66.7443637311242
"6303",42.192672359028
"6304",11.0636484522037
"6305",159.230331427629
"6306",70.257980228005
"6307",38.2305551035717
"6308",46.5613652524811
"6309",46.9111264227884
"6310",52.4599333185054
"6311",38.0975005698567
"6312",39.4466419973592
"6313",29.5076825491351
"6314",30.7619732516244
"6315",21.9067329773246
"6316",48.1949358125868
"6317",100.732070425654
"6318",68.2316452578573
"6319",39.9045223305925
"6320",57.5080013835203
"6321",56.8085339028126
"6322",24.0191938538589
"6323",68.5262092235146
"6324",35.0887420740058
"6325",37.7498721027093
"6326",54.1255015256817
"6327",68.6512766756618
"6328",33.8500902513861
"6329",99.306435628418
"6330",51.9399135051408
"6331",55.0671011542924
"6332",40.4002421030618
"6333",56.4969024160924
"6334",77.2114822045243
"6335",31.2314345295022
"6336",75.3435858197441
"6337",87.8958915501103
"6338",68.5976743493132
"6339",58.220647401114
"6340",114.832767598531
"6341",28.6083228988968
"6342",56.8431323370376
"6343",20.889752313155
"6344",62.1862013237166
"6345",15.8679036807321
"6346",84.2405009268519
"6347",41.9996270946972
"6348",99.9829666406275
"6349",35.8182643378905
"6350",28.2946058511751
"6351",39.1091570016441
"6352",60.0446028654297
"6353",31.2835969963578
"6354",33.0295673825968
"6355",35.5125761858453
"6356",30.4544882938001
"6357",58.2653753380264
"6358",54.0761146727996
"6359",20.0936556412222
"6360",41.9404125980904
"6361",51.60359458753
"6362",22.5035510062384
"6363",74.9457133757876
"6364",20.5509236245733
"6365",132.861724875094
"6366",51.8073289572237
"6367",27.5301953752963
"6368",37.2132042922191
"6369",52.7396554641788
"6370",44.2425560239189
"6371",17.2504225741462
"6372",61.3581208526764
"6373",38.8638391793536
"6374",55.7042968373403
"6375",33.0343269467635
"6376",57.0511077014683
"6377",58.4278155937174
"6378",53.0661671041584
"6379",103.792044504729
"6380",19.5302105836305
"6381",38.6295450811257
"6382",23.1168842679161
"6383",52.6750590900761
"6384",31.2277320184601
"6385",72.9116061631734
"6386",30.1477320184601
"6387",70.5319916781374
"6388",49.6926158385722
"6389",36.6656122725972
"6390",29.2640649236605
"6391",33.8061117081302
"6392",39.7135652841116
"6393",26.6597997233763
"6394",35.303499136168
"6395",34.1220713657045
"6396",54.3733185011487
"6397",47.0660627700595
"6398",23.4797543241899
"6399",42.7192527556944
"6400",72.471391030473
"6401",35.1510055240431
"6402",51.1400738587943
"6403",20.9272968814557
"6404",21.4128603842565
"6405",52.2697825886216
"6406",29.1117914383496
"6407",35.552343864457
"6408",52.5979926824035
"6409",46.0140029024563
"6410",21.0688687137085
"6411",41.5765023378186
"6412",46.1647545856204
"6413",39.6439805727519
"6414",16.6530145411947
"6415",55.0054313738944
"6416",44.0488820679445
"6417",15.4193415484962
"6418",68.9879272719788
"6419",85.3807461295049
"6420",53.8579412572369
"6421",45.0295541726551
"6422",53.3248703983343
"6423",41.8025533268696
"6424",94.2222849419931
"6425",28.9044928857186
"6426",91.9798085203053
"6427",32.6165957216858
"6428",45.7258195435301
"6429",61.2075807102021
"6430",31.8068360229867
"6431",60.8624827519408
"6432",44.0273033979335
"6433",26.6477640031205
"6434",60.9378326984708
"6435",64.9779803728984
"6436",24.3671241735713
"6437",41.4412167202226
"6438",19.5125406491946
"6439",145.464191073067
"6440",76.7130626317542
"6441",55.0808043313805
"6442",71.1634872318322
"6443",42.3681067621616
"6444",46.7813947132994
"6445",61.5924827519408
"6446",65.8001440784501
"6447",111.498297870861
"6448",52.772123075421
"6449",75.1629231368456
"6450",162.820726502421
"6451",14.2350039293865
"6452",28.5147778545834
"6453",109.740766832818
"6454",20.6821670153413
"6455",46.0974289739377
"6456",42.3297063968288
"6457",78.3413261671939
"6458",45.5023409676402
"6459",66.5670909752539
"6460",23.4419497435138
"6461",19.8861245635086
"6462",88.6354292823298
"6463",47.2429475119777
"6464",70.5084963970495
"6465",60.1581625287386
"6466",98.0543563201369
"6467",37.0779490039965
"6468",52.9467755181337
"6469",33.0497038643579
"6470",60.7513445450854
"6471",30.6385139464982
"6472",52.2579412572369
"6473",34.8708963900725
"6474",29.4857316133576
"6475",60.6588541921035
"6476",22.6135510062384
"6477",18.0811628050252
"6478",56.8478936213462
"6479",19.5086912666203
"6480",58.5149899334559
"6481",101.536015944883
"6482",46.2902047670235
"6483",29.2583173671729
"6484",60.9824827519408
"6485",25.3272537550868
"6486",28.8714604600132
"6487",98.9910201957799
"6488",47.1961395087475
"6489",16.4167378837969
"6490",144.729949213513
"6491",105.332642818881
"6492",40.4245223305925
"6493",52.8113097989091
"6494",61.68007391092
"6495",67.0506817492653
"6496",40.0446059699935
"6497",59.8619610942885
"6498",14.7180901957274
"6499",49.9138980053242
"6500",162.674042185308
"6501",38.4363945319449
"6502",40.6957773558382
"6503",48.6366740159981
"6504",128.345874483034
"6505",109.675844484446
"6506",42.0037361575813
"6507",34.2696062749968
"6508",55.2233642382833
"6509",50.7608218082925
"6510",28.7311409299494
"6511",58.6876223022263
"6512",52.6803120990954
"6513",45.3298066374003
"6514",71.9520279735463
"6515",46.750196445399
"6516",69.6664205623864
"6517",58.5277914642959
"6518",20.107816522296
"6519",44.1948249200441
"6520",85.0241020024854
"6521",48.4586322750792
"6522",88.3232845492405
"6523",21.0231625299965
"6524",41.7809397494543
"6525",30.330624127723
"6526",64.6100918837277
"6527",38.5378480187243
"6528",34.5663808210035
"6529",58.3462034220166
"6530",21.1694677088802
"6531",76.8892711107698
"6532",57.1165683482597
"6533",84.5305683680549
"6534",20.1784638062435
"6535",51.3937925955181
"6536",14.9054588591568
"6537",33.1218202737978
"6538",30.1932095663936
"6539",65.5695066341006
"6540",58.4220978248295
"6541",31.3081059839661
"6542",31.8822505458185
"6543",86.1805683680549
"6544",60.3775686959641
"6545",53.4836678129929
"6546",31.9165880704348
"6547",65.4715757507838
"6548",55.2703543187212
"6549",26.7701953752963
"6550",25.8393013685098
"6551",107.251702741419
"6552",34.1792619560085
"6553",138.454747764687
"6554",32.497739617507
"6555",24.3896622083222
"6556",54.8751118182177
"6557",49.4575105584726
"6558",52.0193088476152
"6559",39.3951099577618
"6560",32.3558564842085
"6561",33.8265860715374
"6562",22.9544464561443
"6563",62.4006542157757
"6564",49.9519124852114
"6565",29.0578127593035
"6566",16.8474778172123
"6567",30.1629633460303
"6568",21.9491008478915
"6569",59.5224827519408
"6570",32.0888473130931
"6571",12.1734872437969
"6572",38.2889138475563
"6573",36.2625668558435
"6574",36.7898527446346
"6575",53.2917481600339
"6576",54.9390110681411
"6577",20.1361435083823
"6578",136.578954252348
"6579",30.4631426566139
"6580",119.356238570738
"6581",39.6234533107729
"6582",24.1595846153761
"6583",43.1447232140077
"6584",31.4733400547612
"6585",43.4392977042442
"6586",17.9829665373905
"6587",24.6630507136886
"6588",53.067997041403
"6589",67.1803594928449
"6590",35.4282339395298
"6591",57.6587109332171
"6592",25.782414419323
"6593",22.1565930240572
"6594",58.2631236406791
"6595",20.3035422972523
"6596",22.2530547425876
"6597",61.6710259022477
"6598",91.6993653271045
"6599",29.1402478499683
"6600",25.5525870914845
"6601",28.4518899351352
"6602",25.8795996376283
"6603",22.514091509953
"6604",36.9732402245109
"6605",64.7897762041405
"6606",29.940815040075
"6607",44.5690547531372
"6608",35.5822354941999
"6609",17.133748035181
"6610",34.5974270438336
"6611",44.140010266589
"6612",39.433872778034
"6613",23.6642552298696
"6614",38.9481486038672
"6615",59.4274939622937
"6616",59.1424827519408
"6617",63.4531685955039
"6618",49.7506527704681
"6619",21.9119526052469
"6620",49.2809466280106
"6621",54.107725943091
"6622",52.6736947240209
"6623",22.6195314525545
"6624",20.1676528750736
"6625",13.8292451600024
"6626",61.2989713314259
"6627",38.6517761657972
"6628",37.5556416815238
"6629",36.6459957010417
"6630",30.5462688578064
"6631",26.2394087406314
"6632",46.6503502216622
"6633",63.0540694743261
"6634",33.5604100287799
"6635",65.5019825163572
"6636",22.820044859552
"6637",57.4697110916453
"6638",14.4738608366528
"6639",36.7714919554292
"6640",19.4974807543037
"6641",48.0055116536194
"6642",120.689157802194
"6643",78.8086291898386
"6644",97.0793831839343
"6645",48.3634274735151
"6646",18.7493003621743
"6647",16.9241495604082
"6648",20.3451034396173
"6649",23.9562552152614
"6650",46.9828526725696
"6651",35.8350464320618
"6652",56.3849972982216
"6653",31.6902864002837
"6654",37.086054255043
"6655",61.8087756187789
"6656",42.2053993225893
"6657",20.6976382521478
"6658",24.7456608510495
"6659",44.1958876249135
"6660",41.9531673852599
"6661",52.9771050655563
"6662",51.7809443114076
"6663",24.2177824281157
"6664",53.712135537214
"6665",23.7237805533287
"6666",40.8916853534336
"6667",77.1789818057245
"6668",27.8218536417438
"6669",62.6097266100099
"6670",52.2900491254102
"6671",110.075167009636
"6672",26.9449606487167
"6673",28.5421492555036
"6674",75.2118574913939
"6675",33.7225834351392
"6676",44.9456464041446
"6677",23.8362550455573
"6678",41.1515640501313
"6679",45.7165971546191
"6680",72.7596403785766
"6681",26.7258137359185
"6682",75.611945931806
"6683",40.9335811534564
"6684",34.5746985651658
"6685",52.2099203290168
"6686",73.1016136101789
"6687",16.4856720620814
"6688",55.5571011542924
"6689",37.9294096277587
"6690",20.8355611832686
"6691",40.4049015020564
"6692",47.437329315156
"6693",46.4290953392985
"6694",82.6595529848168
"6695",49.8920132432264
"6696",111.814573842302
"6697",67.7408760847736
"6698",24.3434112831465
"6699",57.4467568319692
"6700",19.5362573561127
"6701",36.7693393336858
"6702",49.1896219823652
"6703",36.0511394427701
"6704",57.2402521479525
"6705",49.7034274735151
"6706",47.5161553269197
"6707",65.9344350685765
"6708",70.2577633803799
"6709",60.0585972821454
"6710",48.1431828924432
"6711",37.751102080303
"6712",74.0049979353205
"6713",40.243872778034
"6714",118.59796947301
"6715",53.8773694871175
"6716",23.1179894397105
"6717",79.1577429437004
"6718",31.4897816630706
"6719",50.7786981182926
"6720",23.5755897479392
"6721",23.9086487704625
"6722",16.3195661908851
"6723",60.9218707872182
"6724",34.148067819047
"6725",64.9087781806553
"6726",39.7830064583014
"6727",19.4975894001395
"6728",35.2640955179907
"6729",71.0191152174045
"6730",38.183707154844
"6731",24.9782864633957
"6732",34.0014881785482
"6733",40.4411883137569
"6734",26.5315365022246
"6735",21.4703833707657
"6736",159.883419324069
"6737",42.1469121459619
"6738",17.3306426890627
"6739",66.0320755506497
"6740",26.3912276287187
"6741",18.9972473694149
"6742",36.132946468459
"6743",39.1026195361125
"6744",26.5549996372818
"6745",32.4057407867415
"6746",26.703908203558
"6747",30.4211350043217
"6748",73.46419884108
"6749",100.089912412266
"6750",28.721699927673
"6751",18.2999805937725
"6752",16.7893440064716
"6753",43.5287503161348
"6754",45.4286928174485
"6755",44.9037798908337
"6756",33.7248837348133
"6757",24.7409167914082
"6758",51.3709846963191
"6759",19.0889959102228
"6760",32.9378562399927
"6761",55.1417334273761
"6762",50.3653699576533
"6763",43.4038256486138
"6764",77.2933912882419
"6765",53.164721113351
"6766",54.2377403316519
"6767",40.9980551564493
"6768",48.0760810538541
"6769",80.8382816963844
"6770",33.9664037215712
"6771",39.1200318847177
"6772",61.3640694743261
"6773",38.1557793764975
"6774",31.9100553264698
"6775",35.0667889568954
"6776",42.1033498233138
"6777",91.7808246621858
"6778",25.0325870914845
"6779",21.9096087165905
"6780",86.8811979013146
"6781",40.5190272739536
"6782",89.421213413067
"6783",71.8002239847426
"6784",48.9745744268334
"6785",25.3717639934572
"6786",77.6458670714974
"6787",47.107134794467
"6788",18.6761721630984
"6789",29.9202864002837
"6790",26.4716526897009
"6791",26.6119559347641
"6792",48.1524299944618
"6793",72.2576069372492
"6794",59.0695940842336
"6795",36.8116409917446
"6796",61.4743724292229
"6797",26.8449214940043
"6798",48.8831385124513
"6799",42.5203233799313
"6800",31.5508731241826
"6801",25.022453964435
"6802",119.200934548714
"6803",80.8812191313645
"6804",39.257055459915
"6805",30.513136158914
"6806",42.8758876249135
"6807",16.6276374221323
"6808",18.2968400362282
"6809",47.948659250808
"6810",35.9327383962433
"6811",185.210078341415
"6812",203.220528716331
"6813",11.2562423519166
"6814",34.7012812464222
"6815",70.3623497440777
"6816",40.2743812201161
"6817",28.2543565550338
"6818",39.9008031809614
"6819",71.7191478806694
"6820",38.2817943884975
"6821",21.3245731038775
"6822",53.1656996575604
"6823",31.0268572835728
"6824",39.5623378581452
"6825",33.5550691400739
"6826",48.6288460338619
"6827",50.212608350594
"6828",87.5860026884423
"6829",26.1341518535026
"6830",39.1354114278362
"6831",49.1345744268334
"6832",36.6863481778749
"6833",53.0267390486982
"6834",39.6899738196419
"6835",29.6000677730178
"6836",54.3535188870677
"6837",45.2056464041446
"6838",73.3773805940784
"6839",26.1844120971042
"6840",34.3849330382456
"6841",106.407416954916
"6842",35.7998383826138
"6843",25.7688456703311
"6844",45.6488836854878
"6845",29.5659805671969
"6846",41.8199394803538
"6847",59.9402390802414
"6848",99.2162634074609
"6849",23.9240908206655
"6850",50.5773525807911
"6851",61.4010259022477
"6852",35.7903415861162
"6853",32.720624127723
"6854",45.4033263319148
"6855",28.4225870914845
"6856",50.293811874153
"6857",55.4473976911416
"6858",59.4031755452529
"6859",32.3563102699201
"6860",47.457843215814
"6861",27.2796329025759
"6862",103.430445753112
"6863",66.1232907410692
"6864",48.0032055580026
"6865",55.559620012409
"6866",23.6938645233772
"6867",57.2671290876763
"6868",73.3427298258957
"6869",57.694490089588
"6870",17.4051727846688
"6871",45.8002049617178
"6872",30.7370322567585
"6873",42.8214880515393
"6874",46.4333656298652
"6875",34.2151624886683
"6876",36.2947357615345
"6877",37.5376446247687
"6878",25.0422579462185
"6879",20.907816522296
"6880",37.8984092989949
"6881",30.0342156619542
"6882",65.8208750522725
"6883",54.0330333902252
"6884",129.17444366996
"6885",48.8733360720025
"6886",57.6286384335655
"6887",60.4018004079468
"6888",47.7188444290116
"6889",29.5117327443063
"6890",45.1827018671123
"6891",46.5739911186477
"6892",41.7877187711958
"6893",57.8112754084625
"6894",31.2759866007255
"6895",49.7133427982712
"6896",42.4136652363089
"6897",71.8052354722572
"6898",70.6587736772306
"6899",45.6140107728969
"6900",23.79726232633
"6901",15.4287625274838
"6902",67.7259340003396
"6903",24.0793608868001
"6904",55.3640358819329
"6905",31.9875399643259
"6906",54.7769490666909
"6907",54.2987336203634
"6908",25.4876648822506
"6909",70.4977633803799
"6910",68.3728874866975
"6911",58.8169295755118
"6912",53.249781051599
"6913",30.5363250291042
"6914",49.8530997401132
"6915",51.3293739858792
"6916",80.8242973021176
"6917",66.4012954853173
"6918",36.0695911764797
"6919",25.8710651898357
"6920",19.3276528750736
"6921",66.6733971383092
"6922",177.596392875781
"6923",49.2645744268334
"6924",39.5981486038672
"6925",27.6957949340287
"6926",40.1552219301097
"6927",51.8206112506227
"6928",32.1984574702126
"6929",22.653245323115
"6930",49.1252718312957
"6931",34.8274858425603
"6932",37.5679490039965
"6933",74.3617604342415
"6934",24.7764047927417
"6935",56.1244218125469
"6936",23.1845361402837
"6937",40.7912692507182
"6938",101.858407768993
"6939",14.5250133313334
"6940",19.4301522390984
"6941",29.0611153240437
"6942",48.7935579009526
"6943",26.6573353370953
"6944",27.3974157078282
"6945",62.9080813735735
"6946",133.926693317453
"6947",35.4851272467507
"6948",50.7534274735151
"6949",39.3427678735719
"6950",95.2427774614524
"6951",40.6123883584771
"6952",65.8070785559826
"6953",31.545506103005
"6954",49.2741799131812
"6955",56.2142724659481
"6956",100.237647687535
"6957",47.7904354202211
"6958",39.9587677163161
"6959",22.9206426066732
"6960",54.0414565469163
"6961",34.0194169340752
"6962",28.7894738032871
"6963",96.7875895112772
"6964",48.338418110018
"6965",44.1125788610162
"6966",44.4784942646009
"6967",34.9081375171413
"6968",50.7098003640774
"6969",16.5893440064716
"6970",59.8183747304743
"6971",27.4262391130937
"6972",58.5705460392291
"6973",35.1152979606763
"6974",52.9306882072257
"6975",71.3536590252012
"6976",105.148948273242
"6977",63.9698817989629
"6978",20.9210811375204
"6979",27.782626794914
"6980",34.3796864730017
"6981",14.5512327842006
"6982",26.196010115702
"6983",51.6517927016258
"6984",58.1701198262865
"6985",33.2987420740058
"6986",53.4573231454288
"6987",78.6531636384774
"6988",64.5183349801066
"6989",35.3435620176682
"6990",16.0102063284761
"6991",20.4806426890627
"6992",67.4259382940602
"6993",73.67355526923
"6994",51.3735426488629
"6995",32.9429743116035
"6996",48.3126939440341
"6997",36.6140109164393
"6998",68.0457677226906
"6999",30.3169701187983
"7000",22.031622617419
"7001",60.9391494893322
"7002",95.9171589260756
"7003",30.2805174399713
"7004",41.3980009211869
"7005",32.4759293975506
"7006",24.5434701093389
"7007",49.5115306250238
"7008",74.4326288877294
"7009",61.5319610942885
"7010",27.1908951417543
"7011",116.353096246426
"7012",103.65454748383
"7013",45.1598217357563
"7014",118.516019731244
"7015",33.7325560557317
"7016",39.3177703709152
"7017",47.258986047382
"7018",36.641373208169
"7019",41.3387790478698
"7020",25.2806118494651
"7021",38.7613087274858
"7022",50.2979431254204
"7023",70.397980228005
"7024",20.0337685239862
"7025",39.6330918825663
"7026",48.01347251254
"7027",31.3386062330211
"7028",47.0240374617969
"7029",30.6008344417432
"7030",40.5323897854988
"7031",23.6155829367095
"7032",54.3636440721848
"7033",25.0209596048719
"7034",44.5126415998351
"7035",50.0140312965101
"7036",47.7563455759186
"7037",53.821780923716
"7038",52.0562612504556
"7039",39.4904039244835
"7040",104.150445753112
"7041",26.8187242270304
"7042",66.9572668006537
"7043",37.4157697542902
"7044",28.7275853876385
"7045",60.625393679222
"7046",51.1801150751083
"7047",45.5864999077988
"7048",75.7364350148328
"7049",123.486387807112
"7050",32.7098335474071
"7051",49.407134794467
"7052",36.2666001735372
"7053",105.760296589747
"7054",47.967848277478
"7055",89.3315391870829
"7056",25.8422432363292
"7057",41.0837030850083
"7058",49.9863528922111
"7059",75.7070617033286
"7060",74.7802119863107
"7061",74.4034929070039
"7062",31.1510384271693
"7063",34.4796889822428
"7064",45.5672012570961
"7065",56.6565364656172
"7066",12.8687518059715
"7067",46.5364756134886
"7068",124.940652446505
"7069",70.4490547208318
"7070",45.7128498228564
"7071",58.5430256774971
"7072",29.6163502158497
"7073",103.713819884345
"7074",59.0424260142869
"7075",73.250354904093
"7076",33.1200660766538
"7077",17.0714138435925
"7078",57.8872891443238
"7079",18.0468344524955
"7080",19.8678649141507
"7081",80.6248303873361
"7082",23.1089728970396
"7083",53.3147923727795
"7084",23.9917696418147
"7085",55.6800418788576
"7086",39.070258075261
"7087",55.2748703983343
"7088",28.7684936700691
"7089",34.9020777270709
"7090",37.33253456614
"7091",74.4609177907658
"7092",64.8391364659434
"7093",71.6245458896113
"7094",72.9634929070039
"7095",32.6331561274777
"7096",15.7766991079253
"7097",150.062370535186
"7098",103.892044504729
"7099",69.4931685955039
"7100",82.4399699469174
"7101",43.1360956645912
"7102",78.7740781814458
"7103",58.5186955157918
"7104",84.3616416449162
"7105",70.059036388941
"7106",78.9493653366925
"7107",38.0616373866401
"7108",14.8379036807321
"7109",74.6035790268215
"7110",45.5589215212908
"7111",94.2816339964598
"7112",29.6147372704987
"7113",39.4149849092473
"7114",26.9139779683641
"7115",92.7588536707235
"7116",22.6117294344765
"7117",24.4483088109926
"7118",50.5976138345406
"7119",22.7090777846391
"7120",75.83419884108
"7121",39.5903995578675
"7122",51.8389549725912
"7123",44.7093206318134
"7124",33.1305168062837
"7125",33.2017605063101
"7126",98.2050487501492
"7127",56.4391515701902
"7128",22.0712309549931
"7129",104.101377778077
"7130",34.636851955425
"7131",70.898655300951
"7132",21.3919431900666
"7133",52.132254897302
"7134",44.6736672678086
"7135",113.426918344542
"7136",15.0650039293865
"7137",85.3812171807451
"7138",57.1119415161404
"7139",64.9469597450409
"7140",33.2311955968418
"7141",31.5047759746161
"7142",52.1689432028378
"7143",36.2670882321078
"7144",44.4531345821628
"7145",48.2009973379147
"7146",24.0537176560889
"7147",58.1453934682851
"7148",26.3959940363332
"7149",60.298510835894
"7150",31.1745239534465
"7151",50.7825826595591
"7152",51.8077829328716
"7153",39.1345383880509
"7154",103.390655258721
"7155",23.6366296289304
"7156",63.8623096778858
"7157",24.9950636120149
"7158",106.552732963339
"7159",58.725343706549
"7160",50.9808812926165
"7161",12.3385503473247
"7162",37.0164923786126
"7163",49.4819253472251
"7164",26.7160080465938
"7165",26.4307939519175
"7166",47.89307374971
"7167",29.6361309124076
"7168",41.1448663167854
"7169",85.6911421285753
"7170",49.2374502550849
"7171",41.6769406463674
"7172",28.6609108042318
"7173",95.6322849419931
"7174",44.9211474404172
"7175",51.7753699576533
"7176",63.1619866986093
"7177",120.116387807112
"7178",40.0650345087834
"7179",68.1498717186484
"7180",38.7108196260277
"7181",68.3585641494934
"7182",32.0645239534465
"7183",21.4519717486243
"7184",28.3870959437351
"7185",89.7188507051688
"7186",60.7129509312618
"7187",40.4420374699837
"7188",14.9286652300255
"7189",27.8560729569963
"7190",23.8912568909561
"7191",67.1822706656119
"7192",33.5713031662404
"7193",75.0579213203855
"7194",44.0473258694882
"7195",90.8198071295442
"7196",73.263308129673
"7197",49.046960984985
"7198",46.389449764701
"7199",50.1031385124513
"7200",31.8098527637465
"7201",86.1838416252916
"7202",26.7640153345427
"7203",69.7057469388573
"7204",53.3371050655563
"7205",206.304852111007
"7206",66.5232907410692
"7207",54.1817481600339
"7208",44.5052776850344
"7209",47.1274502550849
"7210",65.5596854297066
"7211",40.433472123743
"7212",85.1333774846575
"7213",52.1094992700739
"7214",54.0343065467781
"7215",31.598974965844
"7216",22.1506957815156
"7217",63.3515847115299
"7218",16.7874130476566
"7219",44.3350270591688
"7220",19.2578643419145
"7221",75.4366530847903
"7222",78.1338635809898
"7223",64.2217105463329
"7224",31.5703244675862
"7225",25.5583190308865
"7226",47.9338469207485
"7227",90.4769811545507
"7228",71.392513727201
"7229",42.2177187711958
"7230",53.1180561647879
"7231",91.9419906315888
"7232",85.0870618842249
"7233",29.8857722328212
"7234",47.1468280666846
"7235",45.4596527770744
"7236",34.9396800343982
"7237",37.3106606517799
"7238",17.783754054774
"7239",32.2306265770669
"7240",17.8306881368813
"7241",101.681488616615
"7242",37.6823378581452
"7243",17.8766380167579
"7244",64.4013802896664
"7245",23.9851846687705
"7246",44.3247676958548
"7247",63.6766453718549
"7248",36.4009979693024
"7249",26.4800630447957
"7250",88.5203608405198
"7251",43.3758978322133
"7252",26.9302457528731
"7253",88.8908294462694
"7254",77.5693021210867
"7255",30.3775583515638
"7256",39.4985152009927
"7257",68.7711156418711
"7258",74.1291152174045
"7259",50.5386837504977
"7260",73.8022150452686
"7261",57.2683421860089
"7262",43.7771781865891
"7263",48.0918365499629
"7264",27.4673438480934
"7265",19.4096329025759
"7266",92.181356772564
"7267",47.3848577386887
"7268",25.5033805577933
"7269",37.9452980140659
"7270",41.8442805818752
"7271",58.032734701861
"7272",57.9013842778568
"7273",103.205101745879
"7274",26.5891767525838
"7275",53.6333369320878
"7276",82.0502719787239
"7277",52.4088228438079
"7278",61.9512621804756
"7279",27.8826328808078
"7280",69.0186537639406
"7281",21.4766982663999
"7282",33.7959293975506
"7283",38.9564575130639
"7284",46.0859785337429
"7285",29.0326943565885
"7286",67.5739884997795
"7287",91.0934790167533
"7288",43.2850114437472
"7289",120.135778887515
"7290",31.0800553264698
"7291",54.6163517964749
"7292",54.0419103483576
"7293",68.9523670913871
"7294",31.0548669514615
"7295",122.085174220423
"7296",47.3032567029905
"7297",30.6654098471051
"7298",28.7779421680692
"7299",39.1652634866737
"7300",55.9485203624498
"7301",56.1984527311123
"7302",43.3082802266064
"7303",16.3927400728509
"7304",64.5103515057001
"7305",29.4684614260884
"7306",84.0682859569614
"7307",128.343882388825
"7308",83.6073183173918
"7309",28.4650443908446
"7310",55.3767157551397
"7311",88.4111979013146
"7312",27.5295673825968
"7313",20.6554948539615
"7314",107.687207895301
"7315",39.512748868448
"7316",21.0936059874113
"7317",33.8266001735372
"7318",68.5677463614974
"7319",39.0452528064356
"7320",25.9550903915262
"7321",55.0145902108231
"7322",162.004650113316
"7323",100.409912412266
"7324",38.8554493240934
"7325",50.5109476426003
"7326",92.0875692648841
"7327",27.3017326262105
"7328",16.8078093653759
"7329",41.7043484643402
"7330",62.2413802896664
"7331",96.0590637799785
"7332",92.3717954237528
"7333",40.9672915924078
"7334",62.4411885441743
"7335",63.6048229963034
"7336",71.673879730826
"7337",17.7650244278856
"7338",33.8331639583266
"7339",40.9003540658363
"7340",25.8395803786692
"7341",28.5253383721074
"7342",66.5244907033846
"7343",50.0857647696804
"7344",20.1786150240105
"7345",35.1107234275517
"7346",30.9601556914152
"7347",19.4263548364444
"7348",70.5366341197656
"7349",28.0241114061828
"7350",25.1252440559708
"7351",80.5784770192648
"7352",66.2008750522725
"7353",51.5860810538541
"7354",44.2457089284408
"7355",75.4965906036703
"7356",47.9849343649474
"7357",30.5428247194741
"7358",52.8417758073249
"7359",62.5591999508809
"7360",41.9713664407894
"7361",33.5711155688369
"7362",40.4471781865891
"7363",78.725100196248
"7364",71.2201871522128
"7365",284.421412746515
"7366",49.8388814043062
"7367",222.680831492826
"7368",38.4634913133883
"7369",50.1374411873341
"7370",73.3679213203855
"7371",65.8970098780541
"7372",55.9722644318307
"7373",28.7568944291151
"7374",44.163047369584
"7375",53.5317334273761
"7376",29.7604185707547
"7377",119.476204183917
"7378",32.6326317889683
"7379",45.4339832536675
"7380",79.7099769331178
"7381",40.058235970964
"7382",58.8972149904221
"7383",46.8454930089595
"7384",29.2773589214794
"7385",55.1072598108699
"7386",56.9403509400532
"7387",40.5798781742104
"7388",27.0637183577891
"7389",88.8597148267967
"7390",43.5180345730447
"7391",59.8516832009752
"7392",48.2409493944413
"7393",19.7653760603941
"7394",74.8165906036703
"7395",47.4949358125868
"7396",19.8996030955259
"7397",27.9079216070754
"7398",38.0677297340796
"7399",51.1489549725912
"7400",41.0316667078352
"7401",65.460639454312
"7402",35.90282193291
"7403",37.5300341302511
"7404",20.1966780723164
"7405",116.446204183917
"7406",20.8259180605858
"7407",24.4430670746784
"7408",33.4303710613943
"7409",31.0943317322726
"7410",27.5160020117964
"7411",30.3219828149804
"7412",52.4510035447197
"7413",43.7123361166215
"7414",35.4496971428049
"7415",36.2382014740667
"7416",32.8117075529947
"7417",28.2543317322726
"7418",27.3905468025895
"7419",30.553846184853
"7420",69.2141603704534
"7421",52.9284076317874
"7422",47.2219614117412
"7423",55.6983769692689
"7424",28.3746058511751
"7425",81.755101673565
"7426",20.1135831574736
"7427",32.4586714779667
"7428",28.3197683144673
"7429",15.7156720620814
"7430",35.3568049715105
"7431",27.5487022499328
"7432",103.545332160417
"7433",43.0477468324249
"7434",72.4097734139544
"7435",65.6680163422383
"7436",25.4869040266364
"7437",46.3442682743003
"7438",59.7222325789171
"7439",18.0745677688406
"7440",37.5815641859399
"7441",35.9536738632836
"7442",112.79046849395
"7443",40.7982646297618
"7444",51.0559219471499
"7445",30.8919828149804
"7446",37.2663945319449
"7447",94.4527774614524
"7448",61.448454606024
"7449",44.5446602931409
"7450",19.5920592446555
"7451",31.6638495900607
"7452",18.6927925279706
"7453",31.4098335474071
"7454",10.8487518059715
"7455",29.9342260586349
"7456",38.1930620658563
"7457",62.6243967013652
"7458",26.5749792388232
"7459",39.3135696810635
"7460",68.4046884932104
"7461",80.4424701055661
"7462",26.8187863820193
"7463",60.371421949785
"7464",32.2128247194741
"7465",94.581356772564
"7466",57.9555377560428
"7467",67.923526970307
"7468",43.9362611436613
"7469",33.2737658356195
"7470",19.9253187479891
"7471",46.3820603383509
"7472",31.5823531862803
"7473",23.3962837787036
"7474",36.5841391134786
"7475",95.7676996061484
"7476",50.6837943701647
"7477",34.4888593097446
"7478",60.6462538634695
"7479",46.4621338152119
"7480",27.8177023953078
"7481",63.34919068504
"7482",61.3353388439802
"7483",19.4851727846688
"7484",63.4575807102021
"7485",73.0321647208846
"7486",42.181202938589
"7487",100.565647145687
"7488",125.271439808522
"7489",54.5912933726206
"7490",41.216266077865
"7491",23.1359338432562
"7492",31.0612003193171
"7493",19.4802465152606
"7494",25.7734701093389
"7495",91.956267049983
"7496",30.0405174399713
"7497",40.0343518883436
"7498",112.060882642977
"7499",91.7864129390881
"7500",48.1565147832329
"7501",47.9760395775668
"7502",65.0791272423838
"7503",86.780991419483
"7504",28.3363708054611
"7505",28.1308059243786
"7506",35.8303117638346
"7507",28.1010471718259
"7508",32.7111969870846
"7509",47.5674720887914
"7510",60.7122926772375
"7511",46.9182972049443
"7512",47.9435506940373
"7513",29.6640205075545
"7514",16.5463548364444
"7515",34.480815040075
"7516",53.7488576492732
"7517",75.608928475682
"7518",59.0943828532121
"7519",29.0143655985745
"7520",32.9028117986307
"7521",49.7149358125868
"7522",47.2090118419594
"7523",53.0281080609352
"7524",39.4532431215791
"7525",116.075175562417
"7526",71.0970011631275
"7527",88.7919239812244
"7528",47.6909973379147
"7529",32.2194169340752
"7530",40.4566510181651
"7531",43.3250273804582
"7532",43.2794453306475
"7533",72.6131415071024
"7534",76.7214822045243
"7535",36.7368793190784
"7536",53.7041526709376
"7537",62.1723504998939
"7538",25.0717445684094
"7539",73.3966530847903
"7540",48.1821257963349
"7541",67.2075809385841
"7542",23.4926778326686
"7543",50.2358089239072
"7544",32.0807526355032
"7545",32.1108825597766
"7546",35.8928153864374
"7547",34.7895926738722
"7548",53.5058942169779
"7549",96.4088012795605
"7550",31.1184408606303
"7551",59.076807701091
"7552",30.2731014676676
"7553",37.4066219885652
"7554",41.0194966938226
"7555",96.3177140867003
"7556",46.6248781400332
"7557",52.8674327561074
"7558",14.4162070868782
"7559",50.0973289572237
"7560",35.2748073209413
"7561",40.3570718233639
"7562",35.890534621007
"7563",32.0577368218062
"7564",94.7828392355044
"7565",43.6289445751944
"7566",31.7333737508455
"7567",63.2821115610957
"7568",97.2085932795172
"7569",37.3298721027093
"7570",24.3211204079247
"7571",31.910846961251
"7572",25.1161211282007
"7573",48.1445074702181
"7574",78.7455611065107
"7575",21.8753709535777
"7576",52.987768861961
"7577",170.054847826148
"7578",41.0621948404595
"7579",29.1692653755976
"7580",44.4652052092992
"7581",56.1888741040664
"7582",67.0115498522555
"7583",73.1404252236889
"7584",67.7403594928449
"7585",54.2224413088531
"7586",26.3783444158008
"7587",41.5173273829269
"7588",15.492007087812
"7589",25.3282874591612
"7590",31.7339289427812
"7591",31.5932289209763
"7592",44.7224466468802
"7593",60.5254144996186
"7594",26.7001355385321
"7595",38.0246639264567
"7596",42.7618110053658
"7597",37.1042197233779
"7598",77.0946613463934
"7599",23.2837528396974
"7600",27.3063526846453
"7601",90.6378525685573
"7602",30.5178962165848
"7603",88.1508803557748
"7604",127.600632758267
"7605",106.835836197001
"7606",45.4582408946029
"7607",93.9915580248164
"7608",31.2283165101836
"7609",44.2747676958548
"7610",29.8501304522394
"7611",48.9075488835286
"7612",16.8017355852887
"7613",122.778739459786
"7614",72.6797050641149
"7615",55.1138980053242
"7616",37.4601065546612
"7617",22.50434479171
"7618",36.3868815118506
"7619",24.3281261546741
"7620",27.9117639934572
"7621",28.5573090267527
"7622",42.8635709828215
"7623",40.2377357040745
"7624",39.310495428242
"7625",69.1789627449101
"7626",42.1997122754143
"7627",39.7312162403242
"7628",21.9588611054471
"7629",57.7208043313805
"7630",42.919718403729
"7631",20.5453282813824
"7632",49.5479969868715
"7633",26.8382999720757
"7634",23.2699099711022
"7635",55.4512760399528
"7636",31.9451624886683
"7637",159.607245956605
"7638",46.4612747142599
"7639",26.6754187433645
"7640",29.5412706716623
"7641",28.6917327443063
"7642",49.3310257444424
"7643",114.260143286051
"7644",74.8768872548386
"7645",25.2949529138665
"7646",38.338914062888
"7647",90.8541173334042
"7648",21.0993049562263
"7649",99.3425165732828
"7650",23.6910032319998
"7651",48.6661553269197
"7652",45.6057260852593
"7653",31.4509581729252
"7654",38.2724509955374
"7655",81.2935249148776
"7656",31.4941060445012
"7657",78.3459080022403
"7658",16.5390406108925
"7659",53.5896961740332
"7660",26.1453648591109
"7661",109.126488471619
"7662",19.8146609703002
"7663",28.9290077441153
"7664",52.4368540143575
"7665",29.5329533159178
"7666",32.9648425711498
"7667",21.34541155707
"7668",60.0219415161404
"7669",42.7051097828307
"7670",59.011366808716
"7671",69.6683262139761
"7672",44.5657773558382
"7673",54.8692932612885
"7674",53.5951060200106
"7675",110.186918344542
"7676",24.5955608198036
"7677",35.1586552639428
"7678",24.1477303287218
"7679",21.4772473694149
"7680",26.6706310966225
"7681",61.7095628698317
"7682",35.7143825546097
"7683",25.3376519563925
"7684",38.2176446247687
"7685",31.1289411232164
"7686",25.8015933879306
"7687",44.0202182138455
"7688",33.3634017617193
"7689",84.4446839649394
"7690",49.7877067014954
"7691",63.3181986577215
"7692",53.6145902108231
"7693",31.10282193291
"7694",67.880097066475
"7695",33.3674548091817
"7696",58.935393679222
"7697",36.7332042922191
"7698",24.6828385579633
"7699",36.7258651750609
"7700",28.527043958965
"7701",59.2175258150556
"7702",26.0480452388271
"7703",46.976226567916
"7704",38.4140297213203
"7705",23.8424833406385
"7706",49.0797854665989
"7707",68.5222156516601
"7708",55.5170764904669
"7709",32.6547190300794
"7710",31.8100267263904
"7711",29.5387564404501
"7712",50.9206556339845
"7713",34.7647343913528
"7714",31.3497921318261
"7715",57.9972149904221
"7716",54.9426901731028
"7717",33.5123531862803
"7718",43.34252463528
"7719",34.0337399447742
"7720",44.3280524960326
"7721",38.2217761657972
"7722",104.014016794761
"7723",59.2883769692689
"7724",58.2257358033154
"7725",72.8324707573484
"7726",41.4821701068678
"7727",10.9936484522037
"7728",31.9899531496878
"7729",26.6985426966616
"7730",14.6399912993928
"7731",61.9896046793059
"7732",80.4099966396306
"7733",38.173792237442
"7734",29.5868944291151
"7735",14.0768344524955
"7736",50.4935776190848
"7737",32.1638006108275
"7738",47.6139722469466
"7739",69.2559734102797
"7740",25.4338766076741
"7741",13.8959018350415
"7742",21.5495302973631
"7743",54.7912760399528
"7744",80.0552410615341
"7745",43.8277211436736
"7746",27.8782463458062
"7747",49.2057972826036
"7748",31.8446797644492
"7749",85.1457498998029
"7750",64.2849127373514
"7751",36.771274452097
"7752",77.3909459942695
"7753",23.3391370773472
"7754",35.0794333849707
"7755",25.3982999720757
"7756",45.3817332862977
"7757",26.3540379841929
"7758",43.4240758236139
"7759",32.2254692962194
"7760",39.4223458046688
"7761",30.1067980252096
"7762",14.5239286531034
"7763",18.684445322859
"7764",47.7539719586035
"7765",52.8711962127613
"7766",62.6462538634695
"7767",68.0348939177747
"7768",27.6376367727265
"7769",66.5880813735735
"7770",43.2390464893854
"7771",78.1812038758196
"7772",73.2794353286041
"7773",62.2670618877397
"7774",25.5664901274279
"7775",29.1492843494837
"7776",35.3940801495222
"7777",41.4652528064356
"7778",30.0383155079054
"7779",50.0057496520094
"7780",54.6286549194023
"7781",48.3811842834584
"7782",20.8811204079247
"7783",38.1839972000995
"7784",28.6122976568211
"7785",111.06046849395
"7786",45.8308460113961
"7787",29.6487532449812
"7788",72.3058874768113
"7789",31.2081017393882
"7790",38.4914299244815
"7791",87.9071266434195
"7792",23.9907647680912
"7793",65.4384863607281
"7794",24.3563709568856
"7795",81.1175132644132
"7796",52.6295896991361
"7797",34.5125126364822
"7798",75.7097757080529
"7799",33.280304802591
"7800",22.7821678875313
"7801",32.7169805362057
"7802",49.3686430639433
"7803",25.2880623497765
"7804",41.7101239208234
"7805",20.1895027943882
"7806",57.6736664886983
"7807",53.1217758073249
"7808",52.1640708238029
"7809",52.5352333825618
"7810",51.3098753551379
"7811",93.7847847820306
"7812",82.8752442840038
"7813",33.7476415876878
"7814",43.5707412770535
"7815",60.603721092703
"7816",33.743707154844
"7817",82.2168690232791
"7818",54.027997041403
"7819",106.167273578053
"7820",29.6771315553985
"7821",48.71347251254
"7822",65.2972196379334
"7823",50.4136732599115
"7824",177.599857097256
"7825",31.2494738032871
"7826",54.5187336203634
"7827",25.2834333310805
"7828",106.621868333452
"7829",51.8036732599115
"7830",23.5842294373949
"7831",34.7463250291042
"7832",68.4505413056951
"7833",34.7915639164716
"7834",151.175417129288
"7835",26.6732308351909
"7836",45.5264162336247
"7837",60.8799462707902
"7838",40.4314608292953
"7839",17.7034793629958
"7840",69.1947971444828
"7841",86.8348310760544
"7842",40.8510038690467
"7843",22.8488065484047
"7844",20.2454532812118
"7845",42.0913073441304
"7846",68.9136170311722
"7847",82.3239325916196
"7848",52.6492647196559
"7849",26.8898807511242
"7850",35.6135135497334
"7851",26.7005244726303
"7852",40.4383207325926
"7853",22.109224840385
"7854",34.6696917312796
"7855",66.5259382940602
"7856",29.7919828149804
"7857",48.7709116145673
"7858",84.4267558582338
"7859",118.148872887732
"7860",58.0477250947146
"7861",48.0463528922111
"7862",51.418985716125
"7863",18.0768502776622
"7864",48.8104724258551
"7865",57.9211443848598
"7866",46.0808876779053
"7867",31.6907860108644
"7868",49.4662629037711
"7869",63.9838613665938
"7870",40.5599462271586
"7871",13.9770435207244
"7872",131.679448384983
"7873",63.1455627349986
"7874",24.420797172593
"7875",95.5555916421066
"7876",34.0841158482175
"7877",30.8989809674203
"7878",45.6878692672038
"7879",22.5411443381771
"7880",16.6653060087162
"7881",50.0356850439619
"7882",47.4123489955206
"7883",64.7091396993943
"7884",38.4459984683432
"7885",65.44327950223
"7886",36.6763226999571
"7887",52.9237925955181
"7888",50.9815850414019
"7889",100.188367853907
"7890",28.6284990897923
"7891",42.5852960368018
"7892",41.2175613435854
"7893",15.3990151231298
"7894",34.8132950467197
"7895",85.4145944873526
"7896",63.4699203235611
"7897",52.772254897302
"7898",16.5682391994679
"7899",29.8722718681668
"7900",20.3543976826477
"7901",47.5247545856204
"7902",20.5801394598965
"7903",39.2959304147949
"7904",55.326228312224
"7905",43.6658783148741
"7906",34.7901608158421
"7907",28.3935398297981
"7908",76.0647479391555
"7909",30.8879019728181
"7910",47.6523886684852
"7911",45.6738256486138
"7912",38.9525972631359
"7913",29.7212494798389
"7914",60.793285229801
"7915",67.3165387746409
"7916",31.5855784342082
"7917",62.8685849081596
"7918",72.8219656694423
"7919",29.5512323501529
"7920",38.4995887223894
"7921",44.3281067621616
"7922",24.4005468025895
"7923",37.9129685328378
"7924",41.4274021433156
"7925",60.7347003200693
"7926",125.561114317193
"7927",33.1619484552525
"7928",122.678971565146
"7929",21.3428310132598
"7930",19.7559151776951
"7931",80.4345825163313
"7932",119.64287439458
"7933",69.5727331407645
"7934",56.4141614132241
"7935",92.4763267866997
"7936",64.8961837215733
"7937",35.7023378581452
"7938",26.4703444287556
"7939",65.8183383812367
"7940",31.8274923110728
"7941",26.3652404853556
"7942",72.6795128057329
"7943",18.8138508722021
"7944",22.8687284672028
"7945",15.8329214014165
"7946",36.6177027584616
"7947",22.4932431344031
"7948",46.4182408946029
"7949",98.8777140867003
"7950",22.5646517759456
"7951",50.0340143439996
"7952",22.5500286149584
"7953",53.523982137631
"7954",39.3919025832095
"7955",46.4369852965374
"7956",22.8147299446419
"7957",59.1207252599886
"7958",46.1176119006138
"7959",25.4498216276486
"7960",29.6301183974964
"7961",59.5248130002195
"7962",20.8974879909823
"7963",17.0986597056085
"7964",26.8679456925056
"7965",24.059706936738
"7966",54.1575671452472
"7967",43.0776984229955
"7968",25.1511062430263
"7969",23.9562552152614
"7970",28.7512019361362
"7971",17.4354338525125
"7972",33.2395925713581
"7973",63.314446914246
"7974",71.6972656644485
"7975",54.3357358033154
"7976",150.147303869421
"7977",18.2810066757833
"7978",34.9860792186707
"7979",55.3430496232781
"7980",70.7511464971783
"7981",28.3116590527771
"7982",36.1867156487217
"7983",77.953714796683
"7984",36.2394333849707
"7985",36.8593832103601
"7986",47.2906923792077
"7987",128.563135819409
"7988",38.3881283434302
"7989",38.4310469223426
"7990",46.8928526725696
"7991",42.8941992008645
"7992",163.754042185308
"7993",29.734115356351
"7994",30.9203180512393
"7995",51.1826280187247
"7996",39.6721634984613
"7997",68.7989166433569
"7998",61.4287658754592
"7999",33.7144258914566
"8000",45.5140208429772
"8001",52.193230322116
"8002",37.8612167202226
"8003",46.2991070255105
"8004",53.5922899313421
"8005",137.815150884123
"8006",93.2825372908919
"8007",46.807134794467
"8008",47.4096057854196
"8009",68.7411375022927
"8010",67.8239360990122
"8011",14.2038067844187
"8012",56.8153875726757
"8013",108.776708324229
"8014",126.161959757491
"8015",30.1815795580831
"8016",26.3038127626691
"8017",86.0616915794833
"8018",92.2756746628696
"8019",37.7305073808006
"8020",53.5318818002543
"8021",41.9625560239189
"8022",16.0342423593536
"8023",60.2565565387306
"8024",46.8391529859975
"8025",72.1697734139544
"8026",20.2263857747314
"8027",138.761710236493
"8028",37.439028990536
"8029",35.1627578845284
"8030",32.9438495900607
"8031",31.023870950339
"8032",74.6179789369134
"8033",32.1695062285653
"8034",72.7070011631275
"8035",36.6216776880008
"8036",65.751410073257
"8037",35.0658839138611
"8038",61.4624827519408
"8039",21.0184834785755
"8040",60.5570411363156
"8041",43.1517549516821
"8042",39.6070718233639
"8043",126.868343276515
"8044",20.377475947896
"8045",63.3817075127483
"8046",17.8670036448588
"8047",115.868910840496
"8048",40.5472576550998
"8049",30.8175761651727
"8050",25.5105716297969
"8051",31.5973683855402
"8052",36.862828398063
"8053",36.1466580497703
"8054",52.7940708238029
"8055",55.6919561729285
"8056",45.3981091351592
"8057",131.191724875094
"8058",35.872195863745
"8059",68.1035547831488
"8060",61.6143967013652
"8061",34.3001404756934
"8062",65.0058405936236
"8063",154.275417129288
"8064",38.1764087752251
"8065",47.2754559455135
"8066",20.1715556291437
"8067",44.3916775653307
"8068",37.2760065503582
"8069",43.3045141077167
"8070",184.774250037894
"8071",37.3901817447785
"8072",32.613133265671
"8073",31.0397835470915
"8074",81.9630601990317
"8075",12.4254588591568
"8076",29.0083139069809
"8077",47.1279969868715
"8078",41.6729253430816
"8079",26.6605600876533
"8080",52.4401145130654
"8081",61.7312973683825
"8082",36.0775484007776
"8083",114.715773830772
"8084",95.1371076755104
"8085",43.219610130992
"8086",161.068853876391
"8087",52.9458360007379
"8088",135.724558750856
"8089",72.502245781178
"8090",88.828763094021
"8091",99.8784077689934
"8092",31.5255411132427
"8093",45.6557423626169
"8094",26.3163709568856
"8095",77.386920938072
"8096",61.1053388439802
"8097",59.3318004079468
"8098",86.6716675024098
"8099",88.3427351041456
"8100",17.3963386872148
"8101",122.304647286989
"8102",45.9852718312957
"8103",59.827864008838
"8104",20.7196113909537
"8105",46.988424488299
"8106",46.4682973688515
"8107",41.0184085498149
"8108",35.4440685086102
"8109",37.4985357081252
"8110",27.4183190308865
"8111",31.3812097539573
"8112",40.7977041104576
"8113",136.600003717715
"8114",31.114475525427
"8115",48.9224021948036
"8116",31.0817596999787
"8117",42.1192812863833
"8118",70.6067351983323
"8119",87.5934184834708
"8120",22.0751034396173
"8121",95.3076388126909
"8122",44.9407424175013
"8123",18.2263610920353
"8124",37.5214033973768
"8125",87.4922239397563
"8126",25.9664465726781
"8127",55.9440884530983
"8128",43.8960874910514
"8129",23.6947584478465
"8130",16.1901394598965
"8131",47.4736672678086
"8132",73.305478079146
"8133",43.9311298854615
"8134",57.3031236406791
"8135",57.0455093654647
"8136",62.1056271166156
"8137",42.4911456015717
"8138",35.490258075261
"8139",54.5602521479525
"8140",75.4019032206953
"8141",132.545954325353
"8142",74.3297315104334
"8143",95.9845995037373
"8144",40.6915640501313
"8145",33.086543058711
"8146",64.5729831392584
"8147",15.9012601938864
"8148",14.4314301920228
"8149",36.832750502768
"8150",40.1667129593988
"8151",23.9920378063074
"8152",25.7041595518556
"8153",42.5436217943529
"8154",32.8960584687809
"8155",21.0742889954436
"8156",14.6953806748825
"8157",22.0011022169689
"8158",53.0440572685805
"8159",68.831180189737
"8160",104.870362593832
"8161",36.5498040732469
"8162",24.702453964435
"8163",91.5586611181916
"8164",38.4730694800179
"8165",43.1997602590179
"8166",33.7086150478356
"8167",48.7757733961506
"8168",29.5214461499904
"8169",50.7356270453252
"8170",76.2903510536654
"8171",22.7687829928443
"8172",29.431699927673
"8173",109.286918344542
"8174",19.3221791239556
"8175",23.6036318838394
"8176",47.8782973688515
"8177",34.3834017617193
"8178",50.5699333185054
"8179",34.3770103478085
"8180",71.7492048550426
"8181",45.4982927844339
"8182",44.994200400746
"8183",45.5501641939233
"8184",33.0595928734635
"8185",44.2679473339916
"8186",30.1122011422101
"8187",20.8324416849235
"8188",34.4736520217092
"8189",21.3124519998035
"8190",38.5675998587154
"8191",25.8273438480934
"8192",52.294524491572
"8193",41.2577580134204
"8194",102.179912412266
"8195",27.7849848115379
"8196",40.4536217943529
"8197",24.124633502052
"8198",34.7694537684233
"8199",17.5829665373905
"8200",38.9875783555835
"8201",29.9505298646536
"8202",23.754244277917
"8203",32.2508256436204
"8204",38.281857542146
"8205",118.596499416729
"8206",49.1695665649637
"8207",41.9325788610162
"8208",20.7237171110213
"8209",26.9976303997139
"8210",61.7228128504278
"8211",46.8057084415839
"8212",27.0175853876385
"8213",22.3766630850299
"8214",44.6204963613771
"8215",12.9262423519166
"8216",192.605781879886
"8217",29.5253448387406
"8218",203.714852111007
"8219",38.2609610985291
"8220",60.6178929030056
"8221",40.1167058849645
"8222",24.8253030542128
"8223",45.6138444333215
"8224",52.8998003640774
"8225",79.6950433874736
"8226",55.5007227888164
"8227",42.7784930099497
"8228",56.7447574067865
"8229",37.7555349930677
"8230",42.9630765671339
"8231",66.6808355601068
"8232",45.8235776190848
"8233",39.9804043818937
"8234",75.6702119863107
"8235",34.0098957723671
"8236",54.7055844378552
"8237",43.5580210409972
"8238",37.2143825546097
"8239",64.2318806295225
"8240",51.7018874110598
"8241",47.1258978322133
"8242",40.4806549107706
"8243",48.1192967193788
"8244",27.5517753430954
"8245",47.3791952641874
"8246",31.2190136843244
"8247",53.0753628293591
"8248",15.0782469368576
"8249",11.6485020810464
"8250",39.1082938682891
"8251",47.6017110445067
"8252",52.5777206052153
"8253",31.686543058711
"8254",31.5382587146574
"8255",56.9958192331593
"8256",38.3430936108267
"8257",23.2271957573707
"8258",17.4084110120855
"8259",99.5247691116859
"8260",26.133879018171
"8261",76.0584454532631
"8262",35.6041342228015
"8263",58.8088932603401
"8264",61.0450367005234
"8265",39.4892527556944
"8266",30.3847313642996
"8267",11.6602759110859
"8268",30.7724513493162
"8269",34.3303117638346
"8270",34.0699167704127
"8271",31.1864154194518
"8272",48.8299514790607
"8273",35.2006126092719
"8274",55.566126263084
"8275",22.1863446469435
"8276",20.1485175329776
"8277",42.5371250973678
"8278",78.7759600466088
"8279",92.9152758814582
"8280",157.594144449236
"8281",38.034555198618
"8282",91.436278373086
"8283",149.965107218992
"8284",54.5467755181337
"8285",16.3686597056085
"8286",36.2066113549098
"8287",26.0748056227363
"8288",24.8587868803933
"8289",75.2252268039276
"8290",16.2390852367392
"8291",62.2293318774714
"8292",35.4524100984566
"8293",22.9156049276324
"8294",43.9881198879212
"8295",32.2616317785813
"8296",40.6235060817776
"8297",25.9438766076741
"8298",66.805992844721
"8299",21.3816632800261
"8300",24.4366296289304
"8301",56.6818178036333
"8302",71.4117381513961
"8303",45.8255491403476
"8304",38.8296214601165
"8305",20.497816522296
"8306",26.4753164447287
"8307",68.0666172238772
"8308",38.7636785260411
"8309",18.2701914795769
"8310",31.3827250491513
"8311",15.9950039293865
"8312",24.5298852022856
"8313",78.281795673327
"8314",47.4454119301227
"8315",34.9876209476855
"8316",33.727003608604
"8317",38.5641391134786
"8318",114.64170412449
"8319",26.2236442201446
"8320",80.311457689923
"8321",63.9248536581299
"8322",46.8254559455135
"8323",52.5065621597481
"8324",99.1782174402136
"8325",55.1943065467781
"8326",83.7446839649394
"8327",52.6147923727795
"8328",42.4235895117203
"8329",105.498948273242
"8330",32.0164578501439
"8331",50.6384794713921
"8332",44.7938444333215
"8333",90.5850912072127
"8334",54.8290297589015
"8335",50.5771373022846
"8336",44.8550280323334
"8337",29.5462829379432
"8338",34.4888520234139
"8339",42.1199677836296
"8340",53.719606765337
"8341",19.9566780723164
"8342",27.7311409299494
"8343",27.1160020117964
"8344",45.7527738437091
"8345",29.0467980252096
"8346",33.1061756918424
"8347",85.5035108883734
"8348",71.876579508974
"8349",75.2509555070508
"8350",80.9623689643821
"8351",79.9431636384774
"8352",15.6796113436174
"8353",61.648454606024
"8354",94.4265386213062
"8355",41.8550888966766
"8356",46.3463436635753
"8357",35.7721178727581
"8358",50.5345725188264
"8359",54.3851145813778
"8360",23.415428132871
"8361",19.2117400779515
"8362",86.9128611129519
"8363",30.4057321317629
"8364",21.7779789546258
"8365",30.8691930843391
"8366",72.7419656694423
"8367",33.9408196260277
"8368",44.7054518183346
"8369",49.5026280187247
"8370",17.3748678719907
"8371",61.291366808716
"8372",36.7195911764797
"8373",19.6740992474361
"8374",51.8773917774377
"8375",83.7066785617015
"8376",51.1579969868715
"8377",20.6231939562178
"8378",22.9708560311514
"8379",143.712860808091
"8380",53.1873197150508
"8381",65.3887817888247
"8382",22.5254134876572
"8383",21.3740804482496
"8384",22.7944928738963
"8385",31.8456202466712
"8386",12.3039286531034
"8387",23.1266940357043
"8388",56.014332919593
"8389",72.0492048550426
"8390",39.4015452645159
"8391",43.8640107728969
"8392",31.6407497521713
"8393",41.55312554148
"8394",29.6501183974964
"8395",60.4180804514038
"8396",39.9815722957039
"8397",52.6753116992479
"8398",25.8093134497147
"8399",25.080797172593
"8400",53.1449591713725
"8401",34.4213351408214
"8402",69.1096403785766
"8403",64.7491291040406
"8404",29.9534104278501
"8405",37.4370012793696
"8406",77.0239976981841
"8407",26.6078361216755
"8408",20.8767712004779
"8409",83.1142760845282
"8410",49.6426280187247
"8411",82.1319511988036
"8412",32.0705974960457
"8413",44.2658900604903
"8414",47.8239157050449
"8415",70.8712451916717
"8416",38.8341702268657
"8417",38.0958651750609
"8418",58.5141984774789
"8419",45.7023217064311
"8420",26.634078240761
"8421",42.596613552602
"8422",113.427038122334
"8423",52.3719124852114
"8424",27.4064465726781
"8425",103.995966275635
"8426",99.2041429597782
"8427",144.662183471842
"8428",37.8018562994438
"8429",53.2331138025026
"8430",18.0781686248427
"8431",45.3984856906525
"8432",64.298621092824
"8433",30.9761066131099
"8434",28.8931014676676
"8435",87.1356257127006
"8436",38.9560420220147
"8437",14.7831988811101
"8438",26.0047177808662
"8439",56.4681885608768
"8440",111.435851265165
"8441",50.4638344952617
"8442",96.8426869545489
"8443",34.7453826698647
"8444",64.6205128590576
"8445",75.1816456729321
"8446",46.3212569196649
"8447",28.0436041319511
"8448",35.8010828451253
"8449",57.4859707745279
"8450",47.6096219823652
"8451",49.2230465926306
"8452",44.0032310960532
"8453",42.6053591952981
"8454",21.2215368897674
"8455",26.4035756902651
"8456",102.382792893709
"8457",50.5165936125103
"8458",25.9741024824495
"8459",22.7594230367113
"8460",44.2056806013998
"8461",19.2584171640866
"8462",67.6872989223644
"8463",84.50562194903
"8464",27.7407213338291
"8465",37.8682511494903
"8466",57.639586023013
"8467",24.7820776044227
"8468",21.9597312006347
"8469",26.8215274597864
"8470",54.0919529168075
"8471",91.6398071295442
"8472",33.4203244675862
"8473",27.3704040401264
"8474",68.8403013880839
"8475",109.026618015925
"8476",50.7280015710951
"8477",23.2311246121786
"8478",33.3933385867969
"8479",20.7299099711022
"8480",55.1770014523967
"8481",103.431760232896
"8482",35.3129921273821
"8483",27.1981276894086
"8484",35.7180254552835
"8485",29.0186547492104
"8486",69.2137255558901
"8487",42.8553760599572
"8488",51.0462493391737
"8489",47.062835309607
"8490",34.7744659719034
"8491",26.3781261546741
"8492",53.7375939437848
"8493",31.6844044666939
"8494",45.0296564211639
"8495",58.7579688309541
"8496",45.5441891746317
"8497",31.6406681812529
"8498",59.2726985211209
"8499",90.2484302935975
"8500",41.9218110053658
"8501",34.4962138268495
"8502",28.8677674908183
"8503",57.2933827897056
"8504",19.1720660884152
"8505",44.9814125698644
"8506",86.2274053885829
"8507",48.6502542844413
"8508",16.1052353549376
"8509",41.5725533268696
"8510",32.5666602159392
"8511",100.671503615107
"8512",23.9691840526299
"8513",38.168780132179
"8514",38.9682802266064
"8515",42.0689945691403
"8516",83.0191613111745
"8517",44.4133306556895
"8518",59.9009642784356
"8519",30.1476671394164
"8520",69.3864208397021
"8521",43.6313561566655
"8522",62.6688974168912
"8523",57.4859437013482
"8524",114.135773830772
"8525",31.1811969870846
"8526",79.5873252411207
"8527",50.6797291238724
"8528",52.7167084457861
"8529",31.6233713980107
"8530",49.0570084612328
"8531",89.6368654991472
"8532",54.9854072751488
"8533",22.7285284417062
"8534",25.6260043763506
"8535",48.0938934871951
"8536",37.6834059671342
"8537",24.0500560533879
"8538",50.1045009863973
"8539",40.2684778104478
"8540",67.1926981125834
"8541",73.918880597114
"8542",26.068989305896
"8543",11.7201604117119
"8544",32.4366856285791
"8545",43.0811346701914
"8546",39.3835098361323
"8547",17.1328739847013
"8548",40.1032508105691
"8549",48.5142157192992
"8550",35.7942525447761
"8551",50.4921338152119
"8552",69.022244089815
"8553",54.2855015256817
"8554",21.3402617477132
"8555",17.6278246646817
"8556",93.3896914932147
"8557",53.1035977781442
"8558",49.1820877011382
"8559",69.4148778169284
"8560",120.14796947301
"8561",150.019176100235
"8562",26.2707647680912
"8563",43.3753167209515
"8564",20.7686528968992
"8565",97.0723184678828
"8566",79.8226224947154
"8567",40.016198388794
"8568",61.6249023708333
"8569",137.031572493307
"8570",23.5097923931866
"8571",47.7945074702181
"8572",99.3178688657839
"8573",99.557647687535
"8574",20.3633062867069
"8575",29.9983295351208
"8576",35.3055109003187
"8577",53.5160933887501
"8578",39.5613910613487
"8579",30.8005727244498
"8580",25.7540153345427
"8581",88.0427021993621
"8582",30.5136091288255
"8583",30.8052611300914
"8584",41.0803658992433
"8585",37.5369216794709
"8586",50.7072018903035
"8587",60.8596441598516
"8588",46.259633181444
"8589",68.0401101707577
"8590",39.8894661368935
"8591",33.7906043320089
"8592",48.1913614067937
"8593",108.394313198906
"8594",36.00718895604
"8595",51.4336875472788
"8596",54.2308593258098
"8597",48.477072704975
"8598",84.3778347250462
"8599",59.21068216991
"8600",54.3789944606875
"8601",62.5457631187662
"8602",62.6331861614242
"8603",46.3922800159489
"8604",27.9421398005608
"8605",39.326703977776
"8606",23.5288972548265
"8607",31.8704556199285
"8608",24.6986499877718
"8609",29.5746879886887
"8610",44.0860956645912
"8611",24.1347744812337
"8612",32.3947343913528
"8613",67.3203594928449
"8614",40.4509397494543
"8615",19.6016084145245
"8616",53.7228938662543
"8617",82.3069386376827
"8618",40.8108497294985
"8619",19.6618906168603
"8620",26.4715998836493
"8621",111.628102055906
"8622",57.5984113001065
"8623",21.7541141209522
"8624",27.8722851750425
"8625",66.3739360990122
"8626",154.678514483381
"8627",50.1994700867628
"8628",24.6178867470708
"8629",84.8703783043525
"8630",25.8485418446971
"8631",110.800882642977
"8632",62.583357715376
"8633",54.3983421860089
"8634",34.1107974803963
"8635",28.3421334896173
"8636",42.4637037484561
"8637",62.6320470574043
"8638",25.0026658733299
"8639",76.8240789669182
"8640",55.1080561647879
"8641",16.9221928067067
"8642",40.0723480324691
"8643",53.1947840118542
"8644",17.8247718740327
"8645",24.5371399262182
"8646",42.0162724248224
"8647",39.267549241251
"8648",77.9408462368808
"8649",44.5022670139955
"8650",91.9673286224258
"8651",30.1534764136491
"8652",54.2280983732445
"8653",149.469137973559
"8654",42.5204039244835
"8655",35.1931778339067
"8656",50.6961671041584
"8657",37.3651816057639
"8658",24.3629800119278
"8659",43.1070939764541
"8660",65.2132232800429
"8661",25.7716293572337
"8662",16.9922196809463
"8663",59.1699462707902
"8664",103.928782422912
"8665",36.4576209476855
"8666",60.3718004079468
"8667",51.099022735169
"8668",30.2150501817199
"8669",51.3457261893387
"8670",33.3760431515506
"8671",21.7622438212453
"8672",56.6794182779431
"8673",30.4500205176005
"8674",96.8474435073093
"8675",30.256127899169
"8676",81.4192140851098
"8677",33.462343864457
"8678",29.187424035025
"8679",30.3137707624104
"8680",44.1657724814139
"8681",24.5011424447916
"8682",56.0579437250567
"8683",126.426247638186
"8684",93.4073286224258
"8685",102.244726907224
"8686",36.9765120961658
"8687",17.601191714571
"8688",41.9969241989482
"8689",49.6318806126778
"8690",41.5950196725713
"8691",104.486708637977
"8692",39.7436934159061
"8693",29.3491370773472
"8694",71.8811464971783
"8695",20.6120530464846
"8696",85.1593292645315
"8697",43.5371889309386
"8698",37.9155349930677
"8699",27.6394590012782
"8700",76.1948177743297
"8701",55.1960933887501
"8702",28.5355612750551
"8703",22.6536038140476
"8704",63.3785849081596
"8705",144.882183471842
"8706",39.4021791120204
"8707",34.4696889822428
"8708",51.6249343649474
"8709",21.5075222626447
"8710",38.5537175876165
"8711",60.2572128533023
"8712",44.3350202959874
"8713",46.0823217064311
"8714",59.9226867193834
"8715",94.3795641778969
"8716",53.0825608248801
"8717",78.0494826139347
"8718",43.7296527770744
"8719",46.9023217064311
"8720",27.7687451617518
"8721",29.3123498460884
"8722",40.1822090416535
"8723",87.3220991886125
"8724",27.0828385579633
"8725",79.615802991914
"8726",20.0310066757833
"8727",65.2091272423838
"8728",40.1880129287042
"8729",39.7282802266064
"8730",32.4568699528051
"8731",178.927283139046
"8732",37.2001399225644
"8733",30.8068334547722
"8734",62.5911329001116
"8735",61.4431861614242
"8736",33.7612494798389
"8737",60.0470795429917
"8738",29.2977432025869
"8739",40.79038143483
"8740",91.0944602920238
"8741",104.104275113149
"8742",39.3287668258939
"8743",34.8818019981322
"8744",58.1096902549389
"8745",31.7469701187983
"8746",65.2515590214196
"8747",34.5184423864598
"8748",35.4187867723406
"8749",34.8443041009917
"8750",28.5010384271693
"8751",50.0445744268334
"8752",65.6487658754592
"8753",34.1172259352525
"8754",48.1395669549302
"8755",46.7066114778178
"8756",75.9927156984157
"8757",48.2176674410322
"8758",77.5741169688724
"8759",62.7728032501095
"8760",27.9956766908572
"8761",72.6139890475799
"8762",48.8745684509068
"8763",28.4280115906928
"8764",88.7440916299448
"8765",38.344024319803
"8766",44.2793274737887
"8767",74.3448754977666
"8768",58.3251379578243
"8769",35.9746731973381
"8770",80.6416836903464
"8771",44.3381712111267
"8772",49.5562508847266
"8773",51.1366829358468
"8774",38.7920738685003
"8775",16.4667209896655
"8776",75.3660492484772
"8777",33.2663210034282
"8778",22.0269340170391
"8779",19.4194133630606
"8780",41.9569908023436
"8781",50.1619353277326
"8782",52.0024938094326
"8783",42.7714304285374
"8784",98.3308192245829
"8785",94.0879143928552
"8786",19.5595061367653
"8787",53.0294173769801
"8788",105.5231549433
"8789",33.9159396756993
"8790",15.0001394598965
"8791",62.093204551313
"8792",83.2309057162479
"8793",58.371778179426
"8794",40.9407285586828
"8795",38.1384112223194
"8796",56.5731151489927
"8797",40.6233593638455
"8798",40.0682974175235
"8799",38.4548746174197
"8800",39.7775496955846
"8801",86.6708639421746
"8802",20.3505956254901
"8803",80.3113463599375
"8804",79.0081783108903
"8805",28.1393188662909
"8806",15.9990406108925
"8807",63.8735959748527
"8808",71.1308371345388
"8809",18.4586912666203
"8810",30.450846961251
"8811",47.9865971546191
"8812",36.1929743116035
"8813",107.312135838365
"8814",35.074139338295
"8815",31.6747234410558
"8816",30.3655474139159
"8817",48.183317888525
"8818",35.8622744526328
"8819",73.7812451916717
"8820",26.83858597939
"8821",48.4438934871951
"8822",24.8665148806453
"8823",136.919449347021
"8824",34.3230386817923
"8825",23.3152794822287
"8826",43.802831345548
"8827",19.863118160158
"8828",29.6224068578028
"8829",112.457485544143
"8830",27.6275853876385
"8831",21.3065930240572
"8832",50.5643115249164
"8833",147.666133280396
"8834",24.2242294373949
"8835",40.6153591952981
"8836",53.0153116992479
"8837",49.6635301734555
"8838",94.2118544745201
"8839",21.6618638627929
"8840",92.1424491068282
"8841",68.0809987158499
"8842",76.4223801257517
"8843",32.7992753639461
"8844",34.4306027960117
"8845",58.4505776703234
"8846",41.3769241273808
"8847",25.7847177808662
"8848",43.6964124755902
"8849",50.4995083100172
"8850",102.076489757734
"8851",40.4612985835187
"8852",15.2739286531034
"8853",57.1881885608768
"8854",79.8298770705228
"8855",44.0377468324249
"8856",65.9675807102021
"8857",54.9746555176012
"8858",49.9044368560202
"8859",26.2806622226771
"8860",103.394299115132
"8861",43.3899631610399
"8862",56.2554993282365
"8863",65.6798817989629
"8864",24.8253938165862
"8865",44.3408470974837
"8866",19.3783676730505
"8867",88.5208294462694
"8868",85.5516675024098
"8869",51.0130894134215
"8870",29.7710471179563
"8871",63.1628243855486
"8872",35.8741342228015
"8873",67.3460941822624
"8874",55.2935217677545
"8875",75.1363358289789
"8876",88.1411376042282
"8877",26.2578361216755
"8878",31.3989400394954
"8879",41.2654325557835
"8880",33.0740288299331
"8881",68.0318796746854
"8882",23.8507188525352
"8883",100.68622483287
"8884",59.0361835500303
"8885",58.2023862273061
"8886",21.526191497014
"8887",54.227725943091
"8888",24.239439730597
"8889",56.7524260142869
"8890",25.2378127593035
"8891",63.1270785559826
"8892",29.2654778791948
"8893",69.9722135733861
"8894",42.5103658992433
"8895",68.4608760847736
"8896",35.4077297340796
"8897",65.9141393138417
"8898",22.134680183203
"8899",15.8202063284761
"8900",40.8894966938226
"8901",89.6194061283333
"8902",29.6084859151923
"8903",63.4609691137062
"8904",34.9431308307117
"8905",30.8411955968418
"8906",44.2594431168803
"8907",83.6920538335664
"8908",35.1056122725972
"8909",114.828627338637
"8910",88.6226709775022
"8911",39.7594926917335
"8912",25.5119911396317
"8913",47.3904354202211
"8914",38.5147764389122
"8915",55.9208819498947
"8916",42.188067852784
"8917",68.3521766648941
"8918",73.9501243469809
"8919",78.6902119863107
"8920",184.073336844691
"8921",63.7792520073181
"8922",38.1693832103601
"8923",29.0806925597895
"8924",42.4760436046162
"8925",34.0657220870721
"8926",27.0992613883094
"8927",47.5963957195244
"8928",55.9511519235957
"8929",81.3799425718764
"8930",15.7478049901675
"8931",22.3492881614213
"8932",129.145748048785
"8933",67.1120001370504
"8934",112.132401150287
"8935",34.0897147986611
"8936",96.2861975739504
"8937",63.6015014369734
"8938",26.0374157078282
"8939",40.5646534708975
"8940",32.2026147173592
"8941",39.3475776987533
"8942",60.6632357893737
"8943",20.2217819851567
"8944",23.7934333310805
"8945",24.9023482265977
"8946",32.5423387254443
"8947",24.5606467489155
"8948",32.9202073227538
"8949",61.3895955190963
"8950",61.9808767818879
"8951",16.2185020810464
"8952",88.8515787208264
"8953",50.366789506255
"8954",76.6775915975538
"8955",82.3236371127986
"8956",40.4103951578194
"8957",101.375552907316
"8958",31.4085352293787
"8959",24.9711246121786
"8960",52.339942468969
"8961",82.4996579528048
"8962",80.1317851604994
"8963",20.6012918530494
"8964",46.2018266875603
"8965",46.1512497891832
"8966",88.4324685488572
"8967",35.5567898146719
"8968",18.4425758618622
"8969",69.6036324849761
"8970",25.2327819023133
"8971",44.8790468878504
"8972",54.6600157734649
"8973",39.8334712423296
"8974",62.8953641318459
"8975",84.4841467978931
"8976",28.445142708334
"8977",21.413552591959
"8978",38.1454487153054
"8979",35.1143054160414
"8980",30.0508344417432
"8981",28.7961178582768
"8982",37.543461032858
"8983",36.8967156487217
"8984",17.4138983887551
"8985",61.1442964339397
"8986",107.426488471619
"8987",24.3964470450573
"8988",39.7682646297618
"8989",33.2334973203277
"8990",99.3001897512604
"8991",43.0435893006008
"8992",46.5278573384079
"8993",30.7241448185812
"8994",45.1632567029905
"8995",51.9861491942018
"8996",68.0834872318322
"8997",22.5504572969242
"8998",17.7374130476566
"8999",27.2556293614407
"9000",101.138407768993
"9001",58.6766831181775
"9002",32.6226325046524
"9003",63.8527746445692
"9004",90.2612189314616
"9005",47.7537798908337
"9006",76.130151887406
"9007",20.9466982663999
"9008",33.9941663669065
"9009",69.9036324849761
"9010",26.3018810570533
"9011",65.2683791628364
"9012",31.9283173671729
"9013",50.2479431254204
"9014",99.8509823565771
"9015",72.7614983404527
"9016",53.9428241059993
"9017",67.4660941822624
"9018",60.0928096808232
"9019",104.698948273242
"9020",132.989292348731
"9021",38.1951996952236
"9022",45.6118846473231
"9023",81.1354913164205
"9024",36.296504191625
"9025",47.4167783793536
"9026",150.649737826543
"9027",67.8163707700574
"9028",21.4207986095084
"9029",49.7598077113955
"9030",49.1831403857082
"9031",26.8906778635619
"9032",70.1577463614974
"9033",44.3621526198967
"9034",72.5356654143021
"9035",62.6056271166156
"9036",16.6690852367392
"9037",58.9351025188755
"9038",24.9562661540652
"9039",19.8965020109291
"9040",36.9645223305925
"9041",79.1940789669182
"9042",55.169357345575
"9043",22.4950903915262
"9044",47.4986578388436
"9045",23.4632603726373
"9046",23.7318791266357
"9047",46.3280722796834
"9048",46.2425185790132
"9049",58.8221129643217
"9050",28.2727377000937
"9051",62.0129155101305
"9052",19.2829271341758
"9053",52.6896969998939
"9054",29.7560024646143
"9055",40.8280787276671
"9056",30.9603434549149
"9057",48.391762208712
"9058",89.191574652349
"9059",42.8873645316299
"9060",40.9151737666499
"9061",24.2560045964269
"9062",39.5132431215791
"9063",44.088869103997
"9064",75.3152442128296
"9065",61.1213877591145
"9066",32.6373296613656
"9067",30.3613307112641
"9068",20.3324519998035
"9069",113.29862768724
"9070",29.0865780004441
"9071",57.5856223054021
"9072",53.741266200708
"9073",28.4327883052538
"9074",59.7209628080094
"9075",84.4559282934351
"9076",60.105348530168
"9077",40.6077187711958
"9078",47.044854797659
"9079",22.9868601653673
"9080",25.3568842679161
"9081",78.2193021210867
"9082",62.4252252169447
"9083",16.95810908358
"9084",43.2714619077365
"9085",24.0025841483417
"9086",21.4946899167678
"9087",24.7050295074222
"9088",42.206047947862
"9089",37.6621342719392
"9090",22.0369693775781
"9091",74.795345050857
"9092",23.74496734592
"9093",32.4098108106096
"9094",29.6398378776955
"9095",28.80240124707
"9096",42.9158794892629
"9097",32.2847234410558
"9098",28.8485849278974
"9099",91.6988012795605
"9100",56.0474068288824
"9101",54.4614565469163
"9102",74.1504252236889
"9103",104.864016794761
"9104",29.0917605063101
"9105",67.6101871522128
"9106",19.4742889954436
"9107",100.018685467481
"9108",37.4737175876165
"9109",57.6910254845314
"9110",106.763925761776
"9111",22.8441106708568
"9112",51.4978705599093
"9113",65.1664017475491
"9114",29.9214156917672
"9115",54.0054478537302
"9116",61.6543934648694
"9117",41.9439192031334
"9118",29.1628051226686
"9119",69.401165806033
"9120",25.3298852022856
"9121",54.8701665897025
"9122",98.4042545604465
"9123",32.6932621122658
"9124",27.3718313842468
"9125",27.242845213292
"9126",36.265466680573
"9127",55.3369628518313
"9128",21.6717162715334
"9129",27.4853448387406
"9130",16.7192110981498
"9131",27.4889304648181
"9132",24.4216526897009
"9133",26.7935715144319
"9134",48.7855868695545
"9135",41.6274424053294
"9136",70.2401864338443
"9137",91.7709970548889
"9138",89.3144578544786
"9139",30.6789411232164
"9140",17.4278643419145
"9141",46.7048781400332
"9142",43.1125788610162
"9143",44.1691108898004
"9144",136.795915357864
"9145",26.4236654715421
"9146",20.5859413511601
"9147",35.6347343913528
"9148",52.5893088476152
"9149",33.6280351180148
"9150",42.6634381698339
"9151",57.7805776703234
"9152",60.6554023277064
"9153",70.6442291038273
"9154",16.6101321872862
"9155",46.7142115404012
"9156",28.509022781554
"9157",62.0847434407347
"9158",52.8442724659481
"9159",26.1691184845526
"9160",24.5507827144655
"9161",51.9971120220052
"9162",72.6877795059242
"9163",59.7385995100933
"9164",87.9772623055168
"9165",56.1177413641737
"9166",30.4509581729252
"9167",33.8563226999571
"9168",95.7741172401167
"9169",45.216633612782
"9170",19.2551037348924
"9171",14.1747534633924
"9172",111.92862768724
"9173",25.8136929358572
"9174",91.7229578283335
"9175",43.7935895117203
"9176",36.3547869121142
"9177",53.2421747018968
"9178",27.2683155079054
"9179",30.8606925597895
"9180",37.8407697841166
"9181",27.5391401393993
"9182",50.732777523574
"9183",32.2257890295108
"9184",76.3157848456245
"9185",36.7787700221163
"9186",60.133311923857
"9187",38.189132445494
"9188",38.2839258220194
"9189",33.7157898208221
"9190",65.7140800294342
"9191",64.8077473598372
"9192",38.5500902513861
"9193",20.1582269058573
"9194",33.0135478527192
"9195",31.3730457137222
"9196",32.474889249154
"9197",29.3335841051667
"9198",63.7687781806553
"9199",21.1950129957225
"9200",45.4402769641013
"9201",35.5542036682815
"9202",65.6722706656119
"9203",51.7237943701647
"9204",51.0463517964749
"9205",153.930274446841
"9206",50.4562612504556
"9207",23.5095516071215
"9208",37.3496062749968
"9209",61.6683472158059
"9210",26.1347177808662
"9211",39.326662965591
"9212",31.9943547478142
"9213",81.286920938072
"9214",21.1745290832335
"9215",15.8963386872148
"9216",44.8553154104116
"9217",17.0650562106623
"9218",44.2764730972817
"9219",87.62267496069
"9220",31.0743269467635
"9221",24.5812276287187
"9222",185.430078341415
"9223",52.9801927709439
"9224",31.2498483767222
"9225",45.5713867822068
"9226",34.2791327763001
"9227",67.8226665961353
"9228",54.6041526709376
"9229",47.3431403857082
"9230",66.9230620003528
"9231",48.7798054562726
"9232",54.7113281881898
"9233",43.7238234892894
"9234",39.1414752050569
"9235",33.2069805362057
"9236",41.3991545111557
"9237",35.2780491479866
"9238",39.796504191625
"9239",29.3846278566356
"9240",21.8725552850342
"9241",53.5394289175853
"9242",50.5465478537964
"9243",17.0489535179498
"9244",31.0885857749948
"9245",40.0954086248938
"9246",20.4019526052469
"9247",19.6082676597243
"9248",94.1296914932147
"9249",115.24074593662
"9250",110.866172801552
"9251",42.9028664262353
"9252",78.1160952726216
"9253",32.8115932219002
"9254",46.4330265691116
"9255",26.3477639057539
"9256",14.3596113436174
"9257",64.3926698678332
"9258",92.5769811545507
"9259",62.1686373058857
"9260",57.8336454197279
"9261",38.5025112820868
"9262",52.1213857394038
"9263",39.0202376479472
"9264",52.6378609044433
"9265",59.9470957753402
"9266",24.546575481908
"9267",22.8047721141752
"9268",39.5796414983471
"9269",39.9604039244835
"9270",73.5560203096809
"9271",77.9136664579499
"9272",45.3003769891552
"9273",59.5949483715441
"9274",21.3571854158753
"9275",25.3203387140328
"9276",84.1792840811099
"9277",41.5152960368018
"9278",79.2940789669182
"9279",67.4328038417821
"9280",35.7594169340752
"9281",61.571395412075
"9282",43.625928594583
"9283",62.6491272423838
"9284",38.1746252526081
"9285",28.0902327758022
"9286",66.8057437606098
"9287",45.3222800159489
"9288",35.1497038643579
"9289",37.3980873253251
"9290",73.6948754977666
"9291",59.7743509436495
"9292",49.8761391420337
"9293",20.4142140027322
"9294",69.0834050833532
"9295",56.0822271996964
"9296",33.5481267507859
"9297",35.0340765211607
"9298",31.6193393336858
"9299",74.8408642147633
"9300",41.9047776728642
"9301",59.7710929244506
"9302",27.2535715144319
"9303",49.1191768721946
"9304",76.6848177743297
"9305",60.6532392573015
"9306",29.9475103653171
"9307",23.5244464561443
"9308",86.7199007147887
"9309",39.9080524960326
"9310",64.425476303879
"9311",30.1008770652544
"9312",38.5886033314198
"9313",29.3300266687007
"9314",155.210723089579
"9315",39.9605941095238
"9316",15.9718796222261
"9317",96.0559385150676
"9318",30.1864992304266
"9319",47.9362777826592
"9320",75.6774613172153
"9321",64.3180163422383
"9322",51.8894675661779
"9323",78.220903741837
"9324",50.2106112506227
"9325",49.5582103323098
"9326",33.2103415861162
"9327",13.4315177376674
"9328",29.5129511476325
"9329",42.7313867822068
"9330",52.6664817055035
"9331",29.369983518174
"9332",53.8140296633389
"9333",86.9216675024098
"9334",66.4910962994594
"9335",38.5399737844415
"9336",73.0164672443735
"9337",44.3397063968288
"9338",29.915435110387
"9339",33.453994005784
"9340",54.7689944606875
"9341",41.553472123743
"9342",30.9657220870721
"9343",21.9949129581931
"9344",55.0828241059993
"9345",45.7918266875603
"9346",26.7522756770021
"9347",231.929720034242
"9348",29.5634157323078
"9349",121.978971565146
"9350",119.413641750835
"9351",69.8559798171316
"9352",33.117003608604
"9353",23.1847744812337
"9354",66.9442899511687
"9355",29.9546471209415
"9356",42.2174443492555
"9357",30.034999971785
"9358",88.5845443330644
"9359",44.8504609281819
"9360",54.5597702394738
"9361",29.425778128406
"9362",61.5355248526315
"9363",81.7479452981367
"9364",46.8421033119477
"9365",44.1203570990571
"9366",44.9411474404172
"9367",22.2524833406385
"9368",22.9352161946756
"9369",39.5673473273802
"9370",82.2239655947225
"9371",45.4383190613567
"9372",53.8894486587049
"9373",67.9804249821735
"9374",88.0320991886125
"9375",31.4046797644492
"9376",50.8270301336877
"9377",90.056267049983
"9378",30.5415214363204
"9379",83.0576714837276
"9380",36.5265999447569
"9381",22.5968842679161
"9382",88.3159255213139
"9383",36.4023272702728
"9384",22.5506365937762
"9385",165.411195019536
"9386",57.1632766273228
"9387",26.8460902275843
"9388",61.5623798401149
"9389",61.0903515057001
"9390",34.9146196945035
"9391",52.7453116992479
"9392",34.71718895604
"9393",23.242037097944
"9394",126.031101093176
"9395",34.0537658356195
"9396",43.9515744562379
"9397",116.235029878425
"9398",37.85234159084
"9399",30.357023841551
"9400",23.7595516071215
"9401",79.64161633174
"9402",70.3174613172153
"9403",50.0120150966909
"9404",30.6806778635619
"9405",63.6469080074734
"9406",71.0764672443735
"9407",93.1524491068282
"9408",12.7998615309796
"9409",57.4036297356829
"9410",17.2109131742321
"9411",38.492925819288
"9412",69.2397680963473
"9413",74.3008371345388
"9414",21.5494133630606
"9415",50.501833687256
"9416",28.0358671562607
"9417",48.3900161576222
"9418",23.2983056875333
"9419",53.48092690363
"9420",74.391954218755
"9421",29.5584990897923
"9422",25.4691840526299
"9423",46.2286029839468
"9424",42.8689263998486
"9425",46.7897579487726
"9426",30.2995421471887
"9427",30.5837388242711
"9428",53.1095559848979
"9429",62.7077572354988
"9430",131.668749063117
"9431",37.5194646961458
"9432",52.2712583960783
"9433",36.0588753745124
"9434",61.0270795429917
"9435",89.8849532271889
"9436",23.98128612771
"9437",114.163066072211
"9438",28.9029526113275
"9439",85.8776714837276
"9440",55.8543562339226
"9441",54.8398653986401
"9442",110.676708324229
"9443",37.5716409917446
"9444",76.9204819590227
"9445",39.906198388794
"9446",51.8043826680156
"9447",41.7414788663698
"9448",33.7680377836358
"9449",117.643096246426
"9450",48.1042999400853
"9451",82.8159303294412
"9452",75.3891568877292
"9453",39.3282369565957
"9454",41.2799101703492
"9455",59.6354553127414
"9456",25.9476765574829
"9457",46.6378932340988
"9458",28.0196348731146
"9459",34.8547196604088
"9460",42.4455348949628
"9461",26.1479611801083
"9462",15.3752353549376
"9463",36.3088747317788
"9464",40.1266113549098
"9465",56.5416789918185
"9466",20.4857919884133
"9467",30.8928521492688
"9468",14.5326953051064
"9469",73.4504803149395
"9470",58.6893318774714
"9471",85.6527351041456
"9472",59.9624221608661
"9473",19.2503533440971
"9474",28.4906052574792
"9475",38.7961870997044
"9476",83.7059282934351
"9477",20.6686250257952
"9478",81.5755933063051
"9479",43.2459801265385
"9480",39.6798042401619
"9481",23.1908101686671
"9482",31.5380430089714
"9483",29.1284590704606
"9484",51.4454711026481
"9485",39.9853391873754
"9486",18.4914325154174
"9487",75.9107715585543
"9488",26.8580135361559
"9489",133.666507220423
"9490",25.7622011422101
"9491",77.1308936034694
"9492",89.4754292823298
"9493",42.0802220870703
"9494",62.1459851826859
"9495",54.5414034522983
"9496",39.1554493240934
"9497",32.2063808210035
"9498",28.693882502723
"9499",34.5741391134786
"9500",14.4192305337542
"9501",33.6688593097446
"9502",23.2050903915262
"9503",27.3742009132184
"9504",44.1654548667803
"9505",78.4738635809898
"9506",21.3465020109291
"9507",90.4615629329454
"9508",22.0202214830574
"9509",66.4613182145506
"9510",16.5562070868782
"9511",25.3764481345828
"9512",47.0495888184505
"9513",87.9651439872885
"9514",77.8147529408651
"9515",26.2836041319511
"9516",79.6714692201457
"9517",40.5175494135927
"9518",40.2565107806801
"9519",55.420937208068
"9520",20.7676889365153
"9521",28.855216033409
"9522",105.923275052574
"9523",24.6665033539016
"9524",95.5899916291124
"9525",29.8693345366454
"9526",22.6064481345828
"9527",22.1003844386929
"9528",34.2354570548166
"9529",56.9873255176606
"9530",27.5520034382412
"9531",23.769706936738
"9532",34.1125298142375
"9533",33.1877932989633
"9534",17.3585624977989
"9535",48.0354081314848
"9536",45.4443138597351
"9537",33.2644603995692
"9538",39.9416805661728
"9539",54.6670764904669
"9540",80.4596579528048
"9541",83.4271480385497
"9542",22.5497382915516
"9543",50.0558089239072
"9544",103.798661386901
"9545",35.0452273792404
"9546",20.3660171751739
"9547",35.5622714129716
"9548",63.1023504998939
"9549",38.0872659032377
"9550",100.473998311139
"9551",40.6518424370934
"9552",41.6211362498634
"9553",70.577980228005
"9554",15.0648506355173
"9555",106.006534849597
"9556",70.0243643538466
"9557",42.1019382284721
"9558",86.4870618842249
"9559",68.2319916781374
"9560",57.5263476320878
"9561",46.0442115404012
"9562",54.8012754084625
"9563",25.5073351458065
"9564",64.0545626467779
"9565",37.83915284901
"9566",22.0620470478031
"9567",31.5870322567585
"9568",55.2585203624498
"9569",33.7013715443784
"9570",29.5402009207291
"9571",61.6642912851005
"9572",35.8892141865805
"9573",60.5491365769365
"9574",70.201391030473
"9575",105.274961574945
"9576",74.7897757080529
"9577",58.2481122290549
"9578",72.4608371345388
"9579",23.9458137359185
"9580",19.228315162378
"9581",84.5206441858936
"9582",18.8811204079247
"9583",131.625954325353
"9584",116.25862768724
"9585",82.8426656530867
"9586",33.9590969294096
"9587",28.1023006984891
"9588",33.1809850189845
"9589",27.4430896558605
"9590",92.1487709077853
"9591",48.0440765613143
"9592",82.400425553884
"9593",44.2985094321659
"9594",31.7928109644441
"9595",42.3912448149345
"9596",51.3010889167764
"9597",49.710890739593
"9598",36.7265086455894
"9599",20.0052082127651
"9600",46.7692963287243
"9601",42.3099832589709
"9602",18.4154948539615
"9603",114.556238570738
"9604",69.3194361457484
"9605",31.1445359983526
"9606",62.4872442148639
"9607",41.6392154154789
"9608",24.2802327758022
"9609",50.4129251283867
"9610",34.5738567061275
"9611",31.9205386823301
"9612",41.1912163868774
"9613",37.6675086402743
"9614",42.289974379095
"9615",73.7648454069459
"9616",36.543994005784
"9617",18.3912987272858
"9618",50.8899135051408
"9619",26.3804375853869
"9620",40.1811203873696
"9621",27.4116159118855
"9622",41.0919661164168
"9623",66.191395412075
"9624",56.266820747234
"9625",51.4009356863634
"9626",52.4912583960783
"9627",26.9269991215035
"9628",66.5219866986093
"9629",32.9149388443309
"9630",58.8081956542617
"9631",16.3724465387159
"9632",24.694644481233
"9633",75.911945931806
"9634",85.9107461295049
"9635",31.8170046446046
"9636",82.3363663766122
"9637",92.3549265569811
"9638",69.7911464971783
"9639",45.0993206318134
"9640",61.7538059026281
"9641",15.3512184010261
"9642",67.4623826046098
"9643",67.9901110834366
"9644",68.1919715588357
"9645",44.9715152712893
"9646",80.9337971879782
"9647",34.2852811251437
"9648",76.4222831676922
"9649",36.395777710809
"9650",22.7289289463217
"9651",45.0859836018337
"9652",96.1367240055603
"9653",34.2425112820868
"9654",31.2022577519407
"9655",120.689862802591
"9656",49.6069045727431
"9657",45.701978263593
"9658",75.4714711465953
"9659",39.2186730092631
"9660",30.9659896352743
"9661",41.0564565768191
"9662",70.8988568542775
"9663",21.7952076435518
"9664",152.152370535186
"9665",50.9092709399433
"9666",15.4670073055897
"9667",117.238872887732
"9668",22.8808336259618
"9669",19.4166635850667
"9670",89.2156746628696
"9671",77.0800319527178
"9672",61.3318200659803
"9673",35.1573387786105
"9674",19.5005621901056
"9675",32.5679177796591
"9676",43.4473944923432
"9677",58.4364280261499
"9678",28.4444843946568
"9679",40.3909949245887
"9680",26.2474339895556
"9681",30.4428989386212
"9682",42.9626742222816
"9683",63.1457025880968
"9684",100.83937750269
"9685",185.593336844691
"9686",67.2177633803799
"9687",20.4242889954436
"9688",149.210723089579
"9689",102.770445753112
"9690",92.3970803512119
"9691",32.6038495900607
"9692",25.0195533388103
"9693",94.6103196067531
"9694",42.550872051747
"9695",87.9153752200294
"9696",94.6141134424264
"9697",39.4983295357836
"9698",41.3304059111457
"9699",80.2939954590534
"9700",67.2622449494965
"9701",50.8437925955181
"9702",46.8249151387823
"9703",32.6109867823252
"9704",40.8087677163161
"9705",69.803114018364
"9706",42.8199677836296
"9707",100.788579192289
"9708",65.2679818307095
"9709",21.3162657084616
"9710",73.4083682791683
"9711",15.5534554871218
"9712",47.5393378627029
"9713",18.9858753469851
"9714",32.6074078214925
"9715",28.2460080465938
"9716",31.3745239534465
"9717",53.7909053773922
"9718",35.2755417683746
"9719",88.0072109097405
"9720",118.346308414894
"9721",66.7661847222592
"9722",90.6627021993621
"9723",58.5510929244506
"9724",24.9059042624374
"9725",86.2786927608283
"9726",94.9499916291124
"9727",54.880937208068
"9728",67.1441661607267
"9729",19.6065501989437
"9730",51.5221784378528
"9731",19.8072026314398
"9732",49.1791952641874
"9733",29.4658671562607
"9734",22.5496622083222
"9735",43.8375929549965
"9736",19.9854135431017
"9737",46.1387002307076
"9738",108.819569798843
"9739",43.1661011004454
"9740",25.179801806575
"9741",52.5856270453252
"9742",24.6777657660886
"9743",54.8882658737994
"9744",58.513357715376
"9745",41.6637361575813
"9746",31.9006681812529
"9747",39.6981262585861
"9748",37.5240415591983
"9749",34.337862525069
"9750",45.5519558720736
"9751",58.2899068522336
"9752",72.6595026639128
"9753",65.1614378690805
"9754",16.8165980428578
"9755",50.3358089239072
"9756",17.9229271341758
"9757",29.5004875402483
"9758",119.208197422998
"9759",33.2697494937546
"9760",34.570258075261
"9761",92.7488536707235
"9762",28.5405244726303
"9763",56.0174877537247
"9764",28.989674343493
"9765",76.6202119863107
"9766",26.9113285888772
"9767",85.6805683680549
"9768",16.9189535681665
"9769",31.3812597696607
"9770",51.9653803857092
"9771",43.0365175592012
"9772",31.8611955968418
"9773",49.3622278618532
"9774",35.1484118820167
"9775",71.8782763812154
"9776",35.6627340340411
"9777",67.8130266808925
"9778",106.473925761776
"9779",93.0589971640768
"9780",70.9274385724312
"9781",45.4519453147975
"9782",24.2041685533007
"9783",19.5754263581996
"9784",32.8311955968418
"9785",71.0333827848071
"9786",45.6521033119477
"9787",32.7098957723671
"9788",36.1234330895697
"9789",100.393819884345
"9790",37.8232013685486
"9791",19.0721165481673
"9792",36.0703117638346
"9793",35.3595926738722
"9794",53.6630894134215
"9795",32.813566681395
"9796",43.5684264517389
"9797",29.5706925597895
"9798",123.974343497832
"9799",35.6803180512393
"9800",28.7184990077446
"9801",122.582147329417
"9802",58.1261158841496
"9803",19.2262573561127
"9804",20.4193827174693
"9805",26.5981500659648
"9806",43.0602047670235
"9807",25.3950295074222
"9808",121.739157802194
"9809",17.0001522390984
"9810",23.0945361402837
"9811",58.9359835336524
"9812",44.774248759821
"9813",72.0111156418711
"9814",34.5388168772436
"9815",31.7244603995692
"9816",40.1929632839738
"9817",37.9865120961658
"9818",89.1740916299448
"9819",29.8915165824939
"9820",48.4585595106924
"9821",75.8014282489673
"9822",57.3989319845558
"9823",88.7942982616646
"9824",59.9273001258314
"9825",73.0561707444046
"9826",72.1324707573484
"9827",73.0717832123212
"9828",34.3074046781487
"9829",88.8628878539097
"9830",42.0219382284721
"9831",120.39796947301
"9832",63.5547661444962
"9833",72.7931934965327
"9834",18.1956720620814
"9835",57.2410254845314
"9836",35.6449330382456
"9837",120.375778887515
"9838",16.6265898276122
"9839",188.792148189432
"9840",60.8609949774792
"9841",64.3298923085268
"9842",107.449617448312
"9843",17.4406263584923
"9844",20.1694814329921
"9845",31.7126943565885
"9846",19.8252461273797
"9847",105.993275052574
"9848",62.4073867690493
"9849",85.7338498238601
"9850",39.9670149921351
"9851",23.6266929756772
"9852",23.9291008478915
"9853",17.063748035181
"9854",61.7385400180703
"9855",15.8754390365012
"9856",18.5592054008507
"9857",57.4549732451463
"9858",33.7489950757732
"9859",147.631278404307
"9860",75.7237145162085
"9861",80.3694268106912
"9862",41.6142426366005
"9863",33.5061435486688
"9864",45.7067129593988
"9865",55.755330620847
"9866",21.1096030955259
"9867",24.8303716951377
"9868",41.9791177525776
"9869",71.0017381513961
"9870",36.3984092989949
"9871",33.5574370942792
"9872",29.1114110956637
"9873",33.0222237991913
"9874",101.698661386901
"9875",47.8105464028331
"9876",37.9598042401619
"9877",41.3008358956561
"9878",64.2876599267232
"9879",63.9693665504611
"9880",57.4397702394738
"9881",39.778235970964
"9882",117.728441773546
"9883",31.9759293975506
"9884",28.7863528975622
"9885",45.5314880515393
"9886",27.3062829379432
"9887",26.2525841483417
"9888",38.5662024681015
"9889",39.8281397668192
"9890",96.4943563201369
"9891",72.9819805277172
"9892",45.5904416379114
"9893",38.460890008013
"9894",60.2856588134325
"9895",52.276228312224
"9896",53.0862898258379
"9897",42.5713561566655
"9898",31.240456795577
"9899",26.7062250089781
"9900",33.1622511574944
"9901",35.6063481778749
"9902",26.9308413317851
"9903",20.6096338943447
"9904",33.2922418929821
"9905",30.7654778791948
"9906",30.674715963612
"9907",31.6880430089714
"9908",29.1911153240437
"9909",27.4441497294203
"9910",57.963285229801
"9911",47.0007819580942
"9912",73.0599335476791
"9913",46.1923442650398
"9914",47.8447486264151
"9915",54.7471050655563
"9916",29.3526707385394
"9917",35.5855489398322
"9918",54.5665621597481
"9919",40.518279734021
"9920",28.8093458851304
"9921",31.4004875402483
"9922",77.5413958638806
"9923",35.0427660223302
"9924",35.224721641363
"9925",45.1869714756833
"9926",31.5774103109142
"9927",19.3921469429383
"9928",25.9540966981964
"9929",66.1223517848496
"9930",22.5871996787044
"9931",50.0908909441841
"9932",47.752538714663
"9933",46.8174248336524
"9934",59.9926610517211
"9935",28.8994913691804
"9936",68.4119866986093
"9937",21.0420470478031
"9938",39.2985768846305
"9939",131.220266356056
"9940",22.7086909315656
"9941",51.5531385124513
"9942",45.6280461431943
"9943",20.1716424816565
"9944",41.3452219301097
"9945",49.0479845627161
"9946",50.4764136908742
"9947",27.2138571547971
"9948",36.6483768000445
"9949",38.5648563552916
"9950",54.1755444533591
"9951",53.6667470422387
"9952",85.6359846342609
"9953",17.4427925279706
"9954",92.3088376503168
"9955",54.4904243900354
"9956",49.3102203994327
"9957",163.743419324069
"9958",36.3230936108267
"9959",19.0554948539615
"9960",66.3332638751683
"9961",43.1841992008645
"9962",33.2288593097446
"9963",32.2562362922821
"9964",81.8002913182585
"9965",59.9418815596531
"9966",45.7040972398505
"9967",26.1401390921337
"9968",71.9712756215723
"9969",41.3160353161561
"9970",133.631165600695
"9971",32.9334760876304
"9972",36.9511955968418
"9973",37.0630384258579
"9974",19.4753682247579
"9975",26.8133997513871
"9976",36.639132445494
"9977",72.2932624114476
"9978",72.0019805277172
"9979",16.4293034768925
"9980",25.0413546341204
"9981",72.5559798171316
"9982",23.9215659618775
"9983",85.502276914103
"9984",34.5047234410558
"9985",42.0173127631575
"9986",130.651165600695
"9987",21.2127989139316
"9988",44.6277553968216
"9989",46.0843996741858
"9990",74.0024418238613
"9991",37.380258075261
"9992",40.950642255477
"9993",69.6019656694423
"9994",42.7759204219939
"9995",53.5358248581054
"9996",27.6058690633519
"9997",17.1756826898726
"9998",45.6527448191951
"9999",61.5523798401149
"10000",54.7816291150861
