"","x"
"1",35.7
"2",52
"3",34.7
"4",30.8
"5",34.1
"6",22.2
"7",30.8
"8",10.1
"9",54.4
"10",56.1
"11",42.6
"12",20
"13",31.1
"14",39.7
"15",30.9
"16",32.6
"17",35.7
"18",49.4
"19",87.2
"20",72.8
"21",34.3
"22",46.5
"23",53.4
"24",29.6
"25",75.8
"26",17.9
"27",21.3
"28",97.3
"29",20.7
"30",21.5
"31",46.1
"32",25.9
"33",21.2
"34",59.4
"35",49
"36",21.8
"37",55.9
"38",26.9
"39",41.7
"40",47.1
"41",43
"42",23.1
"43",19.9
"44",16.5
"45",147.8
"46",29.9
"47",50.7
"48",42.1
"49",50.7
"50",42.2
"51",85.2
"52",43.5
"53",84.1
"54",77.5
"55",28.7
"56",37
"57",24.9
"58",48.4
"59",36.1
"60",85.8
"61",34.9
"62",22
"63",9.9
"64",66.7
"65",40.1
"66",34.1
"67",39
"68",35.8
"69",54.1
"70",24.3
"71",102.5
"72",18.4
"73",40.2
"74",34
"75",58.1
"76",57.3
"77",27.2
"78",73.4
"79",25.3
"80",35.1
"81",91.7
"82",63
"83",61.9
"84",52
"85",60.4
"86",19.1
"87",108.7
"88",42.2
"89",73
"90",27
"91",39.6
"92",16.7
"93",55.3
"94",38.6
"95",135.3
"96",43.1
"97",68.2
"98",84
"99",32.6
"100",32.1
"101",55.1
"102",26.6
"103",31.8
"104",45.5
"105",58
"106",15.6
"107",48.3
"108",94.5
"109",42.4
"110",13.1
"111",36.4
"112",75.4
"113",68.6
"114",54.6
"115",12.8
"116",28.9
"117",22.9
"118",78.6
"119",36.1
"120",26.2
"121",60.3
"122",36.5
"123",43.8
"124",24
"125",72.9
"126",36.4
"127",128.1
"128",77.9
"129",88
"130",45.5
"131",29
"132",41.5
"133",46.6
"134",102.3
"135",50.8
"136",72.6
"137",101.1
"138",43
"139",33.3
"140",79.7
"141",63.8
"142",54.5
"143",53.9
"144",57.8
"145",22.2
"146",39
"147",120
"148",72.2
"149",50.6
"150",46.9
"151",147.1
"152",86.9
"153",83.9
"154",25.9
"155",57.6
"156",49.3
"157",49.5
"158",22.2
"159",62.1
"160",87.9
"161",46.3
"162",37.9
"163",112.5
"164",65.2
"165",76.7
"166",60.4
"167",49.3
"168",22.7
"169",45.3
"170",49
"171",50.1
"172",20.5
"173",39.6
"174",47.9
"175",45.7
"176",62.4
"177",139.3
"178",53.1
"179",32.9
"180",47
"181",53.1
"182",142.2
"183",26.4
"184",98.4
"185",31.4
"186",37.7
"187",76.4
"188",15.6
"189",49.3
"190",95.5
"191",55.9
"192",70.4
"193",48.3
"194",61.9
"195",56.6
"196",32.2
"197",31
"198",59.6
"199",156.9
"200",24.1
"201",41
"202",46.7
"203",32.9
"204",32.9
"205",77.9
"206",67.8
"207",128.6
"208",58.8
"209",103.8
"210",47.6
"211",27.1
"212",39
"213",72.2
"214",25.8
"215",54.1
"216",32.5
"217",39.8
"218",40.8
"219",35.9
"220",39.9
"221",66.2
"222",79.5
"223",45.5
"224",38.2
"225",25.3
"226",30.8
"227",42.6
"228",32.5
"229",16.6
"230",42
"231",33.4
"232",57.3
"233",41.2
"234",47.1
"235",79
"236",42.4
"237",50.4
"238",43.5
"239",33.3
"240",31.3
"241",32.6
"242",46.1
"243",39.2
"244",9.8
"245",75
"246",63.2
"247",65.1
"248",41.8
"249",26.4
"250",53.7
"251",60.9
"252",58.1
"253",51.3
"254",73.1
"255",83.5
"256",24.7
"257",41.6
"258",80.2
"259",101.3
"260",53.8
"261",25.5
"262",66.3
"263",36.7
"264",34.8
"265",25.3
"266",86.7
"267",49.8
"268",22.5
"269",44.4
"270",74.6
"271",26.7
"272",54.8
"273",35.2
"274",37.7
"275",61.1
"276",32
"277",58.2
"278",70.8
"279",31.7
"280",166.9
"281",21.2
"282",135.5
"283",38.2
"284",17.6
"285",16.3
"286",96.5
"287",26.6
"288",13
"289",39.1
"290",42.8
"291",33.1
"292",26.1
"293",14.3
"294",43.6
"295",28.4
"296",61.4
"297",71.4
"298",109.7
"299",42.7
"300",72.2
"301",42.6
"302",44.7
"303",49
"304",32.7
"305",75.5
"306",42.7
"307",27.9
"308",66.9
"309",40.7
"310",27.9
"311",41.5
"312",46.1
"313",48.3
"314",72.3
"315",61.9
"316",26.6
"317",44.4
"318",51.1
"319",14.6
"320",40.2
"321",44.2
"322",44
"323",107.8
"324",43.5
"325",72.9
"326",28
"327",32.9
"328",120.8
"329",54.1
"330",31.7
"331",45.9
"332",33.7
"333",49.4
"334",36.8
"335",27.8
"336",36
"337",22.7
"338",35.9
"339",67.8
"340",20.9
"341",31.1
"342",41.7
"343",65.5
"344",34.5
"345",33.1
"346",56.9
"347",16.1
"348",57.4
"349",121.2
"350",98.1
"351",63.5
"352",88
"353",27
"354",154.5
"355",28.3
"356",98.9
"357",93.2
"358",24.2
"359",57.8
"360",34.7
"361",64.3
"362",76.2
"363",38.7
"364",51.9
"365",57.3
"366",28.2
"367",78.8
"368",51.5
"369",40.7
"370",59.9
"371",38.2
"372",80.7
"373",46.8
"374",53.2
"375",64.1
"376",48.1
"377",51
"378",79.3
"379",35.8
"380",69.9
"381",79.4
"382",26.8
"383",73.2
"384",24.8
"385",27.4
"386",50.8
"387",40.1
"388",30
"389",68.9
"390",51.7
"391",53.4
"392",52.3
"393",51.9
"394",49.2
"395",32.2
"396",41.2
"397",49.9
"398",68
"399",25.1
"400",31.3
"401",82
"402",53.7
"403",75.2
"404",27.3
"405",41.1
"406",41
"407",115.5
"408",48.8
"409",44.5
"410",36.8
"411",39
"412",26.6
"413",40.3
"414",39.4
"415",47.1
"416",27.5
"417",68
"418",40.7
"419",40
"420",40.6
"421",144.7
"422",100
"423",60.4
"424",77.5
"425",28.8
"426",130.9
"427",40.2
"428",35.4
"429",89.5
"430",26.1
"431",20.1
"432",73.3
"433",38.7
"434",38.5
"435",68.3
"436",11.8
"437",59.2
"438",82.5
"439",15.4
"440",19.1
"441",38.1
"442",34.1
"443",24.9
"444",39.1
"445",16.7
"446",87.2
"447",27.5
"448",9.6
"449",69
"450",31.1
"451",19.8
"452",22.3
"453",143.7
"454",64.8
"455",48.9
"456",24.9
"457",46.6
"458",52.1
"459",121
"460",33.5
"461",46.1
"462",31.7
"463",115.3
"464",62.1
"465",38.8
"466",86.3
"467",59.9
"468",62.7
"469",33.4
"470",145.4
"471",21.7
"472",59.7
"473",99.1
"474",56
"475",38.3
"476",16.2
"477",36.5
"478",42.3
"479",29.3
"480",23.5
"481",55.5
"482",30.3
"483",33.9
"484",31.2
"485",94.2
"486",90.2
"487",28.8
"488",66.5
"489",28.2
"490",20.6
"491",48.1
"492",75.8
"493",43.2
"494",43.7
"495",58
"496",22.6
"497",84.1
"498",60.8
"499",30.1
"500",30.4
"501",16.1
"502",36.2
"503",24.9
"504",38.3
"505",38.9
"506",69.1
"507",46.1
"508",30.5
"509",48.9
"510",50.9
"511",58.7
"512",28.7
"513",24.7
"514",69.5
"515",38.6
"516",60.5
"517",79.1
"518",48.1
"519",24.3
"520",71.7
"521",77.7
"522",55.7
"523",38.9
"524",66.6
"525",45
"526",38.5
"527",35.7
"528",45.3
"529",71.4
"530",59.7
"531",27.7
"532",41
"533",14.9
"534",35.7
"535",39.3
"536",58.2
"537",70.3
"538",66
"539",36.8
"540",40.7
"541",36.3
"542",68
"543",67.3
"544",56
"545",39.2
"546",44.2
"547",38.8
"548",91
"549",66.6
"550",112.3
"551",54.5
"552",45.1
"553",61.5
"554",29.9
"555",31.8
"556",37
"557",63.2
"558",44.8
"559",45.7
"560",62.4
"561",29.9
"562",35.2
"563",27.5
"564",66
"565",34.8
"566",165.3
"567",35.4
"568",46.8
"569",25.7
"570",45.5
"571",65.4
"572",33.5
"573",84.4
"574",64.5
"575",32.6
"576",69.6
"577",44.6
"578",49.7
"579",33.7
"580",41.9
"581",43.1
"582",31.7
"583",19.4
"584",60.1
"585",15.3
"586",83.9
"587",25.7
"588",54.3
"589",64
"590",24.8
"591",38.6
"592",39.4
"593",127
"594",40.1
"595",49.8
"596",55.3
"597",31.4
"598",26.6
"599",30.3
"600",24.7
"601",47
"602",119.3
"603",83.7
"604",113.1
"605",57
"606",30.6
"607",11.4
"608",58.9
"609",36.5
"610",39.8
"611",50.5
"612",80.9
"613",35.9
"614",43.4
"615",19.3
"616",57.8
"617",67.6
"618",34.3
"619",40.6
"620",119.6
"621",102.8
"622",56.6
"623",33
"624",21.9
"625",27.9
"626",127.2
"627",42.1
"628",35
"629",37.8
"630",28.7
"631",27.2
"632",37.7
"633",62.1
"634",37.6
"635",18
"636",33.4
"637",50.2
"638",20.2
"639",51.7
"640",81.1
"641",57.8
"642",49.6
"643",32.1
"644",38.3
"645",46
"646",74.2
"647",23.8
"648",40.8
"649",20.3
"650",72.1
"651",22.3
"652",92.1
"653",79.8
"654",36.6
"655",106.3
"656",46.6
"657",34
"658",78
"659",41
"660",28.6
"661",79
"662",29.9
"663",45.8
"664",22.1
"665",52.7
"666",57.3
"667",34.3
"668",33.1
"669",46.5
"670",59.6
"671",55.1
"672",40.1
"673",19.1
"674",50.5
"675",121.1
"676",31.3
"677",79.5
"678",36.7
"679",66.8
"680",51.7
"681",59.8
"682",29.6
"683",44.7
"684",67.4
"685",65.7
"686",34.9
"687",21.7
"688",43.3
"689",55.2
"690",21.5
"691",40.6
"692",25.4
"693",84.3
"694",37.6
"695",22
"696",97.5
"697",25.5
"698",40.6
"699",47.4
"700",23.3
"701",14.5
"702",16.3
"703",35.2
"704",49.9
"705",33.1
"706",35.8
"707",44.8
"708",53.2
"709",64.3
"710",75.7
"711",52.7
"712",92.9
"713",26.9
"714",51.3
"715",40.6
"716",27.8
"717",84.4
"718",41
"719",25.7
"720",48.1
"721",21.3
"722",38.7
"723",73.3
"724",27.2
"725",38
"726",40.8
"727",73.5
"728",69.1
"729",27.5
"730",41.7
"731",92.7
"732",105.1
"733",28
"734",50.5
"735",40
"736",30.2
"737",64
"738",92
"739",12.5
"740",133.3
"741",34
"742",39.1
"743",41.3
"744",73.4
"745",16.2
"746",19.8
"747",49.1
"748",39.7
"749",53.4
"750",28.9
"751",33.5
"752",38
"753",31.5
"754",42.4
"755",19.1
"756",53.5
"757",30.1
"758",30.6
"759",47.2
"760",63.6
"761",31.5
"762",76.8
"763",21.5
"764",59.9
"765",38.1
"766",26.9
"767",30.5
"768",44.5
"769",53.3
"770",42.1
"771",35.6
"772",43.1
"773",27.5
"774",36.6
"775",43.1
"776",15.8
"777",74.7
"778",38.7
"779",39
"780",47.3
"781",46.6
"782",45.3
"783",36.2
"784",26.2
"785",32.3
"786",58.6
"787",39.3
"788",155.8
"789",56.2
"790",51.4
"791",78.7
"792",22.1
"793",47.3
"794",67.8
"795",18.9
"796",24.4
"797",113.3
"798",20.2
"799",62
"800",50.2
"801",23.6
"802",63.3
"803",79.7
"804",30.5
"805",63.3
"806",110.9
"807",71.4
"808",47.2
"809",27.9
"810",66.9
"811",37.4
"812",48.1
"813",61.2
"814",65.3
"815",111.4
"816",100.4
"817",35.2
"818",72.3
"819",49.3
"820",46.7
"821",50.6
"822",31.8
"823",45.2
"824",88.1
"825",48.9
"826",56
"827",43.3
"828",106.1
"829",69.7
"830",34.5
"831",52.9
"832",62.1
"833",38.1
"834",51
"835",29.9
"836",41.5
"837",26.4
"838",87.8
"839",59
"840",27.6
"841",74.9
"842",31.9
"843",20.8
"844",46.1
"845",20.1
"846",23.4
"847",65.9
"848",23.6
"849",26.2
"850",57.1
"851",45.5
"852",37.5
"853",52.5
"854",40.2
"855",111.1
"856",33.1
"857",84.6
"858",34.4
"859",23.5
"860",40.3
"861",36
"862",30.7
"863",67.1
"864",44.8
"865",46.3
"866",13.8
"867",72.9
"868",17.3
"869",43.9
"870",20.8
"871",17.3
"872",195
"873",124.7
"874",37.5
"875",36.3
"876",45.6
"877",44.9
"878",92.8
"879",46
"880",169
"881",26.5
"882",28.3
"883",63.7
"884",33.4
"885",56.9
"886",90.3
"887",92.8
"888",12.9
"889",44.4
"890",47.1
"891",59
"892",36.8
"893",30.6
"894",59.3
"895",40.8
"896",65.4
"897",37.2
"898",55.8
"899",53
"900",24.6
"901",35.1
"902",43.1
"903",137.3
"904",61.3
"905",44.7
"906",113.7
"907",44.3
"908",75.3
"909",71.1
"910",65.3
"911",17.1
"912",22.6
"913",59.4
"914",45.7
"915",41.6
"916",54.3
"917",24.6
"918",28.9
"919",70.4
"920",30.4
"921",50.9
"922",45.3
"923",58.5
"924",22.3
"925",162.4
"926",30.2
"927",30.3
"928",69.4
"929",35.8
"930",20.2
"931",25.4
"932",44.4
"933",42
"934",36.7
"935",54.7
"936",32.5
"937",54.1
"938",23.7
"939",49.2
"940",74
"941",56.7
"942",140.3
"943",28.8
"944",37.6
"945",79.6
"946",88.5
"947",38.5
"948",89.4
"949",31.1
"950",52.7
"951",60.8
"952",33.5
"953",61.1
"954",48.4
"955",24.1
"956",158.4
"957",34.8
"958",55.1
"959",20.7
"960",54.5
"961",56.5
"962",29.5
"963",18.7
"964",33.4
"965",64.4
"966",54.1
"967",46.4
"968",58.6
"969",98.5
"970",87.2
"971",59.5
"972",25.7
"973",46.9
"974",53.1
"975",28.6
"976",53.2
"977",61
"978",113.3
"979",77.7
"980",95.5
"981",51.8
"982",147.8
"983",25
"984",30.1
"985",71.8
"986",56.3
"987",88.4
"988",34.9
"989",36
"990",85.7
"991",28.3
"992",75.6
"993",46.1
"994",86.1
"995",40.5
"996",73.5
"997",33
"998",43.9
"999",54.8
"1000",51.1
"1001",16.2
"1002",36.7
"1003",34.6
"1004",55.7
"1005",21.2
"1006",45.5
"1007",59.8
"1008",44.2
"1009",59.6
"1010",30.6
"1011",44.3
"1012",41.3
"1013",32
"1014",43.1
"1015",45.9
"1016",130.5
"1017",29.9
"1018",41.6
"1019",28.3
"1020",38.8
"1021",76
"1022",24.9
"1023",66.3
"1024",97.5
"1025",87.9
"1026",20.2
"1027",65.8
"1028",81.6
"1029",19.4
"1030",37.3
"1031",86.4
"1032",42.6
"1033",63.4
"1034",23.8
"1035",28.7
"1036",35
"1037",42.5
"1038",47.4
"1039",17.9
"1040",45.8
"1041",84.4
"1042",46.4
"1043",37.7
"1044",22.1
"1045",36.5
"1046",113.2
"1047",42.1
"1048",47.3
"1049",26.4
"1050",57
"1051",53.7
"1052",20.4
"1053",23.7
"1054",61.6
"1055",47.9
"1056",20.4
"1057",152.5
"1058",26.1
"1059",59.6
"1060",14
"1061",54.5
"1062",48.4
"1063",84.3
"1064",52
"1065",76
"1066",58.9
"1067",48.8
"1068",44.2
"1069",73.7
"1070",113.7
"1071",34.5
"1072",42.6
"1073",108.6
"1074",37
"1075",22.2
"1076",32.3
"1077",73.1
"1078",55
"1079",52.1
"1080",36.4
"1081",22.5
"1082",22.3
"1083",33.5
"1084",26.2
"1085",88.8
"1086",69.7
"1087",13.5
"1088",29.5
"1089",43.7
"1090",81.5
"1091",80.3
"1092",58.9
"1093",38.6
"1094",62.7
"1095",42.8
"1096",11.4
"1097",68.7
"1098",33.7
"1099",39.7
"1100",97.3
"1101",61.5
"1102",40.1
"1103",22.1
"1104",139.5
"1105",36.4
"1106",75.1
"1107",33.2
"1108",39.2
"1109",57.9
"1110",116.6
"1111",16.7
"1112",24.4
"1113",65.1
"1114",65.1
"1115",23.4
"1116",44.6
"1117",19.6
"1118",59.2
"1119",38.5
"1120",34.6
"1121",30.7
"1122",19.8
"1123",71.8
"1124",47.2
"1125",57.8
"1126",63
"1127",16.9
"1128",14.4
"1129",49.1
"1130",29.8
"1131",30.9
"1132",26.9
"1133",34.7
"1134",34.2
"1135",95.2
"1136",24.8
"1137",19.2
"1138",20.4
"1139",46.6
"1140",44.9
"1141",44.2
"1142",56.7
"1143",41
"1144",21.3
"1145",37.1
"1146",41.8
"1147",53.3
"1148",20.4
"1149",88.3
"1150",45
"1151",48.9
"1152",33.8
"1153",14.6
"1154",79.1
"1155",59.5
"1156",42.4
"1157",83.2
"1158",93
"1159",44.7
"1160",21.3
"1161",35
"1162",84.3
"1163",44.5
"1164",69.6
"1165",56.9
"1166",32.3
"1167",85.2
"1168",34.9
"1169",28.4
"1170",77.9
"1171",57.1
"1172",18.2
"1173",29.5
"1174",149.7
"1175",33.3
"1176",25.2
"1177",183.8
"1178",97.2
"1179",32.5
"1180",48.4
"1181",111.7
"1182",37.4
"1183",57
"1184",57.2
"1185",47.5
"1186",39.1
"1187",25.5
"1188",36.5
"1189",34.1
"1190",29.4
"1191",111.1
"1192",110.4
"1193",46.7
"1194",50.2
"1195",66.4
"1196",88.8
"1197",120.1
"1198",47.8
"1199",21.1
"1200",40
"1201",32.7
"1202",40.5
"1203",31.9
"1204",62.6
"1205",25.1
"1206",50.5
"1207",38.2
"1208",64.8
"1209",40.2
"1210",27
"1211",25.6
"1212",64.2
"1213",120.6
"1214",40.2
"1215",41
"1216",27.8
"1217",72.4
"1218",38
"1219",21.4
"1220",50.3
"1221",54.4
"1222",83.1
"1223",21.6
"1224",94.9
"1225",140.9
"1226",71.5
"1227",73.1
"1228",42.6
"1229",41.6
"1230",20.1
"1231",20.5
"1232",52.3
"1233",63.9
"1234",43.1
"1235",37.6
"1236",53.7
"1237",70.1
"1238",55.4
"1239",81.5
"1240",44.1
"1241",85.2
"1242",28.5
"1243",42.7
"1244",36.3
"1245",71.6
"1246",13.8
"1247",22.2
"1248",90.7
"1249",53
"1250",116.8
"1251",50.9
"1252",60.8
"1253",218.9
"1254",37
"1255",62.2
"1256",41.4
"1257",19.6
"1258",16.8
"1259",52.6
"1260",82.8
"1261",24.9
"1262",35.5
"1263",46.9
"1264",49.4
"1265",84.5
"1266",71.4
"1267",34
"1268",20.1
"1269",19.1
"1270",45.9
"1271",20.9
"1272",49.8
"1273",41.3
"1274",23.3
"1275",36.5
"1276",52
"1277",42.5
"1278",39.7
"1279",40.2
"1280",51.9
"1281",18.5
"1282",23
"1283",23.6
"1284",70.5
"1285",22.8
"1286",28.3
"1287",46.2
"1288",38.7
"1289",119.3
"1290",94.1
"1291",33.6
"1292",83.4
"1293",139.6
"1294",23.5
"1295",28.6
"1296",31
"1297",37.4
"1298",78.2
"1299",30.7
"1300",82.7
"1301",28.8
"1302",56.7
"1303",81.4
"1304",72.2
"1305",15.3
"1306",74.1
"1307",30.3
"1308",34.7
"1309",44.9
"1310",65.8
"1311",50.3
"1312",29.5
"1313",81.1
"1314",48.9
"1315",54.6
"1316",46.7
"1317",53.5
"1318",23.7
"1319",17.9
"1320",9.9
"1321",24.3
"1322",46.8
"1323",59.8
"1324",45
"1325",29.5
"1326",56.9
"1327",20.5
"1328",30.2
"1329",54.8
"1330",63
"1331",28.7
"1332",42.5
"1333",54.5
"1334",71.9
"1335",55.2
"1336",21.4
"1337",22.8
"1338",19
"1339",68.7
"1340",36.3
"1341",40.1
"1342",22.1
"1343",25.6
"1344",32.9
"1345",30.2
"1346",25.4
"1347",35.7
"1348",41.2
"1349",83.8
"1350",71.1
"1351",26
"1352",43.6
"1353",90.9
"1354",95.8
"1355",29.3
"1356",15.7
"1357",78.5
"1358",21.7
"1359",31.2
"1360",35.1
"1361",41
"1362",32.5
"1363",20
"1364",87.3
"1365",66.5
"1366",41.2
"1367",25.3
"1368",45.1
"1369",85.3
"1370",83.4
"1371",19.8
"1372",72
"1373",71.9
"1374",37.8
"1375",51.5
"1376",83.2
"1377",44.8
"1378",64.2
"1379",38.6
"1380",118.2
"1381",30.6
"1382",38.8
"1383",43.5
"1384",57.6
"1385",36.5
"1386",32.9
"1387",23.8
"1388",19
"1389",27.3
"1390",63.5
"1391",93.5
"1392",88.2
"1393",21.1
"1394",33.3
"1395",27.7
"1396",24.9
"1397",51.5
"1398",47.2
"1399",48.5
"1400",50.9
"1401",30.5
"1402",74.4
"1403",35.9
"1404",64.3
"1405",30.5
"1406",23.3
"1407",26.1
"1408",28.5
"1409",57.5
"1410",64.8
"1411",42.1
"1412",60.9
"1413",187.4
"1414",32
"1415",36.6
"1416",13.7
"1417",62.5
"1418",27.1
"1419",75.5
"1420",23.5
"1421",40.3
"1422",28.8
"1423",25.1
"1424",39.9
"1425",20.8
"1426",52.6
"1427",28.1
"1428",99.1
"1429",47
"1430",26
"1431",83.9
"1432",58.2
"1433",23.3
"1434",78.7
"1435",32.6
"1436",39.3
"1437",41.8
"1438",16.3
"1439",25.9
"1440",21.7
"1441",41.6
"1442",22.6
"1443",13.2
"1444",18.4
"1445",58
"1446",33.1
"1447",12.7
"1448",12.2
"1449",37.4
"1450",57.5
"1451",43
"1452",38.1
"1453",32
"1454",32.2
"1455",40.6
"1456",71.1
"1457",119.3
"1458",64.1
"1459",56.7
"1460",48
"1461",42.1
"1462",34.3
"1463",41.6
"1464",20.4
"1465",18.8
"1466",38.2
"1467",60.1
"1468",33.2
"1469",77.4
"1470",30.1
"1471",38.9
"1472",41.7
"1473",52.2
"1474",28.1
"1475",12.8
"1476",56.5
"1477",33.5
"1478",36.1
"1479",48.6
"1480",22.8
"1481",98.2
"1482",62
"1483",37
"1484",20.1
"1485",136
"1486",38.9
"1487",66.1
"1488",77.2
"1489",37.5
"1490",34.9
"1491",16.2
"1492",94.6
"1493",46.4
"1494",35.6
"1495",42.9
"1496",44.2
"1497",60.8
"1498",37.9
"1499",26.3
"1500",31.8
"1501",74.4
"1502",52.9
"1503",49.9
"1504",15.1
"1505",41.6
"1506",39.2
"1507",40.4
"1508",35.7
"1509",48.2
"1510",72.8
"1511",56.2
"1512",40.5
"1513",29
"1514",66.9
"1515",107.2
"1516",16.1
"1517",25.1
"1518",27
"1519",43.6
"1520",25.1
"1521",62.2
"1522",75.6
"1523",46.7
"1524",36.8
"1525",19.1
"1526",45.4
"1527",41.3
"1528",27.7
"1529",38.8
"1530",83.9
"1531",19.4
"1532",17.2
"1533",22.7
"1534",103.2
"1535",24.7
"1536",21.8
"1537",22.4
"1538",74.3
"1539",28.3
"1540",63.7
"1541",28.6
"1542",32
"1543",18.5
"1544",30.7
"1545",107.7
"1546",19.8
"1547",39.2
"1548",33.1
"1549",115.4
"1550",50.9
"1551",38.2
"1552",53.3
"1553",34.7
"1554",61.2
"1555",28.6
"1556",100.9
"1557",31.7
"1558",18.3
"1559",29.3
"1560",24.4
"1561",24.5
"1562",66.5
"1563",37.7
"1564",30.5
"1565",46.9
"1566",22.3
"1567",29.8
"1568",52.9
"1569",53.5
"1570",24.1
"1571",61.8
"1572",40.7
"1573",26.5
"1574",187.3
"1575",48.8
"1576",76.2
"1577",69.2
"1578",27.2
"1579",53.8
"1580",47
"1581",52.8
"1582",37.1
"1583",76
"1584",64.1
"1585",21.4
"1586",21.1
"1587",66.8
"1588",38.8
"1589",40.4
"1590",25.3
"1591",90.3
"1592",29.6
"1593",87.4
"1594",36.9
"1595",69.2
"1596",19.1
"1597",37.3
"1598",76.8
"1599",55.9
"1600",69.1
"1601",31.6
"1602",19.9
"1603",121.2
"1604",50.2
"1605",50.7
"1606",81.5
"1607",37.9
"1608",41.8
"1609",74.5
"1610",45.8
"1611",43.3
"1612",20.4
"1613",66
"1614",39.2
"1615",36.7
"1616",82.9
"1617",34
"1618",76.8
"1619",36
"1620",70.7
"1621",30.6
"1622",17.8
"1623",51
"1624",34.2
"1625",154.3
"1626",17
"1627",37.4
"1628",65.3
"1629",30.8
"1630",36.7
"1631",21.9
"1632",44.9
"1633",82.6
"1634",17.6
"1635",43.4
"1636",23.4
"1637",19.5
"1638",110.4
"1639",10.5
"1640",30.5
"1641",26.7
"1642",41.2
"1643",41.4
"1644",39.4
"1645",41.4
"1646",44.4
"1647",65.1
"1648",23.2
"1649",53
"1650",90.5
"1651",122.4
"1652",70.6
"1653",61.1
"1654",54.9
"1655",101.6
"1656",73.3
"1657",46
"1658",36.6
"1659",24.1
"1660",49.1
"1661",52.7
"1662",42.3
"1663",47.2
"1664",44.3
"1665",79.3
"1666",47.6
"1667",17.8
"1668",119.3
"1669",26.2
"1670",34.4
"1671",40.5
"1672",59.6
"1673",144.9
"1674",28.5
"1675",44.5
"1676",23.4
"1677",53.5
"1678",27.1
"1679",73.1
"1680",46.3
"1681",92.8
"1682",37.4
"1683",28.9
"1684",57.7
"1685",100.8
"1686",44.3
"1687",35.1
"1688",60.5
"1689",27.2
"1690",27
"1691",21.2
"1692",30.9
"1693",29.6
"1694",67.3
"1695",55.4
"1696",69.4
"1697",41.1
"1698",30.2
"1699",39.5
"1700",28.6
"1701",54.7
"1702",62.1
"1703",40
"1704",36.5
"1705",90.6
"1706",34.8
"1707",34.5
"1708",67.3
"1709",38.7
"1710",46.6
"1711",48.9
"1712",43.1
"1713",65.8
"1714",15.2
"1715",48.6
"1716",93.2
"1717",36.7
"1718",44.9
"1719",45.7
"1720",74.1
"1721",16.9
"1722",72.7
"1723",113
"1724",22.7
"1725",59.8
"1726",31.4
"1727",38.8
"1728",31.7
"1729",95.3
"1730",43
"1731",61.8
"1732",116.1
"1733",32.4
"1734",42.7
"1735",32.3
"1736",71.8
"1737",104.2
"1738",32
"1739",48.5
"1740",99.7
"1741",28.8
"1742",45.1
"1743",65.9
"1744",14.3
"1745",48
"1746",158.7
"1747",30.7
"1748",71.9
"1749",110.1
"1750",124.9
"1751",24
"1752",20.5
"1753",88.7
"1754",73.2
"1755",48.3
"1756",44.4
"1757",35.5
"1758",21.7
"1759",132.7
"1760",71.7
"1761",86.2
"1762",35.9
"1763",51.3
"1764",35.8
"1765",58.3
"1766",43.9
"1767",35.3
"1768",34
"1769",29.7
"1770",114.4
"1771",56.9
"1772",55.8
"1773",51.9
"1774",24.4
"1775",75.1
"1776",142.4
"1777",44.9
"1778",22.9
"1779",54.8
"1780",64.4
"1781",30.3
"1782",41.4
"1783",43
"1784",30.3
"1785",50.4
"1786",32.2
"1787",95
"1788",27.9
"1789",25
"1790",101.8
"1791",45.3
"1792",145.7
"1793",64.9
"1794",45.2
"1795",168.5
"1796",90.9
"1797",19.1
"1798",62.3
"1799",31
"1800",29.2
"1801",52.5
"1802",52
"1803",57.7
"1804",92.9
"1805",59.9
"1806",31.5
"1807",34.7
"1808",21.1
"1809",45.9
"1810",49.6
"1811",56.2
"1812",75.5
"1813",87.5
"1814",19.5
"1815",105.2
"1816",34.2
"1817",24.9
"1818",30.6
"1819",36.1
"1820",53.7
"1821",32.9
"1822",90.1
"1823",52.6
"1824",73.4
"1825",65.9
"1826",15.8
"1827",38.6
"1828",23
"1829",23.6
"1830",48.5
"1831",85.8
"1832",39
"1833",64.7
"1834",23.6
"1835",37.4
"1836",22.4
"1837",133.7
"1838",17.5
"1839",262.6
"1840",37.8
"1841",56.2
"1842",28.9
"1843",50.6
"1844",26.7
"1845",36.4
"1846",21.4
"1847",46
"1848",32.9
"1849",77.4
"1850",101.9
"1851",33.6
"1852",50.8
"1853",16
"1854",24.6
"1855",79.1
"1856",25.7
"1857",40.9
"1858",71.4
"1859",26.9
"1860",84.1
"1861",90.3
"1862",30.7
"1863",33.4
"1864",25.8
"1865",59.5
"1866",35.6
"1867",76.5
"1868",28.1
"1869",66.2
"1870",74.6
"1871",28.7
"1872",20.2
"1873",51.6
"1874",21.9
"1875",43.2
"1876",73.6
"1877",101.3
"1878",61.5
"1879",43.8
"1880",61.1
"1881",129.9
"1882",27.7
"1883",71.7
"1884",28.6
"1885",46.4
"1886",22.7
"1887",14.9
"1888",107.2
"1889",49.6
"1890",59.2
"1891",64.6
"1892",100.1
"1893",38
"1894",37.9
"1895",87.8
"1896",41.2
"1897",82
"1898",63.3
"1899",39.3
"1900",33.8
"1901",90
"1902",40.7
"1903",70.5
"1904",42.3
"1905",20
"1906",25.9
"1907",40.8
"1908",18.1
"1909",33.5
"1910",16.6
"1911",32.2
"1912",43.7
"1913",41.9
"1914",85.8
"1915",25.5
"1916",69.2
"1917",105.8
"1918",36.1
"1919",56.9
"1920",31.2
"1921",22.8
"1922",118
"1923",22.4
"1924",42.8
"1925",76.2
"1926",87.6
"1927",29.8
"1928",37.7
"1929",67.8
"1930",50.4
"1931",37.2
"1932",45.2
"1933",128.7
"1934",51.8
"1935",25.3
"1936",83
"1937",24.9
"1938",29.8
"1939",65.8
"1940",114.9
"1941",52.1
"1942",56.1
"1943",46.9
"1944",31.4
"1945",34.3
"1946",30.2
"1947",77.3
"1948",22.7
"1949",35.7
"1950",48.8
"1951",56.2
"1952",40.3
"1953",30.4
"1954",62.7
"1955",31.4
"1956",69.5
"1957",45.8
"1958",43.5
"1959",111.7
"1960",25.1
"1961",50.4
"1962",46
"1963",55.2
"1964",49
"1965",52.3
"1966",33.2
"1967",103.5
"1968",65.1
"1969",25.8
"1970",31.2
"1971",63
"1972",58.3
"1973",65.9
"1974",27.8
"1975",27
"1976",32.8
"1977",27.1
"1978",28.9
"1979",23.6
"1980",75.9
"1981",35.6
"1982",106.3
"1983",29.2
"1984",54.6
"1985",46.6
"1986",28.8
"1987",55.2
"1988",35.8
"1989",32.9
"1990",60.4
"1991",62.2
"1992",60.9
"1993",35.1
"1994",9.5
"1995",38.7
"1996",62
"1997",62.9
"1998",19.4
"1999",41
"2000",66.3
"2001",80.2
"2002",28.5
"2003",113.5
"2004",57.8
"2005",64.1
"2006",51.9
"2007",12.6
"2008",39.2
"2009",49.6
"2010",21.8
"2011",41.1
"2012",61.5
"2013",38.9
"2014",17.6
"2015",37.6
"2016",25.9
"2017",41.6
"2018",46.2
"2019",29.6
"2020",32.9
"2021",27.2
"2022",52
"2023",26.6
"2024",20.8
"2025",67.3
"2026",75.1
"2027",42.6
"2028",59.7
"2029",55.4
"2030",79.7
"2031",62.8
"2032",22.9
"2033",29.4
"2034",106.1
"2035",25.3
"2036",19.8
"2037",60.6
"2038",48.8
"2039",45.4
"2040",60.4
"2041",27.7
"2042",85.3
"2043",36.1
"2044",25.4
"2045",79.6
"2046",36.9
"2047",41.1
"2048",57.3
"2049",50.3
"2050",22.4
"2051",78.3
"2052",40.6
"2053",39.8
"2054",38.1
"2055",97.8
"2056",13
"2057",73.5
"2058",193.4
"2059",86.6
"2060",49.5
"2061",56.5
"2062",29.9
"2063",44.8
"2064",35.9
"2065",39.4
"2066",103.1
"2067",33.1
"2068",35.5
"2069",31.7
"2070",78.6
"2071",57.4
"2072",58.7
"2073",46.1
"2074",28.8
"2075",66.7
"2076",20.2
"2077",35.5
"2078",22.8
"2079",40.6
"2080",72.5
"2081",19
"2082",38.8
"2083",36
"2084",55.6
"2085",23.1
"2086",130.7
"2087",34.6
"2088",29
"2089",31.2
"2090",26.3
"2091",27.8
"2092",130
"2093",27.3
"2094",67
"2095",31.7
"2096",108.1
"2097",79.4
"2098",18.9
"2099",47.7
"2100",29.1
"2101",24.8
"2102",44.3
"2103",37.4
"2104",22.8
"2105",29.8
"2106",33.6
"2107",134.3
"2108",37.3
"2109",51.2
"2110",52.3
"2111",42.3
"2112",50
"2113",114.5
"2114",36.8
"2115",18.1
"2116",40.3
"2117",77.9
"2118",20.5
"2119",29.9
"2120",19.3
"2121",45
"2122",42.2
"2123",83.9
"2124",41.5
"2125",41.1
"2126",28.7
"2127",55.4
"2128",28.1
"2129",17.6
"2130",43.8
"2131",50.5
"2132",53.7
"2133",19.8
"2134",30.4
"2135",20.1
"2136",51.9
"2137",59.2
"2138",73.6
"2139",27.5
"2140",103.5
"2141",25.2
"2142",62.3
"2143",35.1
"2144",44.1
"2145",36
"2146",40.1
"2147",60.9
"2148",36.5
"2149",82
"2150",53.2
"2151",19.5
"2152",32.9
"2153",20.5
"2154",41.5
"2155",33.2
"2156",125.1
"2157",25.3
"2158",42.2
"2159",80.5
"2160",30.9
"2161",31.4
"2162",24.4
"2163",49.2
"2164",52.9
"2165",63.1
"2166",19.6
"2167",39.7
"2168",86.7
"2169",28.5
"2170",28.6
"2171",39.4
"2172",120.9
"2173",48.4
"2174",80.8
"2175",44
"2176",15.3
"2177",12.4
"2178",89
"2179",77.4
"2180",52.6
"2181",25.6
"2182",47.9
"2183",44.5
"2184",28
"2185",31.3
"2186",56.5
"2187",46.6
"2188",58.6
"2189",17.2
"2190",22
"2191",70
"2192",26.1
"2193",54.6
"2194",22.7
"2195",71.5
"2196",25.9
"2197",79.4
"2198",62.3
"2199",49.4
"2200",12.8
"2201",18.2
"2202",26.8
"2203",65.9
"2204",37.5
"2205",78.9
"2206",63.6
"2207",33.3
"2208",39.6
"2209",32.3
"2210",46.3
"2211",42.4
"2212",55.8
"2213",45.8
"2214",56.3
"2215",48.6
"2216",37.8
"2217",56.5
"2218",35.5
"2219",49.9
"2220",38.3
"2221",54
"2222",17.8
"2223",53.8
"2224",10.7
"2225",120.3
"2226",28.7
"2227",26.4
"2228",55.7
"2229",17.5
"2230",59.9
"2231",46.1
"2232",57.1
"2233",23.4
"2234",20.9
"2235",21
"2236",20
"2237",72.5
"2238",73.1
"2239",31.1
"2240",159.3
"2241",27.3
"2242",28.2
"2243",55.2
"2244",15.4
"2245",87.3
"2246",17.8
"2247",74.2
"2248",15.4
"2249",18.9
"2250",61.9
"2251",64.5
"2252",96.4
"2253",29.1
"2254",48.5
"2255",71.2
"2256",24.9
"2257",100
"2258",47.5
"2259",43.5
"2260",56.6
"2261",66.5
"2262",40.6
"2263",38.6
"2264",78
"2265",31.3
"2266",70.5
"2267",40.1
"2268",20.1
"2269",77.6
"2270",57.2
"2271",28.3
"2272",44.1
"2273",24.1
"2274",25.1
"2275",43.3
"2276",42.2
"2277",17.2
"2278",71.1
"2279",86.9
"2280",24.5
"2281",18.2
"2282",28
"2283",43.7
"2284",40.8
"2285",83.3
"2286",32.3
"2287",46.4
"2288",38.4
"2289",59.6
"2290",40
"2291",91.1
"2292",37.3
"2293",30.8
"2294",52.8
"2295",33.5
"2296",30.2
"2297",67.3
"2298",23.9
"2299",174.9
"2300",80.9
"2301",31.1
"2302",25.1
"2303",32.9
"2304",40.6
"2305",23.9
"2306",33.7
"2307",46
"2308",29.3
"2309",42
"2310",40.1
"2311",119.3
"2312",156.8
"2313",30.6
"2314",21.2
"2315",30.9
"2316",28.9
"2317",46.6
"2318",99.9
"2319",77.7
"2320",71.7
"2321",22.4
"2322",36.5
"2323",26.8
"2324",19.3
"2325",43.7
"2326",39.4
"2327",149.3
"2328",58.2
"2329",68.6
"2330",65.8
"2331",32
"2332",73.8
"2333",45.2
"2334",67.8
"2335",47
"2336",69.8
"2337",25.3
"2338",75.1
"2339",33.3
"2340",24.9
"2341",33.1
"2342",33.1
"2343",65.8
"2344",46.5
"2345",74.8
"2346",113.9
"2347",93.4
"2348",86.8
"2349",38.7
"2350",59.1
"2351",21.1
"2352",24.6
"2353",34.5
"2354",73.7
"2355",115.9
"2356",121.7
"2357",62
"2358",57.2
"2359",31.4
"2360",38.7
"2361",47.3
"2362",27.3
"2363",34.6
"2364",70.7
"2365",45.1
"2366",52.4
"2367",71
"2368",52.7
"2369",32.6
"2370",71.2
"2371",32.7
"2372",47.2
"2373",74
"2374",15.7
"2375",51.4
"2376",45.5
"2377",36.3
"2378",93.8
"2379",32.5
"2380",22.5
"2381",34.3
"2382",25.2
"2383",20.9
"2384",31.1
"2385",30.8
"2386",31.6
"2387",26.6
"2388",107.3
"2389",36
"2390",40.9
"2391",44.9
"2392",39.4
"2393",84.8
"2394",41.4
"2395",51.8
"2396",26.9
"2397",36
"2398",12.6
"2399",40.6
"2400",34.1
"2401",176.3
"2402",17.9
"2403",27.4
"2404",61.1
"2405",71.7
"2406",45.8
"2407",25.5
"2408",25.1
"2409",39.8
"2410",31.8
"2411",42.3
"2412",26.4
"2413",30.5
"2414",41.8
"2415",85.5
"2416",25.7
"2417",86
"2418",67.7
"2419",18.3
"2420",42.5
"2421",63
"2422",39.1
"2423",77.5
"2424",52.8
"2425",31.5
"2426",45.9
"2427",74.6
"2428",156.6
"2429",60.5
"2430",49.3
"2431",63.4
"2432",19.6
"2433",40.7
"2434",41.1
"2435",55.2
"2436",20.9
"2437",147.1
"2438",143.7
"2439",26.5
"2440",53.7
"2441",45.8
"2442",44.6
"2443",88.2
"2444",35
"2445",40.1
"2446",26.3
"2447",24.4
"2448",84.9
"2449",44.1
"2450",49.1
"2451",71.6
"2452",26.1
"2453",19.4
"2454",30.2
"2455",37.1
"2456",21.9
"2457",45.1
"2458",41.6
"2459",35.9
"2460",33.3
"2461",21
"2462",68
"2463",44.6
"2464",31.1
"2465",33.6
"2466",82
"2467",46.6
"2468",69.1
"2469",23.7
"2470",25.2
"2471",92.4
"2472",138.9
"2473",33.4
"2474",26.8
"2475",39.8
"2476",57.5
"2477",21.5
"2478",34.1
"2479",144.7
"2480",57.9
"2481",35
"2482",33.2
"2483",38
"2484",33.3
"2485",53
"2486",25.2
"2487",42.4
"2488",20.2
"2489",50.6
"2490",22.1
"2491",40
"2492",30.5
"2493",41.3
"2494",51.6
"2495",31
"2496",72.2
"2497",24.3
"2498",49.3
"2499",67
"2500",40.1
"2501",65.6
"2502",64.2
"2503",44.8
"2504",57.1
"2505",29.6
"2506",25.6
"2507",42.5
"2508",32.8
"2509",35.7
"2510",81.6
"2511",23.9
"2512",64.1
"2513",54.5
"2514",60.3
"2515",57.7
"2516",65.1
"2517",50.9
"2518",59.5
"2519",32.5
"2520",40.7
"2521",36.2
"2522",14.2
"2523",49.5
"2524",75.5
"2525",54.4
"2526",30.8
"2527",52.2
"2528",28
"2529",15.9
"2530",50.4
"2531",69.4
"2532",21.7
"2533",20.9
"2534",89
"2535",136.2
"2536",63.7
"2537",94.1
"2538",58.4
"2539",31.6
"2540",72.3
"2541",25.7
"2542",54.4
"2543",48.8
"2544",24.8
"2545",22.8
"2546",46.5
"2547",73
"2548",20
"2549",67.9
"2550",25.3
"2551",60.9
"2552",32.3
"2553",51
"2554",50.9
"2555",51.1
"2556",107.2
"2557",54.2
"2558",79.6
"2559",29.9
"2560",28.2
"2561",35.6
"2562",27.8
"2563",52.4
"2564",23.4
"2565",55.3
"2566",42.8
"2567",26
"2568",30.1
"2569",84.2
"2570",39.3
"2571",73.8
"2572",22.2
"2573",124.9
"2574",34.1
"2575",18.8
"2576",85.9
"2577",63.3
"2578",54.3
"2579",78.3
"2580",31.8
"2581",32.5
"2582",45.1
"2583",69.7
"2584",56.8
"2585",115.7
"2586",19.9
"2587",42.9
"2588",65.9
"2589",52.8
"2590",71.8
"2591",207.5
"2592",26.6
"2593",49.7
"2594",74.8
"2595",17.2
"2596",50.3
"2597",80.1
"2598",23.1
"2599",55.7
"2600",47.6
"2601",38.8
"2602",31.2
"2603",71.5
"2604",82.9
"2605",27.1
"2606",79.2
"2607",46.7
"2608",35.1
"2609",22.7
"2610",70.1
"2611",21.7
"2612",137.1
"2613",41.4
"2614",33.3
"2615",14
"2616",49.8
"2617",41.9
"2618",37.9
"2619",40
"2620",69.2
"2621",56.8
"2622",42.1
"2623",44.3
"2624",46.2
"2625",66.9
"2626",46.1
"2627",24.5
"2628",33.6
"2629",47.1
"2630",68.1
"2631",61.3
"2632",36.6
"2633",13.6
"2634",30.7
"2635",37.5
"2636",15.4
"2637",37
"2638",17
"2639",51.6
"2640",32.7
"2641",79.7
"2642",38.2
"2643",63.1
"2644",54.6
"2645",93
"2646",23.7
"2647",79.9
"2648",109.1
"2649",35.5
"2650",29.1
"2651",18.3
"2652",37.7
"2653",64.8
"2654",63.8
"2655",90.9
"2656",60.2
"2657",65
"2658",31.4
"2659",34
"2660",33.9
"2661",36.7
"2662",35.4
"2663",56.3
"2664",66.3
"2665",30.7
"2666",37.9
"2667",42.1
"2668",22.4
"2669",59.3
"2670",29.6
"2671",50.2
"2672",22.7
"2673",28.9
"2674",61.2
"2675",60.8
"2676",48.9
"2677",75
"2678",125.2
"2679",35.7
"2680",27.3
"2681",35.7
"2682",65.7
"2683",25
"2684",28.2
"2685",106.9
"2686",44.6
"2687",26.2
"2688",35.8
"2689",54.4
"2690",33.8
"2691",40.2
"2692",88
"2693",46.8
"2694",16.8
"2695",28.3
"2696",29.4
"2697",40.9
"2698",21.5
"2699",65.6
"2700",92.9
"2701",22.9
"2702",71.9
"2703",39.3
"2704",66.6
"2705",69.4
"2706",63.1
"2707",53.8
"2708",51.3
"2709",67.8
"2710",25.4
"2711",21.7
"2712",43.6
"2713",160.7
"2714",39.3
"2715",25.4
"2716",49.8
"2717",34.7
"2718",47.9
"2719",55.5
"2720",58.9
"2721",117.4
"2722",17.5
"2723",21.2
"2724",28.6
"2725",21.4
"2726",68.6
"2727",51.2
"2728",52
"2729",82.6
"2730",50.7
"2731",30.4
"2732",35.3
"2733",93.5
"2734",33.2
"2735",38.1
"2736",117.1
"2737",35.7
"2738",45.2
"2739",28
"2740",56.9
"2741",39.1
"2742",110.5
"2743",62.2
"2744",71.3
"2745",55
"2746",72.3
"2747",51.5
"2748",26.1
"2749",79.3
"2750",80.1
"2751",40.4
"2752",30.9
"2753",74.5
"2754",15.6
"2755",21.9
"2756",21.2
"2757",21.1
"2758",39.2
"2759",42
"2760",41.4
"2761",42.4
"2762",77.8
"2763",28.8
"2764",51.1
"2765",53.3
"2766",82.5
"2767",23.8
"2768",39
"2769",31.5
"2770",73.3
"2771",31.3
"2772",105.3
"2773",33.7
"2774",14
"2775",44.1
"2776",78
"2777",50.9
"2778",31.9
"2779",83.7
"2780",40
"2781",45.1
"2782",66.9
"2783",80.9
"2784",55.2
"2785",33.8
"2786",23.5
"2787",50.4
"2788",54.1
"2789",49.5
"2790",72.7
"2791",25.7
"2792",110.5
"2793",59.2
"2794",73.1
"2795",45
"2796",45.8
"2797",53.7
"2798",72.5
"2799",9.8
"2800",25.5
"2801",36.8
"2802",53.3
"2803",25.9
"2804",61.8
"2805",37.8
"2806",40
"2807",24.3
"2808",72
"2809",103.8
"2810",64.5
"2811",45.1
"2812",160.7
"2813",37.5
"2814",24.2
"2815",24.8
"2816",71.3
"2817",101.6
"2818",52.8
"2819",69.1
"2820",28.2
"2821",28.5
"2822",73.1
"2823",33.8
"2824",28.2
"2825",22.6
"2826",57
"2827",30.5
"2828",94.4
"2829",25.3
"2830",59.5
"2831",107
"2832",18.1
"2833",41.6
"2834",26.5
"2835",126.1
"2836",13.9
"2837",24
"2838",37.2
"2839",62
"2840",48
"2841",38.7
"2842",76.7
"2843",128.9
"2844",44.2
"2845",27.4
"2846",73.9
"2847",91.3
"2848",73.3
"2849",55.4
"2850",70.9
"2851",47.4
"2852",50.4
"2853",22.8
"2854",94.7
"2855",44.1
"2856",123.4
"2857",23.7
"2858",52.7
"2859",43.1
"2860",49.7
"2861",162.6
"2862",42.6
"2863",21.6
"2864",147
"2865",28.2
"2866",26.5
"2867",60.2
"2868",48.1
"2869",94.7
"2870",28.1
"2871",21.8
"2872",57.3
"2873",14
"2874",31.7
"2875",42.6
"2876",42.5
"2877",54.6
"2878",28.4
"2879",94.5
"2880",60.3
"2881",74
"2882",37.2
"2883",36.1
"2884",40.2
"2885",66
"2886",28.9
"2887",47.2
"2888",97.5
"2889",52.4
"2890",41.8
"2891",28.5
"2892",37.4
"2893",39.8
"2894",73.5
"2895",43.9
"2896",89.3
"2897",17.6
"2898",55.7
"2899",111.3
"2900",27.4
"2901",34.4
"2902",65.3
"2903",21
"2904",36.1
"2905",36.3
"2906",42.4
"2907",37.4
"2908",49.4
"2909",99.1
"2910",81.3
"2911",50.2
"2912",66.8
"2913",65.8
"2914",82.2
"2915",41
"2916",46
"2917",63.7
"2918",47.2
"2919",62.5
"2920",117.7
"2921",19.5
"2922",37.4
"2923",48.9
"2924",34.7
"2925",15.9
"2926",49.9
"2927",39.3
"2928",60.9
"2929",25.5
"2930",40.3
"2931",84.4
"2932",39.6
"2933",18.7
"2934",27.1
"2935",22.5
"2936",77.3
"2937",76.8
"2938",39.7
"2939",16.3
"2940",56.2
"2941",44.1
"2942",15.8
"2943",41.7
"2944",31.9
"2945",33.9
"2946",19.9
"2947",53.3
"2948",17
"2949",66.8
"2950",29.8
"2951",68.4
"2952",39.1
"2953",48.9
"2954",18.5
"2955",75.9
"2956",29.7
"2957",33.6
"2958",22.8
"2959",76.3
"2960",54.7
"2961",33.8
"2962",51.5
"2963",152.9
"2964",80
"2965",51.2
"2966",45
"2967",50.3
"2968",92.3
"2969",48.6
"2970",42.3
"2971",71.1
"2972",31.4
"2973",38.5
"2974",18.2
"2975",15.5
"2976",22.8
"2977",28
"2978",61.3
"2979",22.6
"2980",29.3
"2981",70.6
"2982",45.8
"2983",34.2
"2984",72.8
"2985",54.7
"2986",35.2
"2987",108.6
"2988",70.7
"2989",33.8
"2990",22.4
"2991",19
"2992",37.9
"2993",28.5
"2994",31.6
"2995",31.9
"2996",33.7
"2997",23.8
"2998",65.9
"2999",48.6
"3000",23.5
"3001",33.2
"3002",66.6
"3003",51.2
"3004",28.1
"3005",45.9
"3006",36.8
"3007",19.5
"3008",88.7
"3009",30.2
"3010",21.9
"3011",74.3
"3012",52.3
"3013",51.4
"3014",30.4
"3015",76.8
"3016",73.4
"3017",57.2
"3018",42.7
"3019",23.4
"3020",109.7
"3021",62.4
"3022",56.4
"3023",37.1
"3024",27.1
"3025",58.3
"3026",17
"3027",60.9
"3028",28.3
"3029",81.5
"3030",23.4
"3031",25.8
"3032",54.9
"3033",16
"3034",48
"3035",37
"3036",30.2
"3037",12.8
"3038",20.4
"3039",25.4
"3040",48
"3041",25.4
"3042",73.9
"3043",30.7
"3044",82
"3045",19.3
"3046",68.9
"3047",16
"3048",130.2
"3049",15.4
"3050",42.3
"3051",53.3
"3052",23.5
"3053",18.6
"3054",54.8
"3055",37.5
"3056",29.1
"3057",35.1
"3058",24.5
"3059",58.5
"3060",57.7
"3061",21.1
"3062",14.6
"3063",19.2
"3064",25.4
"3065",42.1
"3066",41.9
"3067",90.8
"3068",31.8
"3069",32.3
"3070",51.4
"3071",57.2
"3072",37.6
"3073",59.2
"3074",33.3
"3075",90.2
"3076",24.3
"3077",66.8
"3078",69
"3079",61.3
"3080",85.2
"3081",55.4
"3082",23.9
"3083",41.5
"3084",27.9
"3085",36.3
"3086",63.1
"3087",62.7
"3088",22.1
"3089",18.5
"3090",47.7
"3091",52.2
"3092",15.6
"3093",39.8
"3094",35.8
"3095",64.5
"3096",55.6
"3097",32.5
"3098",80.3
"3099",19.4
"3100",29.1
"3101",58.2
"3102",57.1
"3103",91.9
"3104",60.9
"3105",32.2
"3106",49.2
"3107",38.2
"3108",36.7
"3109",79.7
"3110",25.7
"3111",49.1
"3112",36.9
"3113",82.3
"3114",38.3
"3115",30.5
"3116",55.5
"3117",24.7
"3118",49.3
"3119",32.3
"3120",43.6
"3121",67.3
"3122",64.7
"3123",25.8
"3124",55.9
"3125",29.8
"3126",50.8
"3127",69.3
"3128",87.8
"3129",30.4
"3130",55.9
"3131",85.2
"3132",57.1
"3133",36.6
"3134",63.9
"3135",69.1
"3136",38.6
"3137",58.3
"3138",65
"3139",41.9
"3140",33.7
"3141",73
"3142",29.7
"3143",33.2
"3144",89.7
"3145",59.6
"3146",28.9
"3147",25.9
"3148",86.7
"3149",69.9
"3150",48.3
"3151",79.2
"3152",45.3
"3153",33.3
"3154",55.4
"3155",33.2
"3156",33.9
"3157",47.1
"3158",149.5
"3159",27.8
"3160",97.5
"3161",30.6
"3162",101.7
"3163",22.3
"3164",75.2
"3165",96.9
"3166",65.5
"3167",82.5
"3168",82.5
"3169",43
"3170",36
"3171",102.4
"3172",48.9
"3173",20.1
"3174",44.1
"3175",19.7
"3176",69.6
"3177",33.4
"3178",68.4
"3179",61.9
"3180",80.5
"3181",51.7
"3182",54.3
"3183",53.6
"3184",59.8
"3185",76.6
"3186",30.3
"3187",28
"3188",52.1
"3189",57.3
"3190",43.5
"3191",81.8
"3192",87.8
"3193",47.9
"3194",52.1
"3195",29
"3196",25.3
"3197",31.2
"3198",34.2
"3199",38.4
"3200",46.4
"3201",43.7
"3202",32.6
"3203",68.9
"3204",34.6
"3205",82.8
"3206",65.6
"3207",37.3
"3208",49.3
"3209",98.2
"3210",42.1
"3211",64.5
"3212",21.8
"3213",77.4
"3214",59.5
"3215",16.6
"3216",16
"3217",77
"3218",47.4
"3219",22.2
"3220",41.4
"3221",46.5
"3222",73.4
"3223",19.6
"3224",72.9
"3225",55.7
"3226",40.7
"3227",35.8
"3228",29.1
"3229",26
"3230",94.2
"3231",85.9
"3232",24.5
"3233",15.8
"3234",73.4
"3235",24.9
"3236",21.4
"3237",33.1
"3238",115.3
"3239",37
"3240",61.3
"3241",74.5
"3242",38.2
"3243",57.9
"3244",27.2
"3245",60.2
"3246",75.8
"3247",21.2
"3248",81.7
"3249",31.9
"3250",28.1
"3251",47.4
"3252",36.9
"3253",55.9
"3254",62.7
"3255",69.2
"3256",28.6
"3257",98.4
"3258",74.9
"3259",58.4
"3260",27.5
"3261",36.2
"3262",40
"3263",27.5
"3264",112.1
"3265",39.3
"3266",25.1
"3267",155.5
"3268",16.5
"3269",46.6
"3270",48
"3271",45.2
"3272",25.5
"3273",61.5
"3274",35
"3275",27.8
"3276",36.5
"3277",96.9
"3278",24
"3279",66.9
"3280",73.2
"3281",18.8
"3282",23
"3283",41.2
"3284",38.9
"3285",30.8
"3286",46
"3287",65.1
"3288",75.2
"3289",38.9
"3290",38.7
"3291",64.5
"3292",110.2
"3293",50.4
"3294",61
"3295",40.1
"3296",22.9
"3297",31.1
"3298",38.8
"3299",76.3
"3300",37.1
"3301",165.6
"3302",102.2
"3303",42.3
"3304",30.7
"3305",29.7
"3306",43.5
"3307",29.7
"3308",30
"3309",45.4
"3310",105.5
"3311",55
"3312",9.6
"3313",62.6
"3314",58.4
"3315",18.9
"3316",127
"3317",23.7
"3318",25.2
"3319",90
"3320",43.4
"3321",18
"3322",42.1
"3323",38.4
"3324",56.4
"3325",18.3
"3326",44.9
"3327",27.8
"3328",98.7
"3329",41.8
"3330",25.2
"3331",70.5
"3332",35.3
"3333",61
"3334",140.1
"3335",35.8
"3336",19
"3337",26.8
"3338",17
"3339",56.8
"3340",65.9
"3341",23.6
"3342",35.1
"3343",142.2
"3344",17.2
"3345",36.4
"3346",53.7
"3347",36.7
"3348",24.1
"3349",24.4
"3350",50.1
"3351",70.2
"3352",70
"3353",106.7
"3354",49.1
"3355",30.5
"3356",42.3
"3357",35.7
"3358",35.9
"3359",34.5
"3360",16.2
"3361",124.5
"3362",36.5
"3363",44.6
"3364",55.4
"3365",24.2
"3366",130.4
"3367",44.7
"3368",35.7
"3369",25
"3370",48.6
"3371",32.1
"3372",66.6
"3373",53.7
"3374",31.2
"3375",43.4
"3376",76.8
"3377",18.7
"3378",36.7
"3379",51.7
"3380",41
"3381",43.2
"3382",52.4
"3383",43.7
"3384",38.8
"3385",51.9
"3386",22.8
"3387",27.8
"3388",40
"3389",37
"3390",23.9
"3391",49.9
"3392",45.5
"3393",40.8
"3394",51.3
"3395",101.6
"3396",68.6
"3397",50.8
"3398",33.8
"3399",36.2
"3400",24.6
"3401",96.1
"3402",37.2
"3403",49.9
"3404",23.1
"3405",80.2
"3406",90.4
"3407",66.8
"3408",35.4
"3409",29.4
"3410",17.1
"3411",41.4
"3412",63.2
"3413",133.6
"3414",33
"3415",37.6
"3416",107.4
"3417",25.9
"3418",51.7
"3419",77.8
"3420",28.1
"3421",23
"3422",81.4
"3423",45.8
"3424",25.3
"3425",40.7
"3426",51.9
"3427",34.7
"3428",25.8
"3429",39.3
"3430",39.5
"3431",37.3
"3432",92
"3433",35.6
"3434",52
"3435",36.6
"3436",62.6
"3437",48.9
"3438",61.8
"3439",31.1
"3440",40.4
"3441",26
"3442",48.1
"3443",83.3
"3444",82.7
"3445",109.9
"3446",91
"3447",35.9
"3448",36.5
"3449",40
"3450",80.4
"3451",42.3
"3452",62.7
"3453",19.8
"3454",51.7
"3455",41.1
"3456",24.8
"3457",20.8
"3458",42.4
"3459",70
"3460",35
"3461",18.5
"3462",58.6
"3463",46.5
"3464",57.2
"3465",80.9
"3466",75.4
"3467",65.7
"3468",75.6
"3469",30.3
"3470",37.9
"3471",11.7
"3472",38
"3473",18.4
"3474",64.1
"3475",46.9
"3476",48.3
"3477",125.4
"3478",112.5
"3479",81.6
"3480",70.6
"3481",29.8
"3482",18.8
"3483",35.9
"3484",46
"3485",44.8
"3486",57.6
"3487",28.8
"3488",87.6
"3489",18.4
"3490",17.7
"3491",62.2
"3492",27.3
"3493",52.5
"3494",28.4
"3495",77.6
"3496",86.8
"3497",36.6
"3498",204.3
"3499",32.6
"3500",67.4
"3501",30.5
"3502",52.9
"3503",56.8
"3504",28.3
"3505",50.6
"3506",30.6
"3507",49.9
"3508",32.5
"3509",69.3
"3510",36.5
"3511",92.8
"3512",34.6
"3513",39.6
"3514",46.8
"3515",104.7
"3516",24.2
"3517",101
"3518",72.5
"3519",53.5
"3520",28.3
"3521",76.6
"3522",71
"3523",53.8
"3524",47.9
"3525",35.3
"3526",20.7
"3527",35.8
"3528",25.2
"3529",38.4
"3530",76.1
"3531",27.4
"3532",39.7
"3533",40.7
"3534",46.1
"3535",100.8
"3536",52
"3537",154.1
"3538",45.3
"3539",90.1
"3540",61.9
"3541",31.9
"3542",44.5
"3543",58.6
"3544",34
"3545",41.7
"3546",32.7
"3547",54
"3548",62.2
"3549",64.2
"3550",72.7
"3551",15.4
"3552",25.9
"3553",26.7
"3554",27.6
"3555",34.7
"3556",63.4
"3557",24.5
"3558",57.5
"3559",27.7
"3560",22.8
"3561",60.4
"3562",32.6
"3563",40.9
"3564",32
"3565",101.5
"3566",92.3
"3567",23.2
"3568",32.2
"3569",27.5
"3570",20.1
"3571",56.4
"3572",104.7
"3573",66.7
"3574",35.9
"3575",29.7
"3576",73.1
"3577",32.4
"3578",31.2
"3579",39.3
"3580",70.7
"3581",155.1
"3582",35.3
"3583",45.7
"3584",21.2
"3585",96.7
"3586",111.9
"3587",24.7
"3588",23.8
"3589",11.7
"3590",67.9
"3591",72.8
"3592",35.7
"3593",39.7
"3594",58
"3595",56.9
"3596",32.1
"3597",12.5
"3598",20.7
"3599",78.1
"3600",31.8
"3601",36.7
"3602",43.3
"3603",31.4
"3604",103.7
"3605",26.4
"3606",29
"3607",50.5
"3608",24.4
"3609",37.5
"3610",64.4
"3611",89.6
"3612",69.6
"3613",67.5
"3614",38.2
"3615",29.3
"3616",43.1
"3617",53.3
"3618",22.9
"3619",61.1
"3620",28.7
"3621",41.2
"3622",13.2
"3623",28.4
"3624",42.4
"3625",55.5
"3626",33.7
"3627",50.8
"3628",56.1
"3629",75
"3630",23.4
"3631",40.9
"3632",111.8
"3633",22
"3634",40.5
"3635",21.8
"3636",71.7
"3637",73
"3638",69.6
"3639",58.6
"3640",34.4
"3641",26.9
"3642",53.1
"3643",21.9
"3644",16.6
"3645",61.5
"3646",47.8
"3647",32
"3648",15.5
"3649",61.1
"3650",93.4
"3651",19.1
"3652",58.8
"3653",35
"3654",33.5
"3655",30.8
"3656",29.9
"3657",20.6
"3658",62.9
"3659",24.8
"3660",34.9
"3661",42.5
"3662",36.8
"3663",47.1
"3664",74.3
"3665",20.5
"3666",67.3
"3667",30.8
"3668",49.5
"3669",51.5
"3670",68.2
"3671",59.7
"3672",54.4
"3673",32.8
"3674",44.8
"3675",39.8
"3676",61.9
"3677",47.4
"3678",42.6
"3679",32.5
"3680",51.7
"3681",38.7
"3682",43.8
"3683",33.3
"3684",45.9
"3685",88.4
"3686",49
"3687",19.7
"3688",46.8
"3689",46.5
"3690",27.1
"3691",33.6
"3692",46.8
"3693",22.3
"3694",69.8
"3695",73.9
"3696",40.1
"3697",96.3
"3698",82
"3699",51.8
"3700",59.4
"3701",37.3
"3702",48.8
"3703",32.4
"3704",66.7
"3705",59.2
"3706",104.7
"3707",31.4
"3708",56.2
"3709",61.5
"3710",54.6
"3711",72.2
"3712",44.6
"3713",54.5
"3714",48.1
"3715",37.6
"3716",35.7
"3717",32
"3718",40.7
"3719",53.8
"3720",21.3
"3721",68
"3722",27.6
"3723",31.7
"3724",103.9
"3725",156
"3726",34.4
"3727",22.8
"3728",42.7
"3729",46.4
"3730",90.2
"3731",37.3
"3732",70.6
"3733",30.1
"3734",55.7
"3735",38.9
"3736",73.6
"3737",71.4
"3738",13.7
"3739",33.3
"3740",28.9
"3741",40.4
"3742",33
"3743",71.4
"3744",55.3
"3745",63.9
"3746",53.4
"3747",45.1
"3748",65.3
"3749",55
"3750",30.1
"3751",55.6
"3752",43.1
"3753",75.8
"3754",52.2
"3755",38.4
"3756",62
"3757",19.5
"3758",81.5
"3759",47.2
"3760",33.1
"3761",62.8
"3762",96.6
"3763",22.4
"3764",77.6
"3765",53.2
"3766",37.7
"3767",45.4
"3768",24.3
"3769",105
"3770",48.9
"3771",45.8
"3772",46.5
"3773",28.6
"3774",38.8
"3775",30.7
"3776",39.9
"3777",61.1
"3778",28.5
"3779",99.5
"3780",27.6
"3781",32.1
"3782",26.1
"3783",54.1
"3784",61.8
"3785",26.6
"3786",44
"3787",61
"3788",58.1
"3789",22.5
"3790",27.9
"3791",33.8
"3792",75.6
"3793",123.3
"3794",19.9
"3795",76.1
"3796",20.8
"3797",83.5
"3798",39.3
"3799",40.3
"3800",38.2
"3801",148.6
"3802",54.1
"3803",77.9
"3804",51.6
"3805",29
"3806",39.6
"3807",61.1
"3808",45.9
"3809",49.3
"3810",21.9
"3811",18
"3812",17.8
"3813",18.8
"3814",56.9
"3815",44.4
"3816",77
"3817",33.5
"3818",32.6
"3819",62.5
"3820",49.6
"3821",99
"3822",41.9
"3823",104.2
"3824",82.8
"3825",76.1
"3826",26.5
"3827",99.6
"3828",31
"3829",89
"3830",27.7
"3831",54.6
"3832",33.6
"3833",109.9
"3834",60.4
"3835",45.3
"3836",75.8
"3837",88.1
"3838",48.7
"3839",84.6
"3840",47.3
"3841",38.7
"3842",33.5
"3843",32
"3844",83.1
"3845",43.7
"3846",74.2
"3847",34.4
"3848",15.7
"3849",77.7
"3850",39.8
"3851",19
"3852",27.1
"3853",30.2
"3854",26.6
"3855",68.7
"3856",52.2
"3857",64.2
"3858",108.3
"3859",97.4
"3860",87.6
"3861",82.3
"3862",40.8
"3863",46.2
"3864",51.1
"3865",25.9
"3866",38.9
"3867",50.3
"3868",33.7
"3869",60.8
"3870",58.5
"3871",61
"3872",15.8
"3873",89.8
"3874",93.4
"3875",26.1
"3876",36.3
"3877",45
"3878",90.5
"3879",29.9
"3880",50.4
"3881",69.7
"3882",148.5
"3883",35.5
"3884",49.8
"3885",28.5
"3886",99.4
"3887",81.8
"3888",79.2
"3889",64
"3890",56.9
"3891",24.1
"3892",102.1
"3893",62.6
"3894",16.7
"3895",112.2
"3896",101.5
"3897",30.1
"3898",35.4
"3899",44
"3900",34.7
"3901",51
"3902",100
"3903",36
"3904",52.1
"3905",19.9
"3906",35.8
"3907",97.1
"3908",48.1
"3909",37.2
"3910",50.7
"3911",56.3
"3912",36.9
"3913",117.2
"3914",27.4
"3915",27.8
"3916",87.4
"3917",30
"3918",52.3
"3919",18.4
"3920",108.8
"3921",90.5
"3922",42.5
"3923",102.4
"3924",151.7
"3925",67.4
"3926",58.1
"3927",31
"3928",28
"3929",138.7
"3930",81.8
"3931",24.1
"3932",100.7
"3933",87.7
"3934",24.5
"3935",118.7
"3936",40.3
"3937",62.4
"3938",48.3
"3939",64.6
"3940",118.4
"3941",97.7
"3942",189.9
"3943",94.7
"3944",13.9
"3945",41.2
"3946",81.7
"3947",20
"3948",67
"3949",36.7
"3950",78.2
"3951",19.6
"3952",24.9
"3953",79.1
"3954",48.5
"3955",54.2
"3956",74.7
"3957",41.4
"3958",54.1
"3959",55.4
"3960",63.2
"3961",62.2
"3962",39.4
"3963",22.7
"3964",54
"3965",30.8
"3966",37.3
"3967",27.1
"3968",40.3
"3969",46.4
"3970",48.4
"3971",38.8
"3972",49.5
"3973",46.3
"3974",32.4
"3975",130.1
"3976",42.3
"3977",85.5
"3978",52.8
"3979",31.4
"3980",44.9
"3981",32.9
"3982",43.1
"3983",72.3
"3984",71.7
"3985",41.6
"3986",58.5
"3987",22
"3988",14.4
"3989",120
"3990",11.6
"3991",33.9
"3992",76.8
"3993",25.2
"3994",80.7
"3995",35.4
"3996",21
"3997",32.8
"3998",58.5
"3999",85.7
"4000",55.8
"4001",54.7
"4002",21.5
"4003",38.8
"4004",41.5
"4005",50.1
"4006",36.1
"4007",27.2
"4008",30.8
"4009",66.8
"4010",98.6
"4011",13.1
"4012",43.4
"4013",116.7
"4014",38.1
"4015",65.3
"4016",34.2
"4017",129.4
"4018",50.5
"4019",20.5
"4020",87.1
"4021",55.8
"4022",17.2
"4023",31.1
"4024",80.3
"4025",70
"4026",13.1
"4027",31.2
"4028",48.7
"4029",47.5
"4030",30.9
"4031",27.7
"4032",47.6
"4033",53.8
"4034",49.8
"4035",47
"4036",24.5
"4037",55.9
"4038",62.3
"4039",43.1
"4040",47.9
"4041",42.7
"4042",77.4
"4043",48.4
"4044",50.3
"4045",30.9
"4046",73.9
"4047",33.6
"4048",64
"4049",54.2
"4050",67.4
"4051",49
"4052",47.7
"4053",31.5
"4054",37
"4055",39.6
"4056",112
"4057",45.7
"4058",18.2
"4059",92.6
"4060",36.8
"4061",57.3
"4062",32.6
"4063",48.1
"4064",20.8
"4065",77
"4066",22.1
"4067",54.2
"4068",75
"4069",63.6
"4070",52.1
"4071",52.6
"4072",66.5
"4073",29.7
"4074",51.9
"4075",60.8
"4076",94
"4077",20.7
"4078",39.2
"4079",41.8
"4080",71.2
"4081",87.2
"4082",31.3
"4083",96.8
"4084",49.8
"4085",21.3
"4086",120.1
"4087",57.1
"4088",28.6
"4089",16.6
"4090",39.1
"4091",110.1
"4092",50.4
"4093",34.3
"4094",27
"4095",26.1
"4096",76.8
"4097",17
"4098",64.9
"4099",35.2
"4100",30.6
"4101",64.8
"4102",35.1
"4103",38.8
"4104",41.6
"4105",44.8
"4106",70.6
"4107",24.7
"4108",75.7
"4109",31.4
"4110",83.6
"4111",83.3
"4112",41.6
"4113",40.2
"4114",29.6
"4115",50.2
"4116",33.9
"4117",54.7
"4118",116.5
"4119",79.9
"4120",29.4
"4121",29.1
"4122",50.5
"4123",40.7
"4124",48.9
"4125",88.1
"4126",73.5
"4127",142.6
"4128",35.1
"4129",28.7
"4130",43.6
"4131",104.8
"4132",70.5
"4133",32.5
"4134",40.9
"4135",22.7
"4136",81.2
"4137",74.4
"4138",101.8
"4139",24.8
"4140",55.8
"4141",24
"4142",70.2
"4143",43
"4144",64.7
"4145",22
"4146",39.9
"4147",47.5
"4148",42.5
"4149",41.2
"4150",44.7
"4151",50.6
"4152",35.4
"4153",50
"4154",100.7
"4155",78.2
"4156",48.3
"4157",54.9
"4158",114.8
"4159",28.2
"4160",51.1
"4161",25
"4162",48.8
"4163",72.8
"4164",33.3
"4165",47
"4166",40.4
"4167",36.3
"4168",32.5
"4169",53.5
"4170",34.7
"4171",27
"4172",60.5
"4173",27.5
"4174",70.5
"4175",21.6
"4176",64.1
"4177",52.8
"4178",48.6
"4179",38.9
"4180",87.1
"4181",88
"4182",21.9
"4183",61.9
"4184",69.1
"4185",15.2
"4186",32
"4187",23
"4188",30.8
"4189",49.4
"4190",65.2
"4191",11.7
"4192",37.6
"4193",55.3
"4194",30.8
"4195",35.2
"4196",33.5
"4197",38.7
"4198",34.2
"4199",36.4
"4200",27
"4201",74.6
"4202",33.9
"4203",52
"4204",18.3
"4205",53.7
"4206",74.5
"4207",41.7
"4208",36.2
"4209",19
"4210",22
"4211",83.6
"4212",41
"4213",32.5
"4214",24.7
"4215",55.7
"4216",77.4
"4217",78.1
"4218",54.7
"4219",49.4
"4220",59.5
"4221",74.7
"4222",28.2
"4223",23.9
"4224",38.8
"4225",41.3
"4226",73.8
"4227",23.8
"4228",21
"4229",33.4
"4230",69.3
"4231",21.5
"4232",25.2
"4233",62.1
"4234",104.5
"4235",13.2
"4236",57.4
"4237",17.1
"4238",51.9
"4239",53.5
"4240",16
"4241",57.1
"4242",51
"4243",33
"4244",109.1
"4245",55.3
"4246",31.7
"4247",54.5
"4248",72.4
"4249",54.8
"4250",59.2
"4251",50.4
"4252",50.3
"4253",45.7
"4254",156.1
"4255",34.6
"4256",39.3
"4257",25.5
"4258",35.8
"4259",59.4
"4260",19.3
"4261",27.2
"4262",62.5
"4263",79.5
"4264",67.5
"4265",38.9
"4266",30.7
"4267",57
"4268",59.5
"4269",49.9
"4270",39.8
"4271",103.3
"4272",56.4
"4273",42.2
"4274",62.3
"4275",38.4
"4276",72.8
"4277",54.1
"4278",35
"4279",43.9
"4280",32.1
"4281",68.2
"4282",26.3
"4283",41.9
"4284",14
"4285",151.3
"4286",24
"4287",60.8
"4288",48.4
"4289",31.4
"4290",86.7
"4291",82
"4292",63.4
"4293",29.9
"4294",36.6
"4295",27.1
"4296",61.4
"4297",36.7
"4298",78.1
"4299",44.8
"4300",72.1
"4301",58.2
"4302",43.8
"4303",94.8
"4304",33.5
"4305",24.2
"4306",34.8
"4307",33.1
"4308",27.6
"4309",19.1
"4310",22.7
"4311",25.1
"4312",15.4
"4313",68.8
"4314",71.6
"4315",28
"4316",13.8
"4317",50.9
"4318",72
"4319",46.1
"4320",26.7
"4321",61.1
"4322",58.2
"4323",29.6
"4324",66.3
"4325",32.2
"4326",38.2
"4327",64.9
"4328",49.3
"4329",25.6
"4330",20.8
"4331",73.8
"4332",28.8
"4333",51.3
"4334",23.9
"4335",21.5
"4336",35.9
"4337",45.6
"4338",38.9
"4339",66.5
"4340",37.1
"4341",33.8
"4342",11.4
"4343",66.2
"4344",13.3
"4345",45.9
"4346",52.7
"4347",67
"4348",71.9
"4349",64.8
"4350",36.9
"4351",26.5
"4352",57.4
"4353",24.4
"4354",32.5
"4355",35.7
"4356",37
"4357",40.2
"4358",50
"4359",44.3
"4360",51.4
"4361",59.8
"4362",30.5
"4363",48
"4364",22.5
"4365",73.7
"4366",61.3
"4367",27.2
"4368",33.8
"4369",33.4
"4370",45.3
"4371",36.4
"4372",50.9
"4373",15.7
"4374",22.5
"4375",29.6
"4376",46.7
"4377",37.2
"4378",28
"4379",50
"4380",76.7
"4381",38.5
"4382",48.8
"4383",16.9
"4384",19.3
"4385",58.6
"4386",21.7
"4387",44.4
"4388",24.2
"4389",31.6
"4390",57.3
"4391",58.9
"4392",58.7
"4393",59.4
"4394",48.2
"4395",49
"4396",152
"4397",59.2
"4398",35.6
"4399",61.2
"4400",26.5
"4401",106.5
"4402",63.7
"4403",50.3
"4404",106.6
"4405",34.4
"4406",22.1
"4407",20.7
"4408",28.7
"4409",72.8
"4410",20.7
"4411",114.6
"4412",32.4
"4413",32.6
"4414",47.9
"4415",18.8
"4416",51.4
"4417",47.5
"4418",60.9
"4419",48.3
"4420",33.5
"4421",90.8
"4422",48.4
"4423",63.2
"4424",30.3
"4425",20.8
"4426",30.4
"4427",27.3
"4428",61.8
"4429",32.9
"4430",38.1
"4431",57.3
"4432",34.1
"4433",35
"4434",53.4
"4435",26.3
"4436",50.3
"4437",103
"4438",17.9
"4439",55
"4440",45.9
"4441",58.9
"4442",44.9
"4443",31.6
"4444",28.6
"4445",16.4
"4446",53.6
"4447",65.1
"4448",16.2
"4449",35.7
"4450",40.4
"4451",29.5
"4452",78.6
"4453",81
"4454",73.8
"4455",66.4
"4456",62.1
"4457",55.1
"4458",105.8
"4459",29
"4460",85.5
"4461",34.8
"4462",78.6
"4463",22.1
"4464",18
"4465",23.4
"4466",64.9
"4467",30.6
"4468",19.9
"4469",36.6
"4470",52.3
"4471",80.8
"4472",34.3
"4473",150.5
"4474",45
"4475",17.6
"4476",59.5
"4477",12.8
"4478",46.8
"4479",49.4
"4480",62
"4481",34.1
"4482",15.1
"4483",20.7
"4484",25.5
"4485",23.7
"4486",47.3
"4487",51
"4488",14.6
"4489",29.5
"4490",96.5
"4491",59.3
"4492",63
"4493",66.6
"4494",23
"4495",59.9
"4496",24.8
"4497",31.5
"4498",29.8
"4499",27.5
"4500",39.5
"4501",42.4
"4502",69
"4503",31.4
"4504",37.5
"4505",29.3
"4506",105.1
"4507",28.7
"4508",33.2
"4509",77.2
"4510",107.2
"4511",29.1
"4512",28.8
"4513",22.2
"4514",27
"4515",26.4
"4516",32.8
"4517",16.4
"4518",30.7
"4519",39
"4520",51.1
"4521",48.2
"4522",88.6
"4523",60.5
"4524",38.2
"4525",62.7
"4526",20.1
"4527",44.8
"4528",53.7
"4529",68.2
"4530",44.6
"4531",28.2
"4532",60.3
"4533",55.7
"4534",36.2
"4535",26.9
"4536",59.6
"4537",48.7
"4538",34.5
"4539",22.5
"4540",37.3
"4541",53.4
"4542",42.7
"4543",19.2
"4544",113.3
"4545",14.2
"4546",51.4
"4547",123.7
"4548",140.9
"4549",51
"4550",41.4
"4551",23.8
"4552",173
"4553",64.1
"4554",18.9
"4555",123.9
"4556",71.5
"4557",41.6
"4558",35.5
"4559",34.8
"4560",91.3
"4561",88.5
"4562",50.1
"4563",28.4
"4564",42.5
"4565",52.7
"4566",58.7
"4567",26.6
"4568",43.1
"4569",67.1
"4570",29
"4571",51.6
"4572",55.3
"4573",31.2
"4574",34.4
"4575",44
"4576",106.9
"4577",62.4
"4578",84.2
"4579",51.8
"4580",21.4
"4581",31
"4582",45.2
"4583",21.3
"4584",59.3
"4585",53.1
"4586",45.3
"4587",53.3
"4588",26.8
"4589",38.1
"4590",47.1
"4591",45
"4592",23.8
"4593",25.3
"4594",295.8
"4595",55.9
"4596",25.7
"4597",83.8
"4598",56.6
"4599",129.8
"4600",69.5
"4601",17.4
"4602",18.2
"4603",50.2
"4604",39.3
"4605",46.8
"4606",64.2
"4607",42
"4608",21.6
"4609",50.5
"4610",37.9
"4611",35.7
"4612",40.7
"4613",41.7
"4614",52
"4615",48.3
"4616",39.9
"4617",26.2
"4618",33.7
"4619",36
"4620",37.6
"4621",20
"4622",37.4
"4623",67.5
"4624",48.8
"4625",33.8
"4626",116
"4627",28.6
"4628",45.9
"4629",25.5
"4630",56.4
"4631",29.2
"4632",67.7
"4633",33.4
"4634",38.1
"4635",58.2
"4636",101.2
"4637",77.6
"4638",34.3
"4639",31.2
"4640",35.2
"4641",43.1
"4642",47.9
"4643",61.9
"4644",73
"4645",15.6
"4646",65
"4647",17.4
"4648",96.7
"4649",48.1
"4650",43.9
"4651",106.8
"4652",51.4
"4653",141.3
"4654",48.1
"4655",92.8
"4656",41
"4657",36
"4658",25.9
"4659",73
"4660",28.2
"4661",131.9
"4662",40.9
"4663",29.2
"4664",39.8
"4665",62.9
"4666",27
"4667",73.4
"4668",64.9
"4669",178.9
"4670",46.6
"4671",71.8
"4672",39.5
"4673",41
"4674",26.1
"4675",30.3
"4676",53.2
"4677",19.6
"4678",39.7
"4679",27.6
"4680",37.6
"4681",24.1
"4682",81.3
"4683",31.1
"4684",44.1
"4685",23
"4686",49.2
"4687",27.9
"4688",48
"4689",27.8
"4690",98.8
"4691",36.7
"4692",101.1
"4693",136.4
"4694",81.5
"4695",35.5
"4696",26.9
"4697",202.2
"4698",60.5
"4699",40.5
"4700",40.4
"4701",39.4
"4702",38.2
"4703",60.2
"4704",36.9
"4705",46.6
"4706",82.4
"4707",35
"4708",64.4
"4709",104.1
"4710",32.1
"4711",61
"4712",34.2
"4713",16.3
"4714",64.2
"4715",24.9
"4716",46.9
"4717",86.8
"4718",28
"4719",19.6
"4720",60.5
"4721",16.7
"4722",72.4
"4723",21.9
"4724",41.1
"4725",77.8
"4726",42.6
"4727",35
"4728",24.9
"4729",38.7
"4730",60.6
"4731",17
"4732",61.4
"4733",36.7
"4734",29.4
"4735",27.4
"4736",21.8
"4737",19.7
"4738",61.7
"4739",68.1
"4740",38.4
"4741",32.1
"4742",64.6
"4743",27.2
"4744",31.5
"4745",42.5
"4746",74.2
"4747",62.5
"4748",98.7
"4749",44.4
"4750",81.1
"4751",36.8
"4752",25.5
"4753",42
"4754",26.2
"4755",55.6
"4756",30.7
"4757",35.9
"4758",42.5
"4759",54.6
"4760",53.3
"4761",27.4
"4762",66.1
"4763",30.2
"4764",41.3
"4765",46.3
"4766",34.9
"4767",51.5
"4768",70
"4769",63.7
"4770",62.6
"4771",85.3
"4772",34.3
"4773",56.3
"4774",55.8
"4775",31.9
"4776",104.5
"4777",16.3
"4778",71.3
"4779",69.3
"4780",38.4
"4781",55.3
"4782",114.9
"4783",45.6
"4784",47.5
"4785",56.8
"4786",82.4
"4787",47.5
"4788",100.3
"4789",39.7
"4790",102.8
"4791",89
"4792",54.1
"4793",26.7
"4794",30.3
"4795",43.9
"4796",40.4
"4797",61.6
"4798",81.6
"4799",47.1
"4800",26.7
"4801",70.5
"4802",35.5
"4803",94.5
"4804",141.6
"4805",50.3
"4806",36.9
"4807",112.5
"4808",18.3
"4809",90.6
"4810",24.5
"4811",71.3
"4812",84
"4813",54.8
"4814",24.6
"4815",32.1
"4816",15.1
"4817",30.3
"4818",23.8
"4819",16.7
"4820",47.4
"4821",31.7
"4822",77
"4823",17.6
"4824",41.5
"4825",36.2
"4826",17.9
"4827",32.9
"4828",33.5
"4829",99.1
"4830",86.2
"4831",160.8
"4832",40.9
"4833",75.3
"4834",33.5
"4835",40.9
"4836",27.8
"4837",41.2
"4838",30.5
"4839",25
"4840",45.8
"4841",33.7
"4842",14.9
"4843",15.3
"4844",36.3
"4845",33.7
"4846",27.3
"4847",55.5
"4848",15.7
"4849",41.7
"4850",97.6
"4851",34.9
"4852",21.3
"4853",42.1
"4854",24.8
"4855",68.3
"4856",37.6
"4857",42.3
"4858",41.3
"4859",36.8
"4860",166.7
"4861",12.8
"4862",27
"4863",103.7
"4864",20.4
"4865",60.9
"4866",18.7
"4867",29.1
"4868",44.7
"4869",109.5
"4870",53.4
"4871",21.8
"4872",92.9
"4873",70.6
"4874",23.7
"4875",32.4
"4876",39
"4877",39.8
"4878",33.4
"4879",44.6
"4880",66.5
"4881",46.9
"4882",84.8
"4883",63.9
"4884",67.5
"4885",21.8
"4886",26.9
"4887",29.7
"4888",25.6
"4889",48.4
"4890",38.6
"4891",52
"4892",55.5
"4893",27.7
"4894",38.8
"4895",127.9
"4896",39.9
"4897",113.6
"4898",61.2
"4899",33.2
"4900",49.8
"4901",28.9
"4902",76.5
"4903",18.8
"4904",24.8
"4905",23.5
"4906",49.7
"4907",115.3
"4908",23.7
"4909",88.7
"4910",29.5
"4911",35.5
"4912",15.8
"4913",51.3
"4914",37.6
"4915",30.9
"4916",36.8
"4917",80.8
"4918",34.1
"4919",64.3
"4920",75.6
"4921",29.4
"4922",22.6
"4923",16.9
"4924",75.2
"4925",111.2
"4926",66.8
"4927",87.3
"4928",43.4
"4929",63
"4930",23.7
"4931",41.1
"4932",65.4
"4933",77.4
"4934",47.4
"4935",84.9
"4936",16.8
"4937",21.7
"4938",71.4
"4939",52.5
"4940",56.5
"4941",34.7
"4942",23.7
"4943",30.8
"4944",63.6
"4945",38.3
"4946",54.1
"4947",31.4
"4948",31.3
"4949",22
"4950",19.5
"4951",54.1
"4952",127.4
"4953",35.6
"4954",35.2
"4955",22.2
"4956",63.8
"4957",27.6
"4958",27.9
"4959",140.9
"4960",30.5
"4961",110.4
"4962",35.7
"4963",35.3
"4964",93.7
"4965",21
"4966",71.6
"4967",21
"4968",15.5
"4969",12.3
"4970",15.5
"4971",67.8
"4972",106.7
"4973",82.1
"4974",59
"4975",45.8
"4976",39.9
"4977",23.6
"4978",114.6
"4979",28
"4980",61.2
"4981",40.8
"4982",33.3
"4983",59.7
"4984",39.4
"4985",34.5
"4986",63.2
"4987",36.4
"4988",24.6
"4989",22.4
"4990",66.4
"4991",58.9
"4992",32.9
"4993",35.1
"4994",86.6
"4995",49.7
"4996",33.8
"4997",50.9
"4998",34.9
"4999",42.5
"5000",48.2
"5001",49.9
"5002",45.8
"5003",47.5
"5004",30.8
"5005",30.8
"5006",18.3
"5007",231.9
"5008",52.7
"5009",65.1
"5010",64.2
"5011",41
"5012",37.1
"5013",41.2
"5014",23.8
"5015",36.1
"5016",39.7
"5017",30.2
"5018",61.4
"5019",40.7
"5020",89.7
"5021",113.6
"5022",133.1
"5023",27.9
"5024",26.7
"5025",64.6
"5026",82.3
"5027",25.5
"5028",21.9
"5029",43.4
"5030",70.2
"5031",74.2
"5032",49.3
"5033",97.7
"5034",80.6
"5035",56.6
"5036",42.8
"5037",48.6
"5038",75.1
"5039",80.7
"5040",59.7
"5041",32.5
"5042",23.4
"5043",41
"5044",34.6
"5045",62
"5046",27.1
"5047",61.2
"5048",19.4
"5049",52
"5050",32.9
"5051",27
"5052",88
"5053",34.8
"5054",61
"5055",26.9
"5056",47.8
"5057",105.3
"5058",21.7
"5059",48
"5060",45.1
"5061",36.3
"5062",29.9
"5063",42.6
"5064",43.6
"5065",24.4
"5066",104
"5067",42.6
"5068",35.4
"5069",31.6
"5070",31.3
"5071",109.4
"5072",134.5
"5073",41.6
"5074",40.2
"5075",63.9
"5076",85.3
"5077",80.2
"5078",42.3
"5079",31.8
"5080",35.4
"5081",38.1
"5082",39.8
"5083",40.6
"5084",32.7
"5085",40.1
"5086",42.3
"5087",168.3
"5088",46.9
"5089",24.2
"5090",49.2
"5091",22.7
"5092",19.2
"5093",62.7
"5094",38.1
"5095",31.9
"5096",129.1
"5097",14.3
"5098",29.2
"5099",65
"5100",47.1
"5101",34.4
"5102",21.4
"5103",34.6
"5104",39.5
"5105",75.5
"5106",164.9
"5107",60.1
"5108",22.2
"5109",15.1
"5110",40
"5111",19.1
"5112",28.2
"5113",26.6
"5114",63.5
"5115",27.7
"5116",22.6
"5117",35.4
"5118",42.8
"5119",30.8
"5120",82.1
"5121",54.7
"5122",68.7
"5123",73.5
"5124",68.8
"5125",63.9
"5126",31.1
"5127",15.5
"5128",50.4
"5129",37.7
"5130",16.5
"5131",21.1
"5132",82.7
"5133",65.3
"5134",21.6
"5135",34.3
"5136",30.3
"5137",37.9
"5138",179.9
"5139",36.2
"5140",55.8
"5141",37.7
"5142",58.4
"5143",33.8
"5144",130.7
"5145",47.6
"5146",85.6
"5147",77.5
"5148",68.5
"5149",50.5
"5150",57.1
"5151",32.3
"5152",44.3
"5153",27.6
"5154",100
"5155",105
"5156",55.8
"5157",57.4
"5158",88.7
"5159",71.1
"5160",25.8
"5161",39.9
"5162",56.9
"5163",58.1
"5164",39.8
"5165",147.9
"5166",48.4
"5167",20.5
"5168",69.6
"5169",22
"5170",31.6
"5171",103.7
"5172",51.2
"5173",52.5
"5174",49.8
"5175",40.5
"5176",45.3
"5177",28.7
"5178",80.7
"5179",44.9
"5180",44.6
"5181",23.6
"5182",30.5
"5183",49.7
"5184",42.4
"5185",42.7
"5186",27.7
"5187",126.8
"5188",19.6
"5189",29.7
"5190",42.9
"5191",39.4
"5192",28.5
"5193",31.5
"5194",45.9
"5195",53.8
"5196",97.2
"5197",36.5
"5198",41
"5199",80
"5200",32.5
"5201",70.8
"5202",20.4
"5203",33.1
"5204",53.7
"5205",75.8
"5206",44.3
"5207",41.3
"5208",42.3
"5209",59.8
"5210",21.1
"5211",15.5
"5212",52.6
"5213",29.2
"5214",33.2
"5215",44.7
"5216",32.2
"5217",45.9
"5218",17.2
"5219",19.5
"5220",73.5
"5221",48.8
"5222",34
"5223",63.9
"5224",74.7
"5225",50.8
"5226",56
"5227",35.2
"5228",60
"5229",28
"5230",114
"5231",25.4
"5232",50
"5233",25.6
"5234",168.7
"5235",80
"5236",32
"5237",55.4
"5238",55.5
"5239",53.8
"5240",56.6
"5241",27.4
"5242",42.3
"5243",37.8
"5244",48.7
"5245",70.7
"5246",57.8
"5247",40.7
"5248",93.3
"5249",65.6
"5250",24
"5251",115.4
"5252",23.3
"5253",22.2
"5254",64.9
"5255",31.2
"5256",27.4
"5257",19.8
"5258",27.7
"5259",28.1
"5260",41.8
"5261",27.5
"5262",69.1
"5263",26.5
"5264",34.2
"5265",31.3
"5266",96.5
"5267",27
"5268",45.8
"5269",37.6
"5270",61.6
"5271",55.5
"5272",70.9
"5273",77.3
"5274",58.4
"5275",38.6
"5276",44.7
"5277",17.4
"5278",32.8
"5279",42.7
"5280",32.8
"5281",107.8
"5282",106.9
"5283",55.4
"5284",31.9
"5285",30.5
"5286",40.7
"5287",27.2
"5288",41.1
"5289",31.1
"5290",66.6
"5291",41.8
"5292",17.3
"5293",42.8
"5294",42.9
"5295",53.6
"5296",118.2
"5297",87.9
"5298",79.9
"5299",78.4
"5300",59.2
"5301",16.5
"5302",20.5
"5303",59.9
"5304",60.1
"5305",16.1
"5306",44.6
"5307",51.7
"5308",33.9
"5309",24.2
"5310",37.6
"5311",32.4
"5312",52.8
"5313",27.2
"5314",23
"5315",34.1
"5316",27
"5317",30.2
"5318",18.9
"5319",36.1
"5320",43.8
"5321",71.5
"5322",59.9
"5323",65.6
"5324",71.7
"5325",65.5
"5326",48.1
"5327",37.3
"5328",38.3
"5329",103.4
"5330",27.3
"5331",72.6
"5332",39
"5333",90.6
"5334",47.4
"5335",31.9
"5336",45.1
"5337",112.5
"5338",50.7
"5339",45.5
"5340",73.4
"5341",69.8
"5342",41.8
"5343",66.6
"5344",29.3
"5345",31.7
"5346",27.5
"5347",31
"5348",55.8
"5349",26.9
"5350",60.2
"5351",22.1
"5352",60.2
"5353",61.5
"5354",96.4
"5355",51.9
"5356",63.9
"5357",11.2
"5358",62.8
"5359",203.3
"5360",51
"5361",44.3
"5362",47.8
"5363",31.9
"5364",38.8
"5365",75.3
"5366",27.1
"5367",31.6
"5368",26.9
"5369",28.3
"5370",49.3
"5371",25.7
"5372",78.1
"5373",63.7
"5374",61.8
"5375",46
"5376",46.6
"5377",120.8
"5378",100.8
"5379",52.6
"5380",46.6
"5381",95.7
"5382",46.5
"5383",114.5
"5384",40.1
"5385",28
"5386",36.4
"5387",65.3
"5388",26.6
"5389",39.6
"5390",64.8
"5391",96.6
"5392",72.4
"5393",23.5
"5394",26.7
"5395",58
"5396",49.8
"5397",15.9
"5398",43.1
"5399",106.2
"5400",16.3
"5401",34.7
"5402",37.3
"5403",38.2
"5404",43.4
"5405",55
"5406",139.8
"5407",36.7
"5408",28.1
"5409",22.4
"5410",120
"5411",60.8
"5412",35.9
"5413",34.6
"5414",35
"5415",31.2
"5416",28.9
"5417",27.4
"5418",43.5
"5419",28.2
"5420",88.7
"5421",66.6
"5422",54.2
"5423",78.8
"5424",55.8
"5425",36.3
"5426",72.8
"5427",56.5
"5428",32.1
"5429",31.3
"5430",46.9
"5431",59.1
"5432",26.4
"5433",36.6
"5434",26
"5435",94.4
"5436",146.5
"5437",27.3
"5438",40.5
"5439",36.4
"5440",88.7
"5441",31.9
"5442",28.2
"5443",48.7
"5444",39.2
"5445",35.8
"5446",40.6
"5447",28.7
"5448",77.9
"5449",45.9
"5450",78
"5451",62.6
"5452",49.3
"5453",21.9
"5454",63.5
"5455",29.3
"5456",36.1
"5457",34.8
"5458",71
"5459",51.5
"5460",71.9
"5461",39.4
"5462",58.3
"5463",27.5
"5464",52.7
"5465",40.8
"5466",85.6
"5467",96.4
"5468",79.2
"5469",48.4
"5470",42.5
"5471",19.4
"5472",53.3
"5473",25.1
"5474",105.7
"5475",37
"5476",35.5
"5477",37.3
"5478",50
"5479",31.9
"5480",39.1
"5481",41.8
"5482",74.9
"5483",52.5
"5484",22.8
"5485",96.4
"5486",54.8
"5487",30.7
"5488",31.7
"5489",53.7
"5490",30.1
"5491",40.5
"5492",56.2
"5493",55.5
"5494",39.6
"5495",27.3
"5496",49.1
"5497",23.6
"5498",38.9
"5499",117.9
"5500",36.9
"5501",40.1
"5502",123.1
"5503",72.1
"5504",58
"5505",33.5
"5506",14.4
"5507",27.1
"5508",36.7
"5509",45.7
"5510",60.6
"5511",37.2
"5512",105.1
"5513",69.7
"5514",24.6
"5515",37.7
"5516",21.8
"5517",32.7
"5518",59.7
"5519",48
"5520",90.9
"5521",38
"5522",47
"5523",83.5
"5524",53.7
"5525",21.6
"5526",48.5
"5527",37.6
"5528",115.9
"5529",89.8
"5530",43.6
"5531",46.8
"5532",29.7
"5533",62.3
"5534",44.3
"5535",68.7
"5536",52.4
"5537",31.1
"5538",40.7
"5539",28.1
"5540",24.1
"5541",29.8
"5542",25.9
"5543",70.4
"5544",35.6
"5545",50.2
"5546",74.9
"5547",62.4
"5548",23
"5549",34.5
"5550",79.7
"5551",59.9
"5552",80.6
"5553",41
"5554",35.4
"5555",27.5
"5556",23.8
"5557",41.2
"5558",40.6
"5559",53.9
"5560",51.1
"5561",24.5
"5562",62.5
"5563",122.7
"5564",52.4
"5565",73
"5566",83.5
"5567",36.2
"5568",64
"5569",31.8
"5570",30.5
"5571",24.7
"5572",40.9
"5573",112.5
"5574",63.7
"5575",32.4
"5576",78.7
"5577",24.6
"5578",46.2
"5579",22.9
"5580",47.7
"5581",29.1
"5582",34.1
"5583",67.2
"5584",27.6
"5585",43.1
"5586",47.6
"5587",32.5
"5588",33.8
"5589",35
"5590",38.8
"5591",31.9
"5592",54.9
"5593",22.6
"5594",35.2
"5595",54.9
"5596",21.9
"5597",112
"5598",30
"5599",25.3
"5600",28.8
"5601",29.3
"5602",13.8
"5603",155.5
"5604",14.5
"5605",53.6
"5606",57.7
"5607",55.6
"5608",25.2
"5609",18.8
"5610",36.6
"5611",46.8
"5612",37.5
"5613",50.2
"5614",58.8
"5615",22
"5616",45.7
"5617",22
"5618",28.4
"5619",38.8
"5620",71
"5621",37.6
"5622",39.1
"5623",39.9
"5624",29.3
"5625",39.6
"5626",117.1
"5627",83.4
"5628",47.1
"5629",40.1
"5630",92.5
"5631",52.5
"5632",99.4
"5633",48.6
"5634",69.9
"5635",45.8
"5636",38.7
"5637",64
"5638",58.5
"5639",55.6
"5640",49.8
"5641",48.7
"5642",30.9
"5643",98.8
"5644",62.8
"5645",34.1
"5646",21.5
"5647",60.6
"5648",25.4
"5649",60.7
"5650",96.2
"5651",39.1
"5652",65.8
"5653",48.6
"5654",85.8
"5655",17.7
"5656",44.9
"5657",47.8
"5658",62.9
"5659",36.6
"5660",32.8
"5661",72.2
"5662",44.1
"5663",83
"5664",50.6
"5665",18.5
"5666",46
"5667",76.7
"5668",24.4
"5669",29.8
"5670",58.3
"5671",28.2
"5672",25.8
"5673",31.9
"5674",36.8
"5675",29
"5676",19.1
"5677",60.2
"5678",60.5
"5679",48.3
"5680",77.5
"5681",42.5
"5682",54.1
"5683",36.8
"5684",67.3
"5685",48.4
"5686",22.3
"5687",29.7
"5688",89.1
"5689",56.1
"5690",31.4
"5691",87.7
"5692",25.2
"5693",58.2
"5694",38.9
"5695",88.9
"5696",29.3
"5697",49.7
"5698",58.8
"5699",43.1
"5700",80.5
"5701",54.1
"5702",63.1
"5703",26.4
"5704",56.6
"5705",15.1
"5706",49.1
"5707",71.9
"5708",28.7
"5709",53.5
"5710",31.3
"5711",49.1
"5712",37.3
"5713",28.2
"5714",118.4
"5715",82.3
"5716",56.7
"5717",96.1
"5718",49.5
"5719",62
"5720",23.5
"5721",47
"5722",18.9
"5723",52.5
"5724",147.8
"5725",43.6
"5726",41
"5727",16.5
"5728",27.7
"5729",42.8
"5730",73.8
"5731",22.4
"5732",73
"5733",53
"5734",40
"5735",22.3
"5736",36.5
"5737",22.9
"5738",23.7
"5739",32.5
"5740",47.7
"5741",27.4
"5742",24.7
"5743",77.9
"5744",23.8
"5745",36.4
"5746",43
"5747",19.8
"5748",18.3
"5749",20.3
"5750",24.5
"5751",109
"5752",27
"5753",56.1
"5754",57.3
"5755",28.1
"5756",20.6
"5757",28.7
"5758",39.5
"5759",29.6
"5760",36.9
"5761",39.6
"5762",58.2
"5763",35
"5764",120.5
"5765",82.6
"5766",21.4
"5767",38.1
"5768",88.5
"5769",85.5
"5770",58.2
"5771",74.6
"5772",69
"5773",62.8
"5774",16.7
"5775",27.5
"5776",30.5
"5777",44.4
"5778",38.1
"5779",91
"5780",65.1
"5781",39.3
"5782",46.3
"5783",57.2
"5784",96
"5785",55.3
"5786",30.3
"5787",66.2
"5788",31.5
"5789",31.7
"5790",28.5
"5791",41.5
"5792",48.9
"5793",82.7
"5794",16.6
"5795",16.8
"5796",37.1
"5797",55.7
"5798",26.4
"5799",60
"5800",42.9
"5801",9.6
"5802",72.9
"5803",79.7
"5804",34.4
"5805",29.3
"5806",33.5
"5807",40.6
"5808",15.3
"5809",20.9
"5810",36.6
"5811",46.2
"5812",76.8
"5813",50.6
"5814",61.1
"5815",43.2
"5816",79.1
"5817",64.2
"5818",47.6
"5819",23.1
"5820",18.3
"5821",108.6
"5822",33.8
"5823",27.9
"5824",64.8
"5825",50.8
"5826",70.2
"5827",76.7
"5828",22.8
"5829",17.3
"5830",34.3
"5831",39.5
"5832",69.3
"5833",99
"5834",112.2
"5835",40.4
"5836",38.5
"5837",105.6
"5838",67.6
"5839",16.9
"5840",79.9
"5841",72.1
"5842",44.3
"5843",85.8
"5844",24.5
"5845",34.8
"5846",50.1
"5847",32.4
"5848",36.5
"5849",30.3
"5850",90
"5851",25.9
"5852",28.2
"5853",53.3
"5854",50.5
"5855",25.1
"5856",61.5
"5857",77.3
"5858",22.7
"5859",19.9
"5860",81.1
"5861",49
"5862",98.9
"5863",52.1
"5864",27.4
"5865",46.3
"5866",34.9
"5867",20.6
"5868",39.8
"5869",31.6
"5870",30
"5871",45.2
"5872",63.3
"5873",32.9
"5874",26.3
"5875",53.1
"5876",140.5
"5877",47.4
"5878",51.6
"5879",25.7
"5880",177.9
"5881",80.5
"5882",38.5
"5883",37.8
"5884",29.2
"5885",21.9
"5886",53.1
"5887",34.4
"5888",74.2
"5889",148.7
"5890",42.2
"5891",59.8
"5892",43.9
"5893",51.7
"5894",31.7
"5895",29.8
"5896",36
"5897",38.1
"5898",27.4
"5899",12.6
"5900",103
"5901",18
"5902",32.4
"5903",76.9
"5904",33.7
"5905",76.7
"5906",80.7
"5907",22.1
"5908",24.9
"5909",54.2
"5910",49.8
"5911",33.2
"5912",38
"5913",29.2
"5914",68.7
"5915",44.3
"5916",60.7
"5917",45.4
"5918",33.1
"5919",25.9
"5920",17.8
"5921",15.4
"5922",44.4
"5923",49.2
"5924",74.8
"5925",15.9
"5926",62.4
"5927",71.2
"5928",45.8
"5929",122.5
"5930",29.5
"5931",43.1
"5932",74.5
"5933",115.9
"5934",40.6
"5935",50.8
"5936",65.1
"5937",77.1
"5938",33.1
"5939",67.2
"5940",74.2
"5941",79.9
"5942",57.9
"5943",33.3
"5944",33.2
"5945",65
"5946",36.9
"5947",27
"5948",97.2
"5949",34.9
"5950",20.5
"5951",43.8
"5952",77.5
"5953",35.1
"5954",45.1
"5955",89.4
"5956",25.1
"5957",75.2
"5958",43
"5959",59.3
"5960",55.2
"5961",41.9
"5962",62.8
"5963",80
"5964",56
"5965",53.1
"5966",30.3
"5967",71.7
"5968",55.1
"5969",25.5
"5970",40.2
"5971",20.7
"5972",28.2
"5973",45.3
"5974",48.3
"5975",42.4
"5976",37.7
"5977",33.3
"5978",71.5
"5979",68.6
"5980",30.4
"5981",60.1
"5982",15.5
"5983",63.9
"5984",37.5
"5985",26.5
"5986",67.7
"5987",65
"5988",71.3
"5989",118.2
"5990",61.7
"5991",42.9
"5992",31.6
"5993",67.4
"5994",40.4
"5995",33.1
"5996",115
"5997",67.7
"5998",52.6
"5999",19.9
"6000",39.9
"6001",47.9
"6002",87.4
"6003",39.5
"6004",40.7
"6005",46.7
"6006",46.3
"6007",51
"6008",33.4
"6009",32
"6010",34.8
"6011",51.6
"6012",21.4
"6013",38.9
"6014",39.8
"6015",27.4
"6016",17.1
"6017",31.7
"6018",56.2
"6019",22.3
"6020",31.1
"6021",58.8
"6022",108.3
"6023",24
"6024",27.5
"6025",117.3
"6026",83.4
"6027",57.6
"6028",29.5
"6029",23.7
"6030",34.6
"6031",30.9
"6032",97.1
"6033",37.2
"6034",59.3
"6035",102.6
"6036",39.8
"6037",50.4
"6038",31.6
"6039",37.8
"6040",27.9
"6041",33.5
"6042",35.7
"6043",114.9
"6044",59.4
"6045",27.2
"6046",27.2
"6047",34.8
"6048",36.1
"6049",120.5
"6050",60.4
"6051",64.2
"6052",37.1
"6053",51.9
"6054",46.4
"6055",18.7
"6056",38.4
"6057",102.2
"6058",52.1
"6059",31.3
"6060",68.4
"6061",27.2
"6062",38.8
"6063",21.3
"6064",35.8
"6065",36.3
"6066",71
"6067",25.5
"6068",33.7
"6069",33.8
"6070",75
"6071",22.5
"6072",26.8
"6073",80.9
"6074",67.2
"6075",31.5
"6076",87.9
"6077",25
"6078",40.3
"6079",72
"6080",32.5
"6081",91.5
"6082",78.4
"6083",30.3
"6084",45.8
"6085",163.5
"6086",38.3
"6087",116
"6088",124.5
"6089",37.9
"6090",45.4
"6091",42.2
"6092",33
"6093",30.6
"6094",111.2
"6095",53.2
"6096",36.9
"6097",46.7
"6098",61.1
"6099",59.2
"6100",57.1
"6101",56.3
"6102",42.4
"6103",13.5
"6104",48
"6105",41
"6106",63.7
"6107",68.8
"6108",65.8
"6109",66.8
"6110",46.7
"6111",45.4
"6112",41.9
"6113",43.7
"6114",61.3
"6115",22
"6116",22.6
"6117",22.3
"6118",45.1
"6119",78
"6120",41.6
"6121",33.4
"6122",69.7
"6123",41.6
"6124",18.1
"6125",31.5
"6126",77
"6127",19.1
"6128",27.2
"6129",46.6
"6130",26.6
"6131",37.7
"6132",67.5
"6133",15.5
"6134",31
"6135",32.4
"6136",34.3
"6137",51.7
"6138",26
"6139",28.3
"6140",56.1
"6141",64.6
"6142",47.8
"6143",86.7
"6144",78.4
"6145",34.4
"6146",149.5
"6147",48.5
"6148",57
"6149",37.7
"6150",46.3
"6151",55.8
"6152",58.3
"6153",33.8
"6154",26.7
"6155",69.4
"6156",27.8
"6157",50.9
"6158",28.6
"6159",60.4
"6160",44.5
"6161",37.3
"6162",46.9
"6163",96.4
"6164",42.3
"6165",50.2
"6166",59.3
"6167",35.2
"6168",32
"6169",57.1
"6170",49.1
"6171",40.4
"6172",32.3
"6173",69.4
"6174",81.5
"6175",39.3
"6176",51
"6177",72
"6178",28.4
"6179",59.6
"6180",69.7
"6181",27.7
"6182",155
"6183",62.5
"6184",42.2
"6185",23.6
"6186",31.7
"6187",61.1
"6188",25.7
"6189",13.2
"6190",16.4
"6191",58.4
"6192",59.2
"6193",53.8
"6194",49.2
"6195",102.3
"6196",26
"6197",74.9
"6198",42.8
"6199",71.6
"6200",24
"6201",109.9
"6202",24.7
"6203",40.5
"6204",71.6
"6205",24
"6206",87.8
"6207",117.5
"6208",14.5
"6209",54.5
"6210",45.4
"6211",40.4
"6212",29.3
"6213",35.5
"6214",36.8
"6215",60.6
"6216",71.1
"6217",133.3
"6218",34
"6219",71.8
"6220",56.3
"6221",101.1
"6222",30.7
"6223",15.1
"6224",11
"6225",30.5
"6226",87.4
"6227",46.6
"6228",59.5
"6229",25.8
"6230",20.2
"6231",89.8
"6232",38.7
"6233",54.2
"6234",128
"6235",41.4
"6236",81.9
"6237",40.4
"6238",50.9
"6239",23.2
"6240",35
"6241",37.6
"6242",43
"6243",57.3
"6244",55.5
"6245",47.7
"6246",42.6
"6247",31.1
"6248",20.4
"6249",32.9
"6250",55.9
"6251",39.6
"6252",27.5
"6253",36
"6254",85.3
"6255",44
"6256",79.7
"6257",28.8
"6258",45
"6259",64.4
"6260",70.4
"6261",48.4
"6262",37.4
"6263",34
"6264",23.3
"6265",60.7
"6266",70.7
"6267",27.3
"6268",57.2
"6269",45.7
"6270",41.2
"6271",39
"6272",51.7
"6273",48
"6274",60
"6275",40.2
"6276",30.5
"6277",54.1
"6278",49.6
"6279",56.9
"6280",66.1
"6281",21.9
"6282",50.2
"6283",67.8
"6284",91.4
"6285",24
"6286",29.5
"6287",64.6
"6288",17.2
"6289",86.9
"6290",21.1
"6291",88.7
"6292",73.5
"6293",70.4
"6294",69.9
"6295",63.8
"6296",25.2
"6297",87.4
"6298",50.5
"6299",54.5
"6300",131.7
"6301",43.5
"6302",83
"6303",31.8
"6304",19.4
"6305",20.8
"6306",18.7
"6307",38.9
"6308",16.8
"6309",19.7
"6310",31.5
"6311",25.1
"6312",58.8
"6313",21.9
"6314",57.1
"6315",37.8
"6316",15.4
"6317",50.7
"6318",38.5
"6319",14.8
"6320",35.4
"6321",59.3
"6322",92.3
"6323",28.8
"6324",11.3
"6325",35.6
"6326",34.3
"6327",71.9
"6328",25
"6329",69.6
"6330",41.6
"6331",23.4
"6332",66.5
"6333",41.8
"6334",55.3
"6335",32
"6336",17.5
"6337",35.4
"6338",24.1
"6339",46.1
"6340",18.9
"6341",79.6
"6342",35.4
"6343",41.1
"6344",39.3
"6345",23.2
"6346",147.3
"6347",11.4
"6348",38.2
"6349",24.2
"6350",59.7
"6351",24.5
"6352",17.6
"6353",206.4
"6354",52.9
"6355",36.3
"6356",57.8
"6357",26.3
"6358",52.9
"6359",36.2
"6360",38.7
"6361",45.6
"6362",182.8
"6363",37.7
"6364",21.2
"6365",32.3
"6366",91
"6367",40.4
"6368",127
"6369",196.7
"6370",69.5
"6371",34.3
"6372",30.1
"6373",49
"6374",113.1
"6375",46
"6376",38.4
"6377",53.7
"6378",32.2
"6379",36.2
"6380",76.2
"6381",27.9
"6382",13.5
"6383",38.3
"6384",20.7
"6385",46.1
"6386",27.2
"6387",62.1
"6388",52.7
"6389",23.1
"6390",35.3
"6391",34.7
"6392",41
"6393",100.3
"6394",183
"6395",49
"6396",25.8
"6397",67.2
"6398",36.3
"6399",22.1
"6400",17.2
"6401",30
"6402",63.6
"6403",19.1
"6404",29.4
"6405",45.2
"6406",49.9
"6407",57.2
"6408",39.9
"6409",107
"6410",44.2
"6411",37.5
"6412",38.1
"6413",64.7
"6414",28.1
"6415",23.5
"6416",18.6
"6417",45.5
"6418",21.7
"6419",41.4
"6420",29.2
"6421",19.5
"6422",22.5
"6423",25.6
"6424",25.4
"6425",40.9
"6426",49.2
"6427",31.5
"6428",64.8
"6429",70.8
"6430",48.3
"6431",48.5
"6432",31.2
"6433",33.7
"6434",54.3
"6435",39
"6436",25.1
"6437",91.7
"6438",64.2
"6439",54.9
"6440",58.9
"6441",49.1
"6442",45.5
"6443",30.2
"6444",65.4
"6445",37.7
"6446",99
"6447",87.7
"6448",82.7
"6449",51.6
"6450",43.2
"6451",33.4
"6452",102.3
"6453",22.1
"6454",55
"6455",27.2
"6456",19
"6457",53.5
"6458",56.7
"6459",34.1
"6460",26.8
"6461",17.4
"6462",30.1
"6463",31.3
"6464",30.7
"6465",37.3
"6466",38.7
"6467",114.6
"6468",39.6
"6469",45.3
"6470",47.8
"6471",38.9
"6472",49.2
"6473",52.3
"6474",107
"6475",87.1
"6476",52.2
"6477",41.4
"6478",119.3
"6479",33.6
"6480",69.4
"6481",28.6
"6482",49.2
"6483",30.5
"6484",27.9
"6485",56.5
"6486",51.1
"6487",64.9
"6488",32.9
"6489",40.6
"6490",138.4
"6491",75.2
"6492",48.8
"6493",89.1
"6494",69.7
"6495",66.6
"6496",28.5
"6497",28
"6498",30.4
"6499",51.3
"6500",11.1
"6501",50.2
"6502",42.5
"6503",146.3
"6504",34.1
"6505",47.5
"6506",36.1
"6507",29.6
"6508",23.7
"6509",27.6
"6510",96.6
"6511",99.4
"6512",70.4
"6513",27
"6514",109.9
"6515",25.6
"6516",42.2
"6517",45
"6518",49.5
"6519",68.9
"6520",132
"6521",35.7
"6522",58.7
"6523",40.6
"6524",54.9
"6525",26.1
"6526",83.1
"6527",59.9
"6528",97.2
"6529",28.3
"6530",28.8
"6531",48.9
"6532",108.2
"6533",57.1
"6534",49.7
"6535",57.9
"6536",27.8
"6537",128.3
"6538",90.5
"6539",40.8
"6540",30.8
"6541",32.7
"6542",110.3
"6543",27.4
"6544",33.3
"6545",21.7
"6546",91.8
"6547",36.7
"6548",32.8
"6549",39.9
"6550",36
"6551",35.8
"6552",39.7
"6553",15.3
"6554",14.7
"6555",14.7
"6556",36.6
"6557",17.5
"6558",73.2
"6559",95
"6560",39.1
"6561",50.1
"6562",36.8
"6563",74
"6564",137.9
"6565",37.9
"6566",30.3
"6567",28.4
"6568",22.5
"6569",53
"6570",28
"6571",42.5
"6572",28.5
"6573",102.9
"6574",73.4
"6575",42.8
"6576",70.8
"6577",46.9
"6578",70.7
"6579",44.1
"6580",51
"6581",23.1
"6582",46
"6583",47.9
"6584",118.3
"6585",43.7
"6586",96.6
"6587",46.9
"6588",26.9
"6589",83.9
"6590",68.8
"6591",23.9
"6592",28.5
"6593",52.3
"6594",51
"6595",24
"6596",66.2
"6597",108
"6598",43.2
"6599",82
"6600",24.7
"6601",23.6
"6602",93.9
"6603",89.2
"6604",27.3
"6605",100.2
"6606",84.2
"6607",38.6
"6608",23.5
"6609",56.6
"6610",52.3
"6611",39
"6612",28
"6613",20.5
"6614",103.1
"6615",58.6
"6616",34.3
"6617",79.6
"6618",55.8
"6619",44.1
"6620",100.4
"6621",75.1
"6622",55.5
"6623",22.6
"6624",59.3
"6625",22.9
"6626",60.7
"6627",30.7
"6628",32
"6629",15.4
"6630",29.1
"6631",30.8
"6632",30.5
"6633",49.2
"6634",77.8
"6635",40.9
"6636",33.5
"6637",106.5
"6638",13.6
"6639",42.1
"6640",121.6
"6641",36.1
"6642",28.8
"6643",32.7
"6644",62.7
"6645",20
"6646",27.3
"6647",74.2
"6648",43.7
"6649",45.9
"6650",20.6
"6651",90.3
"6652",69.2
"6653",100.8
"6654",34.3
"6655",101.2
"6656",24.2
"6657",11.4
"6658",38
"6659",47
"6660",96.4
"6661",23.6
"6662",31.2
"6663",35.1
"6664",39.4
"6665",100.7
"6666",17.4
"6667",42.2
"6668",35
"6669",80.7
"6670",26.9
"6671",33.2
"6672",11.2
"6673",102.3
"6674",67.3
"6675",45.7
"6676",26.7
"6677",79.6
"6678",11.3
"6679",49.5
"6680",51.2
"6681",143.7
"6682",38.5
"6683",44.9
"6684",66
"6685",28
"6686",33.1
"6687",36.2
"6688",48.1
"6689",44.1
"6690",73.2
"6691",35.5
"6692",36.8
"6693",60.5
"6694",50.2
"6695",14.8
"6696",91.9
"6697",40.7
"6698",34.2
"6699",48
"6700",19.1
"6701",57.5
"6702",45
"6703",53
"6704",51.8
"6705",108.4
"6706",19.3
"6707",58.8
"6708",28.3
"6709",34.4
"6710",37.2
"6711",34.4
"6712",186.8
"6713",29.1
"6714",76.3
"6715",39.7
"6716",36.3
"6717",28.1
"6718",42.7
"6719",106.7
"6720",71.3
"6721",29.4
"6722",52.7
"6723",77.8
"6724",40.5
"6725",43.9
"6726",39.4
"6727",27.5
"6728",51
"6729",25.1
"6730",19.7
"6731",31.7
"6732",67.2
"6733",68.4
"6734",54.7
"6735",51.3
"6736",39.9
"6737",21.1
"6738",29.7
"6739",25.7
"6740",104.5
"6741",23.3
"6742",45.1
"6743",39.1
"6744",30.3
"6745",20.3
"6746",54.1
"6747",68.6
"6748",47.5
"6749",51.7
"6750",48.3
"6751",15.9
"6752",84.4
"6753",57.2
"6754",14.9
"6755",61.4
"6756",47.2
"6757",26.7
"6758",22.4
"6759",72.7
"6760",54.7
"6761",46.7
"6762",21.8
"6763",33.5
"6764",19.1
"6765",88.3
"6766",126.8
"6767",161.5
"6768",58.8
"6769",47.7
"6770",57
"6771",52
"6772",76.9
"6773",61.5
"6774",48.2
"6775",91
"6776",51.7
"6777",36.3
"6778",14.8
"6779",53.5
"6780",42.2
"6781",34.1
"6782",41
"6783",74.3
"6784",22.9
"6785",27.4
"6786",29.8
"6787",48.2
"6788",23.1
"6789",41.7
"6790",19.8
"6791",38.8
"6792",26.6
"6793",37.6
"6794",42.6
"6795",44.1
"6796",136.1
"6797",23
"6798",51.8
"6799",186.1
"6800",58.3
"6801",62.8
"6802",91.8
"6803",39.8
"6804",37
"6805",31.1
"6806",21.9
"6807",27.9
"6808",47.5
"6809",88.1
"6810",44.1
"6811",35.8
"6812",70.4
"6813",35.2
"6814",84.6
"6815",36.7
"6816",64.2
"6817",52.3
"6818",47.7
"6819",98.1
"6820",40.2
"6821",37.2
"6822",66
"6823",43.7
"6824",24.9
"6825",45.9
"6826",33.2
"6827",37.6
"6828",34.2
"6829",55.4
"6830",78.5
"6831",14.5
"6832",39.2
"6833",22
"6834",21.4
"6835",48.9
"6836",44.2
"6837",26.4
"6838",25.5
"6839",43
"6840",30.9
"6841",54.7
"6842",81.8
"6843",58
"6844",96.1
"6845",33
"6846",64.3
"6847",34.9
"6848",35.1
"6849",21.6
"6850",31.6
"6851",35
"6852",24.3
"6853",61.7
"6854",21
"6855",101.3
"6856",33.4
"6857",31.3
"6858",42.9
"6859",32.5
"6860",28.7
"6861",38.5
"6862",44.6
"6863",42.6
"6864",31.8
"6865",144.9
"6866",34.5
"6867",57.4
"6868",47.3
"6869",103.4
"6870",34.1
"6871",39.7
"6872",18.4
"6873",28.5
"6874",99.8
"6875",77.7
"6876",60.8
"6877",19.9
"6878",63.7
"6879",81.6
"6880",45.3
"6881",39.4
"6882",92.3
"6883",69.4
"6884",27
"6885",45.7
"6886",49.9
"6887",42.1
"6888",23.8
"6889",80.3
"6890",31.4
"6891",64
"6892",34
"6893",42.5
"6894",29.6
"6895",137
"6896",74.7
"6897",36.8
"6898",23.8
"6899",38.1
"6900",29.8
"6901",126.6
"6902",40.5
"6903",45.1
"6904",19.7
"6905",95.6
"6906",79.8
"6907",84.1
"6908",24.7
"6909",51
"6910",52.6
"6911",32.7
"6912",27.3
"6913",64.9
"6914",18.3
"6915",67.2
"6916",83.5
"6917",40.6
"6918",42.9
"6919",58.5
"6920",72.8
"6921",42.2
"6922",38.5
"6923",40.8
"6924",63.7
"6925",32.9
"6926",37.8
"6927",43.5
"6928",25.5
"6929",34.4
"6930",31.8
"6931",62.7
"6932",24.5
"6933",59.1
"6934",87.7
"6935",38.8
"6936",19
"6937",40.9
"6938",64
"6939",62.4
"6940",45.5
"6941",19.7
"6942",171.5
"6943",53.4
"6944",57.5
"6945",52.6
"6946",102.6
"6947",79.7
"6948",48.7
"6949",60
"6950",34.3
"6951",59.2
"6952",46.2
"6953",17.5
"6954",31.1
"6955",31.4
"6956",18.2
"6957",18.9
"6958",18.4
"6959",51.9
"6960",41.4
"6961",112.6
"6962",105.5
"6963",31.6
"6964",19.9
"6965",25.8
"6966",40.9
"6967",59.5
"6968",32.1
"6969",51.5
"6970",82.7
"6971",61.3
"6972",83
"6973",46.5
"6974",33.4
"6975",25.8
"6976",13.8
"6977",12
"6978",60.7
"6979",32.3
"6980",34.1
"6981",61.1
"6982",29.2
"6983",63.6
"6984",55.1
"6985",37.2
"6986",39.8
"6987",40
"6988",74
"6989",72.1
"6990",29
"6991",20.7
"6992",34.3
"6993",66.2
"6994",23.4
"6995",52.5
"6996",32.8
"6997",27.4
"6998",24.8
"6999",26.3
"7000",81
"7001",38.3
"7002",24
"7003",23.1
"7004",19.1
"7005",35.7
"7006",53.1
"7007",46.4
"7008",39.3
"7009",72.5
"7010",12.7
"7011",43.3
"7012",70.2
"7013",22.6
"7014",42.4
"7015",33.1
"7016",31.6
"7017",100
"7018",29.7
"7019",64.1
"7020",44.3
"7021",19.6
"7022",55.3
"7023",73.8
"7024",35.7
"7025",36.5
"7026",56.3
"7027",24.6
"7028",59.1
"7029",15.9
"7030",16.9
"7031",31.1
"7032",46.1
"7033",23.4
"7034",72.3
"7035",31.1
"7036",28.3
"7037",84.7
"7038",32.8
"7039",60.3
"7040",21.7
"7041",31.5
"7042",42.7
"7043",78.6
"7044",63.7
"7045",48.9
"7046",84.1
"7047",47.4
"7048",33.4
"7049",40.3
"7050",50.4
"7051",28.2
"7052",54
"7053",38.4
"7054",32.9
"7055",77.8
"7056",92
"7057",49.8
"7058",89.3
"7059",18.7
"7060",58.1
"7061",18.6
"7062",30.3
"7063",62.3
"7064",34.8
"7065",125.1
"7066",62.1
"7067",64.8
"7068",25.2
"7069",51.1
"7070",50.2
"7071",36.2
"7072",37.2
"7073",36.8
"7074",46.4
"7075",34.8
"7076",24.3
"7077",40.9
"7078",113.1
"7079",32.1
"7080",47.4
"7081",26.9
"7082",19.9
"7083",33.8
"7084",60.3
"7085",53.9
"7086",52.8
"7087",70.2
"7088",28.3
"7089",20.5
"7090",19.4
"7091",25.1
"7092",27
"7093",27.2
"7094",30.2
"7095",47.9
"7096",48.5
"7097",66.5
"7098",63
"7099",29.1
"7100",32.2
"7101",52.7
"7102",25.5
"7103",13.4
"7104",39
"7105",56.7
"7106",68.4
"7107",60.7
"7108",38.3
"7109",66.8
"7110",28
"7111",20.1
"7112",44.9
"7113",60.9
"7114",26.1
"7115",81.9
"7116",58.7
"7117",28.3
"7118",27.8
"7119",31.3
"7120",102.3
"7121",95.9
"7122",17
"7123",23.7
"7124",57.9
"7125",47.3
"7126",33.5
"7127",29.6
"7128",16.4
"7129",53.2
"7130",57.1
"7131",43.7
"7132",30.4
"7133",40.9
"7134",44.3
"7135",57.7
"7136",56
"7137",41.2
"7138",64.2
"7139",46.2
"7140",32.8
"7141",36.4
"7142",62.2
"7143",20.7
"7144",68.1
"7145",79.1
"7146",51
"7147",50.9
"7148",44.5
"7149",21.8
"7150",18.8
"7151",28.5
"7152",38
"7153",22.7
"7154",51.9
"7155",27.4
"7156",89.9
"7157",47.9
"7158",52.7
"7159",17.3
"7160",71.5
"7161",26.8
"7162",146.6
"7163",65.1
"7164",24
"7165",79.3
"7166",34.4
"7167",99.2
"7168",50.2
"7169",18.4
"7170",49.8
"7171",35.8
"7172",70.5
"7173",80
"7174",31.1
"7175",85.8
"7176",57.9
"7177",43.1
"7178",9.6
"7179",68.5
"7180",82.1
"7181",116.5
"7182",19
"7183",27.8
"7184",26.6
"7185",49.8
"7186",56.3
"7187",33.8
"7188",40.7
"7189",26.1
"7190",50.5
"7191",26
"7192",19.9
"7193",74.1
"7194",48.1
"7195",60.3
"7196",96
"7197",170.1
"7198",24.6
"7199",42.3
"7200",23.2
"7201",40.6
"7202",36.7
"7203",63.9
"7204",69.3
"7205",39.8
"7206",27.1
"7207",20.1
"7208",46
"7209",28.8
"7210",112.9
"7211",30.4
"7212",83.1
"7213",40.5
"7214",19.2
"7215",35.4
"7216",102
"7217",30.7
"7218",24.1
"7219",23.6
"7220",54.3
"7221",22
"7222",47
"7223",58.8
"7224",59.6
"7225",19.6
"7226",118.7
"7227",54.2
"7228",41.1
"7229",52.5
"7230",33.1
"7231",44.3
"7232",61.5
"7233",27.6
"7234",28.6
"7235",43.2
"7236",24.2
"7237",82.6
"7238",21.7
"7239",38.8
"7240",35
"7241",55.9
"7242",46.2
"7243",57.6
"7244",35.8
"7245",58.7
"7246",91.3
"7247",61.8
"7248",80
"7249",46.7
"7250",84.9
"7251",17.9
"7252",47.5
"7253",51.8
"7254",86.2
"7255",17.8
"7256",86.9
"7257",23.4
"7258",30.3
"7259",26.2
"7260",61.2
"7261",88.9
"7262",75.3
"7263",27.6
"7264",39
"7265",53.9
"7266",62.2
"7267",53
"7268",31.9
"7269",16.3
"7270",41.8
"7271",95.9
"7272",29.1
"7273",20
"7274",26.4
"7275",130.5
"7276",20.7
"7277",31.2
"7278",52.9
"7279",27.7
"7280",26.6
"7281",21.7
"7282",58.4
"7283",22.6
"7284",28.2
"7285",33.4
"7286",45.3
"7287",22.9
"7288",36.5
"7289",61
"7290",102.7
"7291",63
"7292",25.4
"7293",28.4
"7294",36.9
"7295",65.4
"7296",58.2
"7297",32.4
"7298",47.2
"7299",60.5
"7300",41.5
"7301",78.7
"7302",71.4
"7303",30.1
"7304",38.1
"7305",30.7
"7306",46.7
"7307",70.9
"7308",40.5
"7309",71.7
"7310",44.7
"7311",33.7
"7312",142.8
"7313",17.2
"7314",52.5
"7315",73.1
"7316",65.3
"7317",68.5
"7318",18.6
"7319",25.4
"7320",110.8
"7321",111.7
"7322",58.2
"7323",44.1
"7324",44.7
"7325",23.3
"7326",34.5
"7327",32.4
"7328",57.8
"7329",27.9
"7330",32.6
"7331",61.5
"7332",36.3
"7333",52.9
"7334",66.4
"7335",53.3
"7336",73.9
"7337",69.4
"7338",26.5
"7339",58.4
"7340",28.9
"7341",36.3
"7342",35.7
"7343",44
"7344",25.2
"7345",82.2
"7346",32.4
"7347",23.5
"7348",28.8
"7349",64.6
"7350",18.8
"7351",41.3
"7352",33.4
"7353",50.7
"7354",17.6
"7355",55.5
"7356",99.1
"7357",47.2
"7358",46.1
"7359",49.3
"7360",69.4
"7361",32.5
"7362",31.4
"7363",40.7
"7364",59.6
"7365",35.8
"7366",28.8
"7367",40.1
"7368",131.4
"7369",89.1
"7370",61.7
"7371",90.1
"7372",45.3
"7373",29.7
"7374",57.4
"7375",35.5
"7376",83.4
"7377",49.5
"7378",70
"7379",14.4
"7380",73
"7381",33
"7382",32.2
"7383",50.5
"7384",28.6
"7385",29.1
"7386",47.7
"7387",26.9
"7388",31.4
"7389",54.4
"7390",52.8
"7391",54.3
"7392",106.4
"7393",54.9
"7394",24.1
"7395",20.7
"7396",25.8
"7397",107.5
"7398",44.1
"7399",89.4
"7400",32.4
"7401",84
"7402",76.8
"7403",37.3
"7404",47.2
"7405",60.5
"7406",50.6
"7407",64.7
"7408",16.2
"7409",38.1
"7410",35.3
"7411",32
"7412",50
"7413",78
"7414",24.9
"7415",36.1
"7416",38.4
"7417",44.6
"7418",65.9
"7419",30.2
"7420",30.3
"7421",39.8
"7422",147
"7423",50.2
"7424",37.2
"7425",27.2
"7426",27.1
"7427",81.3
"7428",11.6
"7429",33.9
"7430",48.5
"7431",32.2
"7432",61.1
"7433",58.3
"7434",78.5
"7435",31.6
"7436",27.9
"7437",47.8
"7438",48.9
"7439",34.6
"7440",26.7
"7441",36.7
"7442",28.6
"7443",58.2
"7444",48.5
"7445",62.8
"7446",30
"7447",76.5
"7448",30.6
"7449",23.4
"7450",39.8
"7451",29.4
"7452",19.3
"7453",65
"7454",35
"7455",42
"7456",52.9
"7457",99
"7458",26.4
"7459",37.5
"7460",63.4
"7461",53.1
"7462",86.1
"7463",68.4
"7464",81.7
"7465",86.6
"7466",33.2
"7467",52.4
"7468",39.8
"7469",38.3
"7470",20.3
"7471",27
"7472",33.8
"7473",34.3
"7474",44.8
"7475",23.8
"7476",23.3
"7477",53.8
"7478",99.6
"7479",88.5
"7480",24.3
"7481",19.7
"7482",49.8
"7483",24.9
"7484",38.9
"7485",51.3
"7486",101.7
"7487",40.5
"7488",39.1
"7489",25.5
"7490",37.7
"7491",24.7
"7492",74.9
"7493",149.6
"7494",33.2
"7495",23.4
"7496",47.9
"7497",42.1
"7498",124.4
"7499",94.9
"7500",64.1
"7501",24.8
"7502",29.2
"7503",73.3
"7504",62.3
"7505",45.2
"7506",44.4
"7507",90.4
"7508",53.9
"7509",72.1
"7510",66.4
"7511",46
"7512",30.8
"7513",23.6
"7514",92.5
"7515",29.1
"7516",60.1
"7517",32.3
"7518",32.4
"7519",35
"7520",49.8
"7521",31
"7522",41.2
"7523",32.7
"7524",50.7
"7525",23.1
"7526",58.4
"7527",63.6
"7528",40.3
"7529",70
"7530",56.6
"7531",124.3
"7532",123.3
"7533",25
"7534",99
"7535",28
"7536",34.3
"7537",62.6
"7538",43.6
"7539",78.6
"7540",42.1
"7541",32.7
"7542",32.9
"7543",54.2
"7544",60.2
"7545",36.7
"7546",58.4
"7547",36
"7548",44.9
"7549",77.2
"7550",22.3
"7551",35.4
"7552",27.9
"7553",43.9
"7554",61.9
"7555",18.3
"7556",53.6
"7557",57.4
"7558",28.3
"7559",75.5
"7560",67
"7561",21.4
"7562",101.9
"7563",64.4
"7564",58.1
"7565",20.9
"7566",38.6
"7567",73.8
"7568",49.4
"7569",95.9
"7570",39.7
"7571",10.8
"7572",33.1
"7573",56.5
"7574",28.7
"7575",22.1
"7576",44.5
"7577",79.1
"7578",22.1
"7579",30.5
"7580",46.9
"7581",52.3
"7582",53.3
"7583",50.3
"7584",55.1
"7585",27.3
"7586",25.4
"7587",21.2
"7588",27.6
"7589",64
"7590",61.1
"7591",28.3
"7592",55.5
"7593",57.7
"7594",34.9
"7595",131.2
"7596",43.9
"7597",46.6
"7598",36.4
"7599",25.8
"7600",150.9
"7601",33.1
"7602",73.1
"7603",61.6
"7604",17.9
"7605",27.3
"7606",89.4
"7607",49.2
"7608",118.5
"7609",42.2
"7610",57.7
"7611",65.4
"7612",25.3
"7613",36.5
"7614",78.1
"7615",34.9
"7616",30.6
"7617",41.6
"7618",57.1
"7619",68.7
"7620",24.4
"7621",43.5
"7622",34.9
"7623",90.7
"7624",52
"7625",154
"7626",73.9
"7627",67.4
"7628",46.5
"7629",8.3
"7630",36.1
"7631",32.3
"7632",47.6
"7633",55.8
"7634",40.4
"7635",55.4
"7636",26.6
"7637",69.5
"7638",27.9
"7639",148.3
"7640",26.3
"7641",24
"7642",143.2
"7643",62.2
"7644",39.4
"7645",29.7
"7646",72.2
"7647",57.5
"7648",25.3
"7649",62.4
"7650",65.5
"7651",39.4
"7652",51.6
"7653",25.5
"7654",76.3
"7655",53.4
"7656",38.3
"7657",117
"7658",89.2
"7659",29.5
"7660",54.3
"7661",38
"7662",130.3
"7663",49
"7664",121.4
"7665",100.1
"7666",25.6
"7667",30.4
"7668",50.8
"7669",46.3
"7670",20.2
"7671",46.3
"7672",35.9
"7673",58.4
"7674",36.5
"7675",26.6
"7676",32.5
"7677",12.1
"7678",35.4
"7679",52.3
"7680",29.2
"7681",87.2
"7682",50.7
"7683",11.8
"7684",25.9
"7685",36.4
"7686",28.9
"7687",49.5
"7688",87.5
"7689",58.1
"7690",28.9
"7691",22.8
"7692",41.2
"7693",43.6
"7694",89.7
"7695",45.9
"7696",22.7
"7697",36.4
"7698",87.1
"7699",89.1
"7700",63.7
"7701",25.2
"7702",29.5
"7703",53.4
"7704",60.1
"7705",67.4
"7706",73.5
"7707",74.9
"7708",21.5
"7709",33.4
"7710",25.1
"7711",30.6
"7712",47.9
"7713",101.3
"7714",24.4
"7715",129
"7716",23.1
"7717",46.1
"7718",61.2
"7719",38.9
"7720",32.2
"7721",35.4
"7722",18.2
"7723",44.1
"7724",180.2
"7725",15.1
"7726",42.5
"7727",43.9
"7728",35.1
"7729",42.7
"7730",68.9
"7731",51.8
"7732",67.5
"7733",52.4
"7734",39.7
"7735",124.3
"7736",40.4
"7737",36.7
"7738",44.2
"7739",43.4
"7740",18.5
"7741",23.5
"7742",72.8
"7743",54.5
"7744",27.8
"7745",41.2
"7746",106.1
"7747",35.8
"7748",68.6
"7749",44.3
"7750",21
"7751",111.2
"7752",40.2
"7753",84.3
"7754",50.9
"7755",49
"7756",79.4
"7757",31.6
"7758",71.8
"7759",83.6
"7760",41.5
"7761",44.3
"7762",54.3
"7763",31
"7764",31.6
"7765",31
"7766",30.6
"7767",40.8
"7768",24
"7769",31.9
"7770",38.6
"7771",126.7
"7772",91.3
"7773",45.5
"7774",54.6
"7775",41.3
"7776",44.1
"7777",35.9
"7778",36.6
"7779",40.2
"7780",35.6
"7781",38.3
"7782",76.6
"7783",14.6
"7784",42.1
"7785",62.2
"7786",33.7
"7787",26.8
"7788",14.5
"7789",81.7
"7790",32.8
"7791",49.8
"7792",42.4
"7793",60.7
"7794",40
"7795",100.9
"7796",17.3
"7797",29.4
"7798",30.2
"7799",55.6
"7800",17.5
"7801",76.4
"7802",19.9
"7803",33.9
"7804",47
"7805",133.4
"7806",37.1
"7807",45.4
"7808",20.2
"7809",105
"7810",50.5
"7811",119.1
"7812",39.6
"7813",41.4
"7814",23.4
"7815",76.7
"7816",44.6
"7817",18.1
"7818",13.1
"7819",90.1
"7820",36.6
"7821",38.9
"7822",23.6
"7823",40.9
"7824",67.6
"7825",23.5
"7826",52.7
"7827",36.1
"7828",55.2
"7829",92
"7830",86.5
"7831",18.5
"7832",47.2
"7833",107.8
"7834",41.9
"7835",36.9
"7836",29
"7837",25.4
"7838",117
"7839",16.7
"7840",69.5
"7841",25.2
"7842",40.7
"7843",22
"7844",35.1
"7845",37
"7846",86.4
"7847",71.3
"7848",17.3
"7849",18.7
"7850",46.2
"7851",36.4
"7852",45.9
"7853",58.9
"7854",55.8
"7855",50.6
"7856",12.1
"7857",44.6
"7858",46
"7859",52.8
"7860",50.3
"7861",25.1
"7862",29.9
"7863",50.9
"7864",58.8
"7865",59.8
"7866",51
"7867",44.8
"7868",49.3
"7869",22.5
"7870",109.8
"7871",37.8
"7872",47.6
"7873",37.1
"7874",30.4
"7875",37.2
"7876",25.5
"7877",28.9
"7878",35.8
"7879",42.8
"7880",27
"7881",52.6
"7882",72.5
"7883",48
"7884",10.8
"7885",22.2
"7886",29.3
"7887",47.9
"7888",67.1
"7889",31.9
"7890",86.2
"7891",49
"7892",25.8
"7893",32
"7894",59.3
"7895",45.8
"7896",56.8
"7897",80
"7898",54.9
"7899",47.2
"7900",25.6
"7901",42.4
"7902",53.1
"7903",40.7
"7904",21.8
"7905",25.7
"7906",45.2
"7907",43.5
"7908",43.1
"7909",80.2
"7910",20.6
"7911",49.2
"7912",52.2
"7913",45.9
"7914",42.3
"7915",71.2
"7916",29.8
"7917",79.8
"7918",53.1
"7919",24.8
"7920",30.2
"7921",20.6
"7922",41.7
"7923",53.7
"7924",48
"7925",53.6
"7926",55.7
"7927",25.9
"7928",39.2
"7929",47.4
"7930",52.3
"7931",70.5
"7932",61.7
"7933",41.4
"7934",43
"7935",21.9
"7936",27.8
"7937",26.3
"7938",61.8
"7939",86.9
"7940",26.7
"7941",46.8
"7942",37.4
"7943",17.4
"7944",29.9
"7945",30.8
"7946",31.5
"7947",41.3
"7948",31.8
"7949",32.1
"7950",59.7
"7951",88.2
"7952",49.7
"7953",38.4
"7954",113
"7955",43.9
"7956",111.2
"7957",75.8
"7958",30.7
"7959",47.6
"7960",31.1
"7961",54.2
"7962",30.5
"7963",79.2
"7964",31.8
"7965",61
"7966",32.9
"7967",56.1
"7968",45.7
"7969",79.1
"7970",133.7
"7971",22
"7972",59
"7973",32.5
"7974",98.4
"7975",16.7
"7976",84.2
"7977",36.1
"7978",90
"7979",38.2
"7980",54.9
"7981",29.6
"7982",38.1
"7983",26
"7984",109.3
"7985",16.6
"7986",42.2
"7987",29.1
"7988",67.4
"7989",22
"7990",38.7
"7991",50.7
"7992",36.3
"7993",37.9
"7994",34.8
"7995",36.9
"7996",118.4
"7997",51.1
"7998",38.3
"7999",16.1
"8000",47.7
"8001",31.7
"8002",36.9
"8003",31.4
"8004",27.1
"8005",101.3
"8006",57.5
"8007",37.3
"8008",31.7
"8009",36.7
"8010",47.9
"8011",77.5
"8012",98.6
"8013",66.9
"8014",45.1
"8015",27.6
"8016",50.4
"8017",32.2
"8018",42.4
"8019",127.2
"8020",77.6
"8021",47.3
"8022",35.7
"8023",65.5
"8024",21.8
"8025",46.5
"8026",30.1
"8027",46.3
"8028",107.1
"8029",18.8
"8030",24.3
"8031",49.4
"8032",63.9
"8033",45.2
"8034",46.6
"8035",72.8
"8036",41.4
"8037",71.7
"8038",60.8
"8039",34.4
"8040",64.1
"8041",31.1
"8042",32
"8043",13.2
"8044",93.8
"8045",43.7
"8046",48
"8047",35.7
"8048",23.3
"8049",55.5
"8050",41.5
"8051",65.1
"8052",21.1
"8053",59.4
"8054",35.5
"8055",33.5
"8056",97.6
"8057",20.8
"8058",42.8
"8059",33.4
"8060",36.1
"8061",50.9
"8062",41.8
"8063",61.6
"8064",46.9
"8065",60.3
"8066",32.6
"8067",26.4
"8068",38.2
"8069",33.9
"8070",57.8
"8071",109.7
"8072",64.2
"8073",32.5
"8074",42.5
"8075",88.1
"8076",25.4
"8077",58.4
"8078",23.5
"8079",29.2
"8080",13.4
"8081",35.4
"8082",31.2
"8083",81.4
"8084",55.7
"8085",45.1
"8086",33.5
"8087",92.7
"8088",55.8
"8089",44
"8090",49.2
"8091",24.3
"8092",70.8
"8093",53.6
"8094",57.6
"8095",61.9
"8096",89.6
"8097",75.1
"8098",68.7
"8099",55
"8100",85.2
"8101",31.9
"8102",75.3
"8103",33.8
"8104",72.6
"8105",55.2
"8106",62.5
"8107",31.8
"8108",42.8
"8109",23
"8110",61.7
"8111",64.3
"8112",31.7
"8113",62
"8114",126.7
"8115",62.9
"8116",13.6
"8117",39.8
"8118",21.1
"8119",21.1
"8120",64.2
"8121",52.8
"8122",80
"8123",63.6
"8124",40.4
"8125",63.6
"8126",41.2
"8127",43.9
"8128",30.2
"8129",42.7
"8130",23.8
"8131",21.3
"8132",52.9
"8133",50.9
"8134",79.8
"8135",41
"8136",54
"8137",34.7
"8138",52.2
"8139",63.6
"8140",67.4
"8141",53.7
"8142",21.7
"8143",43.9
"8144",30.9
"8145",74.9
"8146",57.5
"8147",26.9
"8148",90.5
"8149",58.6
"8150",43
"8151",103.8
"8152",53.9
"8153",68.4
"8154",28.7
"8155",26.7
"8156",57.7
"8157",30.1
"8158",40.1
"8159",29.2
"8160",31.5
"8161",93.3
"8162",138.4
"8163",35.8
"8164",92.4
"8165",24.2
"8166",46.4
"8167",53.9
"8168",22
"8169",63.2
"8170",45.1
"8171",27.3
"8172",45
"8173",42.1
"8174",25.6
"8175",32.9
"8176",62.4
"8177",28.3
"8178",52.1
"8179",62.3
"8180",58.4
"8181",48.7
"8182",35.2
"8183",39.5
"8184",46.1
"8185",51.9
"8186",40.9
"8187",102.8
"8188",30.4
"8189",35.3
"8190",20.1
"8191",54.8
"8192",45.6
"8193",36.6
"8194",18.6
"8195",35.8
"8196",53.9
"8197",65.4
"8198",36.9
"8199",37.8
"8200",31.7
"8201",57.2
"8202",46.2
"8203",162.7
"8204",63.8
"8205",53
"8206",190.3
"8207",106.8
"8208",33.6
"8209",24.8
"8210",22.9
"8211",102.9
"8212",39.4
"8213",75.5
"8214",59.6
"8215",50.7
"8216",42.7
"8217",49.5
"8218",64.8
"8219",32.1
"8220",26.8
"8221",18.6
"8222",59.8
"8223",35
"8224",111.6
"8225",21.6
"8226",21.7
"8227",21.7
"8228",56.8
"8229",90.5
"8230",21.5
"8231",24.3
"8232",39.8
"8233",28.2
"8234",28.3
"8235",31.5
"8236",17
"8237",77.3
"8238",22.8
"8239",37.2
"8240",26.6
"8241",95.6
"8242",76.2
"8243",33
"8244",87.4
"8245",25.5
"8246",77.2
"8247",41.2
"8248",82.2
"8249",23.2
"8250",47
"8251",13.5
"8252",73.6
"8253",28.8
"8254",117.8
"8255",102
"8256",13.7
"8257",59.9
"8258",37
"8259",59.2
"8260",25.8
"8261",28.5
"8262",46.2
"8263",39.2
"8264",21
"8265",44.3
"8266",26.4
"8267",67.3
"8268",102.4
"8269",56.6
"8270",82.1
"8271",54.1
"8272",49.1
"8273",35.8
"8274",14.7
"8275",38.8
"8276",26.7
"8277",39.4
"8278",50
"8279",56.7
"8280",41.9
"8281",93.1
"8282",27.1
"8283",58.3
"8284",31.7
"8285",61.9
"8286",55.4
"8287",33.1
"8288",63
"8289",30.6
"8290",84.6
"8291",60.3
"8292",66.5
"8293",101.1
"8294",31.3
"8295",19.7
"8296",22.3
"8297",38.3
"8298",76
"8299",25.5
"8300",61.2
"8301",53.8
"8302",40
"8303",138.9
"8304",36.2
"8305",51.8
"8306",171.6
"8307",82
"8308",31.6
"8309",86.4
"8310",26.2
"8311",51.9
"8312",63.7
"8313",66.1
"8314",61.3
"8315",42.8
"8316",18.6
"8317",45.9
"8318",45.9
"8319",22.9
"8320",100
"8321",26.5
"8322",49
"8323",60.6
"8324",107.6
"8325",62.7
"8326",84.6
"8327",27.6
"8328",29.7
"8329",142.7
"8330",47.4
"8331",57.6
"8332",107.4
"8333",52
"8334",26.7
"8335",23
"8336",30.5
"8337",38.4
"8338",81.9
"8339",37.7
"8340",36.5
"8341",56.4
"8342",33.2
"8343",52.1
"8344",54.2
"8345",52.3
"8346",97.9
"8347",24.4
"8348",58.8
"8349",45.7
"8350",36.9
"8351",58.5
"8352",50.9
"8353",37.8
"8354",61
"8355",51.5
"8356",19.7
"8357",19.5
"8358",33.7
"8359",109.3
"8360",43
"8361",45.4
"8362",50.1
"8363",20.5
"8364",41.2
"8365",55.9
"8366",57.8
"8367",46.4
"8368",31.5
"8369",50.7
"8370",49.2
"8371",32.2
"8372",26.7
"8373",30.6
"8374",31.4
"8375",37.7
"8376",71.7
"8377",62.7
"8378",65.5
"8379",19
"8380",45.9
"8381",17.6
"8382",79.8
"8383",142.7
"8384",43.1
"8385",16.5
"8386",32
"8387",41.6
"8388",37.5
"8389",22.5
"8390",85.1
"8391",45.4
"8392",30.2
"8393",36.4
"8394",27.1
"8395",51.2
"8396",47
"8397",18.7
"8398",85.2
"8399",21.8
"8400",45.4
"8401",27.9
"8402",77.9
"8403",93.4
"8404",18.7
"8405",25.7
"8406",31.7
"8407",152.1
"8408",28.2
"8409",82.7
"8410",98.3
"8411",51.1
"8412",38.6
"8413",67
"8414",19.9
"8415",112
"8416",57.1
"8417",31.9
"8418",33.4
"8419",19.1
"8420",62.9
"8421",33.6
"8422",50.4
"8423",35.5
"8424",120.9
"8425",52.5
"8426",79.8
"8427",31.9
"8428",47.5
"8429",30.4
"8430",83.1
"8431",48.6
"8432",42.9
"8433",80.1
"8434",16.4
"8435",25.5
"8436",47.4
"8437",12.1
"8438",130.2
"8439",28.5
"8440",123.1
"8441",48.2
"8442",87.1
"8443",65.6
"8444",19.3
"8445",64.1
"8446",76.2
"8447",56.3
"8448",83.2
"8449",18.8
"8450",73.3
"8451",51
"8452",39.9
"8453",62.8
"8454",57.4
"8455",46
"8456",25.4
"8457",52.6
"8458",31.9
"8459",30.1
"8460",53.2
"8461",57.7
"8462",83.2
"8463",66.3
"8464",171
"8465",71.7
"8466",51.9
"8467",42.6
"8468",24
"8469",22
"8470",86.3
"8471",137.1
"8472",19.9
"8473",44.6
"8474",58.9
"8475",29.6
"8476",29.7
"8477",89
"8478",103.9
"8479",47
"8480",171.8
"8481",44.8
"8482",40.2
"8483",59.9
"8484",81.1
"8485",25.7
"8486",27.7
"8487",39.1
"8488",38.3
"8489",33.8
"8490",51.1
"8491",22.4
"8492",23.4
"8493",17.3
"8494",83
"8495",18.7
"8496",24.1
"8497",78
"8498",29.7
"8499",49
"8500",53.5
"8501",111.1
"8502",58.9
"8503",34.8
"8504",30.8
"8505",84
"8506",18
"8507",118.8
"8508",51.4
"8509",51.3
"8510",88.9
"8511",28.9
"8512",102.6
"8513",42.8
"8514",79.4
"8515",28
"8516",57.7
"8517",21.7
"8518",34.6
"8519",10.6
"8520",26.3
"8521",98.2
"8522",42.2
"8523",72.3
"8524",11.8
"8525",49.3
"8526",29.8
"8527",71.3
"8528",54
"8529",98.9
"8530",58
"8531",43.2
"8532",37.6
"8533",94.3
"8534",37.3
"8535",40.9
"8536",42.3
"8537",25.7
"8538",39
"8539",23.5
"8540",51.1
"8541",36.5
"8542",37
"8543",33.4
"8544",127.5
"8545",46.3
"8546",21.4
"8547",79.3
"8548",25.2
"8549",21.5
"8550",92.5
"8551",41.1
"8552",67.7
"8553",25
"8554",40.1
"8555",95
"8556",70.8
"8557",49.7
"8558",134.1
"8559",60.7
"8560",37.2
"8561",71.4
"8562",28.8
"8563",55.7
"8564",46.2
"8565",59.5
"8566",68.7
"8567",63.3
"8568",41.5
"8569",76.3
"8570",26.3
"8571",78.7
"8572",23.7
"8573",19.2
"8574",33
"8575",37.3
"8576",20.3
"8577",59.9
"8578",54.7
"8579",31
"8580",17.1
"8581",48.3
"8582",50.7
"8583",73.6
"8584",80.6
"8585",53.6
"8586",54.3
"8587",78.2
"8588",26.4
"8589",33.4
"8590",57.5
"8591",16.9
"8592",35.1
"8593",23.1
"8594",43.3
"8595",72.8
"8596",29.3
"8597",66.1
"8598",18.6
"8599",81.9
"8600",168.2
"8601",61.1
"8602",20.3
"8603",20.5
"8604",27.1
"8605",100.1
"8606",64.4
"8607",59.6
"8608",69.2
"8609",23.1
"8610",24.3
"8611",60.3
"8612",31.3
"8613",64.5
"8614",85.4
"8615",51.6
"8616",63.3
"8617",26.3
"8618",65.8
"8619",26.3
"8620",18.2
"8621",52.5
"8622",46.2
"8623",93.5
"8624",55.1
"8625",47.2
"8626",53.5
"8627",36.3
"8628",75.7
"8629",97
"8630",49
"8631",98.1
"8632",114.6
"8633",15.1
"8634",27.1
"8635",35.1
"8636",59.1
"8637",61.1
"8638",35.9
"8639",75.3
"8640",77.6
"8641",26.8
"8642",34.1
"8643",86.8
"8644",31
"8645",40.5
"8646",50.3
"8647",43
"8648",28.3
"8649",32.3
"8650",67.6
"8651",57.6
"8652",64.4
"8653",27.7
"8654",32.5
"8655",64.5
"8656",48
"8657",37
"8658",41
"8659",51.3
"8660",22.6
"8661",54.9
"8662",66.9
"8663",50.9
"8664",28.2
"8665",33.9
"8666",72.7
"8667",50.5
"8668",40.8
"8669",31.2
"8670",31.9
"8671",39.9
"8672",31.5
"8673",53.6
"8674",55.1
"8675",89.7
"8676",32.4
"8677",38.5
"8678",34.4
"8679",30
"8680",24.5
"8681",42.1
"8682",61.5
"8683",17.3
"8684",35.7
"8685",37.5
"8686",115.6
"8687",52.6
"8688",54.3
"8689",51.1
"8690",41.5
"8691",35.9
"8692",31.9
"8693",76.8
"8694",57.2
"8695",135.5
"8696",25.3
"8697",30.9
"8698",75.5
"8699",37.7
"8700",26.2
"8701",59.2
"8702",27.1
"8703",39.7
"8704",72.5
"8705",44.3
"8706",26.3
"8707",27.6
"8708",36.9
"8709",40.2
"8710",41.6
"8711",120
"8712",114.1
"8713",20.5
"8714",73
"8715",116.1
"8716",83.3
"8717",18.7
"8718",25.4
"8719",28.2
"8720",30.7
"8721",93.4
"8722",41.2
"8723",27.3
"8724",34.9
"8725",55.6
"8726",50.7
"8727",76.5
"8728",22.6
"8729",25.6
"8730",73.6
"8731",28.1
"8732",79.1
"8733",111.3
"8734",46.1
"8735",18.9
"8736",30.7
"8737",35.8
"8738",71.5
"8739",53.7
"8740",49.8
"8741",34.6
"8742",68.7
"8743",103
"8744",40.2
"8745",78.3
"8746",42.5
"8747",68.8
"8748",29.1
"8749",86.7
"8750",58.5
"8751",115.6
"8752",50.4
"8753",46.4
"8754",46.3
"8755",66.8
"8756",31.3
"8757",19.6
"8758",21
"8759",72.9
"8760",123.5
"8761",58.7
"8762",35.2
"8763",27.9
"8764",108.6
"8765",44.3
"8766",50.4
"8767",41
"8768",56.4
"8769",42.1
"8770",13.9
"8771",58.4
"8772",37.7
"8773",47.9
"8774",79.2
"8775",93.1
"8776",15.7
"8777",15.5
"8778",34
"8779",145.2
"8780",26.4
"8781",119.6
"8782",72.3
"8783",72.5
"8784",28.7
"8785",58.3
"8786",24.7
"8787",23.4
"8788",29.3
"8789",48.7
"8790",23.7
"8791",86.7
"8792",36.4
"8793",30.8
"8794",38.8
"8795",77.2
"8796",89.7
"8797",27.5
"8798",44
"8799",65.3
"8800",149.8
"8801",29.1
"8802",46.4
"8803",61
"8804",81.1
"8805",43.6
"8806",31.9
"8807",52.1
"8808",28.2
"8809",31.8
"8810",16.3
"8811",32.5
"8812",93.9
"8813",39.5
"8814",64.8
"8815",57
"8816",15.6
"8817",25.6
"8818",52.6
"8819",62.6
"8820",12
"8821",87.1
"8822",54.6
"8823",154
"8824",71.4
"8825",144.9
"8826",36.2
"8827",29.5
"8828",41.8
"8829",32
"8830",49.2
"8831",99.3
"8832",29.4
"8833",66.2
"8834",20.1
"8835",57.4
"8836",55.7
"8837",40.9
"8838",37.8
"8839",51.9
"8840",64.6
"8841",141.4
"8842",51.1
"8843",62.2
"8844",25.8
"8845",53.7
"8846",40.8
"8847",55.5
"8848",34.8
"8849",33.9
"8850",56.2
"8851",60.2
"8852",111
"8853",31.6
"8854",47.3
"8855",45.6
"8856",44.4
"8857",145.6
"8858",40.3
"8859",34
"8860",31.7
"8861",37.2
"8862",31
"8863",70.7
"8864",68.1
"8865",18.7
"8866",46.1
"8867",38.5
"8868",91.9
"8869",39.6
"8870",32.8
"8871",14.2
"8872",71.1
"8873",74
"8874",24.4
"8875",42.9
"8876",28.4
"8877",10.6
"8878",57.3
"8879",32.8
"8880",66.9
"8881",59.3
"8882",59.5
"8883",47.9
"8884",33.1
"8885",34.7
"8886",30.8
"8887",21.6
"8888",81.7
"8889",44.8
"8890",30.1
"8891",28.5
"8892",55.2
"8893",31.1
"8894",57.8
"8895",46
"8896",35.9
"8897",27
"8898",23.6
"8899",58.3
"8900",20.9
"8901",57.3
"8902",20.6
"8903",59.6
"8904",111.6
"8905",16.4
"8906",89.4
"8907",52.4
"8908",51.5
"8909",36.8
"8910",40
"8911",40.1
"8912",128
"8913",26.4
"8914",27.5
"8915",32.6
"8916",23.4
"8917",20.5
"8918",43.8
"8919",46.7
"8920",72.4
"8921",35
"8922",29.1
"8923",40.6
"8924",35.7
"8925",63.1
"8926",117.5
"8927",74.5
"8928",84.9
"8929",89.4
"8930",101.7
"8931",57.8
"8932",140.1
"8933",41.3
"8934",39.3
"8935",25.9
"8936",17.5
"8937",47
"8938",46.2
"8939",30.4
"8940",74
"8941",53
"8942",36.7
"8943",41.4
"8944",39.3
"8945",18.6
"8946",20.5
"8947",54.4
"8948",41.7
"8949",58.6
"8950",63.5
"8951",19.5
"8952",93.9
"8953",96.2
"8954",70.7
"8955",37.8
"8956",39.1
"8957",62.4
"8958",138
"8959",46.3
"8960",48.4
"8961",22.1
"8962",34.1
"8963",25.3
"8964",54.1
"8965",91
"8966",45.4
"8967",72.8
"8968",42.8
"8969",51.9
"8970",29.4
"8971",26.4
"8972",41
"8973",42.8
"8974",51.4
"8975",29.5
"8976",23.6
"8977",56
"8978",163.7
"8979",95.4
"8980",37.9
"8981",18.2
"8982",18.1
"8983",18.1
"8984",74.2
"8985",66.3
"8986",84.2
"8987",58
"8988",78.3
"8989",44.1
"8990",38.8
"8991",65
"8992",65.7
"8993",16.7
"8994",32.2
"8995",78.4
"8996",95.8
"8997",69.1
"8998",54.7
"8999",27.6
"9000",78.9
"9001",53.3
"9002",20.8
"9003",21
"9004",65.7
"9005",137.5
"9006",108.8
"9007",44.6
"9008",32.7
"9009",51.1
"9010",42.9
"9011",66.6
"9012",38.1
"9013",41.2
"9014",110
"9015",49.9
"9016",93.3
"9017",23.7
"9018",42.3
"9019",28.8
"9020",40.4
"9021",60.2
"9022",32.9
"9023",39.4
"9024",45.1
"9025",45.1
"9026",33.2
"9027",59.4
"9028",44.4
"9029",41
"9030",103.9
"9031",45.3
"9032",29.6
"9033",49.2
"9034",37.9
"9035",59.6
"9036",21.8
"9037",29.1
"9038",39.2
"9039",59.8
"9040",46.9
"9041",20.3
"9042",87.3
"9043",22.9
"9044",24.4
"9045",22.2
"9046",23.5
"9047",28.2
"9048",42.3
"9049",16.2
"9050",76.6
"9051",36.1
"9052",31.2
"9053",37.4
"9054",66.6
"9055",21.9
"9056",28.9
"9057",39.3
"9058",43
"9059",54.6
"9060",25.1
"9061",31.1
"9062",22.7
"9063",25.2
"9064",37.6
"9065",40.7
"9066",32.4
"9067",30.7
"9068",133
"9069",21
"9070",39.2
"9071",44.7
"9072",50.9
"9073",32.5
"9074",24.7
"9075",110.4
"9076",54.4
"9077",51.7
"9078",18.9
"9079",47.2
"9080",74.5
"9081",32.4
"9082",43.3
"9083",49.2
"9084",39.2
"9085",27.7
"9086",45.7
"9087",18.9
"9088",54.6
"9089",21.3
"9090",19.5
"9091",22.9
"9092",37.6
"9093",76.5
"9094",32
"9095",24.4
"9096",45.8
"9097",89.1
"9098",41.1
"9099",71.1
"9100",32.6
"9101",15.2
"9102",33
"9103",42.2
"9104",17
"9105",25.7
"9106",39.1
"9107",47.1
"9108",62
"9109",56.8
"9110",28.7
"9111",109.6
"9112",56.9
"9113",39
"9114",49
"9115",44
"9116",35.4
"9117",53.3
"9118",27.7
"9119",27.7
"9120",36
"9121",35
"9122",94.3
"9123",17.2
"9124",52.4
"9125",38.3
"9126",75.2
"9127",17.9
"9128",23
"9129",44.4
"9130",62.6
"9131",22.6
"9132",36.5
"9133",43.9
"9134",38.8
"9135",46.2
"9136",41
"9137",29.7
"9138",24.5
"9139",45.8
"9140",32.4
"9141",21.2
"9142",34.3
"9143",69.1
"9144",44.1
"9145",132.4
"9146",25.5
"9147",34.3
"9148",69.3
"9149",12.3
"9150",26.4
"9151",116.4
"9152",23.5
"9153",77.5
"9154",52.3
"9155",89
"9156",28.4
"9157",112.1
"9158",47.3
"9159",33.6
"9160",21
"9161",21.3
"9162",20.4
"9163",147.9
"9164",50.8
"9165",36.2
"9166",34.4
"9167",61.8
"9168",36.8
"9169",17.7
"9170",75.1
"9171",56.4
"9172",21.6
"9173",26
"9174",26.4
"9175",43.8
"9176",145.2
"9177",30.7
"9178",37.2
"9179",24.8
"9180",58.6
"9181",39.5
"9182",70.2
"9183",31.2
"9184",48.7
"9185",101.2
"9186",30.8
"9187",71.6
"9188",25.3
"9189",30.9
"9190",56
"9191",31.5
"9192",100.8
"9193",21.5
"9194",69.2
"9195",38.8
"9196",33.7
"9197",69.1
"9198",28.9
"9199",77.2
"9200",35.1
"9201",26.6
"9202",57.3
"9203",42.2
"9204",88.7
"9205",32.5
"9206",37.4
"9207",45.7
"9208",84.2
"9209",19.2
"9210",35.2
"9211",28.6
"9212",37.8
"9213",54.7
"9214",21.4
"9215",67.2
"9216",64.5
"9217",54.4
"9218",52.3
"9219",47.9
"9220",47.6
"9221",79.2
"9222",77.2
"9223",77.9
"9224",40
"9225",67.8
"9226",45.4
"9227",86.5
"9228",43.9
"9229",90.5
"9230",24.5
"9231",54.9
"9232",43.6
"9233",50.2
"9234",41.3
"9235",31.1
"9236",95.7
"9237",37.3
"9238",10.2
"9239",29.4
"9240",20
"9241",87.2
"9242",37.1
"9243",38.7
"9244",44.9
"9245",84.6
"9246",20.3
"9247",50.8
"9248",38.3
"9249",24.3
"9250",49.9
"9251",64.6
"9252",16.2
"9253",39.6
"9254",61.2
"9255",36.4
"9256",67.6
"9257",15.3
"9258",49.5
"9259",46.4
"9260",29.5
"9261",33.7
"9262",16.9
"9263",30.8
"9264",85.5
"9265",22.9
"9266",25
"9267",60
"9268",55.8
"9269",50.6
"9270",166.5
"9271",30.1
"9272",41.7
"9273",85.5
"9274",37.5
"9275",53.8
"9276",19.6
"9277",41.6
"9278",69.5
"9279",121.6
"9280",27.5
"9281",25.7
"9282",28.4
"9283",69.9
"9284",49.1
"9285",34.3
"9286",40.6
"9287",55.8
"9288",98.9
"9289",56.5
"9290",78.2
"9291",93.8
"9292",48.5
"9293",39.7
"9294",67
"9295",96.7
"9296",154.1
"9297",79.6
"9298",32.1
"9299",29.4
"9300",35.2
"9301",22.6
"9302",54.2
"9303",44.8
"9304",38.9
"9305",139.5
"9306",73.1
"9307",22.1
"9308",102.3
"9309",22.1
"9310",21.1
"9311",22.1
"9312",31.4
"9313",107.4
"9314",31
"9315",28
"9316",37.7
"9317",32.6
"9318",53.5
"9319",38.6
"9320",25.1
"9321",43.3
"9322",31.9
"9323",37.9
"9324",23.9
"9325",42.2
"9326",24
"9327",48.6
"9328",31.4
"9329",44.2
"9330",35.9
"9331",26.3
"9332",42
"9333",18.9
"9334",35.7
"9335",52.6
"9336",46.1
"9337",32.1
"9338",55.5
"9339",32.9
"9340",45.9
"9341",71.7
"9342",97.3
"9343",61.6
"9344",116.8
"9345",92.7
"9346",24.8
"9347",68
"9348",63.6
"9349",38.8
"9350",85.1
"9351",36.4
"9352",28.9
"9353",48.6
"9354",83.5
"9355",43.9
"9356",70.6
"9357",80.5
"9358",41.6
"9359",72.7
"9360",10.8
"9361",17.1
"9362",34.7
"9363",61.9
"9364",41.3
"9365",20.7
"9366",53.5
"9367",25.7
"9368",49.8
"9369",34.8
"9370",93.9
"9371",31.4
"9372",39
"9373",32.8
"9374",31.6
"9375",50.9
"9376",74.6
"9377",57.3
"9378",38.2
"9379",135.3
"9380",38.3
"9381",44.2
"9382",19.4
"9383",57.7
"9384",39.2
"9385",160.9
"9386",25.4
"9387",39.1
"9388",63.3
"9389",27.2
"9390",40.2
"9391",43.1
"9392",79.9
"9393",71.9
"9394",27.7
"9395",56.5
"9396",35.4
"9397",49.5
"9398",38.9
"9399",81.6
"9400",35.8
"9401",39.5
"9402",64.5
"9403",12.5
"9404",38.5
"9405",62.7
"9406",27.4
"9407",73.8
"9408",42.4
"9409",44.1
"9410",24.6
"9411",40.2
"9412",46.5
"9413",65.1
"9414",43.7
"9415",19.1
"9416",23.9
"9417",25.3
"9418",112.4
"9419",31
"9420",47.1
"9421",104.6
"9422",60.7
"9423",38.9
"9424",52.4
"9425",77.5
"9426",40.8
"9427",59.1
"9428",32
"9429",54.2
"9430",24.9
"9431",40.3
"9432",22.4
"9433",16.2
"9434",55.1
"9435",31
"9436",60.9
"9437",108.4
"9438",33.8
"9439",70.4
"9440",91.7
"9441",66
"9442",81.9
"9443",61.6
"9444",39.5
"9445",23.1
"9446",79.5
"9447",58.4
"9448",28.7
"9449",94.7
"9450",43.3
"9451",30.8
"9452",34.5
"9453",43.9
"9454",132.6
"9455",28.3
"9456",21.1
"9457",46.3
"9458",39.8
"9459",93.7
"9460",33.8
"9461",40.2
"9462",23.2
"9463",66.6
"9464",23.8
"9465",35.8
"9466",27.2
"9467",28.9
"9468",26.8
"9469",65.7
"9470",42.9
"9471",24.3
"9472",18.2
"9473",16.5
"9474",70
"9475",15.6
"9476",84.5
"9477",101.5
"9478",43.2
"9479",20.4
"9480",73.9
"9481",59.3
"9482",65.9
"9483",53
"9484",25.9
"9485",23.9
"9486",37.2
"9487",26.5
"9488",14.7
"9489",22.9
"9490",25.4
"9491",96.6
"9492",118.5
"9493",103.1
"9494",23.6
"9495",68.5
"9496",164.8
"9497",82.5
"9498",27.3
"9499",64.4
"9500",40.3
"9501",33.3
"9502",40.4
"9503",102.5
"9504",74
"9505",39.4
"9506",39.1
"9507",71.5
"9508",51.6
"9509",42.7
"9510",29.6
"9511",26.3
"9512",53.8
"9513",61.4
"9514",96.5
"9515",35.9
"9516",28.5
"9517",47.6
"9518",45.2
"9519",37.2
"9520",115.6
"9521",57.9
"9522",32
"9523",75.9
"9524",39.7
"9525",54.5
"9526",33.5
"9527",78
"9528",36
"9529",93.8
"9530",50.9
"9531",58.8
"9532",31.2
"9533",92.6
"9534",55.6
"9535",49.2
"9536",50.3
"9537",48.3
"9538",32.7
"9539",46.2
"9540",30.8
"9541",29.5
"9542",64.9
"9543",27.4
"9544",44.8
"9545",23.2
"9546",82.3
"9547",29.1
"9548",18.3
"9549",34.4
"9550",66.5
"9551",45.5
"9552",34.4
"9553",34
"9554",64
"9555",58.2
"9556",20.8
"9557",19.8
"9558",61.5
"9559",68.8
"9560",31.3
"9561",45.2
"9562",42.2
"9563",55.7
"9564",40.3
"9565",62.8
"9566",98.3
"9567",46.7
"9568",40
"9569",38.7
"9570",55.2
"9571",86
"9572",36.1
"9573",40.2
"9574",81.7
"9575",47.6
"9576",35.7
"9577",34.5
"9578",24.7
"9579",34.5
"9580",32.7
"9581",25.1
"9582",23.8
"9583",54.8
"9584",117.4
"9585",43.1
"9586",37.1
"9587",225.3
"9588",16.7
"9589",152.9
"9590",25.4
"9591",54.1
"9592",13.7
"9593",35.3
"9594",34.4
"9595",49.8
"9596",25.8
"9597",37.4
"9598",153.8
"9599",22.1
"9600",65.7
"9601",33.4
"9602",33.1
"9603",15.7
"9604",41.9
"9605",32.4
"9606",28.9
"9607",60.3
"9608",43.6
"9609",29.9
"9610",36.7
"9611",32.3
"9612",32.2
"9613",56.3
"9614",40.8
"9615",90.6
"9616",46.6
"9617",18.9
"9618",44.3
"9619",68.6
"9620",28.2
"9621",48.3
"9622",21.7
"9623",33.8
"9624",65.3
"9625",55.8
"9626",66.2
"9627",32.5
"9628",137.2
"9629",70.6
"9630",88
"9631",82.1
"9632",58.9
"9633",21.1
"9634",140
"9635",32
"9636",68.2
"9637",54.6
"9638",54.9
"9639",23.9
"9640",44.7
"9641",45.3
"9642",52.1
"9643",47.5
"9644",40.6
"9645",46.5
"9646",34.7
"9647",56.4
"9648",36.9
"9649",28.9
"9650",40.1
"9651",55.8
"9652",49.1
"9653",44.9
"9654",22.2
"9655",74.2
"9656",68.1
"9657",41.7
"9658",49.1
"9659",71.8
"9660",96.8
"9661",23.4
"9662",35.2
"9663",45.3
"9664",21.8
"9665",50.3
"9666",18.1
"9667",31.1
"9668",59.7
"9669",37.1
"9670",33.8
"9671",34.1
"9672",34.1
"9673",48.9
"9674",29.9
"9675",56.2
"9676",44.9
"9677",35.9
"9678",70.7
"9679",32.1
"9680",38
"9681",39.2
"9682",113.9
"9683",27.6
"9684",35.1
"9685",46.7
"9686",42
"9687",35.3
"9688",24.3
"9689",22.7
"9690",34.4
"9691",79.8
"9692",27.5
"9693",16.8
"9694",30.7
"9695",67.2
"9696",76.4
"9697",30.4
"9698",25.5
"9699",30.1
"9700",17.8
"9701",47.3
"9702",51.7
"9703",32.8
"9704",68.7
"9705",151.1
"9706",70.5
"9707",43.7
"9708",40.2
"9709",44
"9710",30.9
"9711",62.5
"9712",22.4
"9713",60.9
"9714",39.2
"9715",38.9
"9716",22.7
"9717",78.9
"9718",29.6
"9719",56.4
"9720",30.8
"9721",91.1
"9722",44.9
"9723",55
"9724",144.5
"9725",34
"9726",70.2
"9727",15.2
"9728",63.8
"9729",67.8
"9730",104.5
"9731",53
"9732",111.1
"9733",79.3
"9734",66
"9735",19.5
"9736",135.9
"9737",48.1
"9738",15.3
"9739",30.1
"9740",23
"9741",59.6
"9742",35.9
"9743",23.2
"9744",26.9
"9745",48.4
"9746",106.8
"9747",31
"9748",40.9
"9749",44.9
"9750",79.9
"9751",52.4
"9752",28.3
"9753",40.3
"9754",32
"9755",20.8
"9756",51
"9757",36.9
"9758",93.4
"9759",33.5
"9760",66.3
"9761",46.2
"9762",52
"9763",38.2
"9764",86.6
"9765",16.7
"9766",88.1
"9767",22.5
"9768",62.6
"9769",44.3
"9770",53.6
"9771",69.6
"9772",18.9
"9773",67.2
"9774",54.6
"9775",102.1
"9776",71.5
"9777",50.7
"9778",37.6
"9779",16.2
"9780",21.4
"9781",58.1
"9782",89.7
"9783",88.8
"9784",33
"9785",29.8
"9786",74.6
"9787",36.9
"9788",42.5
"9789",33.2
"9790",53.9
"9791",117.7
"9792",16.7
"9793",33.7
"9794",90.4
"9795",49.4
"9796",71
"9797",62.9
"9798",22.9
"9799",52.7
"9800",33.2
"9801",56.4
"9802",81.7
"9803",16.9
"9804",59.2
"9805",32.3
"9806",50.7
"9807",55.4
"9808",68.7
"9809",27.4
"9810",68.2
"9811",80.1
"9812",19.4
"9813",34.2
"9814",83.1
"9815",41.2
"9816",37.7
"9817",64.6
"9818",71.1
"9819",54.4
"9820",42
"9821",98.4
"9822",73.6
"9823",40.7
"9824",114.5
"9825",67.1
"9826",40.2
"9827",75.3
"9828",87.3
"9829",64.2
"9830",96.4
"9831",36
"9832",107.5
"9833",106.7
"9834",53.1
"9835",39.5
"9836",26.4
"9837",34.6
"9838",73.1
"9839",41.8
"9840",50.4
"9841",19.3
"9842",18.3
"9843",28
"9844",108.8
"9845",60.7
"9846",32.3
"9847",140
"9848",68.3
"9849",25.1
"9850",34
"9851",36.9
"9852",26.3
"9853",95
"9854",51.9
"9855",89.2
"9856",40.5
"9857",89.5
"9858",32.9
"9859",53.4
"9860",52.4
"9861",25.4
"9862",52.2
"9863",16.9
"9864",82.8
"9865",102.8
"9866",35
"9867",55.9
"9868",30.9
"9869",20.5
"9870",38.3
"9871",56.7
"9872",63.8
"9873",21.6
"9874",65.8
"9875",78
"9876",21.1
"9877",43.3
"9878",96.6
"9879",37.3
"9880",33.3
"9881",27.9
"9882",17.4
"9883",22.3
"9884",110.4
"9885",59.3
"9886",35.8
"9887",54.3
"9888",26.4
"9889",47
"9890",21.3
"9891",36.2
"9892",19.4
"9893",42.3
"9894",24.3
"9895",49
"9896",43.8
"9897",49.7
"9898",59.6
"9899",35.7
"9900",94.3
"9901",71.8
"9902",32.2
"9903",112.7
"9904",47.9
"9905",29.5
"9906",52.3
"9907",42.1
"9908",40
"9909",27.2
"9910",48.6
"9911",100.7
"9912",41.4
"9913",62.5
"9914",44
"9915",99.5
"9916",81.4
"9917",58.1
"9918",79.1
"9919",28.3
"9920",15.4
"9921",32.1
"9922",101.8
"9923",26.2
"9924",42.9
"9925",41.7
"9926",57.7
"9927",42.3
"9928",32.5
"9929",103
"9930",109.2
"9931",33.2
"9932",59
"9933",30
"9934",72.2
"9935",60.5
"9936",67.1
"9937",39.6
"9938",105.6
"9939",19.7
"9940",39.6
"9941",39.3
"9942",31.4
"9943",66.3
"9944",30
"9945",71.6
"9946",106.8
"9947",21.7
"9948",101.1
"9949",44.7
"9950",30.7
"9951",13.8
"9952",103
"9953",34.5
"9954",37.5
"9955",30.7
"9956",45.8
"9957",42.3
"9958",43.2
"9959",46.2
"9960",51.2
"9961",21.6
"9962",44.8
"9963",41.5
"9964",80.2
"9965",39.1
"9966",32.7
"9967",37.2
"9968",68.5
"9969",52.9
"9970",62.4
"9971",34.6
"9972",37.9
"9973",23.4
"9974",49.6
"9975",44.3
"9976",26.1
"9977",57.4
"9978",21.1
"9979",37.1
"9980",33.9
"9981",134.5
"9982",47.8
"9983",36.1
"9984",27.3
"9985",55.3
"9986",41
"9987",60.4
"9988",32.7
"9989",26.1
"9990",37.5
"9991",22.1
"9992",31.4
"9993",45.2
"9994",32.3
"9995",24.1
"9996",51.1
"9997",38
"9998",54.7
"9999",34
"10000",44.1
