"","V1"
"1",115.719318207628
"2",68.7672430524969
"3",78.3032690436717
"4",83.3057869575349
"5",138.162735210162
"6",119.431376297635
"7",87.0436972280497
"8",118.54946336789
"9",77.3208045239585
"10",186.230651968439
"11",89.517419120843
"12",75.7696262212338
"13",79.2889843168838
"14",91.034737525275
"15",75.0258945465297
"16",84.727007361854
"17",74.2435183501507
"18",75.5162116805735
"19",99.372698637473
"20",106.357406828652
"21",75.4699177251862
"22",152.35318296852
"23",83.6396546295163
"24",104.007547850698
"25",81.0168314750974
"26",91.7481472041339
"27",103.274445692879
"28",164.789238317859
"29",76.3011631895446
"30",76.3323742071192
"31",145.628156207921
"32",204.822040267588
"33",113.363480119559
"34",91.6514569633134
"35",111.016609394889
"36",78.6856455836421
"37",72.0314866180483
"38",85.7970140594173
"39",76.5024025022936
"40",96.5521201401175
"41",100.384060717418
"42",91.4630682078589
"43",71.6794133884856
"44",84.2206955172864
"45",86.2986497558791
"46",98.5934984801412
"47",100.405291973653
"48",105.106297075175
"49",72.9743823089097
"50",76.7521597047154
"51",84.3141799031228
"52",131.49982358055
"53",92.6090544847935
"54",74.2018143738681
"55",72.1913751388705
"56",94.5000058327314
"57",89.2156875041244
"58",117.001044373947
"59",107.330312681148
"60",74.4569217641962
"61",128.83582970935
"62",119.536390605034
"63",79.2390186001479
"64",87.2476777547232
"65",85.7973300787755
"66",89.2830193602789
"67",96.7699947614306
"68",121.097022182774
"69",120.131170071497
"70",104.63424826026
"71",131.4792910489
"72",65.1192617350461
"73",123.42059242019
"74",101.59493620546
"75",63.7573607996084
"76",80.9716665323504
"77",103.566635715498
"78",73.813822702778
"79",81.0584955295308
"80",106.005267855146
"81",136.430831132752
"82",124.729007310966
"83",77.6342597480668
"84",118.226397350618
"85",110.889929795079
"86",81.6258893062294
"87",138.044381007225
"88",95.8750789045192
"89",69.6666343928338
"90",86.5603720161876
"91",117.355352894577
"92",74.8763456157183
"93",95.6903137536969
"94",69.2527749680512
"95",76.9688080745336
"96",69.6422467958218
"97",136.227935702506
"98",78.369506463413
"99",85.600055092596
"100",118.993430119442
"101",110.239222058231
"102",127.346785881074
"103",130.792110451217
"104",117.40968003252
"105",214.020866409838
"106",109.736823356458
"107",116.84654990282
"108",86.2074467283732
"109",75.8318988685691
"110",84.0975847000638
"111",126.376640087939
"112",86.8820474112277
"113",172.816628515158
"114",96.6273894039888
"115",123.592142155708
"116",87.4551631016821
"117",115.794741268763
"118",101.750194764392
"119",69.2359243951534
"120",78.0254600112718
"121",101.01356900988
"122",132.690480900748
"123",79.1847968922685
"124",65.7749874990211
"125",88.7378793284807
"126",84.3267630938704
"127",98.4749882065058
"128",187.936877190634
"129",135.033785967291
"130",98.2194727993489
"131",89.2894657065789
"132",71.2695005703881
"133",104.857773752764
"134",83.0076822779304
"135",97.4876444832055
"136",158.503137555873
"137",101.736787233705
"138",78.1554123328288
"139",119.363940825079
"140",69.5946506228314
"141",86.6921537883747
"142",103.115700425627
"143",75.1121330894179
"144",101.791168301551
"145",64.4670253232595
"146",113.153648422393
"147",87.5389872248937
"148",73.9548366370067
"149",146.640978139987
"150",77.1611111839579
"151",90.8180062844545
"152",137.027589416942
"153",84.4360622510452
"154",143.418966703571
"155",78.8109835938598
"156",100.587709480571
"157",80.4179444450551
"158",83.9300841264126
"159",66.8926972823734
"160",73.9225006929583
"161",74.7496458366604
"162",87.3104229271076
"163",75.5673565067604
"164",85.5611594515383
"165",93.8886663035636
"166",107.841699613926
"167",72.4138294163627
"168",76.3712337163945
"169",93.9180124379338
"170",104.806937635085
"171",73.3208155035908
"172",110.904447916894
"173",131.020897218693
"174",74.2557616229165
"175",66.4117352090645
"176",74.3970027223161
"177",83.1393966552661
"178",91.4527829511799
"179",75.9579276320256
"180",107.558779825007
"181",72.5588113246515
"182",74.9131362651931
"183",136.256835937707
"184",94.9771299360826
"185",99.2933864834702
"186",86.5788972914032
"187",79.0300444173221
"188",95.1942824507215
"189",111.890217855813
"190",77.0517228765884
"191",82.1801372378903
"192",87.1438233956415
"193",95.0383799383536
"194",103.167031457287
"195",95.7909798347943
"196",71.8084903254302
"197",135.498480310011
"198",121.753391820496
"199",67.3180689783078
"200",102.295358598793
"201",66.8943300022683
"202",134.903403010859
"203",70.9147570527409
"204",107.966907152461
"205",75.3300616551874
"206",130.468143746219
"207",81.6962313899457
"208",86.965968897564
"209",141.340946759401
"210",108.9489119311
"211",75.0955673764161
"212",77.6320476367174
"213",111.866587909265
"214",72.268870504717
"215",88.5258661393092
"216",69.910191014322
"217",76.2537588036869
"218",120.102998533392
"219",83.7884660425366
"220",95.1199181609499
"221",83.5461221233235
"222",58.0249890113182
"223",76.7007528896996
"224",57.6659548962674
"225",86.0371344190456
"226",69.7154935631802
"227",197.881181939168
"228",94.9949828912529
"229",107.312132003296
"230",85.4718906513826
"231",82.6751118538627
"232",103.437349118233
"233",95.2177319292239
"234",76.0865937592783
"235",165.453936354922
"236",89.4989092325244
"237",77.836018921539
"238",65.4637395778605
"239",102.040427855166
"240",125.466791197117
"241",136.473337622764
"242",95.315594273778
"243",134.313138529808
"244",114.756311172295
"245",131.297644472193
"246",142.601625098304
"247",203.770589096388
"248",74.6136420564645
"249",104.570647419018
"250",83.2450437023518
"251",141.159295305964
"252",141.346979831607
"253",148.951481339652
"254",81.339333197075
"255",82.7433900194832
"256",75.1326588123157
"257",67.2747528040291
"258",88.8692767313638
"259",90.3167624764265
"260",112.989183750604
"261",98.8432134185048
"262",74.0103130899059
"263",89.9290104600242
"264",78.2304211745288
"265",86.4387415604446
"266",80.2092149690963
"267",89.1124861881883
"268",173.671473427064
"269",83.5997540597279
"270",74.918806689848
"271",84.6643591427605
"272",79.7161072200121
"273",87.1010629772063
"274",80.1343019858694
"275",117.593409319426
"276",95.334429649268
"277",70.9564308571711
"278",78.5061872655695
"279",76.3480869277022
"280",77.0078685419381
"281",156.277584321271
"282",87.7270403049311
"283",132.986317101998
"284",68.7625365813921
"285",106.327253336434
"286",100.316046097358
"287",91.946905150213
"288",78.7699874605306
"289",103.598558357603
"290",80.7506074329961
"291",64.8683379245137
"292",87.0148816447752
"293",112.097395928822
"294",73.4647508329345
"295",84.9957679620459
"296",99.7784683733274
"297",134.386424207724
"298",78.8785378244977
"299",84.8870012725001
"300",80.727016996415
"301",118.093393414509
"302",131.765602361218
"303",91.7920237709633
"304",116.304926315883
"305",130.052885111143
"306",103.215731126354
"307",71.3872872411573
"308",89.0582436946548
"309",92.4038648966766
"310",87.0025972953698
"311",93.5383405906502
"312",60.9187076687601
"313",89.5718342178617
"314",72.1267573776001
"315",65.5462898991568
"316",126.11135900819
"317",115.761048363532
"318",70.6060428738725
"319",108.722187319839
"320",65.2421354359007
"321",79.5053526391061
"322",143.757238449145
"323",106.984566139636
"324",131.522475735994
"325",106.733004540747
"326",90.1377466271766
"327",63.1449947422224
"328",86.6342100824699
"329",99.1344560863987
"330",83.8924689395642
"331",114.597393509349
"332",156.07598608433
"333",72.4909406558721
"334",93.4173244414845
"335",70.3202223936132
"336",95.6384468316433
"337",70.2195762666768
"338",79.95567221566
"339",80.4069206899705
"340",119.051468535436
"341",122.045673971838
"342",63.9740461541825
"343",116.143968628318
"344",108.347375749896
"345",77.8599000141956
"346",98.7115226728588
"347",98.3248005938768
"348",73.7385345082869
"349",83.1922712257163
"350",120.003475426501
"351",108.386253277786
"352",133.255781414022
"353",94.3338599204416
"354",67.3522036162618
"355",109.400161766355
"356",169.009912350503
"357",71.0199109186688
"358",96.6925049435922
"359",64.5833886708067
"360",84.4778417559497
"361",88.1251007469817
"362",67.4692374300467
"363",64.2497683831001
"364",69.5608563760995
"365",88.8143747622867
"366",76.4071336118578
"367",125.810425392277
"368",102.116729349637
"369",100.984115976026
"370",67.9964770187583
"371",97.1105524671159
"372",77.358214337549
"373",152.545821481296
"374",121.321989376363
"375",73.1636625816476
"376",75.9827770770511
"377",76.8749325098361
"378",73.9912335727193
"379",143.175536365723
"380",77.9339156497245
"381",80.1436564823095
"382",63.7094634640827
"383",115.575131805885
"384",80.2833166188484
"385",90.7295686109071
"386",107.491526937334
"387",129.389918892196
"388",139.887003968536
"389",110.837042053035
"390",121.159169382145
"391",131.967489470485
"392",102.298713879786
"393",92.499502315285
"394",106.01360530177
"395",94.6075576132021
"396",115.685940809097
"397",117.753424336505
"398",102.772003589899
"399",134.469943376043
"400",100.886330939211
"401",67.3295847513116
"402",114.46819878997
"403",83.8427950238914
"404",87.1192650820374
"405",70.5452062619476
"406",129.046601689942
"407",127.462719097917
"408",85.042098079438
"409",102.958626741281
"410",98.5746248015027
"411",67.6181398801864
"412",86.5634110057966
"413",89.9135751280323
"414",74.1398327957469
"415",79.2560291004087
"416",104.289466275607
"417",113.264800654465
"418",89.8564779023828
"419",85.5763803817249
"420",73.2447782028112
"421",91.3547117554462
"422",75.5775090546996
"423",142.782630198103
"424",96.2237552715462
"425",72.9758985822056
"426",65.7212545210809
"427",113.779607857177
"428",97.2135776085889
"429",80.5018065856581
"430",98.1935981583923
"431",103.50131544423
"432",106.656215592367
"433",66.2000558424853
"434",142.842746499866
"435",84.62924916403
"436",106.130289210522
"437",91.0969385800937
"438",62.3983667384947
"439",96.3998781262905
"440",109.872053459915
"441",94.120001144618
"442",81.4083957626298
"443",83.3285820358126
"444",103.983584762527
"445",87.2415722457873
"446",143.189836179156
"447",133.53183940527
"448",64.1527533622068
"449",110.01395328657
"450",83.3666822304872
"451",99.3237888200504
"452",112.088689647472
"453",80.1125893280751
"454",105.925696129761
"455",153.816373143198
"456",79.8509910591625
"457",56.5750300273871
"458",90.4711927179512
"459",68.9372968204347
"460",102.167133731571
"461",92.9967368832266
"462",70.1519547836849
"463",84.1546723412017
"464",79.6832870300941
"465",81.3515003110294
"466",75.7252049952532
"467",66.201745025522
"468",91.9298781746378
"469",130.003888194564
"470",68.6549155609986
"471",101.280368034626
"472",103.301224771227
"473",102.254721580507
"474",93.2775752170271
"475",67.2072485498841
"476",162.901044742571
"477",65.744873177605
"478",82.2670123425391
"479",89.0749168048361
"480",79.2025339377951
"481",82.741423045877
"482",71.1881594683088
"483",112.056729689942
"484",67.373165856545
"485",94.7374042286893
"486",113.235266731986
"487",88.4533774368093
"488",168.274202222428
"489",71.8729826284333
"490",88.5100829024264
"491",94.7838160012934
"492",86.7096505802223
"493",74.3843170945173
"494",89.1984860721671
"495",105.723415663293
"496",56.6279994927452
"497",88.2927865591286
"498",84.9057537916503
"499",101.58722464886
"500",59.3901176250322
"501",92.3258994639966
"502",89.8881695621633
"503",69.9343476636812
"504",92.3414557915442
"505",97.3488092533271
"506",96.4793852875149
"507",60.276164160051
"508",93.2921578310512
"509",169.794151980462
"510",82.0202431926164
"511",77.7995596463217
"512",98.6580649674077
"513",78.7909638386478
"514",153.442339296018
"515",91.953466166843
"516",87.6631649469871
"517",78.5802409980972
"518",119.490422527849
"519",107.588735273087
"520",88.9693236343025
"521",122.893888243528
"522",129.282360918557
"523",123.472432458927
"524",68.4598444347928
"525",82.2239241267639
"526",79.2662991061018
"527",150.957570212717
"528",82.5830524714917
"529",139.262988761774
"530",126.173574922741
"531",91.9753628747368
"532",71.1209950026228
"533",69.8864456713434
"534",169.234654541896
"535",151.412673478097
"536",88.926366671968
"537",133.61434055226
"538",78.7756698989648
"539",88.7149705335084
"540",120.679305642761
"541",70.627923356591
"542",97.5499732682504
"543",159.15595567199
"544",87.3575608677028
"545",63.4873409253726
"546",86.4538267180866
"547",145.750556363771
"548",67.4204605610316
"549",85.6465579145994
"550",81.2843612746848
"551",85.7262125712503
"552",69.569436658867
"553",75.7568304832703
"554",86.9057870570767
"555",78.8662949716152
"556",97.7377340793972
"557",98.9679371510754
"558",125.19146182962
"559",165.359039855309
"560",81.6979852175199
"561",80.3969722175196
"562",85.1938309334946
"563",89.4387703692762
"564",71.0763001722321
"565",66.1469251071438
"566",98.8962226179153
"567",163.643630708173
"568",79.1132409229559
"569",76.1337588294166
"570",73.5820468514028
"571",91.5476371446963
"572",109.324796314972
"573",136.441951078549
"574",93.722953034833
"575",123.332559793257
"576",80.8709258904882
"577",88.1578255463247
"578",85.6909692962243
"579",124.283401788636
"580",120.171156535469
"581",94.1899253472221
"582",123.606625955773
"583",77.0116043246149
"584",96.0827549297666
"585",91.5294329993626
"586",92.2362729159704
"587",94.5983861977276
"588",87.9560998318159
"589",71.331678403891
"590",144.928965540524
"591",78.0974122895171
"592",84.833107291433
"593",103.835766469389
"594",101.569772117433
"595",90.6708351637247
"596",111.203918852721
"597",73.8823321363361
"598",96.7463559035181
"599",119.048430125912
"600",74.596159475029
"601",102.545829264804
"602",83.3377872537458
"603",69.8691479478367
"604",100.781480132124
"605",121.918896931708
"606",82.4863468257763
"607",73.09385968561
"608",91.788789545827
"609",135.333857020272
"610",76.6670164966326
"611",108.85430846212
"612",120.714163671048
"613",82.1502980095555
"614",94.3186805032666
"615",109.209022371923
"616",129.095506814026
"617",68.0947055977622
"618",146.773300084012
"619",78.5717134827689
"620",104.948971929972
"621",74.3562800772531
"622",66.6932447632396
"623",78.9055762186876
"624",112.956483999275
"625",80.2642117680124
"626",81.3341566350188
"627",111.875025850609
"628",93.554316964134
"629",110.259312565811
"630",96.9757295593528
"631",106.051754509775
"632",103.149008833974
"633",63.4328845115941
"634",114.826658290518
"635",96.4016714456141
"636",71.6784094895568
"637",169.829837699002
"638",122.501622875902
"639",97.1259289411095
"640",96.263542192258
"641",104.801952297307
"642",59.1179733692852
"643",100.839121702852
"644",71.1811964307344
"645",95.2626043150063
"646",77.2071480088276
"647",100.626261435836
"648",83.3468002007233
"649",93.553129404404
"650",107.3031540726
"651",77.6080977987458
"652",114.718286531767
"653",98.1045799184949
"654",105.315868472
"655",90.9318726611899
"656",93.3775994678362
"657",76.8132260346693
"658",69.566932465154
"659",73.5023145297678
"660",55.9054100046399
"661",104.242487971728
"662",113.31427816957
"663",76.0352508484646
"664",67.2332516103449
"665",91.6461378752385
"666",68.5077742130036
"667",118.176941110787
"668",118.297540000549
"669",123.817726159792
"670",95.4571162483098
"671",84.9341395470944
"672",136.745689118825
"673",95.6571968225562
"674",90.5028040593634
"675",141.480186044385
"676",121.556279412598
"677",75.3842652279413
"678",75.4022110299698
"679",140.146244249302
"680",106.083445550349
"681",95.2646561771208
"682",102.221626521217
"683",72.1538335865409
"684",71.4462647499273
"685",60.0131977889373
"686",102.64180030443
"687",86.21631332074
"688",81.5458744685324
"689",94.4592794682646
"690",146.206266945658
"691",114.157247792471
"692",67.5693468146774
"693",68.0024607315189
"694",97.3721211768158
"695",70.1399991888154
"696",83.4693500063127
"697",76.7427505393552
"698",64.5037514776844
"699",148.675434856514
"700",122.394573379429
"701",82.6385812165706
"702",96.4854873407572
"703",72.212290472932
"704",83.3446824511487
"705",96.8478357694772
"706",125.835079770768
"707",107.67514233825
"708",71.5515684797757
"709",71.6785243676813
"710",184.161361275198
"711",94.6857656294047
"712",171.538439306019
"713",156.408001913663
"714",67.1959192183451
"715",86.0312392807717
"716",93.6101029041382
"717",87.4226262226391
"718",59.3090979878671
"719",82.9487334594641
"720",85.6474922059354
"721",106.959722881546
"722",66.8295157409802
"723",65.130469800556
"724",74.9683167585603
"725",98.1557195524987
"726",74.8140129150367
"727",102.587861365629
"728",67.6657276697307
"729",74.3759365616914
"730",90.2219501003212
"731",72.3236183611417
"732",118.280721792684
"733",110.287835491763
"734",58.6454885700211
"735",97.1666950856008
"736",89.3177412681712
"737",86.6964052347441
"738",102.258873996264
"739",111.384188377505
"740",122.587439009667
"741",70.0687444323933
"742",104.532812508974
"743",97.0380501088983
"744",83.2554196476539
"745",103.903947679333
"746",89.7011614863613
"747",64.2313329965224
"748",163.002551188098
"749",90.4735989759945
"750",86.7423133206008
"751",75.2423614528541
"752",134.282795618017
"753",86.120627412308
"754",76.0640055312262
"755",62.494749290311
"756",84.7753895900523
"757",216.734089001928
"758",115.724174348416
"759",183.294526273782
"760",113.178493123283
"761",106.417311659816
"762",69.0146454876535
"763",111.579652417887
"764",96.4553401760657
"765",73.4592124749417
"766",134.248849045467
"767",65.1327864596265
"768",145.37818406073
"769",101.48194678193
"770",121.024407201931
"771",69.0084288087659
"772",90.1168912044279
"773",67.8977976401048
"774",158.506489075652
"775",79.6881475196752
"776",113.640480708138
"777",105.701614000499
"778",91.6459869859643
"779",170.600989060134
"780",119.262650437057
"781",84.8423558944845
"782",127.52408507201
"783",80.6744673255645
"784",72.1424876348668
"785",76.5468937989835
"786",94.3563700439879
"787",69.9104452955144
"788",61.7384316734497
"789",84.2062638306757
"790",80.7160253528227
"791",112.402573345408
"792",63.3190015085524
"793",74.5784283045605
"794",71.1356594233322
"795",96.9011500010233
"796",124.989375451374
"797",117.963936314387
"798",87.0171519071017
"799",62.6291502452837
"800",66.4890772360938
"801",79.1256287567657
"802",61.7696899024844
"803",102.505689595847
"804",86.1718566170012
"805",91.8695449428229
"806",117.718187795977
"807",77.494439670995
"808",97.5982334461238
"809",94.5944028481311
"810",102.45489614837
"811",144.085942238633
"812",74.8750629599421
"813",136.003545813834
"814",107.52413937335
"815",71.4489865052396
"816",67.4454804760297
"817",89.7072182601041
"818",95.6573891257584
"819",145.955382300243
"820",102.408668996991
"821",77.7952316115983
"822",62.6276255730839
"823",117.938327254977
"824",100.799556406939
"825",95.2682461740111
"826",71.7144445329297
"827",135.628667367123
"828",79.3293138601561
"829",107.026365407832
"830",94.114932215496
"831",230.09328873995
"832",87.6721563979064
"833",91.1244883873099
"834",104.636257139759
"835",148.159963309432
"836",103.077620630605
"837",93.2947606585533
"838",112.476655363058
"839",79.3399119662893
"840",73.5585507618961
"841",80.8236498674617
"842",82.1122252295437
"843",124.826547902903
"844",83.8545726167471
"845",131.223337616458
"846",90.1221658607463
"847",140.333364089076
"848",114.83294891294
"849",104.890587142411
"850",147.724974320157
"851",124.04291102765
"852",85.2131495632027
"853",78.7112906181216
"854",71.9768710723168
"855",78.359209270904
"856",68.7380231205795
"857",97.7624552195145
"858",96.2215596283895
"859",167.872447726664
"860",100.031731071043
"861",88.2963787945778
"862",109.231317433036
"863",85.7181261260179
"864",98.3197361447012
"865",151.249868825289
"866",98.6130707036262
"867",173.707572311491
"868",99.6101252814525
"869",165.400062743277
"870",156.842174791802
"871",114.639564992977
"872",85.6911925922202
"873",71.0133791264322
"874",141.880349306072
"875",109.347149960647
"876",144.501000826705
"877",164.576440326212
"878",102.798478616419
"879",75.2862944359463
"880",125.279081235205
"881",92.8484328375972
"882",81.6623926363066
"883",91.9740401465584
"884",82.9786441191583
"885",72.6696531129771
"886",63.9622759808946
"887",78.8173147711832
"888",122.602326626823
"889",64.2843178452343
"890",85.1391693424122
"891",82.413063608687
"892",72.6281292969478
"893",67.9155532873682
"894",115.843203121167
"895",82.2199080999001
"896",90.402648828471
"897",168.55389495996
"898",134.094699916209
"899",69.94934987589
"900",181.208309690457
"901",72.2110030812692
"902",88.2137792620286
"903",97.2007558927694
"904",151.507694393297
"905",136.440232517914
"906",82.2252319959575
"907",95.6849107514672
"908",142.624294132969
"909",63.9773437248442
"910",63.0149258871749
"911",84.5940025763474
"912",114.568230034904
"913",111.219183156383
"914",85.0268623095555
"915",134.277706473944
"916",102.115185103192
"917",89.1782213409927
"918",67.840316777722
"919",121.512930455614
"920",125.388599319286
"921",80.2506109809249
"922",87.6584512631488
"923",132.253070253676
"924",109.511493396908
"925",97.5270920575521
"926",101.78256160075
"927",122.990648421098
"928",102.579991295255
"929",59.3120813334034
"930",102.968451995454
"931",174.032620140186
"932",78.571840681361
"933",86.2466959649317
"934",98.0486635140732
"935",136.539318413094
"936",87.323884030007
"937",77.8458746647751
"938",64.9428773698714
"939",85.778348089863
"940",61.8766029278009
"941",192.052925152089
"942",84.0286138011152
"943",115.268729718555
"944",69.7314115342961
"945",78.1799970628744
"946",108.122355524521
"947",72.2479845112854
"948",177.088095831134
"949",77.5474383303259
"950",91.7676544051332
"951",131.426145026311
"952",87.6926655512451
"953",61.186904968525
"954",197.73511677924
"955",113.617992126433
"956",76.7479266753016
"957",79.5268848707037
"958",103.150164190772
"959",150.151153884722
"960",131.296774605402
"961",76.204375886183
"962",106.351976794141
"963",80.2559016067655
"964",96.5735813454741
"965",130.72717733352
"966",85.0420859156979
"967",90.591179068134
"968",94.5354956404481
"969",159.193680418195
"970",127.102506098847
"971",82.7691472138004
"972",90.1944732455769
"973",90.3852879353084
"974",88.6023670134507
"975",95.3911825111806
"976",93.284570704679
"977",100.394657699003
"978",121.686349763378
"979",165.462107322666
"980",92.4972393600584
"981",136.809268738368
"982",85.8744673580025
"983",75.9915150576116
"984",75.8891013735089
"985",82.2046278036725
"986",107.630032892478
"987",146.777927712785
"988",86.5064499658108
"989",110.913444849325
"990",93.6514941336757
"991",74.5109702245364
"992",63.5234408355281
"993",118.353708700741
"994",105.137865728667
"995",135.295102354868
"996",73.1862776915126
"997",64.4414798367566
"998",69.2998219282121
"999",71.2311026398506
"1000",90.1324870356169
"1001",159.172474072088
"1002",159.251322922543
"1003",98.706200701772
"1004",80.2404914483291
"1005",95.120550949778
"1006",85.4002290684327
"1007",98.1705652940017
"1008",106.440035538377
"1009",79.4047196559285
"1010",75.6530254513811
"1011",109.439427861082
"1012",105.385766596598
"1013",140.277951394745
"1014",105.248489441687
"1015",77.7766448576689
"1016",105.780070125382
"1017",67.7723544689052
"1018",107.612406474845
"1019",109.833271915081
"1020",104.043836717541
"1021",77.3189124893683
"1022",72.6635972403111
"1023",72.1402806501151
"1024",78.1154383484873
"1025",106.538316200371
"1026",127.502599621637
"1027",75.6018558087109
"1028",206.326770584606
"1029",137.221202368584
"1030",96.4939373581964
"1031",68.316401700405
"1032",65.3645057242335
"1033",101.413558418492
"1034",102.562942613142
"1035",100.131967787708
"1036",87.7793190123705
"1037",94.5919652917804
"1038",72.6241728568268
"1039",72.057807674953
"1040",74.9546415623837
"1041",103.652238242847
"1042",91.368241630026
"1043",96.8291573114344
"1044",109.754935673679
"1045",69.4421753094751
"1046",111.40502856389
"1047",80.2225530787214
"1048",122.180326088444
"1049",101.867370154851
"1050",62.3131134850035
"1051",107.852527567323
"1052",64.0272296206155
"1053",147.281429910713
"1054",113.864375190738
"1055",102.368785965842
"1056",81.7606890932687
"1057",75.0757011050771
"1058",108.101827796083
"1059",94.8384389153397
"1060",134.850318412798
"1061",66.3644528719745
"1062",72.379550369008
"1063",81.5783618631746
"1064",142.200547856386
"1065",187.383427490449
"1066",82.2168444033515
"1067",96.4765212993416
"1068",79.8135645491307
"1069",110.528591553654
"1070",70.8531658185749
"1071",95.5306545290669
"1072",235.958192394839
"1073",76.5239598072767
"1074",132.101138784302
"1075",78.4549518910028
"1076",131.247083526636
"1077",61.7462884732337
"1078",59.9484461859717
"1079",114.410456511653
"1080",97.3948191489568
"1081",157.359795698776
"1082",93.7494415713454
"1083",91.6214660649467
"1084",95.7058018412942
"1085",131.634174976714
"1086",76.5792759294371
"1087",76.9365543559028
"1088",116.144188725348
"1089",63.7361305722114
"1090",134.690840761992
"1091",64.5746603805831
"1092",77.2990236049794
"1093",92.8312246939017
"1094",76.5704850926241
"1095",112.044666926034
"1096",129.447134989593
"1097",136.361191778187
"1098",74.3736878216059
"1099",95.2397851253929
"1100",72.8027929166338
"1101",94.7912076637683
"1102",86.6267074072826
"1103",86.450699670093
"1104",106.970579700195
"1105",83.8433751724983
"1106",87.155767372917
"1107",79.0917689123073
"1108",96.7807295361384
"1109",62.4255914981431
"1110",89.5411088240142
"1111",63.8862331578108
"1112",148.354604544339
"1113",88.5965311409897
"1114",67.333482594375
"1115",75.7313841584225
"1116",144.285569090798
"1117",81.7632089657848
"1118",93.4678782226844
"1119",74.2908289043805
"1120",86.7719318169427
"1121",69.6899636231424
"1122",121.297719217718
"1123",78.59980715302
"1124",86.7988594774565
"1125",96.4540676658283
"1126",64.2324818894216
"1127",107.359013331379
"1128",138.839408630844
"1129",86.8868363663439
"1130",118.838483534778
"1131",77.2839341865244
"1132",106.753112599312
"1133",75.0850207395287
"1134",75.4207424501722
"1135",128.073475550311
"1136",74.195720769678
"1137",115.788488473836
"1138",72.5598910711719
"1139",103.941022014788
"1140",76.1874892007074
"1141",110.142315309617
"1142",85.8028291206324
"1143",115.691011251373
"1144",122.512564583592
"1145",72.7643161633669
"1146",90.0493209093972
"1147",81.1888091648779
"1148",104.658236680035
"1149",124.973635354064
"1150",115.586478745429
"1151",87.3945642456087
"1152",86.2080363042352
"1153",127.269344897091
"1154",152.711527591322
"1155",127.878682024056
"1156",83.9953985195479
"1157",58.1856543460968
"1158",81.4531995232398
"1159",76.9068493781911
"1160",109.646450114112
"1161",106.120850538068
"1162",98.277754270875
"1163",103.002925799623
"1164",86.325720987175
"1165",111.334123901493
"1166",72.0581563342534
"1167",66.5633403305809
"1168",107.688168174098
"1169",90.3759355445423
"1170",69.8641937068675
"1171",65.4469498534621
"1172",77.6736534865904
"1173",122.530473876505
"1174",130.396972824366
"1175",84.4778049989804
"1176",72.1876890776579
"1177",120.542825167416
"1178",87.803599479652
"1179",72.8340734032068
"1180",82.5543404091438
"1181",97.0038346602231
"1182",62.2102629537588
"1183",87.6327898811388
"1184",97.8704088307558
"1185",70.0740196925753
"1186",184.042097405354
"1187",70.5655579788919
"1188",89.4178159457085
"1189",121.412305137364
"1190",72.7696754646131
"1191",97.2581191967647
"1192",86.9468157064747
"1193",83.2762159355309
"1194",113.621575394429
"1195",117.596284766211
"1196",90.0444772603098
"1197",77.9263753560251
"1198",89.3674018655692
"1199",99.3366748329672
"1200",85.9456070994571
"1201",100.623097595198
"1202",72.5319271230867
"1203",81.7079348722537
"1204",102.833139975115
"1205",67.6254424691078
"1206",82.0280807121298
"1207",61.9131248396338
"1208",116.120179237732
"1209",100.783072763038
"1210",134.502590222045
"1211",75.8601010324805
"1212",87.5894088468069
"1213",65.992816787753
"1214",103.932009365851
"1215",120.044546677889
"1216",68.1009804843194
"1217",111.351431590734
"1218",69.0479703109038
"1219",74.145120332114
"1220",72.030672640211
"1221",110.621736908703
"1222",97.4511622264265
"1223",121.458108542409
"1224",236.184555444318
"1225",68.9597738027361
"1226",66.7139732139608
"1227",107.597889388219
"1228",94.3627291154846
"1229",100.503158780732
"1230",105.383509725178
"1231",168.428123527586
"1232",79.2052217952114
"1233",93.3250372853873
"1234",89.0835908737622
"1235",84.2061006810753
"1236",76.1777245920858
"1237",97.3986305109904
"1238",73.9847200929963
"1239",98.8367790541965
"1240",95.201263949167
"1241",73.6575089198932
"1242",82.8893841605312
"1243",83.4279529122402
"1244",90.2211271285575
"1245",103.395801568381
"1246",65.2311235098897
"1247",126.219058926611
"1248",70.8050071705825
"1249",98.3069423386445
"1250",74.8815587597807
"1251",120.926224317197
"1252",88.6851821497062
"1253",114.150369108074
"1254",114.267763818135
"1255",112.812141429237
"1256",176.040725027974
"1257",120.568134544522
"1258",81.2925641622078
"1259",86.6111816598484
"1260",78.4288436768356
"1261",69.7681121411668
"1262",98.0846396030397
"1263",103.871403229058
"1264",134.769172746583
"1265",90.9686018974841
"1266",77.2692860269078
"1267",113.176353192259
"1268",100.511558329407
"1269",120.93115558887
"1270",61.9903696919082
"1271",62.9967545695783
"1272",95.3313427067083
"1273",90.275943962261
"1274",90.8158223712581
"1275",103.561576890993
"1276",80.3619484801353
"1277",78.4859710604994
"1278",101.267979503205
"1279",67.6558453603758
"1280",77.5645017019278
"1281",85.8125523055253
"1282",146.531611452198
"1283",90.0029569049996
"1284",83.0615731985924
"1285",85.3016264054086
"1286",91.3491548438171
"1287",71.9931843302377
"1288",63.6370403685539
"1289",89.3001346560847
"1290",68.8663888917266
"1291",100.897327781854
"1292",85.0849560968664
"1293",72.793963542755
"1294",99.4824736291845
"1295",99.2428705731244
"1296",72.7827248254142
"1297",142.099683486056
"1298",176.498905132216
"1299",70.7422011944296
"1300",151.986037112238
"1301",79.6145665706846
"1302",90.9875856367965
"1303",84.7052217872887
"1304",75.5363324699325
"1305",71.5206932756761
"1306",90.5248307814994
"1307",88.9803271905336
"1308",77.366707408371
"1309",114.203302235614
"1310",115.638051569432
"1311",101.776628382871
"1312",84.2464248042207
"1313",111.867287604562
"1314",79.5648160651884
"1315",85.457490595246
"1316",82.4275701760122
"1317",56.4388703935532
"1318",59.9720075195139
"1319",85.8297072779944
"1320",71.8494808483821
"1321",85.4045269807694
"1322",83.6140848334293
"1323",91.2693008601166
"1324",100.305241422279
"1325",94.2320214467742
"1326",57.5387192663926
"1327",75.3609298211521
"1328",100.011411493457
"1329",120.113180219509
"1330",80.0480587573868
"1331",127.922783438208
"1332",244.400258119547
"1333",87.5294627242225
"1334",130.661023515638
"1335",88.4575814012637
"1336",132.874406995545
"1337",69.202950933432
"1338",116.605811095558
"1339",75.9651975991415
"1340",69.33446793752
"1341",71.1273782590191
"1342",109.516394007933
"1343",70.8153996982287
"1344",68.8796663353754
"1345",82.7553853966155
"1346",104.004680955386
"1347",105.913663929116
"1348",73.3409957946392
"1349",76.8257924718789
"1350",115.518657046571
"1351",70.1195604729439
"1352",117.193960271304
"1353",112.789873369704
"1354",141.296432185372
"1355",73.1308184228669
"1356",82.3364133221876
"1357",119.269356448838
"1358",142.731209298176
"1359",116.18789936168
"1360",75.3485985919889
"1361",99.5721196211752
"1362",81.3325042207989
"1363",71.3075036328207
"1364",107.706647866314
"1365",63.879674174257
"1366",111.25589426665
"1367",77.1134901327923
"1368",79.6450711072369
"1369",72.8610610133066
"1370",85.7927560349324
"1371",80.3460232750392
"1372",126.063232835845
"1373",84.9839061167966
"1374",100.14292237171
"1375",105.667659696973
"1376",63.2825750075391
"1377",75.6980022310919
"1378",155.957886269707
"1379",83.3910847906671
"1380",88.98548188308
"1381",80.9781717518775
"1382",92.7423444297436
"1383",74.6521070524193
"1384",73.3224583516236
"1385",76.278028623765
"1386",108.693470966975
"1387",87.3074064513345
"1388",128.922556638664
"1389",63.3917489324796
"1390",57.8060375974829
"1391",63.8369768327561
"1392",97.5204085267348
"1393",108.47185263093
"1394",101.841745143743
"1395",151.628329587892
"1396",155.154790682937
"1397",92.973206555219
"1398",173.550406343466
"1399",106.257154544624
"1400",69.8085879310521
"1401",105.055076589741
"1402",104.492164088439
"1403",87.3350875000545
"1404",100.616992527939
"1405",89.6067701766766
"1406",78.2942072526337
"1407",74.1893479618292
"1408",87.2436105606832
"1409",62.6618293552449
"1410",101.775360530987
"1411",139.770294059373
"1412",79.4210195292383
"1413",96.5408244097238
"1414",77.8389080980679
"1415",79.6536861803028
"1416",95.6969045377194
"1417",108.164758069088
"1418",119.49593074966
"1419",133.646730020047
"1420",68.6514195412732
"1421",114.494011957763
"1422",66.7580321439042
"1423",132.09674861682
"1424",85.2597717884903
"1425",117.201137740154
"1426",73.7503650239859
"1427",129.105971010887
"1428",66.5202955485698
"1429",116.102224521152
"1430",95.6543370466849
"1431",95.4792134865278
"1432",80.7084196505072
"1433",66.9601990643969
"1434",92.3126850041899
"1435",99.8339817267085
"1436",104.858660127377
"1437",80.3737262164666
"1438",108.18464532772
"1439",170.636241176582
"1440",69.0126040764142
"1441",74.9856622880678
"1442",77.9728214856194
"1443",87.5035163680403
"1444",77.9923347398015
"1445",80.5141368369642
"1446",132.270226472352
"1447",73.975718395194
"1448",132.175496582011
"1449",109.602837373781
"1450",80.3160642935435
"1451",73.2226760131815
"1452",73.3999628912764
"1453",69.6745652273371
"1454",107.105803753037
"1455",77.121089287595
"1456",108.681805880084
"1457",142.737596006535
"1458",83.7322829564973
"1459",78.9204531666307
"1460",202.296456616032
"1461",68.1673666717081
"1462",81.7475787180938
"1463",87.2816569952114
"1464",90.8541401517259
"1465",81.7726484702064
"1466",95.2320231006998
"1467",77.0979917158304
"1468",79.7624197590259
"1469",140.999701595393
"1470",120.248269016309
"1471",85.4977828789739
"1472",84.7042223904872
"1473",134.640093772798
"1474",92.8922451068544
"1475",75.8511958733208
"1476",135.24759242274
"1477",125.860846940406
"1478",103.380520331164
"1479",65.2131391133618
"1480",69.369832908183
"1481",95.4527729130714
"1482",93.6828552294402
"1483",77.7910269119256
"1484",115.810891603161
"1485",147.181761950048
"1486",68.536053245073
"1487",90.6825733988729
"1488",91.6589825098899
"1489",86.1510315429949
"1490",127.067250639115
"1491",83.3351266408013
"1492",70.1889119162385
"1493",131.149120405284
"1494",68.2966288733473
"1495",94.5258084962114
"1496",115.575790829632
"1497",79.5625709801415
"1498",75.9050840636673
"1499",87.4765827191391
"1500",72.5434708489044
"1501",115.361582172662
"1502",125.682938086887
"1503",154.93588582695
"1504",72.1656231457948
"1505",64.2588550262589
"1506",101.350093535429
"1507",83.7128770631049
"1508",107.406900748326
"1509",72.329479447134
"1510",96.0604592558625
"1511",91.7274399007155
"1512",74.5131426733354
"1513",87.499319632849
"1514",78.8038640224724
"1515",75.2186076660278
"1516",70.5701167507759
"1517",75.4064477371764
"1518",72.5089541401386
"1519",68.550193256737
"1520",115.912573769124
"1521",109.744038639417
"1522",66.7133308067198
"1523",84.1664295606334
"1524",95.5677759393778
"1525",96.500524341365
"1526",69.0510625465864
"1527",79.7968077747329
"1528",87.9904562399598
"1529",88.0017450480342
"1530",65.8678570964477
"1531",66.1690919839692
"1532",67.0828928550427
"1533",55.4759069045687
"1534",68.1074281050095
"1535",81.8487321233166
"1536",106.206511516088
"1537",60.786290067424
"1538",83.9877613475702
"1539",73.1095835316839
"1540",92.0218113266714
"1541",101.828030765032
"1542",82.0218230364333
"1543",124.214334048533
"1544",116.955930505343
"1545",102.217907048988
"1546",97.8268173713255
"1547",83.8828482963257
"1548",76.957800996687
"1549",65.1252948227892
"1550",64.2244126261747
"1551",80.9292928149839
"1552",74.6768741287846
"1553",89.8872540940644
"1554",107.915768477419
"1555",103.897405864628
"1556",81.945947302747
"1557",118.343676077767
"1558",92.7363564279026
"1559",105.599326516385
"1560",90.4121557894578
"1561",119.574859265696
"1562",80.4017320737748
"1563",87.3311154890056
"1564",73.4627246578808
"1565",73.5402962910546
"1566",79.793830093258
"1567",116.388738727764
"1568",73.8612994193734
"1569",98.9079847879083
"1570",73.5901342421262
"1571",87.1468393876772
"1572",72.7250710740941
"1573",80.8923439329307
"1574",124.575935499928
"1575",119.832095110378
"1576",85.6982717369082
"1577",91.9092794271991
"1578",97.7149872560423
"1579",112.0099498274
"1580",75.0428368928358
"1581",69.5433692115795
"1582",152.3841570051
"1583",103.756044257622
"1584",92.8310726959448
"1585",90.2551531213503
"1586",70.6277168391127
"1587",90.4132501339111
"1588",84.9944696553508
"1589",70.994417301923
"1590",67.7141680103243
"1591",98.8333440094345
"1592",85.6412553706804
"1593",71.1540944520777
"1594",114.66026576272
"1595",154.097687555067
"1596",68.1554123140917
"1597",112.028097565473
"1598",67.8590071128091
"1599",77.1459814054558
"1600",145.495460768554
"1601",125.73955370044
"1602",114.022000415611
"1603",122.2276398556
"1604",75.6030125029405
"1605",95.5366142581595
"1606",130.962851099024
"1607",64.7685817445216
"1608",100.332887602583
"1609",103.628306875754
"1610",89.3026273931496
"1611",122.443211711019
"1612",170.191520258936
"1613",73.3213390175363
"1614",135.182171544638
"1615",220.713911797693
"1616",72.56727816454
"1617",99.6296368477635
"1618",135.306115604261
"1619",85.6129607684115
"1620",73.8817119308776
"1621",73.6638350764613
"1622",153.733131966535
"1623",162.445527541019
"1624",106.467302798142
"1625",117.422880960519
"1626",82.2398750131746
"1627",75.7793958316184
"1628",122.245931837298
"1629",78.9478831723859
"1630",70.3493600645657
"1631",100.384764280106
"1632",89.0029710055678
"1633",93.7305850069566
"1634",74.1540725958295
"1635",86.7624444516487
"1636",70.8193969830586
"1637",90.7579343339494
"1638",74.2612931605417
"1639",84.031338821675
"1640",119.385908286028
"1641",71.6242109820344
"1642",83.0855834707858
"1643",94.8371805750175
"1644",85.2639134353318
"1645",100.065298358772
"1646",114.116343030741
"1647",72.9079073478942
"1648",121.000723440066
"1649",64.0704005617623
"1650",213.042766269625
"1651",96.5276548216596
"1652",78.5999623086525
"1653",77.2861703942619
"1654",88.6240025937212
"1655",75.9489749777201
"1656",67.869005539425
"1657",90.6146076316076
"1658",89.3339280957846
"1659",79.6705948205325
"1660",101.299663862659
"1661",97.7293815539377
"1662",97.8699089701184
"1663",121.943621753413
"1664",86.4251416395831
"1665",84.4893865162123
"1666",67.7531972840798
"1667",85.9625898457778
"1668",96.8066102613308
"1669",106.020545781151
"1670",215.604235014682
"1671",99.8206428430065
"1672",60.1949953782442
"1673",117.526049679044
"1674",79.3227601557499
"1675",63.1126751896516
"1676",94.6269354092827
"1677",142.306331554877
"1678",113.279538012262
"1679",60.6548961905619
"1680",71.542182697795
"1681",101.560273085346
"1682",74.6386686426584
"1683",106.051570823719
"1684",81.9820111713117
"1685",71.247400292847
"1686",104.607289005404
"1687",89.0616581324774
"1688",84.0301964699004
"1689",112.14878381677
"1690",96.8581507481236
"1691",103.070844690828
"1692",124.027981184456
"1693",72.7494199964485
"1694",126.349799230345
"1695",63.6662226219715
"1696",208.887519691274
"1697",141.969084836272
"1698",91.7672874667624
"1699",91.8498918053059
"1700",83.2959721474042
"1701",74.364641080503
"1702",65.6434270001613
"1703",206.924372159826
"1704",86.6296029884423
"1705",77.0105455038757
"1706",97.0606442042398
"1707",97.0022686187522
"1708",72.9696867542368
"1709",113.171624766794
"1710",84.7644157046345
"1711",79.6519239163101
"1712",116.542348169062
"1713",75.2737527175242
"1714",76.2731463017411
"1715",66.8414691041997
"1716",76.5545813202559
"1717",69.3912782455837
"1718",83.0870633728649
"1719",79.3165807707091
"1720",101.719606454034
"1721",97.2869891191631
"1722",110.415565867729
"1723",76.9417816073304
"1724",100.795198450745
"1725",67.5599454143683
"1726",71.7402957595974
"1727",109.700576181917
"1728",175.067972996626
"1729",159.586474865883
"1730",79.8928355746433
"1731",93.823368940649
"1732",104.756808341497
"1733",63.2715237073953
"1734",80.8873042710952
"1735",69.3727696729547
"1736",82.6969764162158
"1737",104.349478503315
"1738",68.7968512385352
"1739",91.4705598476973
"1740",97.9451293952562
"1741",80.5439068982097
"1742",93.7739196132943
"1743",76.2199982745783
"1744",92.3105957105182
"1745",57.7084341976022
"1746",78.5424159441367
"1747",89.8244690253954
"1748",75.0748506854138
"1749",121.752264696049
"1750",138.091706530291
"1751",110.178100173472
"1752",90.0272244088517
"1753",129.975907987265
"1754",138.322347315208
"1755",83.504441482161
"1756",76.979324446974
"1757",73.8792624578457
"1758",86.0449388927424
"1759",80.0634528280819
"1760",68.4149315195682
"1761",80.1861764166017
"1762",87.5740282876087
"1763",76.9229109913817
"1764",206.610347620399
"1765",94.2410956894571
"1766",84.142776648057
"1767",68.6807220271162
"1768",143.60459481765
"1769",107.796240620474
"1770",97.1571591913239
"1771",74.6806965087544
"1772",101.826757122333
"1773",129.079914073908
"1774",85.1071934761229
"1775",147.131791794048
"1776",58.5969146040662
"1777",105.611235219393
"1778",75.8006260520533
"1779",75.2742882054957
"1780",87.1387609275586
"1781",66.5652453701567
"1782",78.3671989629594
"1783",111.344359775417
"1784",128.027461928037
"1785",85.8139081626303
"1786",86.9913685577812
"1787",74.3597460182654
"1788",95.9268551854556
"1789",117.741595846862
"1790",178.035739662364
"1791",93.5495736495348
"1792",169.472897954108
"1793",83.5526346012896
"1794",81.8699931340962
"1795",103.968605336258
"1796",120.96904479213
"1797",78.3890660669963
"1798",94.5661119902647
"1799",103.422574652512
"1800",162.466554082342
"1801",89.7799965193647
"1802",56.7744800419499
"1803",100.455607348269
"1804",136.393566636662
"1805",206.416634635391
"1806",102.932550402935
"1807",79.036352852322
"1808",82.7100923247531
"1809",81.6376997726537
"1810",102.179146820808
"1811",90.1449304051178
"1812",106.280253118903
"1813",59.0325316356733
"1814",82.9746847444985
"1815",69.9536286315815
"1816",88.0642544487734
"1817",94.1133308870548
"1818",78.590384803177
"1819",93.3486383665097
"1820",66.9496590128801
"1821",114.131334449923
"1822",109.866741553328
"1823",75.2596881473799
"1824",86.0069755729322
"1825",97.2406136417934
"1826",118.074176180395
"1827",178.746114083425
"1828",90.368911374768
"1829",70.1465261909979
"1830",77.8737629317198
"1831",117.650841666062
"1832",122.603631609566
"1833",80.3969216765186
"1834",96.7888178715191
"1835",81.260144197866
"1836",67.0940073911461
"1837",81.2209125110202
"1838",72.2132426199476
"1839",72.947514721263
"1840",70.420491760869
"1841",84.6623352735473
"1842",79.1694676093893
"1843",94.2645102578314
"1844",80.4581570749348
"1845",135.295902773547
"1846",70.4446761521326
"1847",79.8112259327363
"1848",75.0177430882332
"1849",64.3912591777548
"1850",69.7832008917642
"1851",107.525708933048
"1852",112.128454329221
"1853",96.2476808005292
"1854",98.5261748949604
"1855",76.8675997179164
"1856",85.8248167346566
"1857",184.747325608769
"1858",91.8837296633651
"1859",65.058827503739
"1860",128.184222258355
"1861",96.3195267341856
"1862",85.5954445773181
"1863",105.490732152432
"1864",178.369818695113
"1865",92.2624381177238
"1866",108.580177433917
"1867",63.5590751515696
"1868",90.6117227381534
"1869",175.543660954783
"1870",108.076291422632
"1871",97.7633346736001
"1872",64.2917192884524
"1873",91.6000585656932
"1874",104.808110784751
"1875",114.614975715496
"1876",82.3132991830769
"1877",118.467054922144
"1878",88.3290213749225
"1879",89.1243439910777
"1880",80.8744496644119
"1881",97.6041311180608
"1882",68.8274185371902
"1883",107.909763452761
"1884",82.0654853574647
"1885",74.1671614829747
"1886",80.1827655582365
"1887",70.7068801795148
"1888",62.599690195289
"1889",85.0487616592212
"1890",106.201723011183
"1891",75.0353049266326
"1892",80.6175269677768
"1893",75.5395304442374
"1894",120.595705623066
"1895",191.560370440283
"1896",63.5476034627872
"1897",114.400105696349
"1898",100.960631173307
"1899",91.4884820442413
"1900",103.888955170198
"1901",129.40965364299
"1902",81.9722003090936
"1903",108.783008525733
"1904",77.031638486321
"1905",82.2359238431115
"1906",116.706299972306
"1907",182.099299595536
"1908",111.549828362093
"1909",77.7916967422908
"1910",83.2752406023913
"1911",74.2861853952996
"1912",86.180607552727
"1913",112.0476030762
"1914",107.012653572437
"1915",84.8375940086226
"1916",226.077830157773
"1917",120.67747187093
"1918",90.193834862657
"1919",105.554660275799
"1920",108.266246220436
"1921",63.5943951092439
"1922",71.2266472744992
"1923",167.786959500982
"1924",93.5283874475264
"1925",66.4252234692703
"1926",193.757003739108
"1927",83.4210676607986
"1928",77.4476263061522
"1929",118.588612521639
"1930",84.1676787754741
"1931",66.953110578708
"1932",95.0914226186451
"1933",76.9048104750672
"1934",89.0364311834226
"1935",86.3325243056885
"1936",97.4856159839612
"1937",116.646549048097
"1938",79.7091960759168
"1939",79.3546446775142
"1940",83.2657662797822
"1941",97.2323626327248
"1942",119.483604284528
"1943",90.4071594017427
"1944",70.4813915653609
"1945",100.042892996571
"1946",99.1506465523854
"1947",100.061638568457
"1948",253.96916537207
"1949",180.341616758889
"1950",76.1216818622181
"1951",94.8447492445022
"1952",156.633978777015
"1953",101.716399809192
"1954",62.6445918942236
"1955",71.2173484344812
"1956",78.0545006371099
"1957",76.7148712924806
"1958",116.155907192967
"1959",68.1640406417009
"1960",159.426288421579
"1961",86.0291680787959
"1962",71.4451539036611
"1963",69.9840762865874
"1964",84.4525216622502
"1965",82.8176267692127
"1966",91.7433791047747
"1967",91.5931053736079
"1968",61.6971161042932
"1969",188.444439921693
"1970",146.286271594546
"1971",137.935882501304
"1972",115.615738643274
"1973",81.4773075307149
"1974",93.830988361088
"1975",101.029374154339
"1976",84.6262110945764
"1977",90.882268708271
"1978",92.1795907121609
"1979",115.95289489414
"1980",69.8188215844759
"1981",60.3312426696492
"1982",90.1303347703469
"1983",57.4976142054087
"1984",116.509360996127
"1985",128.507174281617
"1986",83.4047453265028
"1987",69.1004587593445
"1988",110.357265211591
"1989",124.694195262385
"1990",87.7038753474164
"1991",96.1507762898467
"1992",94.9365994282647
"1993",74.3840841064729
"1994",80.7581641591755
"1995",135.90276224141
"1996",196.571253983754
"1997",188.099064694692
"1998",147.590200072871
"1999",86.011930829984
"2000",66.5265002428299
"2001",98.2967090665921
"2002",99.5754122407399
"2003",60.6805957640129
"2004",99.8838862955981
"2005",83.5426898950462
"2006",86.4632432773458
"2007",80.928257216492
"2008",69.4382282125288
"2009",75.8537445688126
"2010",92.1467211460659
"2011",95.7859040958924
"2012",83.1628102060217
"2013",104.375211419199
"2014",78.2503468818039
"2015",83.2854193055339
"2016",101.162724488868
"2017",185.944069857463
"2018",79.7649156533185
"2019",158.284905480819
"2020",83.1210982064545
"2021",107.029083806281
"2022",104.195392665431
"2023",158.409596885521
"2024",119.070933956211
"2025",110.789806606721
"2026",78.3130318857192
"2027",130.207688795174
"2028",70.1783089731839
"2029",160.822389713417
"2030",102.329309850327
"2031",90.9746658541846
"2032",93.1282510760099
"2033",125.411938837033
"2034",93.9264647426507
"2035",81.8159025037172
"2036",87.8218209380617
"2037",86.7559164739769
"2038",61.7680061816718
"2039",117.888882041252
"2040",176.813915733915
"2041",117.310567882903
"2042",109.241293253287
"2043",161.548311267333
"2044",92.1983761556962
"2045",161.045276343156
"2046",68.9127094898682
"2047",104.749280159947
"2048",97.0040121766487
"2049",89.7933392683384
"2050",101.316710251135
"2051",104.037710230607
"2052",86.6163217237145
"2053",70.1276239821241
"2054",84.617638444746
"2055",164.19862035614
"2056",116.187673917336
"2057",113.362099259865
"2058",107.353957128682
"2059",166.140388522364
"2060",69.5309959518379
"2061",82.9608037267426
"2062",70.9666788806137
"2063",71.0070241683052
"2064",73.5416900575928
"2065",84.1469683437548
"2066",103.092618431965
"2067",94.8179133704525
"2068",84.346895247625
"2069",125.38761130404
"2070",79.5815813893579
"2071",68.8086214728863
"2072",77.0722496172205
"2073",110.943066204002
"2074",75.8517083835776
"2075",79.6807205569557
"2076",71.8470469982403
"2077",97.3466371838823
"2078",124.670445899473
"2079",89.0537682726336
"2080",72.6956618150904
"2081",139.732045695161
"2082",85.3437070900187
"2083",80.5454670454458
"2084",70.1907243147201
"2085",80.9216137109202
"2086",102.534764101532
"2087",66.7633335711429
"2088",113.874956421859
"2089",79.0020071871288
"2090",83.6836607748498
"2091",65.9636196026957
"2092",66.6560218623004
"2093",75.586923496793
"2094",97.3887105949768
"2095",84.980044629254
"2096",70.5974494017274
"2097",103.61469502789
"2098",69.7513132620527
"2099",74.7898336911201
"2100",93.5451070234999
"2101",88.1039317378141
"2102",61.3117933520006
"2103",91.2236530363552
"2104",82.4028770959926
"2105",80.3648435388876
"2106",121.334426322637
"2107",157.618590100747
"2108",124.265749477201
"2109",102.924014983935
"2110",139.721753435879
"2111",67.9037928938647
"2112",98.2719008598719
"2113",95.1964481993277
"2114",126.022927147402
"2115",93.2578368002724
"2116",138.946030479598
"2117",225.029657805956
"2118",93.4445031762642
"2119",75.3573277151088
"2120",83.8725203928229
"2121",78.2834945474455
"2122",122.915929028696
"2123",88.9151664719373
"2124",74.2149028321344
"2125",168.525188491008
"2126",195.108376553931
"2127",87.0379057604596
"2128",79.6289306395726
"2129",112.14964426567
"2130",83.7634237432212
"2131",87.8886976767839
"2132",75.862173335274
"2133",87.2135866464194
"2134",91.3135486917334
"2135",102.948496249667
"2136",87.8878774469593
"2137",93.2693635235515
"2138",76.7022631662834
"2139",96.0618921820013
"2140",130.758943010889
"2141",130.025180074138
"2142",81.2750240786014
"2143",99.2870883951444
"2144",91.1728528650019
"2145",140.82148257387
"2146",81.7963335868674
"2147",75.9473738149678
"2148",83.6155307829826
"2149",75.0893892500303
"2150",76.8120863449091
"2151",110.34110584556
"2152",239.651751430323
"2153",139.830951992837
"2154",109.305541538008
"2155",98.7842009158293
"2156",83.4547791376944
"2157",93.6951447756812
"2158",74.1580230935664
"2159",75.2689233024218
"2160",66.3933508704865
"2161",76.4141343364233
"2162",95.3280771010135
"2163",85.0316575158044
"2164",105.670065056588
"2165",87.8362354436113
"2166",85.3471844921802
"2167",67.9176050004443
"2168",86.5449366164931
"2169",67.9754564272411
"2170",87.6376273779039
"2171",95.4147390455738
"2172",84.3367692510609
"2173",71.9715534067207
"2174",80.1826977244294
"2175",108.943901274143
"2176",95.6229845418288
"2177",115.562188678161
"2178",92.9584437364699
"2179",99.8528338195026
"2180",91.7654540711845
"2181",97.5897912937658
"2182",89.7658757437054
"2183",66.9326764034542
"2184",78.76990870749
"2185",107.082703702193
"2186",97.9213693021268
"2187",70.9810018407584
"2188",101.492388747015
"2189",108.502592212235
"2190",102.164221260919
"2191",97.2182350998806
"2192",86.0228915230944
"2193",81.3271304484681
"2194",80.8387805008412
"2195",150.807713081592
"2196",93.1122820156143
"2197",105.075316967354
"2198",126.237762122395
"2199",112.442626598632
"2200",79.1461199054013
"2201",86.9233452486575
"2202",65.7008238615579
"2203",72.6192102753125
"2204",130.494679882541
"2205",144.23443863554
"2206",118.461100102747
"2207",202.195481787627
"2208",95.5520254042407
"2209",144.690821175468
"2210",94.1952237748778
"2211",72.1178630860264
"2212",88.9970882858919
"2213",107.685400532762
"2214",90.2186490384226
"2215",82.2227862806002
"2216",116.035604610102
"2217",69.608222068228
"2218",64.3488849822198
"2219",86.7348868469289
"2220",81.5182203969348
"2221",109.6199114347
"2222",111.954612510452
"2223",94.2198814523343
"2224",110.394544611034
"2225",125.25339643575
"2226",169.563075934192
"2227",91.789606469984
"2228",69.7204322063065
"2229",118.300588285865
"2230",78.6068432089138
"2231",99.6738928627137
"2232",67.8840438621227
"2233",106.922157381503
"2234",80.8287177368147
"2235",91.2384556783621
"2236",104.210504141782
"2237",71.8184205441312
"2238",115.559662472253
"2239",63.7775061847554
"2240",74.1640653419185
"2241",82.5052638149661
"2242",74.9157489235424
"2243",128.815408185738
"2244",70.6019993694335
"2245",96.5000607318627
"2246",66.6286859967921
"2247",105.38176791387
"2248",119.356629863447
"2249",124.133809558901
"2250",109.191836390368
"2251",82.9704351276776
"2252",135.848505058403
"2253",109.841625193889
"2254",90.5400957672463
"2255",156.55582083241
"2256",116.02413402737
"2257",89.6397303377012
"2258",62.2507134154331
"2259",109.504563615396
"2260",66.9438814976477
"2261",82.0471564471701
"2262",84.9324235874951
"2263",56.6186856491603
"2264",147.60878788626
"2265",102.33065113762
"2266",93.5297047698786
"2267",71.13966004665
"2268",109.690086545608
"2269",78.3485056446409
"2270",82.398768605604
"2271",99.1088044200625
"2272",77.180798791713
"2273",80.7574340818195
"2274",64.6000777791105
"2275",86.3690512846608
"2276",92.9232644203637
"2277",78.3152758792061
"2278",82.7704388501489
"2279",74.0355870817607
"2280",61.1744275077011
"2281",103.680871105079
"2282",87.6106201802352
"2283",105.886658378953
"2284",78.0605269151606
"2285",99.8195668694961
"2286",110.544944083015
"2287",170.214781792302
"2288",109.936172308258
"2289",78.5385461332334
"2290",83.1120360436287
"2291",83.4383053274763
"2292",88.6546893537723
"2293",92.0434904418657
"2294",107.294430692824
"2295",85.3611645274903
"2296",121.293485775189
"2297",65.6975474450639
"2298",105.17815225304
"2299",123.215830654866
"2300",85.9496950719127
"2301",94.9080288834307
"2302",98.4240877093628
"2303",88.5419643835091
"2304",115.936962010658
"2305",158.092892049575
"2306",129.710476611277
"2307",115.425228696344
"2308",79.9931475013177
"2309",78.0792957766195
"2310",91.9810105219564
"2311",124.920543370972
"2312",84.9466440384361
"2313",185.368338863801
"2314",93.3538226606363
"2315",72.0663955658366
"2316",67.9191897792175
"2317",70.6833907664829
"2318",136.976952500523
"2319",78.5097851252332
"2320",63.7040020791663
"2321",162.127661500898
"2322",123.673039330664
"2323",73.173195701
"2324",110.467998821413
"2325",75.9131487873484
"2326",82.0841658911759
"2327",114.928056335117
"2328",71.730588457002
"2329",144.419401473738
"2330",118.515844589082
"2331",105.424531545287
"2332",116.337911388591
"2333",73.1542853305289
"2334",95.1830475061375
"2335",70.9271093699944
"2336",73.0835681161394
"2337",81.4799243763194
"2338",75.5926611215796
"2339",113.162629754712
"2340",76.4017462892788
"2341",102.332388251493
"2342",81.1561744986429
"2343",78.3629649775804
"2344",118.649488643682
"2345",93.1859804290557
"2346",70.6111488716679
"2347",181.647163857591
"2348",104.227973864777
"2349",179.951197031924
"2350",58.3759253474947
"2351",119.403704545595
"2352",78.1405090961823
"2353",111.390473552542
"2354",94.9149513703346
"2355",97.1917820410555
"2356",68.4366102892713
"2357",73.3011903098674
"2358",94.5387133645781
"2359",74.842569620958
"2360",75.5997179141548
"2361",67.8695255562695
"2362",63.5182811391152
"2363",56.2087243662459
"2364",69.169585528516
"2365",71.9618635651948
"2366",84.7204199434329
"2367",196.997889086967
"2368",68.7073384449338
"2369",62.0426757391406
"2370",82.6578119158601
"2371",80.5343142447642
"2372",159.33628986502
"2373",90.4493347543589
"2374",101.579707283508
"2375",59.5837310000411
"2376",88.0634072597516
"2377",70.7050055723949
"2378",155.1795749677
"2379",73.9723772616391
"2380",75.0511248116912
"2381",240.839282020016
"2382",131.044594741086
"2383",65.7637365972486
"2384",137.024088950727
"2385",86.4126436769799
"2386",60.7324655423926
"2387",73.7340876078071
"2388",89.6830626744385
"2389",91.3202097827683
"2390",170.035257530822
"2391",73.9850983366473
"2392",71.6915970175618
"2393",143.218920702816
"2394",96.24064314389
"2395",125.982886236197
"2396",77.1275506704811
"2397",93.739671472015
"2398",141.006357823147
"2399",86.3851919230042
"2400",73.1710838890966
"2401",101.545235841775
"2402",68.7754105172136
"2403",105.910836041658
"2404",79.647679192475
"2405",77.1787723279997
"2406",130.487732019407
"2407",116.583016706783
"2408",77.2518337365755
"2409",133.977150733169
"2410",63.4730043691434
"2411",59.9354131790524
"2412",86.7948395792791
"2413",89.4860088336718
"2414",72.2249768676417
"2415",84.901098318885
"2416",71.1390049782518
"2417",80.0952915446942
"2418",86.6101822459213
"2419",136.221864835006
"2420",136.176395348265
"2421",75.3177743819046
"2422",124.218345410373
"2423",94.66567352145
"2424",142.57181854733
"2425",89.0796484959821
"2426",109.290658501469
"2427",72.8203653990046
"2428",99.7752281863306
"2429",74.4610214519098
"2430",80.6669971436159
"2431",86.6323669878927
"2432",92.619598761897
"2433",108.511832729332
"2434",148.07502506578
"2435",109.715982533525
"2436",114.287601306355
"2437",86.8448091549597
"2438",85.9659495317289
"2439",142.552328031528
"2440",116.582674109918
"2441",90.3254020878586
"2442",109.830648342588
"2443",64.6932813099334
"2444",87.8506613609467
"2445",78.4216106821417
"2446",119.384083585945
"2447",94.6913056435231
"2448",151.177777763482
"2449",73.3323717779345
"2450",100.119803813682
"2451",133.85913721835
"2452",76.9699505546377
"2453",149.852932630623
"2454",67.8903873739011
"2455",83.9495453034727
"2456",78.019455502562
"2457",66.1175526790997
"2458",67.2040921152951
"2459",116.244777028848
"2460",77.1645517778385
"2461",125.071922898404
"2462",156.004763854911
"2463",178.436333230066
"2464",115.094378225207
"2465",98.5907211821188
"2466",146.894570902865
"2467",72.6201982110388
"2468",88.2219849754948
"2469",120.90975025044
"2470",75.9631184321213
"2471",145.227268244132
"2472",112.505062094807
"2473",99.8755225331995
"2474",89.7195424362087
"2475",93.1326300941983
"2476",71.4472698323757
"2477",104.106047726981
"2478",72.8077088227376
"2479",82.6900209287955
"2480",143.315323973733
"2481",90.4438070123375
"2482",85.805103642146
"2483",80.1803204706415
"2484",113.205422328293
"2485",104.753925708846
"2486",67.9026294020564
"2487",69.5828733574901
"2488",69.9686042836976
"2489",134.358968695803
"2490",79.5540793591319
"2491",84.5979941921691
"2492",65.3259204909197
"2493",134.499521426726
"2494",78.982685927292
"2495",105.58264855203
"2496",138.091782731433
"2497",158.985813412566
"2498",110.671170081931
"2499",180.38914080773
"2500",71.7410783248503
"2501",75.687096333308
"2502",77.7900732277181
"2503",146.615598935442
"2504",75.405682186173
"2505",64.7886995376434
"2506",82.1832163950653
"2507",103.275395684667
"2508",65.956731522319
"2509",80.3516949697073
"2510",61.0071641426568
"2511",138.541059033474
"2512",111.352536645078
"2513",111.841123618572
"2514",58.9171906247823
"2515",85.3189201086282
"2516",108.102400298556
"2517",73.2390945804965
"2518",58.0321504500293
"2519",68.9402116306525
"2520",114.397702572552
"2521",65.6306335779762
"2522",74.7058663578599
"2523",77.9670989781637
"2524",146.220250042528
"2525",115.288360613959
"2526",122.735700979614
"2527",83.5851683181531
"2528",112.163215401679
"2529",76.4632784048979
"2530",113.554026526801
"2531",63.8089520979113
"2532",93.4744691883045
"2533",87.3156211939448
"2534",84.7152031795101
"2535",113.415121569392
"2536",56.212124637061
"2537",106.733089892351
"2538",104.054743411978
"2539",69.7836678547948
"2540",90.9970790704036
"2541",97.2182902154614
"2542",62.165867297856
"2543",163.393618936372
"2544",83.8095022036082
"2545",145.77442329898
"2546",79.5131260661054
"2547",80.972352550867
"2548",68.8129276477519
"2549",86.1233586380909
"2550",99.0073404012825
"2551",98.1742695614717
"2552",92.0511444788791
"2553",123.859316807832
"2554",108.104136404662
"2555",124.192064232231
"2556",95.5518370559595
"2557",76.3819577956614
"2558",138.339718906484
"2559",81.0586074647451
"2560",91.8085170726023
"2561",87.5395549130153
"2562",79.4445002817096
"2563",153.151938214153
"2564",65.2467052968704
"2565",104.868434309252
"2566",75.8938524996399
"2567",108.844368129967
"2568",85.6727771882498
"2569",166.80679699958
"2570",124.760623140725
"2571",109.220606917242
"2572",88.5324692736914
"2573",225.340575495063
"2574",108.081372584338
"2575",107.759668481924
"2576",174.65044109337
"2577",151.179300076317
"2578",143.051229273716
"2579",91.9280572036236
"2580",119.035638164399
"2581",57.7903193089102
"2582",87.1220321869238
"2583",154.770169972821
"2584",63.9692055433926
"2585",76.4955429386415
"2586",139.025617989612
"2587",92.5541656379487
"2588",134.65478092731
"2589",68.261316884072
"2590",84.9038435173356
"2591",137.05057985722
"2592",100.667998271669
"2593",106.192856256363
"2594",95.1166377807765
"2595",141.991634644019
"2596",97.4650772981222
"2597",83.3271156593173
"2598",119.944886860185
"2599",116.216997033001
"2600",124.85691632092
"2601",105.83702466113
"2602",81.6845179727846
"2603",64.5517206755761
"2604",190.246136940887
"2605",122.576722358966
"2606",172.474609156995
"2607",184.886992435004
"2608",76.262504915114
"2609",77.7182108057623
"2610",103.834883663803
"2611",121.835726411089
"2612",89.4906956552235
"2613",163.598230635112
"2614",117.758112067917
"2615",107.303434481922
"2616",102.376921288265
"2617",96.8374191981671
"2618",81.3628932808884
"2619",158.053388490296
"2620",113.709228565191
"2621",90.5067444498046
"2622",194.408877974677
"2623",71.9427365694173
"2624",91.4645941970229
"2625",80.3327542937516
"2626",92.5975374384552
"2627",84.3769426780421
"2628",84.4580655102656
"2629",76.1606327343131
"2630",97.4247257535102
"2631",105.123350730773
"2632",85.2292410970006
"2633",203.076296161713
"2634",71.7924782967611
"2635",69.9884373846339
"2636",81.9233018197035
"2637",68.8174497754104
"2638",100.291317347244
"2639",119.361497882101
"2640",127.579533439345
"2641",84.7097512698378
"2642",79.7540924045585
"2643",101.042310080883
"2644",112.705335858975
"2645",98.3879000466521
"2646",72.5718667176992
"2647",112.643116735844
"2648",97.6461102240236
"2649",86.459076248468
"2650",130.197019325842
"2651",84.0702101110193
"2652",77.7026819810525
"2653",83.0533823341058
"2654",65.3324327201085
"2655",72.9996985096242
"2656",68.1006235180709
"2657",115.190932650412
"2658",102.362743772303
"2659",95.93848996345
"2660",101.364020395602
"2661",87.4423378980878
"2662",98.6957053758092
"2663",87.9909810931784
"2664",67.3822378026017
"2665",79.9325119676487
"2666",137.411785306421
"2667",126.814492709613
"2668",138.861748609793
"2669",94.3972420752504
"2670",81.6859893687767
"2671",99.7572913168706
"2672",88.4028308155668
"2673",137.345898644438
"2674",114.660733013298
"2675",93.408956096646
"2676",110.713879327944
"2677",88.161625307351
"2678",117.809934288502
"2679",105.859625669473
"2680",60.5473853816722
"2681",109.407039575922
"2682",123.246818143094
"2683",112.544091677012
"2684",71.6451022116827
"2685",108.136754188565
"2686",93.7906738644457
"2687",93.2028111405892
"2688",172.363876802817
"2689",65.6108042842684
"2690",69.9432012323181
"2691",114.934487318321
"2692",105.727589353219
"2693",143.004352808482
"2694",65.179943197657
"2695",85.0171629219257
"2696",100.350273453402
"2697",106.848508173203
"2698",95.2280810532747
"2699",94.6459679975882
"2700",73.0222746503768
"2701",116.807987242819
"2702",82.7369811831778
"2703",65.7034482582636
"2704",88.4112164265158
"2705",173.483361514975
"2706",72.7068346333497
"2707",119.888203727173
"2708",72.7941323054318
"2709",96.1910502166592
"2710",86.6879144493315
"2711",75.8820256974193
"2712",79.1865934111278
"2713",80.1687016370867
"2714",74.6930278064485
"2715",119.082475036847
"2716",111.476312561927
"2717",68.5360229081521
"2718",78.282256898919
"2719",180.881876135754
"2720",96.4029443297775
"2721",93.1976721921686
"2722",129.20586328123
"2723",84.6536886387447
"2724",80.3921666678796
"2725",101.66920050769
"2726",149.852550289349
"2727",75.4014427880563
"2728",104.221218915386
"2729",71.2586240927616
"2730",96.2684982764313
"2731",67.0726099432845
"2732",102.154513925199
"2733",63.3150882138782
"2734",76.2537302856827
"2735",101.109324478341
"2736",79.8732771261638
"2737",103.833226651482
"2738",260.011537782835
"2739",111.529742988758
"2740",101.196621954742
"2741",119.2560228634
"2742",75.9282555419628
"2743",97.1189705690515
"2744",104.671149447508
"2745",81.4755430953254
"2746",109.161952807333
"2747",78.6626919833417
"2748",67.2177972644846
"2749",84.2015651968961
"2750",86.2635418230138
"2751",76.5178573099545
"2752",114.248300495431
"2753",99.2231364133013
"2754",102.744170229135
"2755",128.941961244993
"2756",116.466936877757
"2757",103.443103299198
"2758",63.9408509921313
"2759",80.2752521498108
"2760",74.9145585643318
"2761",190.406712477897
"2762",111.759509177923
"2763",64.964365486578
"2764",183.112508895648
"2765",152.615542492098
"2766",116.609216896797
"2767",93.3772565924629
"2768",100.975523307929
"2769",70.9964069138353
"2770",116.868888196608
"2771",120.696428436779
"2772",173.734574610898
"2773",120.673911456991
"2774",85.5229906045247
"2775",67.7073425273696
"2776",133.015565912826
"2777",76.089777593551
"2778",109.347438326764
"2779",86.2754248896682
"2780",93.4294750759636
"2781",75.7638911254006
"2782",111.763260836016
"2783",84.4336404156114
"2784",127.525703089473
"2785",150.263725132259
"2786",117.660713890566
"2787",71.663451390026
"2788",88.6614409544489
"2789",102.520607478419
"2790",98.5236213546206
"2791",118.354429337624
"2792",66.2360969757495
"2793",88.5689067904459
"2794",82.663626641585
"2795",102.870496279848
"2796",102.783633340953
"2797",85.475357990732
"2798",104.733484174438
"2799",69.7130873513489
"2800",99.1650923866309
"2801",72.4217975139179
"2802",74.2824534768011
"2803",125.635328221666
"2804",118.473889260912
"2805",90.9425209200064
"2806",71.4298076600014
"2807",118.311111018315
"2808",151.629749161723
"2809",102.914165558785
"2810",92.7890478345452
"2811",91.2278702877463
"2812",86.8323251155461
"2813",66.6256353325381
"2814",111.05044591494
"2815",125.097966190454
"2816",116.280438453051
"2817",70.0499931271465
"2818",142.918359665618
"2819",64.36493679756
"2820",72.1662762895814
"2821",86.7113670486944
"2822",83.5293593076736
"2823",100.22013943187
"2824",68.3125961743522
"2825",77.0123316691236
"2826",81.9087811943768
"2827",65.9923522183152
"2828",73.9606907157483
"2829",69.6551126968889
"2830",78.0494867611668
"2831",95.1067590169549
"2832",188.356465932449
"2833",81.3867584658301
"2834",82.3128876641581
"2835",81.8663747070451
"2836",109.661731443666
"2837",63.8521447089166
"2838",83.8063725135525
"2839",92.7149458151145
"2840",92.4669491941873
"2841",97.5630819264119
"2842",66.9528457273416
"2843",91.0436125855245
"2844",68.6009533928047
"2845",78.2948751369002
"2846",79.1116278928772
"2847",68.5585202839336
"2848",104.943516952694
"2849",139.160190518102
"2850",115.74297021448
"2851",96.0640438992437
"2852",89.6721596529141
"2853",77.3135248996673
"2854",96.1234122154918
"2855",79.7814638375779
"2856",92.1358700326206
"2857",82.804885657075
"2858",97.0223954738677
"2859",113.99503364115
"2860",72.0400288240431
"2861",89.6863291157988
"2862",108.121807536826
"2863",99.7633814088462
"2864",93.4863190013718
"2865",111.521523303712
"2866",122.488072588146
"2867",94.4122090718074
"2868",97.9429224153176
"2869",73.2321899070607
"2870",129.121801780418
"2871",72.6294594413112
"2872",72.307733938618
"2873",75.4890820929626
"2874",132.532603872336
"2875",85.8984041684639
"2876",83.5742447921296
"2877",85.5966662112583
"2878",76.5431983979877
"2879",78.0659863799149
"2880",105.779677628877
"2881",61.3523859539853
"2882",71.175545381892
"2883",86.2438850189015
"2884",89.284812687239
"2885",73.2253966349731
"2886",74.8075186377585
"2887",72.1047375023138
"2888",91.0809194118168
"2889",75.7628201823164
"2890",68.6838962450417
"2891",115.152799318096
"2892",92.8716413217926
"2893",102.677257072867
"2894",130.439038043074
"2895",73.6141773920984
"2896",88.0337288268008
"2897",145.775515966473
"2898",110.159259711984
"2899",84.3829617232785
"2900",73.8736935132534
"2901",71.0721676153827
"2902",88.2291592563486
"2903",142.493233678402
"2904",160.309815545225
"2905",79.3277144186212
"2906",82.2655982356482
"2907",92.0585784421752
"2908",90.3121657909031
"2909",70.6724208792005
"2910",77.2496962580992
"2911",69.066551000795
"2912",86.6612320819605
"2913",83.9084687600479
"2914",100.035712677873
"2915",100.596324759754
"2916",111.712621508499
"2917",70.2889208493215
"2918",83.2966642166932
"2919",58.3262417973084
"2920",64.5404142792585
"2921",103.615034189825
"2922",111.747723116065
"2923",73.1590207677103
"2924",64.6335002344198
"2925",95.5443344633665
"2926",78.6590950307113
"2927",120.260807242076
"2928",84.0990017362162
"2929",143.06886245999
"2930",122.033310739864
"2931",83.167078979607
"2932",68.1473370744919
"2933",97.5534763442796
"2934",108.790082467226
"2935",72.7553379087956
"2936",89.0895725876519
"2937",215.543546353817
"2938",68.9011526505918
"2939",118.118905894492
"2940",124.320971164649
"2941",74.7801117931023
"2942",67.3830497376894
"2943",92.4444503835857
"2944",74.8622237971059
"2945",94.3970051341711
"2946",88.3256409941621
"2947",82.0047630742713
"2948",85.1169211244005
"2949",93.9779735191032
"2950",101.525743608092
"2951",86.7357217237226
"2952",67.1212105642578
"2953",117.838773351852
"2954",121.590148731045
"2955",74.6642157936918
"2956",87.0611988250913
"2957",151.576872403297
"2958",97.0159420672572
"2959",80.9437949433825
"2960",83.1584410465341
"2961",83.1102961303052
"2962",85.419016113323
"2963",127.988597226684
"2964",68.9492575745535
"2965",68.5003841717994
"2966",79.196553277509
"2967",73.5816599881905
"2968",77.7473499613194
"2969",68.0274027133737
"2970",102.668960754861
"2971",90.8995899085226
"2972",69.6480981625965
"2973",87.0451424855205
"2974",129.215498984934
"2975",137.149842689697
"2976",79.6809523254609
"2977",100.048204677637
"2978",78.3047503142109
"2979",85.7734130920822
"2980",144.093491851259
"2981",67.8121020077428
"2982",61.2987723740678
"2983",143.98814489783
"2984",87.8144942228092
"2985",84.4171332026252
"2986",86.439012091429
"2987",190.024530679501
"2988",200.21994610096
"2989",61.46655287083
"2990",76.0603695837625
"2991",165.992126626752
"2992",126.343064546908
"2993",121.006625192248
"2994",214.946614445867
"2995",99.0297799681051
"2996",77.2184149862645
"2997",74.3477221199708
"2998",137.00808868756
"2999",77.1491117444718
"3000",76.2883394995917
"3001",81.6763855210842
"3002",73.9870297390782
"3003",103.000422453074
"3004",66.8579765122079
"3005",84.5656814923049
"3006",78.6150151942004
"3007",102.552926618765
"3008",116.019427509929
"3009",163.49986845809
"3010",85.5385735148787
"3011",78.7297889557553
"3012",79.7027774574305
"3013",86.4518617034164
"3014",113.9072068322
"3015",93.6605438431885
"3016",59.2825162612584
"3017",139.597619048359
"3018",66.3795298438209
"3019",112.484938877837
"3020",122.270392281968
"3021",76.2939311729977
"3022",129.179144591695
"3023",64.1587376144273
"3024",112.09300208216
"3025",97.3412929298775
"3026",149.777856652648
"3027",86.0229807228883
"3028",72.1136819008983
"3029",87.9247017850611
"3030",84.1448100468994
"3031",113.245160578285
"3032",86.9220738860882
"3033",87.618803391927
"3034",118.376190469671
"3035",116.575091774923
"3036",74.9959807697837
"3037",65.4031660602779
"3038",75.0025318303082
"3039",75.8424318407026
"3040",113.537512159218
"3041",120.318051123051
"3042",71.7471540982395
"3043",127.167642509943
"3044",74.99339446187
"3045",91.0043778988447
"3046",98.5273764691382
"3047",84.9367143403245
"3048",98.7602910173926
"3049",138.740163230087
"3050",81.853640444489
"3051",79.7625564187374
"3052",124.441373519267
"3053",84.5994190173711
"3054",78.8736939396307
"3055",62.970719082268
"3056",90.5269371634441
"3057",160.579350412447
"3058",121.199520515186
"3059",102.090653790374
"3060",76.9015705177185
"3061",81.9825044257323
"3062",85.2528549428454
"3063",81.9975694400782
"3064",95.5710532714626
"3065",81.7255316166352
"3066",82.0785181776357
"3067",173.198908994784
"3068",99.1410767230657
"3069",85.1497733957974
"3070",66.4676191123403
"3071",71.6208384538502
"3072",96.1956469728939
"3073",91.7411546768541
"3074",63.3979062800644
"3075",111.089225524462
"3076",161.986744905238
"3077",90.447408546287
"3078",119.603370568193
"3079",142.151625251187
"3080",157.245550159382
"3081",156.110937198353
"3082",65.0657984153234
"3083",90.3240812794275
"3084",74.2780461059698
"3085",92.300962926615
"3086",98.8226467253181
"3087",76.4654554771
"3088",72.2917334448593
"3089",113.240313961113
"3090",128.10065399442
"3091",145.220362033902
"3092",139.944093378536
"3093",61.7124054022543
"3094",79.6827179271048
"3095",86.6748469553493
"3096",112.734465840735
"3097",91.8759778532749
"3098",105.183155089633
"3099",85.9737062745141
"3100",116.62436685391
"3101",104.608730168482
"3102",70.3338831526555
"3103",104.832678162788
"3104",87.79150680687
"3105",99.7149636925896
"3106",81.3092086704299
"3107",91.4323446273486
"3108",103.691942927061
"3109",101.259177086816
"3110",136.218450740697
"3111",111.245183845193
"3112",77.782504619072
"3113",68.8155399215037
"3114",68.2553626716224
"3115",157.184809913745
"3116",81.524982620329
"3117",106.399690213511
"3118",131.271127302982
"3119",120.482415023723
"3120",77.7451197865871
"3121",75.7838800882485
"3122",105.81511821411
"3123",63.7159660867539
"3124",89.5337276992345
"3125",66.0126776573697
"3126",97.4812390807429
"3127",94.0006450703225
"3128",72.1764299135602
"3129",90.8437815174014
"3130",75.9191861096605
"3131",80.7421784982466
"3132",90.9519366716272
"3133",90.4486252484575
"3134",75.4706886395254
"3135",68.1522258496689
"3136",103.17411240742
"3137",224.555256403353
"3138",155.656702961094
"3139",108.980224531201
"3140",79.4128680124532
"3141",64.3071529716281
"3142",77.4028890530934
"3143",89.2610659249328
"3144",82.2196094650749
"3145",76.7545403827704
"3146",94.1613594012919
"3147",67.8707616320923
"3148",120.553132268055
"3149",74.9574144317902
"3150",56.1351627713323
"3151",90.56730883494
"3152",73.9568744092186
"3153",132.997746277825
"3154",134.250277974728
"3155",86.3089768979251
"3156",77.8818306449048
"3157",99.8951977563771
"3158",99.1359171784584
"3159",101.006859969125
"3160",134.817455802933
"3161",124.101823696055
"3162",84.7377581204209
"3163",101.451295245556
"3164",73.1664289579641
"3165",76.6042000249733
"3166",113.694187803496
"3167",155.174085102062
"3168",69.0605412126891
"3169",86.713863689964
"3170",123.425890487063
"3171",84.4977284290821
"3172",128.678789067256
"3173",69.1180782211914
"3174",75.5887834147596
"3175",76.8335686001276
"3176",84.1042167273499
"3177",79.9375950493451
"3178",130.921250378226
"3179",95.0563690688188
"3180",89.5182084711101
"3181",86.4844427152342
"3182",101.948772054607
"3183",65.9079672996403
"3184",90.7135814352725
"3185",78.6090538425375
"3186",160.741456240753
"3187",80.5904596843472
"3188",75.4945586519807
"3189",96.5058252054335
"3190",114.351643326323
"3191",142.313712287689
"3192",75.9896732579436
"3193",104.779715227164
"3194",103.920967302854
"3195",91.7300766764749
"3196",105.675447952551
"3197",149.030141638117
"3198",86.7327073387234
"3199",103.181135573652
"3200",73.949959822672
"3201",131.421585086963
"3202",69.6095182976971
"3203",87.8395008863474
"3204",78.1994837945393
"3205",91.1315599222559
"3206",71.8957849492213
"3207",74.4320215872279
"3208",107.785756302191
"3209",92.530392588263
"3210",95.4840162054986
"3211",81.1747875827223
"3212",131.692429276796
"3213",84.2315279690354
"3214",71.4139609418205
"3215",163.970027721902
"3216",81.1187778104585
"3217",89.5542248718342
"3218",73.4092197542087
"3219",161.35797934492
"3220",66.9195286128969
"3221",127.477850371125
"3222",87.4016437390799
"3223",149.060512544527
"3224",103.180784587063
"3225",62.8386485504644
"3226",71.4679771361241
"3227",114.81439690233
"3228",89.9802955333863
"3229",90.9727568759944
"3230",75.4379131127964
"3231",114.995096439149
"3232",66.6100802848946
"3233",72.1620831513731
"3234",81.5905011905064
"3235",244.02347741871
"3236",74.8743720118782
"3237",130.021131455891
"3238",186.60247567215
"3239",88.8859570810019
"3240",62.2408787916699
"3241",72.9391483372845
"3242",67.2697929109741
"3243",85.6209779870934
"3244",85.6240576707456
"3245",84.9119346755985
"3246",86.7181671545897
"3247",88.6163185872407
"3248",117.336852593824
"3249",84.7281301340472
"3250",103.636740720532
"3251",135.865220446249
"3252",80.3477355274904
"3253",68.1656959950902
"3254",71.9898954323672
"3255",86.2517488977936
"3256",63.7971143806512
"3257",87.9642712323887
"3258",81.8227536504913
"3259",101.21054911455
"3260",85.016520257303
"3261",96.9269357608895
"3262",77.1605301101229
"3263",118.687377987935
"3264",100.021075436289
"3265",73.5700685498582
"3266",119.246389066679
"3267",81.0219462911026
"3268",107.676995702552
"3269",112.861352829421
"3270",69.3359592863356
"3271",64.3960175027016
"3272",79.3541600189241
"3273",127.470829479588
"3274",78.1107902535556
"3275",65.1812361050374
"3276",126.511239844376
"3277",68.8730632366516
"3278",86.2922595957495
"3279",91.3501647968678
"3280",123.29125379462
"3281",64.633588433483
"3282",105.908933116909
"3283",148.923741204352
"3284",118.526234565362
"3285",119.007729658717
"3286",95.4370138163521
"3287",94.7785060881156
"3288",105.874443058693
"3289",142.239357740005
"3290",89.8756214564081
"3291",80.5913851925723
"3292",81.0420817478645
"3293",81.4374722531044
"3294",101.286986161899
"3295",97.4406566266713
"3296",110.2977151318
"3297",71.0100572745167
"3298",84.2667154740791
"3299",107.375134518851
"3300",88.9138135523378
"3301",93.2792758568229
"3302",175.133562358773
"3303",83.8745009928745
"3304",92.2632855929887
"3305",93.0683480688712
"3306",141.910455208773
"3307",129.573645642056
"3308",82.036376227634
"3309",86.9698911596797
"3310",68.7590241560266
"3311",107.661438341671
"3312",109.755930734837
"3313",90.4998681354371
"3314",99.072649876771
"3315",83.2967769711484
"3316",78.092289276353
"3317",75.1309096926879
"3318",92.0056796970532
"3319",87.0856941224371
"3320",66.2243977611818
"3321",89.477978362847
"3322",124.540360761016
"3323",112.365214756276
"3324",85.185099444623
"3325",106.033028795357
"3326",162.877539333747
"3327",113.638017351996
"3328",60.3848926460738
"3329",69.7130303603571
"3330",101.301512633341
"3331",82.7361290492551
"3332",122.543052038105
"3333",131.02092885278
"3334",94.8030443765929
"3335",75.4955264150304
"3336",92.4585635750639
"3337",185.404228535424
"3338",88.0793076134806
"3339",91.5576368917789
"3340",77.1026436258957
"3341",72.6149840945299
"3342",89.5031773083865
"3343",92.305167335154
"3344",115.931844509694
"3345",79.9832632729366
"3346",79.2239441711692
"3347",90.4953724559807
"3348",210.973868563782
"3349",64.5057750207389
"3350",82.2936967790407
"3351",114.55735711161
"3352",75.1895371943213
"3353",73.4030989961713
"3354",83.4912919349541
"3355",71.3821330280988
"3356",86.5338903766365
"3357",155.898905809002
"3358",84.741103809333
"3359",140.352600259626
"3360",101.522742203153
"3361",82.8706702021394
"3362",88.6261560274079
"3363",85.2356453050832
"3364",153.518988925896
"3365",68.108729657532
"3366",85.3065986122952
"3367",83.470798486512
"3368",141.800349926612
"3369",91.8195385979227
"3370",74.147437852293
"3371",114.653046709648
"3372",80.4497917341028
"3373",83.9127139370541
"3374",99.3667400693506
"3375",73.1179355358021
"3376",130.047608381827
"3377",76.8201121272536
"3378",96.7211505774384
"3379",215.757847131568
"3380",111.317117017726
"3381",64.1404184841659
"3382",152.786715691997
"3383",82.8704923523048
"3384",59.2525114614909
"3385",68.5223896616197
"3386",77.5237307130812
"3387",219.558355326122
"3388",96.8753660480427
"3389",113.176843930721
"3390",101.444552850645
"3391",108.810480457986
"3392",160.934499521018
"3393",117.572155671414
"3394",80.926398984431
"3395",163.345787171923
"3396",100.475450227975
"3397",84.5342413117371
"3398",108.761380378644
"3399",77.4229885100163
"3400",91.0557022737548
"3401",71.9367729264835
"3402",112.411455078748
"3403",97.3815540746365
"3404",95.7990161801716
"3405",130.513140469332
"3406",64.9398232589044
"3407",90.2488574268715
"3408",93.0585037072648
"3409",85.1337300565731
"3410",117.996581144044
"3411",76.2179163097598
"3412",98.471871460603
"3413",94.2192846601763
"3414",87.5992006432604
"3415",145.886679777307
"3416",111.038905471319
"3417",119.853236264065
"3418",77.1162060699895
"3419",80.2928398234314
"3420",107.865400346631
"3421",91.1968229886198
"3422",97.161721939532
"3423",70.5570795859955
"3424",84.5757744477707
"3425",116.383778499751
"3426",58.8158214365231
"3427",85.1733221721548
"3428",91.7809358992284
"3429",88.0467849214635
"3430",68.797633422209
"3431",70.6039756612195
"3432",64.3302703334237
"3433",84.3684693668575
"3434",66.0708858156964
"3435",95.5081326656194
"3436",70.8325476385906
"3437",155.721265409715
"3438",76.1255258959398
"3439",110.921230757845
"3440",99.3723194110011
"3441",81.6245373499714
"3442",95.7136447672511
"3443",77.357896809681
"3444",68.0812715173378
"3445",106.373805555314
"3446",98.7865792484077
"3447",101.656518615446
"3448",81.268998344579
"3449",81.4222872580449
"3450",77.8504886466255
"3451",76.8106494758015
"3452",75.9554103374067
"3453",111.872427503324
"3454",94.9688064080823
"3455",169.681146628553
"3456",83.4906476604127
"3457",94.7397310798381
"3458",170.887675880498
"3459",85.7484688271446
"3460",63.9309023932362
"3461",139.411992597581
"3462",68.6702750668285
"3463",66.3156596870559
"3464",131.615110143636
"3465",88.5134070221407
"3466",70.6387641884922
"3467",81.6076425983624
"3468",73.428741830411
"3469",86.1921515093091
"3470",134.317514519532
"3471",81.7433291833111
"3472",88.9239935691532
"3473",166.562005647148
"3474",98.6141635285922
"3475",77.2554178076618
"3476",157.689614897885
"3477",113.044307514305
"3478",112.952146232666
"3479",84.3495043179481
"3480",100.690723815272
"3481",74.8418183246618
"3482",86.3413735875897
"3483",92.3350862454345
"3484",105.265302394426
"3485",96.902115952278
"3486",74.9853633176897
"3487",69.1261201934836
"3488",131.71809282322
"3489",83.6420250804807
"3490",132.948282552726
"3491",107.567447020489
"3492",66.5693480617006
"3493",114.185818123758
"3494",79.2610697327602
"3495",82.2425730301987
"3496",121.73864768516
"3497",105.539771753899
"3498",201.759686321351
"3499",132.192263417495
"3500",88.6190103272771
"3501",78.8862032399754
"3502",67.0467035112439
"3503",81.1321304889769
"3504",132.184831707912
"3505",108.290482541615
"3506",129.620893246173
"3507",112.209373017225
"3508",97.9698614849589
"3509",77.6417810303258
"3510",108.033716605471
"3511",85.0504968142841
"3512",76.6656091363613
"3513",77.8584492343676
"3514",75.5493148273006
"3515",71.0654434805102
"3516",88.3339504801981
"3517",88.1426216018129
"3518",92.8888948095222
"3519",148.586171907749
"3520",64.6838893391467
"3521",58.4244773467747
"3522",121.304708008607
"3523",108.065995407653
"3524",79.1082466285177
"3525",90.6182753341185
"3526",100.016385749959
"3527",168.049563904332
"3528",77.0941672968163
"3529",84.9233286029819
"3530",115.044714398979
"3531",96.4714426925058
"3532",114.559685037954
"3533",119.682898746413
"3534",72.809349582742
"3535",69.4914785522781
"3536",113.511647339007
"3537",93.1589037603727
"3538",67.2502568490845
"3539",114.482421114997
"3540",94.4013484933561
"3541",89.0435821617592
"3542",131.833860896135
"3543",100.291381580403
"3544",91.2645630448708
"3545",112.111120690675
"3546",135.691931270403
"3547",87.1176777432374
"3548",72.3774245678717
"3549",83.8646969837953
"3550",72.3935393928383
"3551",77.302978058551
"3552",120.828078598569
"3553",112.556420699972
"3554",75.9746416649427
"3555",131.575959633699
"3556",94.0850334577258
"3557",102.667114068378
"3558",75.0663133660352
"3559",86.7061856079395
"3560",72.4106387273041
"3561",90.171226572607
"3562",65.7023458242174
"3563",107.242375370011
"3564",80.9435279831319
"3565",69.3745642696374
"3566",128.710294575595
"3567",119.160119143885
"3568",77.1689842319498
"3569",61.5933801178882
"3570",94.4977006100204
"3571",91.6352204351629
"3572",88.5669431254234
"3573",86.2702665780109
"3574",70.3757209710342
"3575",74.7247927735264
"3576",139.006339840633
"3577",81.8807116485924
"3578",95.8612201121021
"3579",112.177093348384
"3580",78.3542904128625
"3581",60.9249528576827
"3582",83.8841548220334
"3583",62.9037891220321
"3584",90.9416458040122
"3585",84.7749312163368
"3586",76.5807490114542
"3587",62.9501083900104
"3588",67.630953500935
"3589",94.5557277609425
"3590",95.8731730708141
"3591",96.4386147570086
"3592",57.0888741642308
"3593",81.481096362342
"3594",67.3813398258156
"3595",81.6928860260857
"3596",65.9682292322622
"3597",96.9672326925266
"3598",67.6812808842317
"3599",62.7255179128995
"3600",100.905170023053
"3601",89.128628037717
"3602",107.710652908001
"3603",92.6799218131771
"3604",99.5127824637813
"3605",84.2305276841733
"3606",63.5934529492754
"3607",136.21745568498
"3608",91.7649614135353
"3609",80.6386968576132
"3610",127.937912263722
"3611",78.9152568999619
"3612",88.7388056293705
"3613",74.5551286904511
"3614",70.0448460710346
"3615",73.9318149446554
"3616",141.678242476677
"3617",64.0265842705486
"3618",72.3174176139399
"3619",96.0882554978995
"3620",104.941022608105
"3621",64.2578732464231
"3622",91.8553582813998
"3623",195.465628037611
"3624",68.5651959631457
"3625",135.957716097143
"3626",95.1717827750078
"3627",69.5862047461635
"3628",64.3721329001253
"3629",122.022548821464
"3630",126.45345324883
"3631",100.288886406069
"3632",88.4777898234565
"3633",91.2824980280456
"3634",90.4711903470851
"3635",66.0220671783943
"3636",168.339499443313
"3637",68.4543100681137
"3638",80.8090595684613
"3639",94.097750332962
"3640",83.8805193524907
"3641",216.687700754941
"3642",107.915182732974
"3643",225.777909689968
"3644",94.5091456871399
"3645",90.2402770784342
"3646",79.7507664921479
"3647",71.8962705573249
"3648",111.601688461091
"3649",68.6193157953458
"3650",87.1915193732982
"3651",95.1221379928613
"3652",99.0815046125331
"3653",108.500461765439
"3654",69.5334860695806
"3655",68.6064043483506
"3656",88.9557771363914
"3657",67.0523505284199
"3658",76.3312651400112
"3659",147.387030228771
"3660",69.3629328120559
"3661",95.4236446403803
"3662",119.414160606964
"3663",66.7821837789013
"3664",77.5798933995064
"3665",192.895934299605
"3666",89.6003335036241
"3667",118.750004225815
"3668",182.087227999271
"3669",86.6280085950061
"3670",75.4095341663616
"3671",100.784406267281
"3672",170.291552280411
"3673",100.578103323402
"3674",89.5000170960524
"3675",124.322815701761
"3676",184.384063305214
"3677",60.6213631529905
"3678",78.4086502341382
"3679",74.1246944684048
"3680",90.8757297754422
"3681",76.9964172399144
"3682",80.3440053189598
"3683",67.8875611360548
"3684",79.0806254196391
"3685",103.484404240243
"3686",122.884456392498
"3687",71.5868244674951
"3688",87.5536580441565
"3689",84.8015130028516
"3690",83.0032871418253
"3691",87.1498770654398
"3692",81.7752755571226
"3693",77.5768708100696
"3694",99.0277235020394
"3695",84.5086794816548
"3696",81.7217539544932
"3697",93.6720141726052
"3698",159.733420875228
"3699",106.629661814893
"3700",97.7002243631805
"3701",123.827152727018
"3702",165.947536146405
"3703",75.423479538186
"3704",72.1483230249092
"3705",216.535562709545
"3706",92.1488928223737
"3707",106.699140492082
"3708",94.8123175188734
"3709",87.7710478675661
"3710",120.215517564896
"3711",172.543373896546
"3712",66.2960616534745
"3713",149.771273494215
"3714",161.047713017587
"3715",90.4815220206131
"3716",84.2205161968463
"3717",96.3756546362745
"3718",148.950650113467
"3719",102.122769478385
"3720",116.814697005327
"3721",94.8650811603435
"3722",69.3216658119591
"3723",78.4523367451635
"3724",109.831796203694
"3725",74.7612465998706
"3726",79.7355379571283
"3727",106.637282017531
"3728",97.1677497537489
"3729",123.064964766011
"3730",68.6683206979252
"3731",97.4522793805882
"3732",71.8634715179622
"3733",91.0522064068194
"3734",79.635900684633
"3735",82.9247318186179
"3736",88.4818261217963
"3737",78.6517750206376
"3738",87.1705290234447
"3739",125.414010980179
"3740",72.6890718159475
"3741",72.6607463423425
"3742",79.5649946687645
"3743",123.191948304505
"3744",111.967326423521
"3745",107.540099226591
"3746",166.699259661743
"3747",128.865514913769
"3748",78.5609313749533
"3749",86.002215327955
"3750",81.6356436833356
"3751",82.7479039787683
"3752",99.8528146271271
"3753",88.9692020095523
"3754",170.472788113714
"3755",175.263728121592
"3756",105.350076508202
"3757",158.823638147362
"3758",69.3176994886495
"3759",156.519166637464
"3760",112.210955314676
"3761",180.916389150687
"3762",104.591051891679
"3763",85.839702262842
"3764",68.4791494218276
"3765",113.751122135876
"3766",76.9343923439529
"3767",105.005341203251
"3768",127.664671302698
"3769",129.239557633851
"3770",116.505525262869
"3771",135.939309828214
"3772",65.659145562977
"3773",96.1660403217532
"3774",109.248397137047
"3775",70.3660240256173
"3776",128.603047584329
"3777",112.510724786008
"3778",105.524521194423
"3779",89.2064479023145
"3780",86.6100852853723
"3781",79.2718217565612
"3782",97.7486137858432
"3783",87.183765349687
"3784",105.206493765415
"3785",87.7355287823956
"3786",70.6522740575346
"3787",134.042720624935
"3788",67.0789972937068
"3789",83.0210597844047
"3790",110.577333262002
"3791",77.974139420213
"3792",103.370974103051
"3793",158.870479293891
"3794",117.529153139381
"3795",148.443732492781
"3796",123.136311163501
"3797",81.2898724078925
"3798",56.0035801548681
"3799",89.1257290424878
"3800",146.146765497353
"3801",72.4118495280975
"3802",142.396364162388
"3803",69.0538647926725
"3804",120.45676728035
"3805",89.6740948880958
"3806",92.3804795310356
"3807",86.9953811365933
"3808",117.435887067463
"3809",108.102165575758
"3810",88.9132360211708
"3811",98.7379153539156
"3812",104.001483851139
"3813",100.137263758198
"3814",76.4933022275623
"3815",81.7369084410086
"3816",104.565811482277
"3817",156.794319225076
"3818",148.601661224641
"3819",103.42079291429
"3820",130.921657636707
"3821",99.2484475455484
"3822",102.819754927981
"3823",94.6198186672613
"3824",108.70162275019
"3825",193.626874350295
"3826",96.3767185909513
"3827",80.5450732032324
"3828",68.7555888486376
"3829",94.3347955126633
"3830",80.0010770902891
"3831",94.2584447653962
"3832",64.4543084223173
"3833",92.4937696258419
"3834",92.0396361663481
"3835",119.815002163427
"3836",77.0499415077995
"3837",80.8375333328892
"3838",129.847918391572
"3839",162.377935761968
"3840",87.6684851756177
"3841",82.8402073243791
"3842",68.3390851386977
"3843",80.5289495093717
"3844",99.5270016213499
"3845",145.256460240087
"3846",109.323928040199
"3847",73.1155205338347
"3848",86.4694823554177
"3849",79.9475848090959
"3850",83.3819233314088
"3851",85.1110349837738
"3852",150.313345681195
"3853",79.3330291608788
"3854",78.8970397709272
"3855",90.2303165461233
"3856",90.7886439401095
"3857",93.3987652065538
"3858",92.5438652893573
"3859",111.61671866057
"3860",74.7349062889724
"3861",61.7189379277468
"3862",113.682781768905
"3863",110.463435765484
"3864",124.111075805957
"3865",125.729488767909
"3866",93.4443558598663
"3867",112.68742803602
"3868",64.9987260952309
"3869",93.4564252386194
"3870",122.125224220271
"3871",71.5763452794592
"3872",88.2013620993498
"3873",115.562116948698
"3874",109.667286687379
"3875",177.085474387475
"3876",79.0953663146559
"3877",103.689143393982
"3878",81.797141202
"3879",75.0980041111335
"3880",67.8374331151921
"3881",88.3123174083387
"3882",64.483216613047
"3883",132.065114947015
"3884",87.5392456681307
"3885",81.8805024478383
"3886",108.140246788416
"3887",104.701728860935
"3888",109.514695001377
"3889",102.234477265753
"3890",79.1491685277676
"3891",90.0137880423336
"3892",143.926548790066
"3893",97.7863394544867
"3894",97.9789895981193
"3895",79.4633407884594
"3896",78.7337905557094
"3897",133.984535740644
"3898",152.336057318437
"3899",114.585065779098
"3900",87.0115190220266
"3901",121.401228630669
"3902",86.5371154701372
"3903",67.8187856392069
"3904",82.5138575950653
"3905",157.332984435451
"3906",130.067439410736
"3907",77.3100064842497
"3908",69.5221474453292
"3909",120.831396747647
"3910",81.7909676713961
"3911",97.0410777510918
"3912",102.339993292069
"3913",104.145012018147
"3914",87.8809989872336
"3915",92.5031382160187
"3916",73.7604099883391
"3917",81.0565886307316
"3918",62.6939880717332
"3919",93.2960635152079
"3920",74.3087369821537
"3921",90.7486842437342
"3922",86.7681025959892
"3923",206.175607041809
"3924",71.1109077145452
"3925",153.86235282403
"3926",80.4835913566698
"3927",81.693925178169
"3928",104.88682133631
"3929",61.0940111495332
"3930",71.8111508238613
"3931",168.406327147304
"3932",84.8905417587218
"3933",93.3208395178682
"3934",156.068745450258
"3935",150.462598081201
"3936",64.6296633802163
"3937",70.7649055377255
"3938",83.1143307508379
"3939",71.8608761890995
"3940",73.8522083523796
"3941",100.749139466839
"3942",75.7925006437398
"3943",65.2121529552581
"3944",98.8424756907062
"3945",106.908592169154
"3946",125.033248508208
"3947",100.890808382644
"3948",117.794558500848
"3949",88.2327904570199
"3950",90.9222389597394
"3951",105.038311281392
"3952",77.8490579222327
"3953",120.651985728538
"3954",85.130202579181
"3955",68.1220190867045
"3956",102.347718176928
"3957",123.708487808102
"3958",77.5204505672793
"3959",101.136447478623
"3960",115.430618914168
"3961",109.302264627156
"3962",63.9776992710057
"3963",216.100853088277
"3964",114.828276452602
"3965",86.6085359877897
"3966",65.1008197935614
"3967",86.0735075352279
"3968",96.5165532058432
"3969",191.432657143671
"3970",117.315317201865
"3971",149.659992374984
"3972",92.5307032648999
"3973",73.8685863366823
"3974",60.8278985975154
"3975",80.7654428809185
"3976",78.1913844341274
"3977",71.3722716182983
"3978",91.4022924435614
"3979",94.3639356354849
"3980",116.536747809259
"3981",73.0996392206571
"3982",71.7032957342956
"3983",84.1498688236519
"3984",113.420367557664
"3985",63.8379229086623
"3986",118.874236705456
"3987",143.585467825754
"3988",168.514760907609
"3989",101.05636866926
"3990",148.667418010331
"3991",163.495162689135
"3992",74.9485488820108
"3993",108.154351555346
"3994",92.4507098856204
"3995",87.9952458411194
"3996",111.51536540284
"3997",113.065846381635
"3998",81.4955146871742
"3999",89.2268447279808
"4000",97.5081713295155
"4001",135.815278092826
"4002",68.0316463686439
"4003",107.739704493056
"4004",89.2733665279623
"4005",105.356921395089
"4006",82.5181810494593
"4007",128.457165734062
"4008",79.4087167944631
"4009",82.2681186525616
"4010",85.8049149884534
"4011",105.220238665093
"4012",126.004294643356
"4013",126.620439317289
"4014",72.5180838728598
"4015",86.4534905628761
"4016",107.222984840602
"4017",68.6758044760534
"4018",131.841334962375
"4019",83.3886045009958
"4020",94.2474619266921
"4021",60.4349178479738
"4022",126.65425403714
"4023",93.420587896822
"4024",102.855918545562
"4025",83.5974354722921
"4026",77.9957755391902
"4027",113.139055345135
"4028",103.351107561842
"4029",71.2051330398794
"4030",88.457773215571
"4031",86.2158561408762
"4032",108.049010984054
"4033",139.812925391108
"4034",79.9180929910095
"4035",151.124613135501
"4036",143.978848730798
"4037",91.1555639618491
"4038",95.6518242390887
"4039",66.3752039707707
"4040",67.862536944302
"4041",82.2197783190221
"4042",87.699201817619
"4043",92.9772332927869
"4044",109.254198075895
"4045",160.87432894251
"4046",72.4174126859416
"4047",68.1346487922173
"4048",131.894162004529
"4049",100.107884275623
"4050",85.8304682314516
"4051",290.436785829409
"4052",162.35328781048
"4053",77.1456000776733
"4054",112.819330005999
"4055",85.6878426952901
"4056",104.105805851447
"4057",125.124340355481
"4058",128.055439523472
"4059",85.1779485941559
"4060",103.182425712753
"4061",179.102484258242
"4062",71.0503517553691
"4063",68.518125159656
"4064",81.661196604334
"4065",92.5748909574491
"4066",174.249235679386
"4067",96.2251238678517
"4068",128.252870830591
"4069",140.930265060286
"4070",106.506000101583
"4071",93.8475902242277
"4072",87.4039004823134
"4073",70.259382662112
"4074",83.3888241419145
"4075",69.9449744553439
"4076",92.6769219146028
"4077",74.2922901203427
"4078",94.5938295623678
"4079",73.0759964079327
"4080",118.237157102002
"4081",126.353874838033
"4082",86.8552658161313
"4083",81.627968653583
"4084",81.1433416750654
"4085",84.1177698070839
"4086",67.1148356247967
"4087",81.9845109763594
"4088",87.9004828529897
"4089",67.4362370621899
"4090",69.3833555924815
"4091",96.0515960765123
"4092",143.636651867234
"4093",81.8861650371322
"4094",104.404281517152
"4095",109.591872194268
"4096",72.7364946641644
"4097",92.8530328153256
"4098",78.65439037027
"4099",102.186961067416
"4100",123.046141316315
"4101",69.5879731426785
"4102",77.625520438284
"4103",101.763934712797
"4104",87.5679685925097
"4105",103.432596285217
"4106",148.574621926339
"4107",105.282351905759
"4108",109.43961034798
"4109",136.819810539018
"4110",63.7383222636097
"4111",70.2533107139658
"4112",145.147614536929
"4113",105.768969667589
"4114",87.0152344934132
"4115",129.520945003813
"4116",98.9593728999934
"4117",118.298092389193
"4118",88.1482540541844
"4119",74.1493592604134
"4120",72.0906200104018
"4121",127.638991343128
"4122",98.3950647209411
"4123",88.773850755363
"4124",136.67398288348
"4125",85.8146930116099
"4126",63.4507367749505
"4127",77.4797353367976
"4128",70.5185893757986
"4129",118.857142451648
"4130",94.6130591846892
"4131",80.0848637165294
"4132",72.938122855201
"4133",123.424474391474
"4134",72.3247650729458
"4135",199.195098655377
"4136",60.6519935711821
"4137",79.5922406786871
"4138",117.818032290849
"4139",72.2901528369094
"4140",88.6614057021676
"4141",124.562233674134
"4142",180.082529389699
"4143",108.020045725971
"4144",115.767502687806
"4145",96.7520941557979
"4146",142.313590265488
"4147",81.4883295705377
"4148",88.6302030788846
"4149",99.1893218118254
"4150",74.998647930335
"4151",101.755327467364
"4152",82.0808113341232
"4153",129.82741121104
"4154",77.9628487484623
"4155",68.8368713220291
"4156",171.570985143274
"4157",85.1290241608048
"4158",77.5187050712869
"4159",74.0391772229573
"4160",82.1420432850129
"4161",151.915203999476
"4162",80.0356330936442
"4163",80.7155230689256
"4164",89.3919786476845
"4165",162.492773972197
"4166",148.230011045196
"4167",82.012449341273
"4168",98.6737865762552
"4169",119.248772205022
"4170",90.3825785464746
"4171",83.9434471853837
"4172",119.360538848563
"4173",132.783379748505
"4174",89.3237785957426
"4175",89.5107651688061
"4176",127.598691002033
"4177",89.4864726086603
"4178",115.006777265759
"4179",98.3739546523285
"4180",65.8337962764669
"4181",132.870782553437
"4182",74.3788669520067
"4183",79.7502417333745
"4184",68.6940439806205
"4185",135.026410171022
"4186",124.035451584735
"4187",92.6634183526796
"4188",91.2628915241611
"4189",120.619291825964
"4190",69.4228570125182
"4191",131.870196033347
"4192",90.0879456850187
"4193",163.639767226553
"4194",113.784681774047
"4195",84.8917536961827
"4196",73.3105050822367
"4197",108.257298571816
"4198",109.798963677934
"4199",88.7187873968808
"4200",90.3090180766839
"4201",110.098247311511
"4202",82.283205528948
"4203",115.723631100806
"4204",114.189995333973
"4205",170.359500373247
"4206",140.275906280508
"4207",99.6986287994286
"4208",115.023964443637
"4209",78.2140668822042
"4210",68.4473996636954
"4211",100.556483423548
"4212",86.7851202674589
"4213",94.9547133633349
"4214",112.572182065978
"4215",85.6113868536815
"4216",98.1051801819457
"4217",88.9905179922878
"4218",101.79951479191
"4219",66.912634125958
"4220",90.91424737906
"4221",108.035560557576
"4222",79.6072078793283
"4223",71.9834510874266
"4224",118.194277892979
"4225",148.886956078421
"4226",86.8770924514005
"4227",118.500818242074
"4228",81.6459959634014
"4229",134.888644976402
"4230",64.1428894546135
"4231",77.4385817498555
"4232",97.0759200447429
"4233",120.121316612697
"4234",81.2351544994111
"4235",95.8152750326016
"4236",67.6640842808036
"4237",90.6041916851311
"4238",101.014610371403
"4239",63.2257999043483
"4240",69.0519455148905
"4241",102.385521020217
"4242",116.410275917102
"4243",69.2229361880349
"4244",66.2583512259062
"4245",65.0807478475131
"4246",81.7613047981653
"4247",75.1490713734143
"4248",91.8429709448798
"4249",78.2496891253814
"4250",64.2281535139075
"4251",99.99884359833
"4252",128.625884794345
"4253",129.760130995558
"4254",137.531036637278
"4255",70.8577297210731
"4256",102.973468682755
"4257",240.50638807992
"4258",99.1690754194849
"4259",58.5229570648002
"4260",92.1432186875164
"4261",84.918381209013
"4262",81.8378954243965
"4263",77.3371495956394
"4264",86.4405956820175
"4265",87.9683622739668
"4266",59.7785874695794
"4267",77.8382293919016
"4268",94.6296725887534
"4269",62.5162042585956
"4270",139.019601809672
"4271",78.9845103100022
"4272",114.851934857896
"4273",67.5682629542596
"4274",127.812861790092
"4275",79.4964971066409
"4276",92.6198063449606
"4277",63.1304314963702
"4278",64.1023057934803
"4279",104.58575936563
"4280",97.3593105785778
"4281",129.265475605039
"4282",64.6365887396106
"4283",70.0781758115537
"4284",71.4675365350024
"4285",99.0586676410244
"4286",109.515996870702
"4287",100.356985494603
"4288",87.6885465154719
"4289",101.788100852884
"4290",112.519962287767
"4291",92.7427618383626
"4292",79.6013094623854
"4293",97.1779453509244
"4294",57.2083385786998
"4295",108.556826843805
"4296",73.5811015635707
"4297",62.3362731774703
"4298",85.0923249659329
"4299",116.687742487875
"4300",75.3511526042908
"4301",101.034761280565
"4302",71.7600798868002
"4303",74.6797547603046
"4304",138.723259051243
"4305",63.9059681957893
"4306",76.3008071911747
"4307",76.9818377220065
"4308",90.5940641665933
"4309",98.4738483076229
"4310",73.2433513546594
"4311",64.1884093998765
"4312",101.090088142427
"4313",104.475792116562
"4314",85.4215626872532
"4315",131.878950309688
"4316",84.3283023094365
"4317",79.4998569987311
"4318",104.232285596447
"4319",66.9355077630542
"4320",95.6468686030725
"4321",73.2167977680565
"4322",62.1339247746964
"4323",99.074446672734
"4324",133.89534678701
"4325",96.0010137471251
"4326",132.397068731353
"4327",89.5582940419085
"4328",89.0499062809795
"4329",72.3092565067613
"4330",140.104953920673
"4331",71.8152472311785
"4332",80.2606815281228
"4333",88.7131546122222
"4334",71.5122144262311
"4335",109.755515582442
"4336",106.314704222683
"4337",97.9635283818636
"4338",89.1185079781894
"4339",106.432890963066
"4340",95.9483715930485
"4341",103.312547357084
"4342",141.353347463765
"4343",124.084247405203
"4344",148.961292265031
"4345",76.9050092300834
"4346",97.2339839520589
"4347",83.8940052367829
"4348",128.065402317198
"4349",126.872357389598
"4350",125.946852774971
"4351",74.8013579334548
"4352",101.433520695603
"4353",146.113778908386
"4354",109.971061831336
"4355",112.529902298841
"4356",90.1436012851119
"4357",64.4128147069067
"4358",72.4173075054169
"4359",125.34587635583
"4360",86.041680627808
"4361",73.1211076505788
"4362",111.131236373838
"4363",82.0767280476661
"4364",98.4368565954454
"4365",139.234230853783
"4366",85.4370002758772
"4367",105.177555126362
"4368",74.2425835012366
"4369",115.443589325776
"4370",66.9731979398978
"4371",88.2599562022608
"4372",69.7407749920499
"4373",107.299093574789
"4374",69.0715331897573
"4375",71.5206568572627
"4376",107.399984693057
"4377",81.4954030783469
"4378",77.3439274704741
"4379",74.6762317368653
"4380",116.430038484235
"4381",135.583766103259
"4382",112.959147012206
"4383",71.3171801934455
"4384",67.9475163390065
"4385",113.043835664499
"4386",99.700008707344
"4387",137.498041073958
"4388",107.203201560651
"4389",82.1752025423393
"4390",90.5204451017713
"4391",79.0195054635691
"4392",99.429123904243
"4393",69.5875962428651
"4394",93.5144482109259
"4395",165.175312680715
"4396",85.8962383578515
"4397",75.316382843392
"4398",87.634157507978
"4399",126.781205844239
"4400",168.302419322184
"4401",121.541152971856
"4402",95.1393686912866
"4403",89.4799615571567
"4404",105.018537206728
"4405",86.3112093430973
"4406",98.9546836853215
"4407",83.8744989593623
"4408",126.378297499954
"4409",71.1686560882998
"4410",62.4426159306743
"4411",155.824667496287
"4412",104.15379355804
"4413",129.300207710925
"4414",131.582811186087
"4415",72.339460993806
"4416",82.0798592492344
"4417",86.7580352347043
"4418",118.866493694494
"4419",64.7006838994503
"4420",71.6846198202527
"4421",143.63643352902
"4422",77.301753219841
"4423",72.9714508276131
"4424",80.7953534945008
"4425",94.5717596501275
"4426",94.1947483982632
"4427",86.1907193116138
"4428",80.0333526711045
"4429",65.7884638385907
"4430",138.779685300341
"4431",86.2657884831092
"4432",79.7200577005274
"4433",104.271198694159
"4434",74.8732541930975
"4435",100.565677128037
"4436",201.28142344023
"4437",78.7912531171499
"4438",94.9597453351308
"4439",72.054530184999
"4440",74.7344896945723
"4441",69.5999871633692
"4442",64.0900756451887
"4443",59.7377353920088
"4444",69.1506340933792
"4445",92.6681739136559
"4446",97.9748654315477
"4447",106.512877100267
"4448",74.5614677301801
"4449",141.637953255573
"4450",114.966304265301
"4451",75.9401512960356
"4452",169.078503180736
"4453",71.2293614753203
"4454",78.8440454286206
"4455",85.5990726804837
"4456",71.225836954231
"4457",159.80833021056
"4458",82.007335943615
"4459",111.566838090159
"4460",90.847591075435
"4461",82.2880785503225
"4462",116.124050838352
"4463",75.8916408769656
"4464",99.4178945152412
"4465",80.6490355086248
"4466",86.1659623958075
"4467",86.7824595689147
"4468",76.4193874429998
"4469",165.534146663948
"4470",85.5768393785005
"4471",177.872718671492
"4472",103.870110172476
"4473",83.0771637289511
"4474",82.2157764007672
"4475",118.22750817671
"4476",78.9151550418015
"4477",69.1229154158146
"4478",93.6593829417352
"4479",63.3727828819422
"4480",119.09959756694
"4481",138.119164511067
"4482",82.8878152988912
"4483",101.419680926206
"4484",97.0711132167998
"4485",100.593413330657
"4486",89.077878056366
"4487",65.2945508789376
"4488",113.851488866381
"4489",73.5103422257482
"4490",80.3078288015189
"4491",75.037715005515
"4492",69.2483483442522
"4493",110.802956212634
"4494",66.8295199228006
"4495",93.1012605602323
"4496",131.105016166521
"4497",82.1759287769571
"4498",78.746617810648
"4499",110.343865359846
"4500",76.1697164777281
"4501",131.554828766842
"4502",122.895128040577
"4503",76.019016350688
"4504",88.1786466831011
"4505",94.5191218811993
"4506",86.8436730811552
"4507",136.598334988796
"4508",72.8407052979874
"4509",77.9503034743065
"4510",78.8486592131682
"4511",129.090209992192
"4512",88.1283820354234
"4513",75.9914798726635
"4514",61.5706805531197
"4515",112.820227286955
"4516",67.0327793256703
"4517",104.500012685812
"4518",96.9201354585915
"4519",67.6496716612083
"4520",94.4354384487013
"4521",133.13317712292
"4522",107.02040368149
"4523",72.1337407890353
"4524",67.191368739774
"4525",87.9683591130769
"4526",54.8833457786607
"4527",100.02697561869
"4528",76.1045891798969
"4529",80.7649294773347
"4530",79.966514538865
"4531",85.9300212270064
"4532",102.536835371041
"4533",90.3250373248293
"4534",69.4496672859755
"4535",67.9806293970265
"4536",64.1308973961979
"4537",81.2731748135645
"4538",87.1824003722371
"4539",128.960528966953
"4540",91.2882920262277
"4541",78.2418090907723
"4542",93.9180138253524
"4543",104.133724889214
"4544",75.3305776342707
"4545",78.4338358386972
"4546",81.5481243053131
"4547",79.3480408312406
"4548",88.0361342085845
"4549",91.6917951856383
"4550",104.067090235419
"4551",71.0077511200093
"4552",97.8920710501217
"4553",97.6153512293799
"4554",79.491543963716
"4555",125.005038549613
"4556",107.598550962709
"4557",112.643714026183
"4558",70.5842129892646
"4559",133.058397415993
"4560",96.1888466235817
"4561",70.8570777568603
"4562",135.144401779769
"4563",84.4822869179202
"4564",73.5316773292019
"4565",111.653026518219
"4566",104.338164800294
"4567",71.1590569190498
"4568",116.078341281204
"4569",162.061116714968
"4570",98.5080630019418
"4571",77.9278690876889
"4572",92.7763777865682
"4573",86.2300696675066
"4574",104.929571257772
"4575",109.490835503054
"4576",109.791954369509
"4577",99.2190541385772
"4578",74.3269383144456
"4579",97.1134168163972
"4580",101.53906224987
"4581",95.6018692978932
"4582",105.340085770381
"4583",158.62169371856
"4584",75.9435085800903
"4585",79.5247757462113
"4586",140.653057642379
"4587",87.174133395312
"4588",62.7439275109456
"4589",124.652436514945
"4590",80.7258532111624
"4591",81.6308449783236
"4592",86.3735906010085
"4593",65.3916912517077
"4594",73.5262430255663
"4595",87.332089387593
"4596",69.487860807489
"4597",104.533700580641
"4598",83.7433094484891
"4599",102.265819042268
"4600",169.893869180962
"4601",75.406770687603
"4602",78.1558621083972
"4603",76.237999798478
"4604",107.135908022704
"4605",85.5740754341643
"4606",113.803907150525
"4607",139.295699414937
"4608",90.3994809815931
"4609",83.6106229530553
"4610",83.724775953677
"4611",118.283252616641
"4612",85.4270503144933
"4613",84.4474612802436
"4614",93.2569243872734
"4615",106.635862231588
"4616",60.2695386739175
"4617",96.8315930456688
"4618",95.7877519471431
"4619",69.6302188631378
"4620",117.197228305705
"4621",146.405850234555
"4622",66.3669427191748
"4623",80.9526591022874
"4624",102.617091546802
"4625",141.159287011925
"4626",86.4344328916866
"4627",97.6669745347076
"4628",73.4621758638998
"4629",118.15071288922
"4630",67.4978711500474
"4631",83.5034408040209
"4632",75.7832014047075
"4633",93.0852571186843
"4634",113.955937077893
"4635",90.5299096962515
"4636",108.475493179493
"4637",101.728205980777
"4638",101.718105454914
"4639",86.6033680024823
"4640",91.9289015155471
"4641",112.906715608885
"4642",75.1954499680107
"4643",107.134535581801
"4644",92.0324936171654
"4645",89.851177624834
"4646",85.6617948494705
"4647",103.376403178492
"4648",61.4395718309531
"4649",102.709655189271
"4650",71.8874572373876
"4651",77.385757302606
"4652",109.234581272502
"4653",113.201393588303
"4654",88.8604297003587
"4655",106.244479051517
"4656",86.0150741191464
"4657",90.2263381363602
"4658",98.4834617273079
"4659",98.9416283089548
"4660",140.375757490643
"4661",86.0266217174164
"4662",91.4306076147365
"4663",87.7148306558814
"4664",96.9303618715362
"4665",91.0729497293654
"4666",91.0554883510519
"4667",84.9295225188338
"4668",144.459523510149
"4669",89.8678726788449
"4670",95.7965443546052
"4671",89.4126634135919
"4672",81.5992967228203
"4673",78.3922569901396
"4674",127.625015045164
"4675",105.135225221932
"4676",170.651953406514
"4677",98.6340861036318
"4678",122.792565340901
"4679",99.5820975840434
"4680",96.3060670251565
"4681",101.58770569522
"4682",77.6382514348111
"4683",111.711835629857
"4684",86.2312941231499
"4685",131.129239196134
"4686",78.4118748733426
"4687",105.247247882066
"4688",75.832684159527
"4689",112.693616213342
"4690",79.336521038419
"4691",110.552075251502
"4692",94.2095628819026
"4693",115.737438498581
"4694",95.3796065131787
"4695",146.264867094875
"4696",67.7720606861258
"4697",161.511577259939
"4698",137.060272158617
"4699",85.2418464523946
"4700",70.250052353949
"4701",80.6074410469399
"4702",113.952827565086
"4703",71.6676171833838
"4704",110.087391768156
"4705",66.6357028788095
"4706",118.882212502334
"4707",158.186969658754
"4708",120.542359394751
"4709",66.2505680482781
"4710",85.4564937551041
"4711",119.970480852232
"4712",61.9434707913154
"4713",63.1811194332653
"4714",83.9005843146993
"4715",131.617907022827
"4716",100.702420365572
"4717",81.1527658055736
"4718",82.6346082707825
"4719",77.291830372562
"4720",101.026707655452
"4721",59.735427441185
"4722",85.2558737071253
"4723",98.3656195769721
"4724",132.942674708258
"4725",102.832296430181
"4726",93.2201408598978
"4727",118.280180337058
"4728",91.1780245830796
"4729",66.7571120693589
"4730",106.416677338266
"4731",171.318969533513
"4732",87.7825336870131
"4733",94.2462099362704
"4734",171.237683848856
"4735",124.120675515849
"4736",155.95799021337
"4737",95.1409505590814
"4738",67.4327540554304
"4739",95.0802627049478
"4740",173.77632517741
"4741",68.8216436922014
"4742",97.3586016090477
"4743",88.2013800405031
"4744",73.4846228372931
"4745",94.10535628559
"4746",58.9127927107101
"4747",63.2414699297413
"4748",134.507803633597
"4749",72.6115816903694
"4750",72.3838433723281
"4751",127.69457229002
"4752",69.6919433134486
"4753",117.147317932205
"4754",73.7974577449784
"4755",74.0118833742685
"4756",95.6578599975355
"4757",95.4163501972885
"4758",87.3468131673145
"4759",87.5387825206029
"4760",71.0233052561615
"4761",104.266634501703
"4762",91.1998589296643
"4763",70.6285268476048
"4764",117.291542068284
"4765",114.463187900964
"4766",68.8621294208132
"4767",144.711152374671
"4768",110.137497446647
"4769",106.483066668627
"4770",126.160336459178
"4771",77.1278390480255
"4772",221.158163247931
"4773",77.4372966557359
"4774",108.763030875361
"4775",62.8844749530238
"4776",92.1800084325695
"4777",202.3286933827
"4778",70.4904421203171
"4779",79.8803250652219
"4780",69.3743177263672
"4781",78.5385728098542
"4782",104.81055221885
"4783",65.0727609269422
"4784",72.8984531636659
"4785",156.396666341837
"4786",73.4917635905258
"4787",80.368967576989
"4788",131.838970926917
"4789",75.4902158814464
"4790",109.474252076035
"4791",76.473668292703
"4792",96.1506668193078
"4793",136.654876643057
"4794",102.18846808955
"4795",92.339962666463
"4796",66.9068522764025
"4797",118.448199086465
"4798",91.0461022456542
"4799",63.7626010172696
"4800",91.0015823114837
"4801",115.470365491808
"4802",90.3234426408781
"4803",90.3550848706115
"4804",98.3253981656769
"4805",112.987689005087
"4806",79.0965844361195
"4807",61.5213719280065
"4808",100.574241761179
"4809",96.3810719003331
"4810",90.1687170632781
"4811",103.116178619445
"4812",108.810868002373
"4813",102.328957987347
"4814",141.536632248507
"4815",88.3050978225577
"4816",101.321093217578
"4817",84.0175245940277
"4818",97.0356350761336
"4819",76.2106758086795
"4820",155.300562551239
"4821",122.193869527766
"4822",71.6477039214094
"4823",94.3316629779736
"4824",69.8172971204273
"4825",83.2712142915494
"4826",101.203014591294
"4827",86.0181785964105
"4828",61.8745705586862
"4829",103.916461391627
"4830",85.4889953096465
"4831",63.8371373131268
"4832",101.660668065507
"4833",67.8607313021641
"4834",70.4603129780847
"4835",98.5715328356657
"4836",104.938447564263
"4837",111.947074656725
"4838",64.1563292669512
"4839",85.8459054693146
"4840",79.9659663301066
"4841",113.656696176438
"4842",173.604460606486
"4843",80.6969215292616
"4844",118.030236871618
"4845",174.181349682912
"4846",179.46979273369
"4847",72.9440314500017
"4848",127.503275721591
"4849",106.890644091923
"4850",86.9732568989651
"4851",85.1233945325143
"4852",93.4165406522328
"4853",70.9646372731661
"4854",75.1123950965766
"4855",133.32281455012
"4856",79.174797989083
"4857",115.482451914081
"4858",60.6000218945798
"4859",73.1955890943314
"4860",94.6183354588294
"4861",86.6908580256738
"4862",99.779037890455
"4863",90.3765242047889
"4864",79.5972580958592
"4865",90.6860804366881
"4866",62.9066114245577
"4867",80.5477227453399
"4868",95.4278066668129
"4869",82.635398955836
"4870",90.5655499109613
"4871",166.881266218931
"4872",80.0821721367553
"4873",108.440065811304
"4874",90.5635371108349
"4875",96.3334584769278
"4876",118.013989947912
"4877",91.9291411013665
"4878",112.82484117695
"4879",73.763994022252
"4880",76.1185322278658
"4881",77.9364648175462
"4882",77.2243855026147
"4883",63.7119789591709
"4884",66.1967672840345
"4885",69.0668170293068
"4886",74.5631939800395
"4887",101.654404061429
"4888",117.450175869543
"4889",112.017841299419
"4890",89.0044031884479
"4891",67.1293575666607
"4892",121.476089812247
"4893",116.083566462417
"4894",117.723380210535
"4895",109.834244105458
"4896",96.598826675247
"4897",196.316558689191
"4898",84.9700066203847
"4899",137.515598448156
"4900",82.5707137647387
"4901",98.0819316972602
"4902",105.271655312346
"4903",86.093100656796
"4904",74.5956891185171
"4905",82.2401756662317
"4906",103.572411285239
"4907",100.059749051017
"4908",67.9571329703911
"4909",144.237415837208
"4910",90.3002725446324
"4911",116.160623454471
"4912",94.6183101723135
"4913",86.1845283829172
"4914",67.1653852170259
"4915",108.127388749024
"4916",84.8919670629994
"4917",91.4986111073008
"4918",90.7222778261273
"4919",69.540661590429
"4920",208.442458706086
"4921",101.966513223875
"4922",98.1734183163475
"4923",65.1716622186835
"4924",86.1674248653372
"4925",80.2973575792064
"4926",73.6828952634493
"4927",68.9582045219157
"4928",83.0004328368298
"4929",85.209910747413
"4930",86.1942934498609
"4931",99.8556628612081
"4932",111.376511091954
"4933",66.4263528059303
"4934",81.6988602136312
"4935",87.4480580058892
"4936",155.316183396691
"4937",113.707035152639
"4938",76.8995846968085
"4939",68.2563362536104
"4940",170.373711817839
"4941",148.506376271439
"4942",76.1674880809019
"4943",83.9637609100691
"4944",117.662729748329
"4945",100.249715580617
"4946",146.56299895998
"4947",122.5633838408
"4948",102.440333633607
"4949",121.136169350615
"4950",81.536592891823
"4951",153.035480165134
"4952",73.2294826411507
"4953",113.19777433151
"4954",91.3192608159909
"4955",83.3891062966607
"4956",73.416790358665
"4957",79.657718473858
"4958",68.9203138070747
"4959",100.865202163159
"4960",73.8253234167463
"4961",107.527796479054
"4962",65.375240033598
"4963",133.233287603064
"4964",116.139839324216
"4965",74.8501439018951
"4966",78.5430135383235
"4967",95.8624592682183
"4968",139.007897587441
"4969",112.812700202272
"4970",89.5856539645619
"4971",110.975894179631
"4972",91.4771465013392
"4973",159.826538948249
"4974",84.8974162105758
"4975",75.754057241718
"4976",69.0526554468403
"4977",80.9574979715036
"4978",124.350698877372
"4979",105.794155494789
"4980",71.6270453127121
"4981",89.7837373306613
"4982",201.631452145521
"4983",101.321680723985
"4984",105.605244800355
"4985",76.2540021787163
"4986",135.305489121831
"4987",75.8368013366955
"4988",62.9279717019529
"4989",76.0793052802458
"4990",132.777230689161
"4991",64.3546870127816
"4992",78.6485654818542
"4993",104.547760388395
"4994",86.4246067825746
"4995",92.8694146825945
"4996",103.855784316653
"4997",88.8752761041227
"4998",109.561655441154
"4999",72.6142638821757
"5000",101.051079582889
"5001",104.060912146077
"5002",76.3837882819779
"5003",75.5274739327295
"5004",93.7259863027789
"5005",79.9161458939142
"5006",93.1648436162824
"5007",71.2177066946089
"5008",67.6227262561291
"5009",78.1183737504513
"5010",134.112440754168
"5011",82.6384781546445
"5012",81.2051775812177
"5013",250.918471974809
"5014",95.6294037504598
"5015",89.1508351222763
"5016",96.9417816946433
"5017",108.557119243731
"5018",74.6195479401351
"5019",87.9638871795434
"5020",69.3545838442742
"5021",89.5404105997166
"5022",77.6193523577429
"5023",82.5152129477936
"5024",74.3492013079982
"5025",107.295275030636
"5026",63.5956914188217
"5027",130.013117302783
"5028",91.4400856784978
"5029",66.4755663973798
"5030",158.21616573738
"5031",116.035224354423
"5032",117.133376533682
"5033",93.3959259105926
"5034",69.6458438527815
"5035",75.6663140469888
"5036",96.4482924870816
"5037",78.6382536106527
"5038",80.6309735109781
"5039",106.699680726813
"5040",87.2785516373101
"5041",114.693134467559
"5042",106.298964535898
"5043",79.5965691974129
"5044",103.601262917042
"5045",70.4625015917048
"5046",91.6512823561978
"5047",93.1511348012942
"5048",68.2601904452051
"5049",159.91813141052
"5050",63.4338265626098
"5051",111.942848869637
"5052",143.178506062373
"5053",54.9690155775115
"5054",109.20289123083
"5055",134.811739160222
"5056",64.421855521525
"5057",64.2903315719539
"5058",98.6227625611523
"5059",79.8154447437889
"5060",102.246900727437
"5061",112.170521556364
"5062",134.936273360585
"5063",133.431871410426
"5064",77.5083532171962
"5065",63.2193863049481
"5066",171.407765088693
"5067",87.4995777966979
"5068",68.4025325813835
"5069",116.972492793688
"5070",73.515465145313
"5071",73.091604285463
"5072",68.2337710468848
"5073",92.3559131033429
"5074",139.810678177293
"5075",82.5445711601946
"5076",81.7351770621851
"5077",77.6434000102252
"5078",106.458497315768
"5079",88.9471762387586
"5080",95.732142802321
"5081",80.9617657655465
"5082",113.388641234371
"5083",122.351557691799
"5084",92.9930623170332
"5085",96.0791831834169
"5086",74.3296152581758
"5087",63.2291687525596
"5088",70.4089985180122
"5089",97.7858082354916
"5090",156.711213773413
"5091",105.681981893867
"5092",134.73023242428
"5093",85.0526191048725
"5094",76.6604042425624
"5095",99.8233710916464
"5096",90.4695147619954
"5097",87.7769615844205
"5098",219.912727908959
"5099",88.1539119252279
"5100",71.9991314107058
"5101",110.077002384473
"5102",85.9139802565032
"5103",139.649106582907
"5104",88.8954796493502
"5105",73.3412236217743
"5106",80.5455005221691
"5107",64.0880830595579
"5108",90.7453118733877
"5109",90.1361548149308
"5110",82.9988670999137
"5111",89.8897924380998
"5112",121.752108917858
"5113",120.146926085139
"5114",88.7127169072785
"5115",73.4265100231367
"5116",75.4433452121224
"5117",73.7598919268752
"5118",81.8212299518749
"5119",83.8773480721393
"5120",87.9510302342175
"5121",70.3944390807818
"5122",102.778324867969
"5123",111.763688074041
"5124",137.123935883323
"5125",70.2746351339387
"5126",138.448387480247
"5127",80.3606148031984
"5128",81.2219703403074
"5129",131.592813120902
"5130",150.562505082322
"5131",155.890168638029
"5132",127.222919395838
"5133",166.353906314319
"5134",104.311348229022
"5135",96.6517158278733
"5136",104.057669816056
"5137",71.3925225254984
"5138",113.331763129175
"5139",76.2322865265528
"5140",99.2395257943366
"5141",95.481795231484
"5142",89.8487621803864
"5143",101.383981275094
"5144",92.160401302691
"5145",97.6395820983191
"5146",98.2841882690152
"5147",73.2620061862414
"5148",98.4427460882649
"5149",143.353279770283
"5150",75.4420445877974
"5151",72.4877260605323
"5152",91.918315259964
"5153",77.7214713189522
"5154",126.757947501177
"5155",95.7824515662471
"5156",123.309135200442
"5157",73.0555445624597
"5158",96.9803748091203
"5159",152.873275829187
"5160",84.670994874287
"5161",80.8748163134949
"5162",69.8117513242913
"5163",97.8441482665053
"5164",93.0988800207432
"5165",129.671091248095
"5166",122.38504583194
"5167",87.0954915300368
"5168",80.9169991096279
"5169",72.1742820647595
"5170",72.6582889730895
"5171",74.707893017631
"5172",77.1019062059451
"5173",84.8133755833256
"5174",70.5505975762306
"5175",88.0817912232395
"5176",71.8391050620402
"5177",56.7348114351775
"5178",73.4779476265517
"5179",133.707006914318
"5180",130.302193376838
"5181",97.3646779120383
"5182",71.1245055738466
"5183",88.3308529897582
"5184",78.5339267339587
"5185",125.868321039077
"5186",124.387394320948
"5187",76.7394720349577
"5188",68.8130918118522
"5189",108.208646308758
"5190",138.640653367086
"5191",66.0941434942113
"5192",61.853509905841
"5193",122.543522531768
"5194",69.192266461154
"5195",87.1998682757338
"5196",76.3523078796798
"5197",87.5635864172949
"5198",86.3407408439209
"5199",83.6174466938558
"5200",77.9349049860952
"5201",77.1955601577821
"5202",99.3747319991469
"5203",119.95508958392
"5204",136.590172844369
"5205",84.1664639786787
"5206",97.7809618580277
"5207",84.7058771422695
"5208",71.9353634758685
"5209",84.4188335774052
"5210",86.6689523522826
"5211",81.6401830211147
"5212",82.8524917067079
"5213",100.483340874677
"5214",98.9251906514398
"5215",91.9207968993799
"5216",125.26604674247
"5217",112.548299248809
"5218",93.1391150096501
"5219",109.756127816726
"5220",229.155813210135
"5221",67.3984229713194
"5222",59.4680284341803
"5223",119.520751899008
"5224",98.5281385392953
"5225",88.4886359812876
"5226",80.4465630191698
"5227",102.727393914971
"5228",78.8050885724902
"5229",97.5551343456518
"5230",88.9460575210863
"5231",107.521490767488
"5232",90.2353339339709
"5233",69.5630708491083
"5234",88.734798678244
"5235",92.7397299520708
"5236",73.3709891188923
"5237",79.474039177671
"5238",73.1696115572111
"5239",95.9209798174467
"5240",122.342845773627
"5241",104.863764453007
"5242",113.544852309722
"5243",174.195427742065
"5244",104.763249766173
"5245",79.0231990093341
"5246",80.0992079043934
"5247",79.1597833564364
"5248",60.7416679580867
"5249",119.720166463336
"5250",111.887708713229
"5251",59.1585922912284
"5252",74.043475611088
"5253",94.557889336756
"5254",65.9077009934332
"5255",83.3063822624091
"5256",127.535136852478
"5257",60.5503916310876
"5258",117.047766506207
"5259",83.8086537713568
"5260",157.610441956337
"5261",92.7469495102864
"5262",128.574125977918
"5263",87.1056063797345
"5264",88.2605107206689
"5265",138.932379821907
"5266",98.1866889302484
"5267",100.934935283847
"5268",151.413163670686
"5269",72.4238739092649
"5270",71.6586140302293
"5271",73.6846163540105
"5272",96.7003903174834
"5273",61.5234145171702
"5274",74.0111298783311
"5275",90.1082859059861
"5276",136.362209212192
"5277",66.3712637783183
"5278",141.926041497083
"5279",98.2897533066528
"5280",123.796362873876
"5281",108.553541930702
"5282",124.144853969204
"5283",102.656972659532
"5284",72.0298859121939
"5285",98.9494197287614
"5286",80.8554868171336
"5287",138.078205333524
"5288",69.6228896878144
"5289",78.1982382599158
"5290",103.075191067414
"5291",117.088744879538
"5292",70.6225774852284
"5293",73.3178181721673
"5294",91.6667170109471
"5295",116.169455835967
"5296",138.956097109735
"5297",76.8214946667957
"5298",94.0046397417485
"5299",90.7589444219901
"5300",96.9273525938222
"5301",117.517724618661
"5302",146.352301059332
"5303",106.08409500976
"5304",74.0926384511583
"5305",74.1455030724081
"5306",108.06308045387
"5307",96.2382342185514
"5308",185.806029577379
"5309",71.4504612704674
"5310",88.5439594180473
"5311",109.541504021741
"5312",128.398341757336
"5313",141.201233438684
"5314",83.8816868015959
"5315",95.4480550015716
"5316",82.9694065244033
"5317",87.3612404382848
"5318",64.8720612178178
"5319",106.961785658961
"5320",99.2631423935235
"5321",110.330465111995
"5322",114.359909485828
"5323",97.8339090102471
"5324",77.9160026050616
"5325",108.688320941887
"5326",80.8525099743085
"5327",90.3481442349823
"5328",87.7612915063141
"5329",84.3135130593256
"5330",115.414667231063
"5331",68.2663659832255
"5332",76.4338353123969
"5333",80.9875024717925
"5334",86.9850560380276
"5335",133.082350015634
"5336",69.7571679876915
"5337",82.6421229041014
"5338",79.4216792933228
"5339",114.24298773564
"5340",109.652308259594
"5341",165.821468376132
"5342",76.8343425673942
"5343",100.741869378157
"5344",85.10228320077
"5345",84.7475026562307
"5346",93.8818255843785
"5347",124.659931563143
"5348",205.289699845575
"5349",108.960381876884
"5350",80.7112837962498
"5351",113.961536982755
"5352",81.6522058856466
"5353",86.2810599033215
"5354",79.960933420576
"5355",96.1814774145632
"5356",101.582346710833
"5357",69.901540610686
"5358",84.0243739482977
"5359",83.9298964494509
"5360",82.8822107865677
"5361",95.1139023473887
"5362",70.4440479068912
"5363",124.019261760261
"5364",88.3609049329413
"5365",215.076647847831
"5366",84.193925983809
"5367",84.5529517247967
"5368",128.411014664488
"5369",86.0238366110919
"5370",107.728488907268
"5371",90.7951492385801
"5372",65.2403132222856
"5373",78.3700823763441
"5374",86.554179447753
"5375",134.869694612235
"5376",102.76960583584
"5377",77.7072061195072
"5378",113.384551937051
"5379",102.941970613341
"5380",98.8929123311252
"5381",69.4790009833092
"5382",101.480748338326
"5383",90.5197902162184
"5384",107.037694155676
"5385",105.920738883178
"5386",185.770156044772
"5387",69.9868120650616
"5388",84.6965964452914
"5389",98.8859710062909
"5390",73.2440086059304
"5391",125.478292628718
"5392",88.2315724224404
"5393",92.3947987901525
"5394",133.387856727027
"5395",105.030047438316
"5396",71.3418914588099
"5397",85.8422036664304
"5398",98.2091992341765
"5399",95.2716030405578
"5400",91.280197045692
"5401",103.768765400093
"5402",97.1300409470174
"5403",130.634173206631
"5404",115.674858073984
"5405",93.7675369473964
"5406",136.278152657989
"5407",123.284809064996
"5408",133.746604466061
"5409",75.1744304167753
"5410",106.671146536188
"5411",170.571150212236
"5412",70.2369996036585
"5413",68.954592354166
"5414",83.7502965545415
"5415",159.716736865417
"5416",110.776372676737
"5417",91.9725245200705
"5418",85.986642124863
"5419",83.8193838509893
"5420",125.023253301516
"5421",78.6417093595217
"5422",73.3853442379321
"5423",120.304266932615
"5424",96.8433020108105
"5425",81.3901589516863
"5426",81.3632287899039
"5427",139.342211099886
"5428",80.0619321151028
"5429",94.0354939556081
"5430",197.779594533136
"5431",84.8524134092488
"5432",119.603261115438
"5433",137.244356410675
"5434",69.3393650593281
"5435",118.635614453078
"5436",117.758563312879
"5437",72.3882356779145
"5438",71.6348657808572
"5439",121.635233087483
"5440",86.9424755401138
"5441",71.955633716977
"5442",92.6994920632526
"5443",60.7578968004728
"5444",65.579638538512
"5445",198.881254439048
"5446",85.3317073721993
"5447",77.0036098728444
"5448",92.6586871328583
"5449",113.581462665663
"5450",133.965310036426
"5451",131.664008021259
"5452",90.4431597784328
"5453",112.610707004244
"5454",73.3470470464083
"5455",96.0931245177609
"5456",77.4600855096969
"5457",140.673006889324
"5458",121.258634822719
"5459",115.067507626369
"5460",90.1369101023019
"5461",94.2445836257734
"5462",64.2080438342186
"5463",94.9074234137857
"5464",69.4215659114346
"5465",122.860161473465
"5466",59.9042412388405
"5467",88.5079489002856
"5468",70.8823653122529
"5469",97.2979882973843
"5470",78.7307068937902
"5471",130.709226870119
"5472",81.7903441702729
"5473",92.8621273205676
"5474",155.987175385556
"5475",149.083584158493
"5476",84.0063018317365
"5477",83.9514296724419
"5478",106.509773786285
"5479",99.7827119445462
"5480",91.7749022934742
"5481",88.9942054475382
"5482",80.8911120128995
"5483",158.903819143014
"5484",105.89418256872
"5485",82.638537880088
"5486",92.7553123915232
"5487",85.1558488194872
"5488",63.4656157298973
"5489",144.624235498649
"5490",151.64065659099
"5491",82.3126040471536
"5492",67.5862889045707
"5493",78.809120441031
"5494",90.2770088724466
"5495",84.4676416263367
"5496",106.507764506829
"5497",104.16206821468
"5498",85.707389511754
"5499",115.963610768897
"5500",137.928278331558
"5501",97.9106515132298
"5502",86.429601572846
"5503",73.9048907533461
"5504",76.5243141958368
"5505",84.4136249502448
"5506",86.606651830631
"5507",146.986036028319
"5508",72.793627772695
"5509",111.550871413059
"5510",105.580728586845
"5511",113.885217712635
"5512",65.1408901410374
"5513",76.3581004757965
"5514",91.0191725348267
"5515",86.3486909314056
"5516",87.8625821203797
"5517",83.6127911408251
"5518",112.836427918248
"5519",88.5473749973507
"5520",83.1950723583493
"5521",90.578722139663
"5522",76.8646159887722
"5523",83.2168398757121
"5524",67.4703378698427
"5525",94.799425034349
"5526",77.4190216067318
"5527",93.3439027666832
"5528",80.3901799238993
"5529",81.7206549892768
"5530",76.3648485872115
"5531",115.985353567518
"5532",119.111011958519
"5533",91.8688325147878
"5534",129.227516679443
"5535",65.8080793010968
"5536",94.7417839188243
"5537",87.1389608671815
"5538",174.369511622423
"5539",91.8138755937894
"5540",83.1900268676848
"5541",93.2264693229293
"5542",111.85019949884
"5543",86.4023448641578
"5544",88.8954194288738
"5545",59.8587013309079
"5546",178.343126780188
"5547",77.1323331449115
"5548",99.4706984222887
"5549",100.533439033933
"5550",160.877584855268
"5551",92.5569646841271
"5552",154.455785932095
"5553",94.5410634628588
"5554",195.097115946557
"5555",68.7873161488593
"5556",106.073200542248
"5557",135.009512560145
"5558",88.1917020867245
"5559",90.9208235744463
"5560",66.8382667624876
"5561",74.5337586834233
"5562",79.3128921084921
"5563",74.4371459236001
"5564",64.8602680200947
"5565",126.47819232454
"5566",83.2572663778264
"5567",119.378704309864
"5568",112.286593014252
"5569",86.4322635150991
"5570",79.4541786302032
"5571",107.185038753872
"5572",89.7735197833579
"5573",79.0295170254645
"5574",133.934096242548
"5575",90.2773429002246
"5576",159.712526486616
"5577",87.648730285961
"5578",117.495877316588
"5579",87.38060315596
"5580",161.692024600745
"5581",73.6859869919659
"5582",83.4834306634053
"5583",87.9002044993591
"5584",70.5772942230505
"5585",113.217695334307
"5586",138.759213154571
"5587",93.07041189157
"5588",85.7208488794004
"5589",80.7630033077723
"5590",71.7857149038053
"5591",93.1036231212635
"5592",115.700107580955
"5593",101.056227477216
"5594",146.307398593236
"5595",73.6855728347247
"5596",83.3510612615495
"5597",72.1988721940395
"5598",86.152162368007
"5599",87.2027938818161
"5600",76.6469787361938
"5601",100.986901681897
"5602",65.0430591233189
"5603",73.0886033831431
"5604",118.09539740052
"5605",98.8618969881063
"5606",127.55632527721
"5607",82.7241396263778
"5608",92.7361675957574
"5609",66.947677430246
"5610",62.3928981132079
"5611",80.4596504593321
"5612",74.4264149195326
"5613",93.2289020991321
"5614",89.1226503778464
"5615",64.6407631578983
"5616",72.8867903522853
"5617",130.750411144255
"5618",96.8506128937443
"5619",79.1691316326625
"5620",92.1454694548359
"5621",83.8115670703216
"5622",115.053351057213
"5623",83.0244386755166
"5624",116.264724641253
"5625",81.0388527844347
"5626",115.899563326029
"5627",80.8091328289121
"5628",78.3290705909539
"5629",104.685219540388
"5630",119.447088490927
"5631",78.4749885109104
"5632",107.674732213475
"5633",75.9583938555899
"5634",79.8746688386755
"5635",112.526747181524
"5636",155.043727079434
"5637",68.3847111212115
"5638",159.636318423573
"5639",88.0978815713193
"5640",135.287497725639
"5641",138.535520617361
"5642",125.423589515975
"5643",174.981656222999
"5644",72.9818733034361
"5645",132.861857174912
"5646",98.7099439807854
"5647",75.6089924169587
"5648",106.682892766427
"5649",98.6722646614986
"5650",106.477688939577
"5651",80.98804287719
"5652",96.8775615281818
"5653",77.2863621760423
"5654",79.6497876424238
"5655",96.8796825354263
"5656",115.836663892452
"5657",140.165946221607
"5658",108.855012241794
"5659",72.0486859662719
"5660",92.8706953532055
"5661",69.7465383292944
"5662",74.9557518669019
"5663",143.475860921027
"5664",95.7357719554185
"5665",75.858822185888
"5666",69.1546249620033
"5667",99.3091079168517
"5668",105.071040811182
"5669",90.3690148395703
"5670",93.9162396612246
"5671",82.0895868084253
"5672",117.853845753487
"5673",61.0593427786692
"5674",123.175245300059
"5675",83.8961558486039
"5676",182.983796410685
"5677",85.9129927115615
"5678",104.27992083663
"5679",97.8368578317682
"5680",158.089979990465
"5681",112.40187518212
"5682",108.135694397323
"5683",55.299117691821
"5684",93.9815199690003
"5685",76.82417098521
"5686",87.8424577249359
"5687",92.1267950266055
"5688",83.1741094594065
"5689",111.681014148256
"5690",76.8875978699787
"5691",163.77734715168
"5692",107.627779876899
"5693",112.865420059662
"5694",268.719272023143
"5695",107.289923257098
"5696",107.529905523557
"5697",95.6900616120954
"5698",90.2927984862852
"5699",163.612962028269
"5700",76.7995363427698
"5701",65.4751641189265
"5702",96.311435529016
"5703",73.0244876875702
"5704",82.978923517124
"5705",88.7737661622021
"5706",68.0573853218935
"5707",66.4997732626368
"5708",184.232815431408
"5709",107.640733939799
"5710",104.079558340427
"5711",72.8374088437995
"5712",79.8902208346644
"5713",123.137138749758
"5714",101.991290292687
"5715",94.2685249799484
"5716",170.305116650045
"5717",106.073041688151
"5718",72.6020106151882
"5719",103.14365137014
"5720",90.3013557892244
"5721",70.3306261094039
"5722",91.2118610897437
"5723",61.2328060849762
"5724",80.8926156136297
"5725",90.4711819657785
"5726",80.9459205354282
"5727",69.9322485746438
"5728",77.8873431187813
"5729",61.3193550359271
"5730",96.3298813703052
"5731",70.8625004809885
"5732",89.1381904104005
"5733",66.9718300326811
"5734",190.109217004241
"5735",97.3980159335762
"5736",157.319890252775
"5737",117.900988774406
"5738",129.716102785633
"5739",143.345260336776
"5740",86.9513428597299
"5741",72.1061046846267
"5742",91.9716625892914
"5743",68.3533996530005
"5744",103.927327276919
"5745",95.6289271103079
"5746",91.111947211162
"5747",57.578264324556
"5748",123.162990611917
"5749",149.99684272871
"5750",127.232372737272
"5751",67.6567367928678
"5752",72.4858962585379
"5753",158.037247828491
"5754",104.718816898479
"5755",88.3747911646184
"5756",79.4454235868029
"5757",90.5027148991403
"5758",75.4526301964985
"5759",121.048861120787
"5760",114.644758669484
"5761",93.9472381302296
"5762",79.6431949495104
"5763",91.6437439051307
"5764",76.109301732245
"5765",84.2491426182271
"5766",87.887362478397
"5767",114.967699093574
"5768",116.524868019615
"5769",92.6676464592732
"5770",84.1260178331759
"5771",82.4008567995192
"5772",70.597633631892
"5773",172.284126562643
"5774",88.0489047244972
"5775",69.6559448080166
"5776",106.741482694837
"5777",108.652986818405
"5778",124.79056516654
"5779",65.7694436069779
"5780",84.6341091780676
"5781",83.4683457054163
"5782",107.835345969386
"5783",104.205951004416
"5784",80.0567656220223
"5785",91.6847663816084
"5786",91.7394233124284
"5787",110.701552641466
"5788",127.915910952271
"5789",74.8595212837528
"5790",68.919904672974
"5791",105.933319374034
"5792",110.554953636976
"5793",150.971232664601
"5794",94.8806446434194
"5795",76.3429955198564
"5796",112.99821135451
"5797",103.398473552961
"5798",79.8345223552022
"5799",124.013117197918
"5800",61.6886751561808
"5801",79.5788069278512
"5802",65.6737258875417
"5803",72.3741200979398
"5804",110.931545695134
"5805",90.198758086512
"5806",99.1607136315953
"5807",97.0066463188438
"5808",142.589145647211
"5809",82.1478676079389
"5810",69.740566955777
"5811",73.3607046791896
"5812",92.0783154107475
"5813",94.0786803339417
"5814",96.9066736797475
"5815",93.1353806636411
"5816",68.895731468427
"5817",124.179648697864
"5818",75.7729766926229
"5819",74.0932918927791
"5820",59.2747509277194
"5821",83.6303560688592
"5822",80.4531776570967
"5823",120.637223602004
"5824",89.4246512287856
"5825",109.420943911735
"5826",80.6499918010204
"5827",64.1851238109209
"5828",164.287087992965
"5829",137.831202309068
"5830",134.323710339163
"5831",109.180060754918
"5832",71.9028336685009
"5833",109.138942502544
"5834",78.7370198881122
"5835",79.4850496535497
"5836",145.366840655481
"5837",76.4533311184838
"5838",75.8985589997985
"5839",127.451443609212
"5840",84.1634952120346
"5841",69.2322327804127
"5842",67.3440349384477
"5843",99.4731117395236
"5844",132.890089362149
"5845",66.2166951855054
"5846",85.9485078506257
"5847",148.782244667283
"5848",88.3929073170885
"5849",72.7640786029532
"5850",99.4858851966616
"5851",97.9479931026259
"5852",81.9740454814488
"5853",163.504269539103
"5854",87.1335657239787
"5855",94.5055162024309
"5856",122.499955369294
"5857",63.1553057626899
"5858",92.0431820441906
"5859",94.2172094468161
"5860",73.0820459503129
"5861",82.0092711539472
"5862",89.8989198195744
"5863",69.6702276482848
"5864",133.259285751676
"5865",108.173535648159
"5866",80.4237350673472
"5867",129.338411796345
"5868",80.9284960378354
"5869",102.026054732284
"5870",70.2550295309508
"5871",85.1607186443955
"5872",86.421739025122
"5873",114.743509449251
"5874",89.4244912333969
"5875",104.634881989287
"5876",101.080163363417
"5877",105.390013795902
"5878",86.6870483493357
"5879",73.3297326794317
"5880",86.4585960057915
"5881",93.4791404130076
"5882",96.8759561220313
"5883",68.5355170799104
"5884",69.9652024432964
"5885",84.2606034410036
"5886",82.4884371570441
"5887",143.163304836331
"5888",89.631777790689
"5889",96.986541551237
"5890",83.7666765005919
"5891",100.626580400181
"5892",68.0492826835239
"5893",118.675706839033
"5894",78.8589813101529
"5895",99.395191192672
"5896",88.3391305665102
"5897",75.7149579785466
"5898",75.980393863009
"5899",76.3171310343605
"5900",84.2639192208019
"5901",86.1821456859199
"5902",62.2034386054087
"5903",82.2979203872486
"5904",92.1968439722272
"5905",112.675763608603
"5906",97.679052061729
"5907",85.7186567243296
"5908",91.9884727517898
"5909",164.192356714839
"5910",75.9352759402686
"5911",79.944045849284
"5912",115.020683728293
"5913",73.8406423150725
"5914",139.322379594598
"5915",104.224752433323
"5916",77.8592771381987
"5917",56.3293493967643
"5918",96.143499329609
"5919",109.819415879893
"5920",84.3180945727323
"5921",105.40745495096
"5922",161.273212415254
"5923",74.1601332473309
"5924",109.896360327948
"5925",65.4220974835742
"5926",81.7518837149443
"5927",77.8946216253515
"5928",79.1294963565769
"5929",78.2974549297141
"5930",65.4332764767997
"5931",99.3067097128941
"5932",81.395410021574
"5933",77.1519305821334
"5934",144.223895526707
"5935",67.8428301652523
"5936",73.8638229541822
"5937",99.3520916303853
"5938",163.930530044682
"5939",74.9873869025606
"5940",77.8617808750395
"5941",67.3667711817581
"5942",75.6077101848776
"5943",77.450257943638
"5944",120.438385320269
"5945",111.976786280544
"5946",109.248808555003
"5947",69.1776471522077
"5948",97.1458534882654
"5949",133.100343265906
"5950",75.1272646905915
"5951",123.171951099289
"5952",67.1601081378228
"5953",107.566552110383
"5954",78.7077715424559
"5955",70.1200438280086
"5956",81.5098476868139
"5957",69.4910686546757
"5958",99.0187609485997
"5959",157.561804278345
"5960",121.852136126619
"5961",112.485059195313
"5962",136.579526610114
"5963",107.672294101297
"5964",75.4471401895218
"5965",97.4136723003716
"5966",90.1363006851906
"5967",122.51383581316
"5968",100.490789244021
"5969",80.3760153855927
"5970",101.573137247589
"5971",118.860854807156
"5972",113.438790557458
"5973",118.033429171718
"5974",99.7885859483563
"5975",131.003519256816
"5976",104.327291921003
"5977",88.9454602580168
"5978",72.2470192520949
"5979",70.2320910681515
"5980",70.7960722624875
"5981",144.134313403503
"5982",61.1052844843634
"5983",103.602322722653
"5984",67.6427788093659
"5985",101.703853574529
"5986",84.4776088200745
"5987",92.6133878794201
"5988",104.199029629225
"5989",125.387049181744
"5990",99.3537337559817
"5991",126.313696776817
"5992",88.356032756146
"5993",78.3735894838483
"5994",90.1133676577582
"5995",68.2812778734857
"5996",205.501794600873
"5997",80.4172025088132
"5998",77.242263366088
"5999",82.8978132006356
"6000",106.579571203767
"6001",193.18672607544
"6002",109.280078717386
"6003",132.833742724087
"6004",69.7665707257522
"6005",134.305303067418
"6006",69.1616434774731
"6007",95.0170949200175
"6008",86.7169128567106
"6009",84.7847872864853
"6010",84.6341933065621
"6011",117.677874132956
"6012",83.9356132138121
"6013",160.20696932653
"6014",81.6977116367681
"6015",74.6467029120536
"6016",98.5346265028633
"6017",75.556938511754
"6018",66.1650450623697
"6019",77.0988196867603
"6020",106.220982895161
"6021",184.713358502492
"6022",187.49308098069
"6023",123.213635091753
"6024",65.1867763604417
"6025",68.9929896944575
"6026",84.5111372995077
"6027",129.409450014009
"6028",74.7173998019167
"6029",108.15885350532
"6030",142.358606834018
"6031",139.850831843299
"6032",80.3849525079685
"6033",83.4264944752572
"6034",82.9906085192608
"6035",113.626186237704
"6036",122.261297184263
"6037",75.2589319668524
"6038",198.936679690929
"6039",76.4229232097127
"6040",96.2139577217975
"6041",80.8985776028888
"6042",112.754703484071
"6043",117.228986733104
"6044",75.8380116991476
"6045",74.7149977694511
"6046",67.8737837970279
"6047",65.6457681753487
"6048",110.147111261846
"6049",131.532873293976
"6050",100.433545661395
"6051",115.339568418423
"6052",85.6660946598324
"6053",140.251455430063
"6054",84.0415086288562
"6055",93.3427331005523
"6056",70.4153510497863
"6057",120.061252076621
"6058",71.1438092983393
"6059",91.6961872298866
"6060",74.8769848867458
"6061",80.4967052255709
"6062",73.6784530003672
"6063",110.275391366481
"6064",117.657751462962
"6065",89.7555245055467
"6066",82.513456782111
"6067",74.6621035476744
"6068",78.0932280701278
"6069",80.4534720168163
"6070",71.1286470233289
"6071",78.0651746216064
"6072",84.5325346833079
"6073",73.0510825605477
"6074",60.9186595841541
"6075",67.9936390597282
"6076",89.5290872621339
"6077",74.4145963714113
"6078",62.9456832030712
"6079",129.641012352486
"6080",75.3621554748009
"6081",101.531746197997
"6082",114.040359855793
"6083",65.3216876038739
"6084",92.1252354749048
"6085",99.1439836557498
"6086",118.545548772523
"6087",78.9293991629027
"6088",166.583147771519
"6089",66.823088417561
"6090",72.6379423139742
"6091",74.8468090762152
"6092",102.193601150805
"6093",91.628482781284
"6094",103.726842825003
"6095",150.787973443744
"6096",153.996192754634
"6097",123.369009719035
"6098",152.744483318674
"6099",144.77753622958
"6100",58.9291043983156
"6101",222.741157497989
"6102",70.609265023204
"6103",71.9815147007213
"6104",77.933010689922
"6105",70.7058514387939
"6106",100.006321428586
"6107",77.9041261910554
"6108",166.877157029191
"6109",138.897207334729
"6110",58.9528597615433
"6111",75.8612274899389
"6112",71.1028663558643
"6113",119.614072604069
"6114",85.4624749518885
"6115",102.204046968875
"6116",83.3725794897079
"6117",115.825960285564
"6118",68.628193176827
"6119",152.670192930708
"6120",68.0206274509661
"6121",82.0515620168181
"6122",108.503866771624
"6123",76.0275492072072
"6124",88.692086593614
"6125",71.9838491813307
"6126",160.617558663349
"6127",92.3628537461891
"6128",134.445907337914
"6129",102.450285771645
"6130",92.085731004192
"6131",135.240697430671
"6132",82.5764712263621
"6133",77.8107933567598
"6134",111.545974885107
"6135",83.1243146460118
"6136",70.0297749670273
"6137",75.6535584615457
"6138",78.3921172699187
"6139",204.167948724156
"6140",88.6112952902237
"6141",96.3276093306967
"6142",88.6745016319629
"6143",103.109822011606
"6144",95.9324154105214
"6145",88.2640136393577
"6146",96.204472665858
"6147",107.544180734981
"6148",148.878043444484
"6149",86.4338445058552
"6150",99.6980289733584
"6151",135.721060647963
"6152",71.0015607388591
"6153",117.819560148861
"6154",113.769671691989
"6155",95.1287476253198
"6156",74.3532382267965
"6157",79.1412048575468
"6158",84.6370341103558
"6159",101.347584315431
"6160",120.755127864559
"6161",161.993156801023
"6162",127.841962963475
"6163",91.3049151450266
"6164",77.5188269746303
"6165",75.1802585289419
"6166",130.504287598081
"6167",82.2375161790727
"6168",78.63292307181
"6169",88.12248707973
"6170",58.1241240080933
"6171",127.437542897287
"6172",82.550650090403
"6173",86.2455422066354
"6174",64.3310358728302
"6175",68.4755791575035
"6176",74.6796255269333
"6177",83.8775021990878
"6178",123.985610466628
"6179",68.6891473646972
"6180",188.258370979421
"6181",85.8718354025799
"6182",61.8549928830733
"6183",68.9495095069438
"6184",99.6876949852263
"6185",65.4264443911106
"6186",69.1832014711758
"6187",95.2922930055746
"6188",79.8491572448599
"6189",236.829500080254
"6190",80.8926181672815
"6191",141.463330123104
"6192",77.7786117861369
"6193",74.0434974727383
"6194",83.3463761952508
"6195",68.2304768604866
"6196",85.6939876907417
"6197",150.589278094767
"6198",80.9297953073188
"6199",123.571485722778
"6200",62.7702694514379
"6201",109.591441418295
"6202",83.1900242961368
"6203",109.657512792414
"6204",75.9839090942815
"6205",149.318933508605
"6206",86.4936765133088
"6207",138.089797216715
"6208",93.0980697521864
"6209",131.300224258314
"6210",68.6803434494243
"6211",98.4847024820452
"6212",104.67546756186
"6213",132.31892347962
"6214",56.7531230408853
"6215",105.742884708542
"6216",156.045246048285
"6217",100.387272277879
"6218",75.9874889988699
"6219",64.0451283812366
"6220",123.799041439263
"6221",108.838849245081
"6222",71.7217707031573
"6223",129.656162806021
"6224",108.91292329364
"6225",109.051479762472
"6226",68.2349470371526
"6227",104.737053393948
"6228",114.762695732433
"6229",72.41511986545
"6230",81.6474579640995
"6231",119.394781425834
"6232",66.7405729214176
"6233",60.2003397177672
"6234",99.1228654765112
"6235",160.377272519592
"6236",111.0399365496
"6237",66.6837742453254
"6238",110.171226251878
"6239",80.4052512870646
"6240",68.5126098250266
"6241",172.969716903691
"6242",113.810371677764
"6243",85.9235834516004
"6244",75.5883913619246
"6245",88.2513152942732
"6246",70.2652300900884
"6247",84.6726610323709
"6248",78.0107835861083
"6249",78.749075989628
"6250",97.7880587917187
"6251",75.8836214906246
"6252",59.4128456468759
"6253",107.820420156084
"6254",78.6756772329344
"6255",90.8783547280018
"6256",199.322275052235
"6257",109.941565414358
"6258",92.2377488770171
"6259",114.884055373359
"6260",144.921881183931
"6261",74.1418550310116
"6262",138.962520677806
"6263",84.1844567418102
"6264",93.6673233389221
"6265",82.0778105016353
"6266",84.3663184953425
"6267",131.705212993448
"6268",82.4833523129174
"6269",62.8296683121776
"6270",152.430752301773
"6271",110.937221407101
"6272",146.52938270647
"6273",99.986643333543
"6274",59.2180103147763
"6275",147.825376623883
"6276",85.6924701917111
"6277",89.2008478610072
"6278",83.7528257233566
"6279",69.9320350852197
"6280",124.66051286861
"6281",82.9457936298316
"6282",62.526829292265
"6283",89.5250441132262
"6284",93.6003977706123
"6285",123.826815936992
"6286",146.320086449955
"6287",68.7835444690415
"6288",103.756916856691
"6289",75.2619054564178
"6290",113.063848272317
"6291",139.378767027628
"6292",100.682039314589
"6293",109.612772104232
"6294",66.7357401774311
"6295",84.5930886046773
"6296",80.1818350281089
"6297",66.5390190944537
"6298",108.399891232996
"6299",69.8085300173634
"6300",111.539257107423
"6301",71.116147200739
"6302",101.509077162162
"6303",189.801907440711
"6304",62.9177444884862
"6305",84.3500086839618
"6306",105.468689109747
"6307",67.5437076034829
"6308",86.6561240222972
"6309",100.789402331794
"6310",147.225551894062
"6311",124.500234975622
"6312",84.9777300521688
"6313",77.6316942724339
"6314",70.7509575596739
"6315",95.0580844707216
"6316",80.0597365118232
"6317",99.9415569947723
"6318",75.7496025391429
"6319",143.942448190733
"6320",75.8151081790507
"6321",79.5134156498243
"6322",73.6383839909951
"6323",69.5104702389531
"6324",97.6899837430824
"6325",68.7476203589578
"6326",99.0234617097402
"6327",75.8532883603442
"6328",70.0732710866044
"6329",99.1849150408077
"6330",108.001502485387
"6331",237.604934449398
"6332",98.5899963865816
"6333",99.6583820807821
"6334",66.9340792375318
"6335",67.3154158396958
"6336",66.4604302266644
"6337",73.3737867692637
"6338",82.1884845021431
"6339",88.5857224544524
"6340",80.6273031483263
"6341",121.157466982173
"6342",75.646888362713
"6343",67.8240587174718
"6344",88.5047036909671
"6345",98.2669291229244
"6346",69.3439304478982
"6347",99.2032999557922
"6348",85.6753266534843
"6349",72.5568622467773
"6350",127.88748809565
"6351",84.4645259700819
"6352",81.4879466725713
"6353",91.9266360351365
"6354",78.3743988319892
"6355",125.83725231511
"6356",107.403686869987
"6357",145.39742936133
"6358",92.9656298142823
"6359",67.928208783875
"6360",94.5066051745089
"6361",106.120432595742
"6362",100.231972510576
"6363",97.0199790708337
"6364",131.099185888146
"6365",77.7215422743947
"6366",76.0918360817659
"6367",120.057345576255
"6368",93.9435716132327
"6369",77.2521922671513
"6370",127.679829835858
"6371",84.8891848168083
"6372",72.8137606192512
"6373",119.361670293846
"6374",71.6653287925832
"6375",111.079935565693
"6376",81.2305475089167
"6377",107.3245899116
"6378",86.2772350908884
"6379",79.3918219311431
"6380",92.1588649821663
"6381",87.9849184145165
"6382",104.817961938369
"6383",62.5102697522643
"6384",130.003826427998
"6385",82.1570979018306
"6386",113.107359398624
"6387",85.3536768718243
"6388",59.5517757547691
"6389",96.6112921580092
"6390",63.1046326496085
"6391",78.2809391521557
"6392",110.018740419986
"6393",112.578545187471
"6394",147.808049451758
"6395",75.612673858928
"6396",79.225515589082
"6397",141.878637202757
"6398",85.8803335627048
"6399",63.8423354907127
"6400",98.7857913606491
"6401",114.809258610597
"6402",70.658206287769
"6403",82.8375746077418
"6404",78.5424331006821
"6405",75.7736467633154
"6406",124.754782710495
"6407",89.4332668317548
"6408",76.4367788194628
"6409",81.4027359743052
"6410",105.1225766149
"6411",203.106212185156
"6412",57.0490866004604
"6413",99.4796005057488
"6414",79.8379301613196
"6415",114.052546828714
"6416",76.4934783461754
"6417",68.9527421985102
"6418",73.9367139757553
"6419",107.163916962327
"6420",124.150782957928
"6421",129.127453271213
"6422",109.769656790144
"6423",129.55715051377
"6424",80.7847290794427
"6425",128.855197192626
"6426",104.63993445926
"6427",75.2314129748739
"6428",67.5454140120514
"6429",96.8157164831288
"6430",91.7884612372266
"6431",126.623719724557
"6432",79.6985838792092
"6433",112.9534522175
"6434",108.645940977374
"6435",84.2655471833372
"6436",78.9560739514774
"6437",83.3433940914629
"6438",89.9885669652079
"6439",178.438459180494
"6440",74.659201327324
"6441",98.5206167896407
"6442",114.725887683636
"6443",73.8521554639876
"6444",77.3930011623222
"6445",83.0737680475563
"6446",162.072577943249
"6447",91.7837300728056
"6448",113.30106731878
"6449",101.381690170268
"6450",72.55395866835
"6451",106.996856033695
"6452",78.8434073496894
"6453",79.7459594442877
"6454",154.645452984546
"6455",168.11449626798
"6456",104.868587243112
"6457",73.9329702239204
"6458",117.130523488397
"6459",131.737530618094
"6460",95.9697811650944
"6461",75.4872054896385
"6462",125.492002957367
"6463",67.7461917025114
"6464",75.5298603818265
"6465",112.667798884256
"6466",101.296922338083
"6467",130.133298656374
"6468",119.295162535639
"6469",113.785104817894
"6470",72.1565106812737
"6471",78.773069586702
"6472",68.7259765520994
"6473",66.7657526351093
"6474",71.8696765773347
"6475",66.5289979778484
"6476",105.178131906544
"6477",96.737174294644
"6478",68.9021217943089
"6479",113.716624588987
"6480",67.5685432729543
"6481",143.40104247047
"6482",68.2730916269643
"6483",131.122614229081
"6484",68.6353766924898
"6485",73.4925724377727
"6486",62.0826765681159
"6487",80.7777081525049
"6488",72.3389474321497
"6489",75.0381191935709
"6490",85.2146238210249
"6491",104.044099299675
"6492",86.7623437011394
"6493",115.270815379757
"6494",117.125706116165
"6495",78.0037655595343
"6496",148.198065617755
"6497",127.02582289373
"6498",74.531974387901
"6499",65.3760558619427
"6500",101.103874551412
"6501",77.5255809824392
"6502",151.465143836326
"6503",79.4677995976185
"6504",101.883391215313
"6505",175.840841387988
"6506",92.4651804049251
"6507",92.4715731176384
"6508",88.6814787458578
"6509",91.422880437804
"6510",81.0180801149976
"6511",91.0038677709362
"6512",77.6853555498257
"6513",68.4295026865357
"6514",74.4985132595175
"6515",78.1046430077596
"6516",126.323254138994
"6517",78.1242099122727
"6518",89.2521653906493
"6519",77.7810727821462
"6520",107.48861032024
"6521",105.772825833731
"6522",114.145535692298
"6523",78.784407073606
"6524",79.4085242557311
"6525",70.8469556314526
"6526",96.8885368025773
"6527",95.8817972761766
"6528",99.3114945273248
"6529",78.3001194525014
"6530",143.394367543508
"6531",90.3981662739654
"6532",83.9367507903668
"6533",82.9010252304757
"6534",105.837563740801
"6535",93.0776183880885
"6536",72.2849710971693
"6537",75.7451456408023
"6538",79.0720375979551
"6539",188.923113118012
"6540",89.6651770470598
"6541",86.3017282052285
"6542",146.573578073039
"6543",107.320771064819
"6544",75.8498792227057
"6545",92.8724120309949
"6546",154.77617496495
"6547",74.497349760967
"6548",82.0980967082971
"6549",150.243325565625
"6550",68.9000793762178
"6551",71.5749609521735
"6552",111.770540220637
"6553",85.1798874840041
"6554",77.5273999601917
"6555",94.6634716779802
"6556",114.512993651323
"6557",68.4199433752329
"6558",64.7742333887098
"6559",64.5637413861444
"6560",76.325102861905
"6561",117.70957887579
"6562",60.7648505987412
"6563",133.268895516653
"6564",62.8076883015615
"6565",84.616123673399
"6566",68.6078927100794
"6567",119.356238670948
"6568",131.112545251396
"6569",72.2492087983754
"6570",100.872856252991
"6571",100.218988778768
"6572",90.4691661562542
"6573",72.5002622317419
"6574",89.7849852584752
"6575",72.0776663315418
"6576",77.5477801879483
"6577",84.1886772472839
"6578",81.854409048275
"6579",104.33790326781
"6580",84.6473989854057
"6581",86.8489104428624
"6582",76.8408940295632
"6583",66.3570619938372
"6584",90.885998882612
"6585",114.664551858383
"6586",84.9208842285906
"6587",133.767692189531
"6588",98.0979127018346
"6589",100.408759175161
"6590",99.3920672025056
"6591",122.162892604486
"6592",75.4804100219523
"6593",168.512899232889
"6594",86.608163533155
"6595",96.8851758814961
"6596",110.356552226148
"6597",103.816644171707
"6598",88.2304142696525
"6599",112.16314340303
"6600",121.342726870323
"6601",82.6249506423369
"6602",75.6561376030277
"6603",120.005115307366
"6604",80.608281645315
"6605",87.5015116021564
"6606",137.986889374156
"6607",82.226211169155
"6608",84.5177218187405
"6609",98.9773113998187
"6610",147.778790311494
"6611",89.4445316569534
"6612",87.2951172728718
"6613",56.1134547703513
"6614",134.468277982887
"6615",142.697440424405
"6616",84.5999694612455
"6617",116.025046421037
"6618",100.540510795082
"6619",73.6467895876242
"6620",112.983915710728
"6621",75.9759327839743
"6622",112.557599291134
"6623",83.7048123973718
"6624",80.6671029155107
"6625",92.5010595413676
"6626",79.4255584972846
"6627",85.1142544916841
"6628",81.7241906725631
"6629",63.273883922764
"6630",85.2890259028808
"6631",69.4648116388581
"6632",72.4011716619557
"6633",111.610252190345
"6634",105.515964277103
"6635",105.595197619058
"6636",73.0274104870201
"6637",96.4565969313877
"6638",60.8646139961979
"6639",97.956062543524
"6640",73.982531758965
"6641",112.463981271254
"6642",105.532809625377
"6643",70.3568444630044
"6644",85.5378117170913
"6645",70.0295120791423
"6646",95.0078769618792
"6647",138.146184041743
"6648",137.495199725398
"6649",79.8546064722716
"6650",76.3236757046624
"6651",92.9765892869797
"6652",77.9580428501771
"6653",137.300991164615
"6654",138.706871569502
"6655",102.468460964849
"6656",138.574614482736
"6657",88.9061014322189
"6658",89.2793719051256
"6659",93.859883141681
"6660",64.9040766072343
"6661",66.2709121017971
"6662",108.549280189318
"6663",76.9033008420869
"6664",70.8898288774264
"6665",192.171623107636
"6666",105.391815638855
"6667",86.4622765661748
"6668",82.7289721358048
"6669",81.5055155674217
"6670",177.768019364798
"6671",81.0562258535315
"6672",102.929186092706
"6673",141.706701619464
"6674",129.939941583119
"6675",72.7177080566826
"6676",112.427735695666
"6677",84.5006263415219
"6678",86.1067639471969
"6679",70.6013116213906
"6680",147.819215682207
"6681",105.562237329979
"6682",64.2661354832341
"6683",97.8859302951702
"6684",87.9971540010217
"6685",115.174334957624
"6686",75.4964102818711
"6687",64.8458347733072
"6688",87.9570816046106
"6689",135.026411942255
"6690",75.8535758269056
"6691",132.038566786385
"6692",92.0090177895205
"6693",87.6200177371622
"6694",98.875802469936
"6695",83.8309806858078
"6696",83.5332763548348
"6697",74.7775534315092
"6698",128.683882638475
"6699",141.737732906794
"6700",86.5173118628093
"6701",185.831635757224
"6702",112.855840540624
"6703",78.3102454730005
"6704",139.209190204665
"6705",110.341120597485
"6706",102.555071355094
"6707",133.284161018005
"6708",101.977294797982
"6709",89.0587001897521
"6710",134.025569072185
"6711",114.414583987932
"6712",132.981605195641
"6713",105.92104853415
"6714",75.9602634589627
"6715",76.461062355461
"6716",183.244779192882
"6717",96.8323842338534
"6718",94.5721434243583
"6719",108.58920977376
"6720",231.563191879326
"6721",85.5636756220042
"6722",75.9231546747329
"6723",74.8104380903858
"6724",65.377790730955
"6725",78.0459057437359
"6726",99.0529946049702
"6727",68.3823505725783
"6728",83.6900504796742
"6729",86.818828962287
"6730",90.2035023683526
"6731",65.4919809062255
"6732",76.1290137272002
"6733",98.4097628206611
"6734",89.252585348397
"6735",162.014205194151
"6736",91.8685203672743
"6737",115.871916231806
"6738",95.7802147912287
"6739",90.4068693059953
"6740",70.5378829040682
"6741",89.4195600535382
"6742",127.529517824834
"6743",120.363390445095
"6744",144.498395012754
"6745",101.128883348713
"6746",133.396879076636
"6747",65.4603603660585
"6748",92.602642057877
"6749",103.487876302981
"6750",68.5397658788395
"6751",88.1730704156622
"6752",72.9067770241565
"6753",80.9285625849993
"6754",61.2687871986652
"6755",66.4219734398925
"6756",93.7735532315759
"6757",107.763631984954
"6758",98.9606048019466
"6759",62.1509723972403
"6760",145.498992432263
"6761",105.483012377518
"6762",92.2362471907321
"6763",71.3512901255994
"6764",92.7735923982112
"6765",117.324203670119
"6766",91.8711586583078
"6767",70.6460673450632
"6768",93.2943435397425
"6769",124.964070369453
"6770",78.7431747609679
"6771",77.4523656498449
"6772",74.0601266198145
"6773",88.5259025206098
"6774",69.745129995368
"6775",74.2993435382842
"6776",118.692021013661
"6777",85.7221173377929
"6778",66.6152376105082
"6779",76.3902570287283
"6780",75.6954903693483
"6781",67.8269095748614
"6782",73.0147652611772
"6783",119.837997819492
"6784",86.4639848100161
"6785",85.4865145099081
"6786",128.19307653427
"6787",73.5017141656657
"6788",106.373293553065
"6789",84.2873517306918
"6790",86.5599302906754
"6791",89.8455913699424
"6792",77.4083989213988
"6793",76.7143599071607
"6794",70.8685154668885
"6795",78.326151053374
"6796",76.4164091208806
"6797",86.6753322024169
"6798",186.998810227443
"6799",95.5789433758309
"6800",88.6447715188681
"6801",100.291676441552
"6802",89.347756646377
"6803",96.1995264100725
"6804",82.7650584946301
"6805",78.7590267129234
"6806",76.0803917112591
"6807",84.0623240331425
"6808",70.0685116548731
"6809",135.529891499337
"6810",83.3524414671327
"6811",129.578800237478
"6812",86.8525676986493
"6813",60.193299396871
"6814",79.5375243453813
"6815",97.2249858589708
"6816",66.3296038998962
"6817",144.197474856188
"6818",64.001252125333
"6819",93.2419412949432
"6820",80.1841041353719
"6821",101.975738847712
"6822",88.8613303207887
"6823",100.748048530054
"6824",94.9765625546605
"6825",89.5784490240734
"6826",130.019676686682
"6827",82.6228656922111
"6828",93.6285613422325
"6829",104.605617300539
"6830",79.395306058627
"6831",78.5925600354672
"6832",80.6434801202307
"6833",118.729238142374
"6834",92.2756534040486
"6835",122.095074512785
"6836",113.322470395129
"6837",84.4287117881487
"6838",186.810739971962
"6839",79.3067397655601
"6840",76.993199745516
"6841",106.622738364444
"6842",104.416569454944
"6843",93.2745771062483
"6844",123.488492192573
"6845",59.9468680695916
"6846",82.3527763194056
"6847",109.992128570709
"6848",70.1469166859873
"6849",83.8357974803185
"6850",73.3272965398035
"6851",118.042494641437
"6852",70.4410031943134
"6853",92.1710706998711
"6854",77.2459063610968
"6855",100.707366604065
"6856",64.9585985706892
"6857",144.568126398801
"6858",89.4391362029689
"6859",94.6475362945061
"6860",75.1121769549302
"6861",103.867876159057
"6862",79.6297438118006
"6863",102.584265523442
"6864",110.295527320028
"6865",56.9592225453368
"6866",91.9454011416662
"6867",91.3448918575891
"6868",96.286281066975
"6869",104.381419196383
"6870",89.8431479685822
"6871",79.637359751799
"6872",79.6465266834095
"6873",77.5526313970283
"6874",86.1045850150721
"6875",90.4467202280503
"6876",72.570385518088
"6877",95.9782601916617
"6878",93.5854533299386
"6879",91.3646368284531
"6880",114.058878371799
"6881",133.207465974898
"6882",70.8059043641639
"6883",124.127727151301
"6884",82.310230049491
"6885",79.6132559603115
"6886",97.7385282792443
"6887",88.899263937576
"6888",134.439829311424
"6889",85.992840353672
"6890",106.543309316081
"6891",112.800726658349
"6892",83.2646865334228
"6893",83.5177376768043
"6894",76.7566222375848
"6895",69.1464232128367
"6896",75.9204970871053
"6897",131.327304312798
"6898",79.9301929751158
"6899",89.8899013397993
"6900",109.167130162857
"6901",89.8392570839463
"6902",166.738601109324
"6903",72.6989346400498
"6904",89.7918154781058
"6905",128.693784638445
"6906",82.2786200870986
"6907",74.0171288560524
"6908",94.3421282081738
"6909",131.01133327767
"6910",65.7754437004925
"6911",113.410209383998
"6912",71.5362415631159
"6913",136.780175948863
"6914",75.1936427338666
"6915",73.4751231399215
"6916",92.8249230065466
"6917",90.0989277856541
"6918",59.278275100706
"6919",72.259009737436
"6920",87.1842350187422
"6921",104.054632289163
"6922",76.4350929595065
"6923",69.6626789071965
"6924",79.577353121888
"6925",101.760802416051
"6926",91.3837733713243
"6927",67.652345383625
"6928",92.6250867753735
"6929",110.196922298014
"6930",73.7719336876776
"6931",78.863789727779
"6932",79.4052672512755
"6933",77.8892032327599
"6934",80.0298006524578
"6935",71.4663698704258
"6936",92.7745906784716
"6937",66.3120869063528
"6938",75.2800914578574
"6939",142.95507500451
"6940",78.7824423486092
"6941",93.5319509943223
"6942",93.5954783136891
"6943",103.307819158046
"6944",92.5486792874867
"6945",75.3123982693094
"6946",71.5874709061735
"6947",121.1852173054
"6948",92.5370407241722
"6949",86.8784244424993
"6950",113.197843188822
"6951",80.6391086889146
"6952",61.556698053628
"6953",71.3889778544787
"6954",84.8584092643626
"6955",78.0526656524306
"6956",112.203469056225
"6957",65.6482466950966
"6958",152.810696277544
"6959",98.0924197329358
"6960",72.9770377777089
"6961",75.3120035906225
"6962",84.2259033150535
"6963",122.77603390336
"6964",75.3262681782475
"6965",71.2157487217088
"6966",88.5812860689305
"6967",204.5016457692
"6968",128.987915873806
"6969",86.4134736072014
"6970",69.2057571210833
"6971",99.0778702056215
"6972",113.946211392301
"6973",98.8700995853965
"6974",95.9690812070994
"6975",104.195617278852
"6976",88.9974488140965
"6977",94.6439430433645
"6978",87.8827168305742
"6979",93.6669937991162
"6980",134.552619639198
"6981",74.9287498901766
"6982",116.960557839555
"6983",76.5364771175712
"6984",96.3585801530465
"6985",96.9050478358002
"6986",68.3941760725729
"6987",91.9946769229636
"6988",93.0890074189873
"6989",63.0468363587306
"6990",68.8038419525077
"6991",68.5084586908795
"6992",135.660324887689
"6993",66.3997561289337
"6994",157.293979805546
"6995",109.369476888672
"6996",95.55970438104
"6997",91.6433482869287
"6998",67.4957756809726
"6999",105.055238108059
"7000",102.50701926159
"7001",131.406412546586
"7002",73.6056998847773
"7003",121.407575192596
"7004",117.675534633362
"7005",63.1642430880983
"7006",64.1613960754368
"7007",85.1362663440851
"7008",84.8472216553535
"7009",125.097689154601
"7010",103.871358955117
"7011",80.4757525654537
"7012",141.541658474393
"7013",110.841717424378
"7014",95.6429736475948
"7015",135.710622663666
"7016",107.423358909411
"7017",115.322413272568
"7018",232.026476857335
"7019",76.9250760973606
"7020",111.730474502767
"7021",111.609739237067
"7022",77.5790915919792
"7023",62.0463103785006
"7024",96.3248883179156
"7025",59.5376747626156
"7026",147.674901069086
"7027",94.9225488243667
"7028",116.642465650755
"7029",110.959962749549
"7030",84.5715622512894
"7031",97.3281905478332
"7032",65.3804352572863
"7033",153.547487058927
"7034",82.2989127143435
"7035",173.31553133835
"7036",73.4320654822124
"7037",122.740690140463
"7038",82.722174671957
"7039",122.195243981364
"7040",163.501046325715
"7041",96.6097961216081
"7042",92.3919969810441
"7043",131.810228914663
"7044",71.1259657112216
"7045",86.5624623132374
"7046",95.237297728232
"7047",124.987465802545
"7048",58.9635327003567
"7049",80.2750321613665
"7050",82.5751477152108
"7051",94.5182381072121
"7052",124.46915664799
"7053",87.3352591271546
"7054",98.7675820372693
"7055",83.7728052475625
"7056",103.889905401784
"7057",66.6396492175193
"7058",87.520950253475
"7059",72.9385497290094
"7060",74.9050131741659
"7061",79.5813949879683
"7062",95.4135714368312
"7063",68.1991717568196
"7064",86.1859246191787
"7065",84.9303389554643
"7066",92.4732942810979
"7067",71.4597292937165
"7068",90.8608892117572
"7069",112.47645419957
"7070",69.3469951917509
"7071",75.0684982011694
"7072",68.6921587742449
"7073",99.5350268894482
"7074",84.2671735224564
"7075",96.0527327404115
"7076",84.1757886337429
"7077",105.033604013187
"7078",155.085457063969
"7079",108.946362706914
"7080",82.5941730370334
"7081",79.0979935098903
"7082",77.9847385428979
"7083",130.090079586694
"7084",89.6415664812865
"7085",113.213351437464
"7086",83.6140316079736
"7087",93.3084380221251
"7088",104.238825701012
"7089",94.3162009542781
"7090",177.646894207012
"7091",86.9537529512514
"7092",126.209898361207
"7093",83.2552103059045
"7094",79.0736492891874
"7095",81.7220968548942
"7096",97.2132042031483
"7097",106.489170180869
"7098",103.691260124808
"7099",64.3528255677569
"7100",86.8130325822374
"7101",105.936065376485
"7102",122.607587260737
"7103",70.7319711229441
"7104",86.0721141760919
"7105",139.189111106646
"7106",80.7596561924035
"7107",81.1506829358769
"7108",132.685460542566
"7109",89.343966389553
"7110",120.43955872784
"7111",149.450283121433
"7112",149.086075400251
"7113",130.115878025375
"7114",75.00092289341
"7115",111.193593869526
"7116",67.2215203362003
"7117",108.406832104627
"7118",95.2093386609254
"7119",70.3791675079605
"7120",69.8177139762408
"7121",118.558157050297
"7122",75.5737492744516
"7123",86.2119225498693
"7124",70.3202115391053
"7125",73.650633883076
"7126",95.5103095550041
"7127",164.853948579047
"7128",69.1188527610914
"7129",88.8011626419107
"7130",112.167293795143
"7131",107.835846391518
"7132",111.000473378067
"7133",75.1918825314242
"7134",118.810013191827
"7135",77.9924279808395
"7136",81.9912967110407
"7137",118.072010244
"7138",100.81308401787
"7139",101.286713425174
"7140",78.2975820617091
"7141",100.104167471444
"7142",80.8918087449055
"7143",81.6374394561425
"7144",79.3664584902335
"7145",63.9354545818269
"7146",95.9619066212678
"7147",115.188691812209
"7148",122.73825298752
"7149",136.363368713909
"7150",104.885473126008
"7151",164.129448165996
"7152",91.9092122145593
"7153",82.69388597876
"7154",83.7910309695236
"7155",78.5641556571157
"7156",89.2897999693002
"7157",76.77788213316
"7158",70.5791432749705
"7159",103.565018789284
"7160",108.096617797706
"7161",85.1386876157468
"7162",119.176292881586
"7163",157.700713699624
"7164",74.4231996164401
"7165",108.825343752336
"7166",79.0057245154156
"7167",141.286690465087
"7168",97.0171412254432
"7169",75.3761580495678
"7170",112.322695868423
"7171",119.981931781369
"7172",121.358185691138
"7173",81.0613307227532
"7174",75.8911066932016
"7175",67.5417421562413
"7176",65.6762847043416
"7177",70.4135662211997
"7178",106.528975307796
"7179",71.9008688852074
"7180",139.464843242947
"7181",72.1856786495099
"7182",128.876607796917
"7183",75.3771725598757
"7184",65.6809625425832
"7185",74.0023976894198
"7186",131.182097613792
"7187",138.78837513221
"7188",123.738247284012
"7189",71.7667133923091
"7190",90.9350243693256
"7191",77.4582300902876
"7192",120.153497677484
"7193",93.6331028349286
"7194",89.3850013309849
"7195",93.7687699295551
"7196",110.786966149645
"7197",82.5265037781654
"7198",71.2885051163368
"7199",68.9172130308433
"7200",82.1139964843257
"7201",144.648214950379
"7202",73.2047520867164
"7203",75.4203298210611
"7204",106.332540407281
"7205",93.4405675169735
"7206",93.3891538651728
"7207",77.5683160442249
"7208",90.7274000037025
"7209",97.481764124909
"7210",73.21134763212
"7211",86.7815997907148
"7212",75.1096002318329
"7213",124.469365516062
"7214",79.2416031767693
"7215",185.664498835672
"7216",87.8237145208011
"7217",62.4483819043143
"7218",65.7861043439752
"7219",144.649016549762
"7220",76.9599853485272
"7221",98.6201709148412
"7222",70.2340830169975
"7223",97.163806036694
"7224",80.0556915822242
"7225",99.64814475507
"7226",112.191588691266
"7227",85.6558217319585
"7228",91.566109188863
"7229",100.51674872581
"7230",89.6614703860961
"7231",104.605271669889
"7232",78.3603638574732
"7233",99.3926898694705
"7234",79.1728541903149
"7235",63.8467283785862
"7236",108.310256159879
"7237",67.9360596276299
"7238",73.6923398912959
"7239",75.8265035659813
"7240",70.3371566644543
"7241",92.7701877864707
"7242",146.311464820503
"7243",145.909997818072
"7244",84.7350251213997
"7245",86.1621743409444
"7246",166.869241270677
"7247",64.2632780514337
"7248",78.7139111355992
"7249",90.3201385271705
"7250",93.3596172480531
"7251",82.3849587979814
"7252",87.1668555249921
"7253",73.7707293699277
"7254",116.592720779254
"7255",86.9327487692618
"7256",73.4574133070242
"7257",115.777517032953
"7258",134.254003988662
"7259",75.0675764766527
"7260",78.5208461124437
"7261",77.023751850119
"7262",76.9673786932119
"7263",85.8293811950392
"7264",72.3997446493431
"7265",103.966345212477
"7266",82.2799065458827
"7267",76.2193468116285
"7268",74.0068412790518
"7269",98.0279695390721
"7270",135.542309558291
"7271",156.757433272193
"7272",77.9903122543291
"7273",97.8211416368748
"7274",81.8504605598737
"7275",112.983512598711
"7276",76.4618640068402
"7277",115.59316612149
"7278",73.7632719957827
"7279",96.9140646778744
"7280",69.7268188330231
"7281",77.8511737099929
"7282",72.9025974788436
"7283",84.5948275117169
"7284",78.8418740233845
"7285",125.482071693199
"7286",73.3458363955807
"7287",74.7439349292075
"7288",111.203298651405
"7289",89.4478236847072
"7290",222.319384554233
"7291",89.7154068179997
"7292",98.1327293540588
"7293",96.6178313127277
"7294",65.5588562473461
"7295",145.195995435603
"7296",84.9370377650622
"7297",67.8542987519911
"7298",213.698942608015
"7299",75.5709502040659
"7300",65.7804486689472
"7301",106.475097598049
"7302",102.442402116509
"7303",93.0232324298979
"7304",75.4537180545177
"7305",85.0041915164178
"7306",128.491050607537
"7307",89.437361013937
"7308",110.650721451343
"7309",75.5039149848366
"7310",97.3963062672368
"7311",90.2160946860572
"7312",96.9486234308555
"7313",79.1369899220659
"7314",102.422152000276
"7315",105.671554171676
"7316",90.417465146924
"7317",89.9520780395503
"7318",74.3623332908769
"7319",72.8630333910696
"7320",95.1993290185147
"7321",81.8569784708625
"7322",115.420009699659
"7323",140.237604351227
"7324",186.428097920559
"7325",108.334812193973
"7326",98.2604336340082
"7327",110.967426946129
"7328",117.742611481976
"7329",79.9598238333216
"7330",55.3525208084116
"7331",94.0598605639444
"7332",167.786510982036
"7333",121.551967555154
"7334",77.4523541010451
"7335",78.7820153735634
"7336",136.010554711104
"7337",101.153372742227
"7338",197.000208678967
"7339",85.8203365829711
"7340",82.5305239511288
"7341",91.8400719487043
"7342",91.0891926810181
"7343",96.0769217764066
"7344",115.66468717165
"7345",84.6133732378476
"7346",102.073547591508
"7347",65.3672971810182
"7348",96.1555281699245
"7349",83.0912304686673
"7350",84.692395598838
"7351",73.9104640010299
"7352",100.244288138238
"7353",102.15909918367
"7354",103.734805008789
"7355",166.314103348714
"7356",67.3892752451966
"7357",80.1549402753936
"7358",81.8844991043172
"7359",78.6260380670642
"7360",100.982952598631
"7361",66.6145818672919
"7362",104.432513316615
"7363",91.4765820257757
"7364",84.1356319155217
"7365",93.7793789686019
"7366",88.9958663883094
"7367",69.0990947727931
"7368",102.990595184483
"7369",74.979088951843
"7370",136.531353480997
"7371",72.7342997881839
"7372",186.098298257904
"7373",113.05454499371
"7374",101.004043764523
"7375",122.35384462436
"7376",112.486398920105
"7377",91.7309529245436
"7378",64.7969148453125
"7379",84.4391281642297
"7380",114.791480954817
"7381",94.9788691579003
"7382",121.524292555117
"7383",91.0992567290165
"7384",95.7859372480042
"7385",151.174916547623
"7386",85.2827430331795
"7387",91.7801809750323
"7388",87.4425360777305
"7389",88.4401557725287
"7390",73.4099785683288
"7391",74.9249257934005
"7392",79.5877076512677
"7393",73.4986747383381
"7394",114.153284879027
"7395",157.301822460323
"7396",152.410164756481
"7397",83.0367766615461
"7398",73.3465903163235
"7399",84.2123443616023
"7400",95.7422257359996
"7401",64.0334184675318
"7402",59.4494704260477
"7403",64.3935698232543
"7404",70.7458236654649
"7405",85.5761777362144
"7406",97.7552944972599
"7407",124.579153097418
"7408",109.645965758149
"7409",76.7419396126427
"7410",90.7121367982261
"7411",84.2742596825608
"7412",97.2554076937902
"7413",102.584292036101
"7414",146.226607160496
"7415",79.7475847869705
"7416",66.4869859880044
"7417",79.5004386848301
"7418",83.467410184359
"7419",119.918218126236
"7420",127.810445593885
"7421",119.374389844713
"7422",138.446679003419
"7423",115.679466102916
"7424",69.0751437217455
"7425",88.9020748346573
"7426",76.2538792249192
"7427",96.3188866308947
"7428",76.517799366898
"7429",222.267589100841
"7430",92.5959853337444
"7431",81.1771181810643
"7432",116.947433125932
"7433",72.6067451311355
"7434",85.0390569894224
"7435",114.167371883568
"7436",107.78773374125
"7437",115.789006684188
"7438",196.373933832624
"7439",87.1997581421468
"7440",63.369609676845
"7441",100.369744076013
"7442",86.9997423895851
"7443",133.942344049315
"7444",71.4660993098525
"7445",89.8378490831419
"7446",93.9020270855401
"7447",62.7551483392449
"7448",78.1838513071619
"7449",95.7315097118118
"7450",72.4651974095491
"7451",94.962778059946
"7452",70.6989477135125
"7453",78.4190593295213
"7454",105.434368053293
"7455",111.848281275201
"7456",74.3332795201664
"7457",73.3241479736371
"7458",107.116552861719
"7459",90.0375881092457
"7460",115.163524700829
"7461",96.8805023517267
"7462",68.1696430964956
"7463",62.0594086228525
"7464",95.8091930083566
"7465",71.302680791721
"7466",83.2912618210509
"7467",162.805014308955
"7468",107.244504571096
"7469",100.026387749599
"7470",88.1017255488368
"7471",72.5395097986831
"7472",73.5694957972245
"7473",102.072306114669
"7474",87.9279487453186
"7475",81.5625539778982
"7476",84.1388622257509
"7477",129.786963665862
"7478",118.859571718316
"7479",81.639148173658
"7480",108.964617287414
"7481",71.9299958025606
"7482",82.5718026998537
"7483",75.641366643206
"7484",85.5546523374085
"7485",77.836034106313
"7486",81.1409992432999
"7487",90.9784325004258
"7488",71.9887352458675
"7489",130.608461952456
"7490",79.6464593194333
"7491",170.834129668804
"7492",164.17636699837
"7493",120.535584640532
"7494",96.2733778213152
"7495",85.4156675560617
"7496",79.6295924069037
"7497",68.1225234575155
"7498",114.177015995483
"7499",108.194636085589
"7500",66.9483822896512
"7501",71.1017429862235
"7502",88.8129371411698
"7503",141.305556939528
"7504",98.65960085435
"7505",77.6421961940957
"7506",112.055535233349
"7507",184.247023665366
"7508",131.529431750953
"7509",95.027468496371
"7510",109.200512792785
"7511",109.085576970179
"7512",183.242861406407
"7513",78.0242290194899
"7514",78.8984565350994
"7515",83.500855689737
"7516",140.985720780343
"7517",204.52189856668
"7518",95.2750810726934
"7519",91.0296119608059
"7520",63.0122165069591
"7521",82.8725638680236
"7522",81.2881937726164
"7523",98.940698984786
"7524",89.0386934184558
"7525",78.1780969110762
"7526",70.7098833301049
"7527",104.734484230031
"7528",87.3947611950084
"7529",82.6347215419905
"7530",69.8296241850665
"7531",72.6489740366283
"7532",110.228220577483
"7533",92.0199951545542
"7534",152.993336908964
"7535",93.3254344662472
"7536",119.295765235661
"7537",74.712452776898
"7538",115.599540314918
"7539",78.4282125417381
"7540",127.887126444095
"7541",107.641429341604
"7542",140.087311755722
"7543",115.367047724955
"7544",121.012549778215
"7545",103.285861302033
"7546",87.4607675189901
"7547",101.011230369473
"7548",93.217522936231
"7549",116.036764451207
"7550",110.20189093752
"7551",72.9124519479931
"7552",98.9903424092073
"7553",77.220567395824
"7554",74.2204524961288
"7555",86.4140685406311
"7556",170.097531979996
"7557",97.1148451878146
"7558",112.366779894185
"7559",67.2966078449378
"7560",86.8668699532425
"7561",187.207184212798
"7562",90.12082576858
"7563",143.213140044415
"7564",100.97807450325
"7565",112.292536688227
"7566",94.833790665721
"7567",103.952644247307
"7568",101.602131033231
"7569",88.6663356737884
"7570",109.566996492699
"7571",107.159899846649
"7572",123.558502823669
"7573",81.4985631292594
"7574",122.436752558442
"7575",88.9741066902371
"7576",122.368802511163
"7577",124.793217939752
"7578",73.3330154376346
"7579",78.4428111848473
"7580",70.9727618973276
"7581",88.9471207585553
"7582",130.200964354292
"7583",107.747741048973
"7584",111.82128480935
"7585",75.9197703800349
"7586",109.069579399262
"7587",136.23908149469
"7588",163.081832043997
"7589",65.4377176158457
"7590",77.4762625618657
"7591",109.489132955112
"7592",105.487488385436
"7593",112.769188177207
"7594",62.6314358341649
"7595",84.6883114297558
"7596",165.820073575751
"7597",81.0232452754829
"7598",94.6589659349637
"7599",88.7219131423018
"7600",74.2012282466516
"7601",92.6181345293866
"7602",58.7141273147393
"7603",97.9774457704018
"7604",72.3592490773667
"7605",93.5660121343962
"7606",78.3449106350531
"7607",118.337788169228
"7608",90.475609526456
"7609",70.3257990308191
"7610",72.8457198723054
"7611",72.0089346172553
"7612",69.6645418154248
"7613",73.7813554311206
"7614",67.4577818995549
"7615",69.3547923135307
"7616",98.3419094454325
"7617",78.7748398029327
"7618",67.8473540525191
"7619",91.3845745554935
"7620",79.3642230016887
"7621",111.802347286447
"7622",94.1080932370816
"7623",76.7278192031122
"7624",104.153829413294
"7625",77.1241112735228
"7626",93.5411986304597
"7627",118.100857094906
"7628",123.909640619235
"7629",94.9174630149526
"7630",148.513712079484
"7631",108.801334344043
"7632",73.2002409146323
"7633",116.188568859897
"7634",86.9279694589123
"7635",111.031844191893
"7636",83.0170572114613
"7637",67.7959251777163
"7638",91.5971741131084
"7639",70.48980678471
"7640",67.9092108104831
"7641",81.7937506393782
"7642",143.131429012992
"7643",101.669119715389
"7644",73.1018081702424
"7645",81.4227551854082
"7646",76.3086575262218
"7647",65.7887846522318
"7648",73.0681339462103
"7649",111.828212257926
"7650",98.6717194192282
"7651",117.482495915544
"7652",100.922360485372
"7653",74.6123871664877
"7654",76.9040495208579
"7655",103.199657210894
"7656",58.4763741810895
"7657",80.6249134547389
"7658",90.1633437909877
"7659",80.0243113522129
"7660",100.479453906629
"7661",72.0090253419152
"7662",92.0189105641794
"7663",87.4492867128811
"7664",145.384222478105
"7665",135.580949086267
"7666",116.113499954362
"7667",95.2916333901334
"7668",71.1540036398633
"7669",92.8689969698653
"7670",82.4099831306204
"7671",84.2792229387767
"7672",170.290571986006
"7673",110.051674123815
"7674",69.53493673152
"7675",86.8428011112295
"7676",92.603708689845
"7677",83.5456619726547
"7678",65.1844995411097
"7679",89.8604656674389
"7680",105.09654718084
"7681",143.817431839863
"7682",125.481032661099
"7683",79.7637735627033
"7684",96.2539764015859
"7685",82.1887454584439
"7686",97.7748992310089
"7687",113.528061367099
"7688",99.9549751335233
"7689",84.5115465623332
"7690",116.979109171005
"7691",177.821239047967
"7692",86.5909822471759
"7693",110.4563128835
"7694",74.7192281621721
"7695",69.190800312792
"7696",186.139190529742
"7697",89.1713990737623
"7698",135.899066279354
"7699",76.3195625019356
"7700",108.094481913119
"7701",95.2218223769048
"7702",97.5053986790058
"7703",86.2563767860654
"7704",99.6057179696082
"7705",67.7168178752765
"7706",120.512588579603
"7707",92.4478256304474
"7708",104.056674860403
"7709",93.3885600411807
"7710",63.2636120945222
"7711",123.951577863936
"7712",85.0832742556708
"7713",126.250451694557
"7714",110.170724209047
"7715",126.715568021837
"7716",80.8943755279847
"7717",79.9372422791845
"7718",79.8047695916892
"7719",132.24415681606
"7720",148.601980108937
"7721",126.559509243848
"7722",69.6938850849157
"7723",77.243334490425
"7724",89.4956832767892
"7725",130.014317899895
"7726",63.5588887265921
"7727",122.13355561255
"7728",101.081384422143
"7729",125.859962071539
"7730",81.5432220794858
"7731",92.49310715807
"7732",159.365899027615
"7733",98.3631559343557
"7734",86.714219033884
"7735",72.5404047142689
"7736",87.1265663411542
"7737",128.828079696204
"7738",119.428924618589
"7739",71.3065399954293
"7740",75.3374631465179
"7741",81.2787090581292
"7742",93.2474627232975
"7743",71.2928680968032
"7744",84.3507648293808
"7745",155.653646263935
"7746",148.701411799021
"7747",74.1807781690932
"7748",167.061506665304
"7749",126.009106590814
"7750",89.5684266391872
"7751",134.349707944674
"7752",93.6782291074976
"7753",75.8836398064195
"7754",107.66237022235
"7755",100.030351419023
"7756",97.656399657036
"7757",77.7030546183776
"7758",89.2282613923927
"7759",89.6920999920444
"7760",82.1653628185751
"7761",80.6300740603082
"7762",73.5699333747829
"7763",73.3794287456499
"7764",67.2404833399808
"7765",78.684830023034
"7766",101.635278072087
"7767",102.331127108384
"7768",98.3318489530789
"7769",137.749893658543
"7770",88.8285997503852
"7771",114.070492664688
"7772",82.5616943084077
"7773",88.8291588972309
"7774",111.480857220252
"7775",85.7899070810345
"7776",145.072280284113
"7777",130.681155254698
"7778",80.9843460175336
"7779",66.0900650049069
"7780",68.0127914589561
"7781",76.4537821476389
"7782",133.649523549944
"7783",112.089717373177
"7784",72.7264172833751
"7785",116.506009144665
"7786",125.148337355842
"7787",73.2706312083264
"7788",166.176147662055
"7789",97.6353024198616
"7790",78.9341445446723
"7791",67.4964531560249
"7792",92.6671161774778
"7793",72.9250148813006
"7794",115.53834795706
"7795",99.0132867528174
"7796",79.6019946225179
"7797",151.173485703858
"7798",119.452225202168
"7799",112.291418833164
"7800",77.1256454859369
"7801",99.7399518502477
"7802",87.480320195839
"7803",116.352575020151
"7804",100.014103128531
"7805",86.5455902859851
"7806",96.2233987885992
"7807",93.4328937886413
"7808",137.765265054403
"7809",116.374190254604
"7810",75.7886956982218
"7811",142.499944807654
"7812",87.5189084168992
"7813",96.3861095033398
"7814",63.0464772209346
"7815",87.7259221438232
"7816",76.5242838876241
"7817",81.0128783727111
"7818",79.4739040394731
"7819",74.6069216909627
"7820",119.317883979829
"7821",81.5098939560391
"7822",73.0807115352048
"7823",76.3525188574348
"7824",69.4113486646111
"7825",72.8125729001462
"7826",75.7401109460114
"7827",103.893759731474
"7828",96.3785984149725
"7829",71.7058193606699
"7830",130.334878761943
"7831",179.330376895085
"7832",96.0286334198361
"7833",97.7434769763706
"7834",96.7796236196865
"7835",98.7958053595673
"7836",98.7672361620034
"7837",92.7785661811949
"7838",121.565307864597
"7839",153.912895079461
"7840",111.130787758633
"7841",93.4601286022635
"7842",111.316276068131
"7843",64.5114925230725
"7844",104.96141541798
"7845",111.754955403873
"7846",78.3783931530062
"7847",65.2786333217514
"7848",73.3606026785478
"7849",124.344056349279
"7850",85.9098388721102
"7851",76.6032327752159
"7852",101.490370419729
"7853",76.1016237369431
"7854",75.0309541033477
"7855",110.111891277842
"7856",104.131956133371
"7857",130.509669685179
"7858",112.983964439453
"7859",116.992670532055
"7860",77.3477900319706
"7861",110.222060735566
"7862",128.169342494527
"7863",119.153946429113
"7864",96.6604054860094
"7865",71.8232023617259
"7866",97.9878111011792
"7867",97.3841022002305
"7868",106.571154061099
"7869",111.939419894462
"7870",74.4826523887772
"7871",93.3944223857687
"7872",78.1674853430094
"7873",87.8977962591689
"7874",113.7844757173
"7875",87.0883037045409
"7876",70.1365797901636
"7877",125.741664829435
"7878",66.7653251407942
"7879",69.1573405010646
"7880",84.5363296776957
"7881",131.527444844849
"7882",160.308598218468
"7883",96.8503166510038
"7884",110.022536813728
"7885",72.0287072210796
"7886",89.5220360237748
"7887",75.4634173301853
"7888",94.9851452749393
"7889",84.1805570354686
"7890",98.0858519677165
"7891",70.9762858496647
"7892",105.942199613451
"7893",103.351840975682
"7894",75.0964337081453
"7895",120.418881326625
"7896",60.4533271792964
"7897",129.53483071947
"7898",72.7313246904767
"7899",70.3578132307734
"7900",139.582277150144
"7901",124.032691727104
"7902",97.2461247848851
"7903",79.6687927851032
"7904",84.4740486138845
"7905",128.235840110437
"7906",106.644540597563
"7907",86.1498833997317
"7908",85.0275073133004
"7909",71.7708773479715
"7910",62.5634456998056
"7911",104.315735509135
"7912",73.3486900293577
"7913",95.6370140817104
"7914",82.2754672506699
"7915",96.1972432532821
"7916",107.200986035746
"7917",93.0289695499975
"7918",87.3300652164115
"7919",65.7415188719296
"7920",84.717198814973
"7921",107.521477452161
"7922",62.7799910437052
"7923",129.127519859412
"7924",68.2406010321672
"7925",118.586515386027
"7926",74.4986611616185
"7927",69.1086526855959
"7928",128.283471790986
"7929",120.82181665054
"7930",129.734791315766
"7931",77.9091752876851
"7932",80.9438024758684
"7933",63.2014560806777
"7934",79.579160827385
"7935",119.191857309704
"7936",89.4391439562658
"7937",141.22987430287
"7938",137.403299657563
"7939",110.75730641283
"7940",69.0422615676887
"7941",116.424187757714
"7942",78.5643287419625
"7943",122.065013859761
"7944",122.903890506024
"7945",56.8466899549272
"7946",77.4828788287915
"7947",129.204178641676
"7948",105.370289843241
"7949",79.4191190241132
"7950",70.5018834080025
"7951",194.807883217815
"7952",90.4151108358477
"7953",82.7254532770533
"7954",74.7127488824168
"7955",86.3716793563714
"7956",90.8440823973703
"7957",150.106568194586
"7958",183.626188999716
"7959",81.9118073716719
"7960",102.222548850105
"7961",80.1389284090468
"7962",78.9315573791541
"7963",92.1906406425078
"7964",81.1823220274343
"7965",74.3512744406392
"7966",87.4409337964592
"7967",127.280044584405
"7968",93.331606245936
"7969",102.286809456354
"7970",115.175333964079
"7971",130.327419390562
"7972",86.4989140739002
"7973",138.607592256576
"7974",117.716550348636
"7975",131.669244412502
"7976",89.7928455683619
"7977",79.5382272573461
"7978",102.700763056094
"7979",111.575476403186
"7980",92.7161754763472
"7981",74.2092183719569
"7982",80.6785120803341
"7983",67.4764831604455
"7984",111.812359946143
"7985",81.9449313548496
"7986",136.141528939297
"7987",110.974225749656
"7988",64.8304763465417
"7989",93.0385777820337
"7990",86.1497049531519
"7991",126.360784319514
"7992",132.98334836891
"7993",116.730766951305
"7994",70.0453367843652
"7995",90.2340890205155
"7996",150.415342662375
"7997",113.210937535414
"7998",72.2479411034637
"7999",69.7323829763107
"8000",80.2825253827637
"8001",83.3190234473406
"8002",70.2858149579929
"8003",123.355229773863
"8004",70.7201614831003
"8005",64.4890928286066
"8006",75.1722305652731
"8007",106.660978946288
"8008",99.0602130585059
"8009",69.4078871135578
"8010",64.2664720410546
"8011",73.9626181734302
"8012",88.6653448924697
"8013",133.036050032459
"8014",96.1601742128093
"8015",89.8243674807914
"8016",113.756947245705
"8017",77.1995091797969
"8018",73.6359134920071
"8019",104.108035351752
"8020",84.7874366552535
"8021",94.3418550129697
"8022",71.4650306829769
"8023",81.4790259076049
"8024",87.8427503211871
"8025",86.1903194784025
"8026",90.3346884578203
"8027",76.2414874431943
"8028",88.7812610032683
"8029",98.7941997863272
"8030",119.331029890484
"8031",96.0098897003518
"8032",56.2430149716003
"8033",88.0243971203698
"8034",266.545765501374
"8035",120.872779782101
"8036",110.190261968798
"8037",74.0856684545142
"8038",75.7648732808232
"8039",77.350029258484
"8040",75.1638395175485
"8041",156.706197466164
"8042",67.4186930717112
"8043",108.533998456735
"8044",80.4248334193064
"8045",124.254761426473
"8046",86.4648937983553
"8047",123.221920112471
"8048",80.3708161674348
"8049",107.467042270084
"8050",117.318615285773
"8051",130.871102769758
"8052",88.3683810221977
"8053",99.0295294039879
"8054",92.1152848315419
"8055",100.145900032354
"8056",66.939770235785
"8057",94.5508313528356
"8058",110.967471611619
"8059",73.0217009976529
"8060",181.667186500986
"8061",115.108237591635
"8062",95.2062918718219
"8063",205.363190957938
"8064",68.7058083741683
"8065",107.095545789706
"8066",97.0320111908788
"8067",77.5321653769503
"8068",80.1540724861732
"8069",170.158874279883
"8070",136.310240807943
"8071",91.9158630859695
"8072",75.6649358805748
"8073",84.1231575964424
"8074",70.4885622713827
"8075",110.562884230468
"8076",74.9428635536209
"8077",91.3513508425816
"8078",82.8033580748269
"8079",65.408995158461
"8080",97.7910692696655
"8081",110.519189854843
"8082",114.651532395523
"8083",170.322495581163
"8084",119.480358926142
"8085",128.510452219407
"8086",79.3854220697762
"8087",111.517340201696
"8088",138.514749760475
"8089",69.969920629805
"8090",75.3758813702859
"8091",94.4079035015972
"8092",68.9036834106279
"8093",88.6123616376079
"8094",83.8334458058892
"8095",80.4384965586423
"8096",89.6828583617218
"8097",75.3298770585354
"8098",117.698594647464
"8099",88.9251633759187
"8100",79.2784959040895
"8101",123.377889366449
"8102",110.151295515268
"8103",83.8538030019472
"8104",83.5040297723565
"8105",67.8431360627946
"8106",81.5822785073164
"8107",133.444155386669
"8108",92.374023679832
"8109",91.8240848103975
"8110",92.7007314589277
"8111",91.5381541843358
"8112",137.981570984652
"8113",87.1656507011365
"8114",98.2494334731835
"8115",94.2824130135245
"8116",72.8535261848039
"8117",61.0132981530657
"8118",119.375988926446
"8119",72.4957193302905
"8120",76.2542412787158
"8121",113.717819145901
"8122",91.5557390577162
"8123",177.929841890291
"8124",92.4620953213466
"8125",87.9353526733192
"8126",89.4851074489341
"8127",90.2115105590815
"8128",79.4664214522084
"8129",69.3380072591085
"8130",80.123335467751
"8131",80.1773554316366
"8132",117.839823553719
"8133",71.0019567900379
"8134",170.211331144429
"8135",100.384033206988
"8136",160.964508953072
"8137",73.8843563202741
"8138",111.88105816193
"8139",74.5063649138495
"8140",85.9506005377756
"8141",75.9049341881083
"8142",85.6330284807398
"8143",61.8658484945325
"8144",85.2924742487691
"8145",76.4888684647099
"8146",93.8573057968866
"8147",69.4035995116705
"8148",76.4181189359885
"8149",162.898768542876
"8150",77.3252525474787
"8151",98.2148586864212
"8152",74.0792416853596
"8153",76.129885883958
"8154",69.1159924087229
"8155",77.1382453825691
"8156",106.983313933207
"8157",66.5565425206862
"8158",124.977189120378
"8159",81.2922057613791
"8160",122.535236141089
"8161",82.6186817765614
"8162",53.6986212120541
"8163",72.9463222083136
"8164",118.477339084052
"8165",137.639796243758
"8166",107.168518705421
"8167",80.5288735617462
"8168",92.3002701213513
"8169",121.542624924441
"8170",187.021353690563
"8171",65.5704596386116
"8172",110.686127754848
"8173",70.3232240331773
"8174",76.0255706252569
"8175",84.2956660896315
"8176",78.7610934237475
"8177",71.8222920036071
"8178",72.6397730961986
"8179",66.503456261182
"8180",124.387038056282
"8181",152.638189463199
"8182",100.948891812625
"8183",60.5291105249164
"8184",100.209844469299
"8185",76.4827618666516
"8186",73.0006772243435
"8187",66.5267513806739
"8188",57.6601891224909
"8189",77.4486531966126
"8190",82.685927526523
"8191",143.004520177964
"8192",77.2469026250554
"8193",105.155165700532
"8194",107.911612721829
"8195",66.0465888069238
"8196",69.5612737103024
"8197",118.709230776766
"8198",105.4767965341
"8199",91.7935967327349
"8200",171.332649965272
"8201",152.083505439759
"8202",107.465095241087
"8203",63.8755304815838
"8204",77.3936365474402
"8205",178.236760506673
"8206",116.17683014287
"8207",88.1188370433367
"8208",66.8688714286226
"8209",151.209511203741
"8210",143.314796288887
"8211",115.576701754258
"8212",93.1515252394125
"8213",72.2185317347452
"8214",98.4030944554004
"8215",112.481100618265
"8216",71.3392372569706
"8217",77.2193904064786
"8218",110.221299133119
"8219",82.7742241298176
"8220",79.0484726778003
"8221",112.02208446416
"8222",79.4161748447985
"8223",60.2404992722096
"8224",70.3869425173083
"8225",136.514451601462
"8226",67.7405538008681
"8227",90.9274787811849
"8228",72.552732598378
"8229",100.225469973125
"8230",112.739203319167
"8231",64.4416839104472
"8232",72.6926888535218
"8233",134.225488699242
"8234",74.8681927328016
"8235",106.063933531074
"8236",73.8139913864487
"8237",74.4857253610988
"8238",149.656326828556
"8239",151.917191326197
"8240",108.10734773901
"8241",76.8213119777216
"8242",66.5975269525253
"8243",68.159472865002
"8244",71.648044045927
"8245",112.634197635452
"8246",74.577369614166
"8247",73.2103720415186
"8248",93.5460530763355
"8249",162.748805028133
"8250",80.3506449496959
"8251",124.929462347216
"8252",130.135698428297
"8253",121.265288397999
"8254",79.3743570985099
"8255",77.8003781739771
"8256",85.495063713147
"8257",118.591270409119
"8258",174.908066663811
"8259",97.2398209364893
"8260",70.4634373666893
"8261",100.096096778818
"8262",159.435036847305
"8263",148.786912989761
"8264",107.32201594173
"8265",102.236745377396
"8266",65.4275433760411
"8267",84.5942008734142
"8268",115.145510550078
"8269",120.330715153946
"8270",72.8113992747962
"8271",99.6268530435233
"8272",79.9262566561377
"8273",69.3866197819257
"8274",88.6924963931439
"8275",72.5882985723152
"8276",73.5929321117427
"8277",100.424100183448
"8278",102.134781960794
"8279",73.1266079557172
"8280",61.6208545210364
"8281",74.0374834496871
"8282",120.816033663454
"8283",137.051568120691
"8284",72.479521447093
"8285",125.548828767445
"8286",80.9902942260204
"8287",107.462562687228
"8288",119.594222835184
"8289",69.1197115570166
"8290",79.7016265609251
"8291",85.2509192372591
"8292",119.502410589892
"8293",77.786154525763
"8294",79.2828605994775
"8295",67.7198460742237
"8296",87.6139234034263
"8297",98.7237587924035
"8298",83.8318503660414
"8299",73.0919974368463
"8300",120.126008936747
"8301",89.4502432801008
"8302",94.5742177592116
"8303",140.818704215462
"8304",91.7367016852481
"8305",116.6022611384
"8306",67.1118821586638
"8307",70.256695582926
"8308",89.8181797086161
"8309",94.7523622553159
"8310",111.840254513892
"8311",95.0613906527271
"8312",67.5870640075066
"8313",93.9019559614184
"8314",125.717579225551
"8315",137.012917815003
"8316",84.0061707423636
"8317",87.7214771687503
"8318",78.0689998988285
"8319",79.1410297740627
"8320",102.967669598164
"8321",89.1837049537082
"8322",88.3541901223003
"8323",98.9140422536393
"8324",73.3494463404981
"8325",89.6128490944009
"8326",84.3637081070274
"8327",65.3473375207126
"8328",66.657567370243
"8329",81.3678992128872
"8330",164.821997249131
"8331",71.0747899213952
"8332",93.7890400009796
"8333",82.2442159646629
"8334",144.672736316999
"8335",92.451598834167
"8336",85.0631313544173
"8337",121.101989769486
"8338",70.7874572898673
"8339",108.90234541758
"8340",108.550198879245
"8341",91.0300981965188
"8342",69.857708633514
"8343",81.1329384293918
"8344",101.244180637425
"8345",161.813284307634
"8346",77.1649667624854
"8347",76.4321952910074
"8348",118.380194872436
"8349",118.124771630172
"8350",72.0915076835155
"8351",114.817910801379
"8352",94.7294807931751
"8353",105.570451697206
"8354",82.8645822936939
"8355",69.087427254999
"8356",124.492820029226
"8357",100.446552502201
"8358",96.2523793562655
"8359",84.9789341863286
"8360",82.1479693812593
"8361",87.8914334805614
"8362",67.3746130781098
"8363",87.9495834405875
"8364",99.2624542634432
"8365",70.9347998860951
"8366",109.624277395142
"8367",158.331211942389
"8368",74.1678479718977
"8369",123.676716774528
"8370",93.8968192430823
"8371",104.998421645408
"8372",82.4075483251168
"8373",121.837291360986
"8374",85.2441994694395
"8375",64.5544176772515
"8376",95.1053608857387
"8377",119.85065527626
"8378",59.4652872946522
"8379",81.1049265872429
"8380",76.411362533864
"8381",73.0440326388123
"8382",104.570539194298
"8383",91.6615757230685
"8384",138.737394514626
"8385",88.5473095528788
"8386",117.588465903597
"8387",101.635341964163
"8388",118.672628032506
"8389",127.719891197037
"8390",137.317036760665
"8391",122.436736033569
"8392",68.0334418964216
"8393",62.6922799724785
"8394",72.330962593922
"8395",131.916644360645
"8396",107.84269626791
"8397",75.4561272293338
"8398",82.2574091299548
"8399",133.622579183528
"8400",119.438103859228
"8401",173.717627381192
"8402",87.3451890777482
"8403",86.1678937957837
"8404",83.1508903062496
"8405",71.7406378429796
"8406",102.834858184399
"8407",61.5344999224777
"8408",89.2824537685402
"8409",69.7550183289832
"8410",66.1784265346274
"8411",67.3432836379982
"8412",79.9946492343882
"8413",102.19165186573
"8414",71.5321812326163
"8415",114.504770883469
"8416",99.6492614378984
"8417",136.595128027499
"8418",74.03095692136
"8419",79.9546193326081
"8420",79.2231296435017
"8421",80.633640349993
"8422",119.674263759479
"8423",81.8999891407242
"8424",98.2108999030418
"8425",72.6785510909011
"8426",117.957248060995
"8427",78.7094980685169
"8428",137.436652562133
"8429",164.262509402522
"8430",79.904576258785
"8431",79.3883126699045
"8432",112.437447209948
"8433",86.8411131738267
"8434",88.5431567323552
"8435",90.8639501536985
"8436",100.959080541317
"8437",97.2539106780825
"8438",80.4565069342535
"8439",184.153210390016
"8440",77.1312148168581
"8441",74.7327366700846
"8442",61.8118635600716
"8443",84.038069650508
"8444",87.5024221086635
"8445",87.0908623288828
"8446",99.0883987181764
"8447",83.8716320443845
"8448",71.0175867479985
"8449",78.332483758264
"8450",74.6093318478262
"8451",110.419641037014
"8452",76.7446141645163
"8453",83.0705923563155
"8454",112.841264947105
"8455",152.065757779862
"8456",66.8126277007486
"8457",118.230993936356
"8458",148.47751281687
"8459",74.5118587555876
"8460",75.4148775137027
"8461",77.4391434483873
"8462",105.266072263381
"8463",136.265554976668
"8464",96.405976177501
"8465",70.3053848932788
"8466",72.9943082710141
"8467",119.416143596972
"8468",86.2763958068988
"8469",117.755759662984
"8470",62.1475870174198
"8471",105.050792050143
"8472",96.0339821937372
"8473",115.891355305032
"8474",90.9500319928696
"8475",73.0649957995702
"8476",108.918600979329
"8477",143.743670955751
"8478",145.166017680396
"8479",98.1320552977625
"8480",70.8820777348594
"8481",92.3053878940714
"8482",67.5912220918789
"8483",84.4421345773452
"8484",71.5004488090406
"8485",81.369445854154
"8486",78.8798355959625
"8487",87.0704042823398
"8488",123.103857904101
"8489",91.7407948224373
"8490",72.4112624867746
"8491",123.535748845302
"8492",72.9715267827382
"8493",90.345669218328
"8494",106.53082046048
"8495",139.058889572875
"8496",98.3052092117899
"8497",74.9914835274108
"8498",75.6762126289097
"8499",67.8971697087513
"8500",78.9460151189849
"8501",143.716431789525
"8502",83.188391088684
"8503",114.426296665555
"8504",68.7412125449107
"8505",101.87839123216
"8506",83.2575096156783
"8507",59.2201459313752
"8508",141.81701506585
"8509",91.2706629912651
"8510",129.94905674586
"8511",80.986170132871
"8512",106.31633732588
"8513",75.5165291775149
"8514",111.175756648525
"8515",80.2102672687411
"8516",75.4331354387416
"8517",122.277713899466
"8518",86.4114573430877
"8519",227.740728429689
"8520",142.710990146242
"8521",106.996830284708
"8522",99.0714536921217
"8523",75.8216257931467
"8524",63.468322632851
"8525",117.399454335574
"8526",107.156826114275
"8527",70.5854824891897
"8528",144.398382759957
"8529",120.143102544992
"8530",172.153016356633
"8531",86.0716463356887
"8532",92.3079121666257
"8533",102.524823091829
"8534",110.491760987527
"8535",85.5795429951076
"8536",71.2685359851407
"8537",93.8881867969492
"8538",98.5869793151918
"8539",68.7990519190698
"8540",145.398750248858
"8541",104.348570280882
"8542",80.7373883365854
"8543",84.605901270585
"8544",124.31469724559
"8545",79.7006548192144
"8546",129.592788394111
"8547",148.275045190161
"8548",84.0690864478623
"8549",64.096974020277
"8550",101.737838822986
"8551",142.038697726074
"8552",78.261146574993
"8553",92.6349321658786
"8554",107.34172427728
"8555",110.807128285141
"8556",65.7191778253623
"8557",91.883865070389
"8558",86.799408543031
"8559",128.402327526141
"8560",154.244040584026
"8561",106.381577168603
"8562",105.876035195274
"8563",84.3267499715148
"8564",67.1628720831365
"8565",74.6051264563477
"8566",139.828850019152
"8567",151.92264325905
"8568",104.561469122183
"8569",101.121184226233
"8570",126.55781858436
"8571",119.645185992985
"8572",79.0866258465821
"8573",84.5840709167755
"8574",92.3916370711292
"8575",94.7822178189568
"8576",74.2293121985751
"8577",128.914123675752
"8578",67.2380534695321
"8579",75.3230643053867
"8580",168.305320206051
"8581",72.6069231699564
"8582",77.7661485118965
"8583",157.423765230903
"8584",67.2557115961148
"8585",92.2733119301622
"8586",80.5662192746471
"8587",94.943670876991
"8588",137.467519100971
"8589",138.2805920345
"8590",54.7147636478189
"8591",74.7992914059196
"8592",83.1702090966124
"8593",171.565117782576
"8594",95.6057783431044
"8595",95.9576305891604
"8596",64.7148116485107
"8597",86.2449773495689
"8598",118.719594498351
"8599",116.080627475031
"8600",142.204596842334
"8601",74.8667732885189
"8602",87.631057484576
"8603",100.896371620222
"8604",83.9584498239832
"8605",83.7924007374053
"8606",177.94276033677
"8607",70.8598662637762
"8608",79.3831876546101
"8609",125.294711216607
"8610",81.416751453047
"8611",84.740819554468
"8612",96.197003530174
"8613",113.137829907646
"8614",75.9683062384348
"8615",216.075238922799
"8616",72.4324543959853
"8617",95.3523709529617
"8618",102.671347245566
"8619",82.7532286455098
"8620",118.313421182364
"8621",123.141508872858
"8622",68.4781375052692
"8623",72.5270051783462
"8624",112.816646510131
"8625",109.916730901347
"8626",116.877898087066
"8627",114.391767388031
"8628",93.9837425522715
"8629",99.9314213531558
"8630",77.6707880744417
"8631",68.8556297772891
"8632",82.9688569233654
"8633",110.552353282061
"8634",73.6810701792725
"8635",105.793461541271
"8636",123.887244926436
"8637",85.6848528584841
"8638",100.76755905149
"8639",92.8609598652427
"8640",67.0472683977122
"8641",120.814741337861
"8642",76.5579631736313
"8643",84.0226077815871
"8644",127.891198789557
"8645",144.109651623967
"8646",122.036970646969
"8647",182.126492566
"8648",142.20769523033
"8649",74.5435009806551
"8650",75.1265324866705
"8651",84.3447319793232
"8652",97.4830820808328
"8653",143.371176515033
"8654",122.236129773922
"8655",78.2793680838809
"8656",64.0433265669036
"8657",78.086412382791
"8658",104.180826384396
"8659",92.584764081824
"8660",115.45372434318
"8661",116.078905723932
"8662",132.772026118003
"8663",86.5115727078013
"8664",79.4327628810939
"8665",72.3109205007323
"8666",62.4543089853316
"8667",144.289629801564
"8668",126.433035254928
"8669",102.251357113747
"8670",91.459779599552
"8671",139.368726916201
"8672",83.3973881978687
"8673",88.1399479360106
"8674",83.9475580766011
"8675",94.1031010226414
"8676",90.69724550962
"8677",93.4802356778059
"8678",63.2497020758331
"8679",83.0790938199875
"8680",84.7381257699634
"8681",89.8065050680779
"8682",79.8349908662049
"8683",89.8317834131164
"8684",120.681521177962
"8685",83.0915451662602
"8686",83.4228566097437
"8687",136.921309053009
"8688",113.700662845922
"8689",68.7995979568768
"8690",76.1228793422084
"8691",130.391313374732
"8692",115.201892583058
"8693",108.206381971861
"8694",135.806212098474
"8695",127.30097867243
"8696",120.277106457039
"8697",122.140044978875
"8698",106.407526174918
"8699",67.6608657135344
"8700",80.503310659633
"8701",68.1308552950988
"8702",72.7955834066972
"8703",94.9314513675329
"8704",98.7416378768318
"8705",107.031904228142
"8706",149.352819743429
"8707",94.5253624742341
"8708",75.8255279773766
"8709",54.2635179615255
"8710",89.9260941468759
"8711",95.8055720486979
"8712",103.294059770313
"8713",176.263198447075
"8714",82.6433810644341
"8715",93.9396346977414
"8716",63.5904308760527
"8717",106.760518511966
"8718",86.7550623221941
"8719",79.7305708411316
"8720",82.4985451184632
"8721",78.0883431470599
"8722",204.833628577618
"8723",70.4403860741842
"8724",74.2963481788617
"8725",73.4526635836829
"8726",80.5473888081897
"8727",81.3279355482115
"8728",72.3282333135589
"8729",136.328163036992
"8730",71.2429856672158
"8731",87.2909559778416
"8732",68.0982913449641
"8733",71.7608087431368
"8734",103.025634900881
"8735",97.8117879927457
"8736",101.537394047933
"8737",60.4964357731177
"8738",69.0606400578082
"8739",112.634887311858
"8740",95.5393306999893
"8741",119.473311223746
"8742",75.2144541703363
"8743",68.6677693732485
"8744",176.556159735184
"8745",81.834263578118
"8746",93.5212146384345
"8747",89.4669313706289
"8748",117.621464111471
"8749",71.0204929011925
"8750",109.251668666964
"8751",78.7566191599041
"8752",123.533661476321
"8753",59.0094207419603
"8754",232.378586817838
"8755",114.852877497146
"8756",61.9966838625351
"8757",90.9713683845585
"8758",96.3957118613818
"8759",135.103971540127
"8760",69.6914788643217
"8761",70.9303184072459
"8762",85.3948214395851
"8763",76.2717871684686
"8764",118.353290774592
"8765",68.164559017614
"8766",68.2901319588924
"8767",111.058063596067
"8768",92.4221676727406
"8769",85.5500408005928
"8770",57.3293205551315
"8771",109.673661734088
"8772",102.324437272031
"8773",87.0153904102523
"8774",85.4534125060698
"8775",62.6705144000229
"8776",71.9755270233235
"8777",103.452471838093
"8778",76.0859775947788
"8779",157.421263447105
"8780",67.6217617583485
"8781",87.0824200228865
"8782",129.990675806582
"8783",80.086803149486
"8784",112.735110325623
"8785",66.6208971112424
"8786",128.523645272816
"8787",89.7152064895914
"8788",120.26249114105
"8789",81.5665928252081
"8790",132.169301455408
"8791",58.2979507813281
"8792",72.9100493841683
"8793",101.631328213564
"8794",72.9629408573991
"8795",60.3488732382331
"8796",85.7302989353623
"8797",86.9365145357316
"8798",64.6415496265238
"8799",56.8886366046042
"8800",115.176079477367
"8801",171.044344012713
"8802",98.5429798110151
"8803",72.8318944049227
"8804",85.3855010896488
"8805",97.2445560574139
"8806",67.348454450362
"8807",126.283945643925
"8808",92.7813874445258
"8809",70.1054996791687
"8810",81.0975132961595
"8811",74.5342183552341
"8812",156.537095911149
"8813",72.6735058744007
"8814",67.1580618614191
"8815",99.9749780480244
"8816",134.254214169056
"8817",121.046312268824
"8818",103.818420477553
"8819",99.5953318033028
"8820",162.224319787578
"8821",81.5099090204632
"8822",77.3634579214939
"8823",110.015221055178
"8824",83.0268704066945
"8825",106.149389298487
"8826",84.2820180520481
"8827",108.150726093818
"8828",117.350500165749
"8829",74.510296735798
"8830",74.776905083256
"8831",75.3912602561804
"8832",96.7368488692115
"8833",126.671470881701
"8834",91.3604382916625
"8835",76.4914157735113
"8836",92.3340849532711
"8837",112.371703403163
"8838",226.914543822226
"8839",138.331712254885
"8840",83.4936470835221
"8841",149.729439469694
"8842",81.6625514070897
"8843",92.2481496882839
"8844",62.1662507469808
"8845",79.4387583046018
"8846",107.616007962622
"8847",118.657685531536
"8848",97.4235893924687
"8849",79.0583402722731
"8850",238.934768825875
"8851",69.5714119923886
"8852",145.950100222499
"8853",88.124649030748
"8854",85.6579813242757
"8855",84.8868439242617
"8856",87.1114021014711
"8857",83.7365046989711
"8858",89.6058918134388
"8859",84.9995236842858
"8860",83.4558247570533
"8861",135.772319167881
"8862",86.414976666355
"8863",105.647018961726
"8864",101.122850527115
"8865",85.471518914567
"8866",98.3146431963762
"8867",75.0480371956812
"8868",73.5075858221972
"8869",66.0322591729638
"8870",98.436343940956
"8871",89.5375451158862
"8872",62.178420852056
"8873",96.9587149126961
"8874",107.015204283973
"8875",79.9229120047288
"8876",118.483418445759
"8877",89.0026922975357
"8878",161.333376419002
"8879",156.346000107246
"8880",121.075982324277
"8881",179.684544089667
"8882",77.4766200975186
"8883",123.318873920763
"8884",102.29443210191
"8885",94.1036763080781
"8886",118.717199570934
"8887",96.9838312241399
"8888",65.2575300204244
"8889",80.7583154755584
"8890",235.279322620188
"8891",82.6520226536255
"8892",136.884372865241
"8893",86.5852945028323
"8894",74.5243882426323
"8895",124.214233136909
"8896",96.1481475003628
"8897",72.3412967229809
"8898",62.0049908959147
"8899",82.886618063347
"8900",91.6455267784301
"8901",107.778117008013
"8902",70.6244185038195
"8903",69.2771107719852
"8904",79.2010533468197
"8905",71.0251937014727
"8906",68.8406363022459
"8907",99.1814289988293
"8908",149.8446656366
"8909",84.0668498352391
"8910",104.186299076611
"8911",71.296579770299
"8912",83.1188694375295
"8913",80.8376225785862
"8914",74.3112465222264
"8915",119.563892777476
"8916",68.6567385923251
"8917",107.591091999995
"8918",92.9399721253577
"8919",103.187430488697
"8920",121.45800138477
"8921",118.131513709355
"8922",75.6261996666615
"8923",164.234645075781
"8924",115.643924211827
"8925",151.170297216554
"8926",90.4122663301492
"8927",67.1663060442465
"8928",146.839510326069
"8929",133.250890916788
"8930",104.951489774004
"8931",120.058118428544
"8932",78.3487476695113
"8933",72.9418491318999
"8934",100.183030143435
"8935",100.291756247516
"8936",146.34035068641
"8937",62.8602270294548
"8938",79.9638711860241
"8939",180.227128287233
"8940",88.1494491578762
"8941",94.754732625085
"8942",65.5542642837963
"8943",99.0993585881483
"8944",67.9833146207312
"8945",79.3806753729405
"8946",75.7808115408088
"8947",82.6486792902388
"8948",54.7503265882148
"8949",77.2141090129329
"8950",84.3475697654093
"8951",95.6893665796816
"8952",66.7300543817193
"8953",111.439633912882
"8954",94.4548510914111
"8955",134.452032535096
"8956",165.519750497043
"8957",93.4807199183103
"8958",135.946400029608
"8959",130.392265970284
"8960",81.3785832916367
"8961",128.770967442636
"8962",127.145072016655
"8963",172.511555347407
"8964",92.4455935747855
"8965",78.5640669303186
"8966",104.328538447242
"8967",134.725958377244
"8968",109.427797916273
"8969",105.19117785517
"8970",71.2426650637388
"8971",134.586900957475
"8972",81.7692695519842
"8973",113.658483038469
"8974",67.9306777818819
"8975",71.4593852471335
"8976",90.2088535677476
"8977",75.4724831411223
"8978",90.6930956745718
"8979",81.456962447108
"8980",123.790478381385
"8981",98.8212069058902
"8982",99.5175199045009
"8983",89.1018236552423
"8984",152.894277395901
"8985",77.7566844260025
"8986",148.427624225966
"8987",100.637624113487
"8988",82.2329270407644
"8989",72.6555085940424
"8990",74.0057590687114
"8991",84.6812373557815
"8992",164.601160982341
"8993",107.280458869622
"8994",79.080882712529
"8995",96.7786390032659
"8996",77.5435516094532
"8997",90.046729396319
"8998",72.7174736856928
"8999",91.9258139756224
"9000",69.0048510600746
"9001",86.5582646843872
"9002",91.3651491677412
"9003",110.00004030415
"9004",139.929248365086
"9005",73.1561139715305
"9006",74.7410992927863
"9007",92.0135790631778
"9008",105.513164689241
"9009",94.9333977058337
"9010",160.053258244384
"9011",120.949465694181
"9012",117.519990584611
"9013",90.5088803816756
"9014",187.101054757532
"9015",122.526158016095
"9016",81.084414701124
"9017",78.7479781206382
"9018",77.7315947166358
"9019",107.993007887187
"9020",82.0167319227943
"9021",97.6341896456975
"9022",74.0433931908834
"9023",78.2719635916623
"9024",61.3455605975707
"9025",121.857362825299
"9026",90.4436387875071
"9027",148.115916240903
"9028",93.9575210981114
"9029",102.823482395976
"9030",90.7825134691792
"9031",100.75525627956
"9032",86.446660699175
"9033",99.8316491712232
"9034",111.673490582705
"9035",78.6448849719004
"9036",121.401290413743
"9037",72.2864919003267
"9038",112.027014528918
"9039",117.787078732721
"9040",82.9785279972083
"9041",117.686648453713
"9042",106.756898608485
"9043",73.8177216968052
"9044",67.2938765040519
"9045",107.414483397584
"9046",69.794974782451
"9047",85.464643713203
"9048",92.7265834187002
"9049",127.146527078488
"9050",77.6091976921959
"9051",81.3340199302146
"9052",63.7504383734465
"9053",111.05609540978
"9054",216.798522205831
"9055",72.151598108491
"9056",62.835638438363
"9057",93.7063235490394
"9058",138.712438879737
"9059",97.6605738812243
"9060",84.8556039930772
"9061",60.3273344338671
"9062",69.4801157086327
"9063",90.0464494462599
"9064",97.1014079201651
"9065",151.06881654489
"9066",114.997868176881
"9067",70.4800375983197
"9068",93.1054729843099
"9069",72.8866479518064
"9070",94.9696602006809
"9071",164.44410139962
"9072",97.468430769302
"9073",75.1225134818397
"9074",105.493525231294
"9075",119.937299596671
"9076",67.2277574021946
"9077",99.3662884230546
"9078",113.417457887986
"9079",90.0765620099311
"9080",77.8142809250625
"9081",89.8155782384161
"9082",113.440881703914
"9083",98.2526547769299
"9084",111.207779820525
"9085",82.6209952047381
"9086",89.7519891957467
"9087",145.727670799519
"9088",130.759276897563
"9089",119.34175610888
"9090",85.4187180394338
"9091",82.9837644179028
"9092",62.6094637052447
"9093",85.1137458820916
"9094",91.723382559219
"9095",73.045305424564
"9096",136.554998840137
"9097",192.399201212024
"9098",125.066534938379
"9099",148.319234904334
"9100",131.075373946603
"9101",74.7132274782327
"9102",119.570302772622
"9103",98.1639717440658
"9104",75.9160478112049
"9105",92.296954733458
"9106",106.947909485718
"9107",118.960765003569
"9108",79.4673081317337
"9109",90.2478748493516
"9110",86.0793153376726
"9111",115.508546377567
"9112",120.50713117693
"9113",62.8497365653291
"9114",80.1969418875933
"9115",73.3494152420506
"9116",130.62334970895
"9117",115.840082774286
"9118",69.4656237677611
"9119",71.5181394180673
"9120",86.481969146521
"9121",196.959796274384
"9122",118.020390606661
"9123",69.8060546194418
"9124",75.4824270094738
"9125",122.140957794855
"9126",94.4367342501627
"9127",64.6920481456365
"9128",110.689479677414
"9129",99.4660980540548
"9130",80.6965041354403
"9131",149.692277997926
"9132",97.3085924070961
"9133",95.0843655631773
"9134",101.706703059301
"9135",102.865000605212
"9136",87.0990945958718
"9137",83.3509771433924
"9138",80.038401814647
"9139",84.4725406094713
"9140",85.2409715182581
"9141",102.308418381787
"9142",88.5484064097108
"9143",102.861100032921
"9144",81.2138273152004
"9145",92.9142492410631
"9146",83.3611902527839
"9147",82.9783695103998
"9148",112.363739636968
"9149",80.8528576798619
"9150",92.9973275122406
"9151",70.5040829042432
"9152",170.499383959125
"9153",166.06396234962
"9154",73.2729142591787
"9155",66.5837417975701
"9156",91.1889759023304
"9157",115.589312863906
"9158",80.1446150819155
"9159",84.7681454108771
"9160",104.80905938944
"9161",104.559952606804
"9162",68.4041552283576
"9163",120.764870572833
"9164",80.3237728114972
"9165",90.6867705216312
"9166",78.8639047110473
"9167",101.059754353986
"9168",167.374557409197
"9169",165.749576812711
"9170",93.1813758293637
"9171",100.780649704078
"9172",86.3044278845073
"9173",74.7252884223286
"9174",69.8157175032938
"9175",77.6294454389554
"9176",96.5592600097027
"9177",67.9143312141794
"9178",100.135357161838
"9179",154.066373822221
"9180",74.7215066706224
"9181",115.105881461409
"9182",83.4035269049191
"9183",100.418132415912
"9184",109.762738573662
"9185",102.79290291045
"9186",76.8052867948302
"9187",141.761302237298
"9188",215.19804086308
"9189",67.4634647314308
"9190",84.9733177002805
"9191",76.2673080005925
"9192",160.053334718317
"9193",141.883565461138
"9194",83.0816044775882
"9195",89.7960319874908
"9196",85.4084272475007
"9197",86.9867196145771
"9198",181.085555727363
"9199",83.4965455582496
"9200",72.423461918361
"9201",80.8327350235442
"9202",70.9105610314713
"9203",152.196824030344
"9204",83.5217405698238
"9205",77.4124298951773
"9206",88.1007101362894
"9207",104.459420184647
"9208",69.8933490521965
"9209",172.575846638603
"9210",115.833939281129
"9211",69.3564220496861
"9212",117.784376612913
"9213",63.3875968776022
"9214",103.214177594898
"9215",115.787548753626
"9216",121.545289815729
"9217",82.2817655544887
"9218",83.0462013593167
"9219",119.558756072234
"9220",90.2003458650985
"9221",140.688366718314
"9222",85.8829458472941
"9223",66.9184486466692
"9224",82.500134782485
"9225",127.178638609039
"9226",128.682325648896
"9227",99.7924418617222
"9228",117.323543171757
"9229",78.7716213975177
"9230",98.374346242908
"9231",114.92988352675
"9232",113.780673169257
"9233",92.9429091450056
"9234",78.0927017626116
"9235",112.389586289863
"9236",77.5423761711516
"9237",69.1850914463554
"9238",87.0581751606826
"9239",131.096946976432
"9240",159.987848309213
"9241",118.735386049341
"9242",104.983148748116
"9243",112.699028750155
"9244",114.015151762967
"9245",102.652009197125
"9246",158.749372717744
"9247",61.266251247176
"9248",119.084007767178
"9249",114.633311461784
"9250",136.230165117349
"9251",107.317055013054
"9252",92.0157688565217
"9253",123.557014189869
"9254",79.6885414124204
"9255",78.9189039665893
"9256",99.2112789503219
"9257",87.8033797157099
"9258",71.0485361016707
"9259",73.6442511182403
"9260",69.2603749371085
"9261",86.780829365114
"9262",93.4880524419393
"9263",107.135864764664
"9264",73.1584780486493
"9265",91.1816289657209
"9266",95.2572604081333
"9267",100.375756036646
"9268",80.8590139481898
"9269",140.206103777118
"9270",134.009971792665
"9271",75.721062507771
"9272",83.089697717885
"9273",113.892421718737
"9274",79.0204473878762
"9275",94.3449201642248
"9276",152.73662530109
"9277",106.463448635283
"9278",62.2398190415783
"9279",104.514455929385
"9280",82.3183179525264
"9281",107.043773034584
"9282",137.318409519437
"9283",133.375149520271
"9284",85.002381206683
"9285",71.6053613913154
"9286",79.7171493075898
"9287",78.9525133144195
"9288",90.3174840057739
"9289",153.271332928325
"9290",82.6034818867293
"9291",126.478067867224
"9292",85.6822735520468
"9293",89.1775397094168
"9294",84.9431144762357
"9295",76.4043497008382
"9296",116.928060941461
"9297",76.1926007400419
"9298",59.0804418558298
"9299",114.26935229539
"9300",93.1779529035372
"9301",83.1980318357624
"9302",83.4616897853189
"9303",133.140190071243
"9304",94.6636721605458
"9305",82.6685752971278
"9306",77.1903095821746
"9307",94.096358627806
"9308",109.976264086997
"9309",82.5066267752564
"9310",120.216191828822
"9311",121.754958950409
"9312",153.559333850309
"9313",75.9856578577819
"9314",81.8613502021731
"9315",122.59276609132
"9316",79.5787136357639
"9317",89.0418253932408
"9318",77.1790810042795
"9319",90.9365231570949
"9320",87.1356361524779
"9321",76.502024556263
"9322",88.1930364918586
"9323",74.8796333958968
"9324",130.727881916641
"9325",152.74341308083
"9326",105.473102107301
"9327",91.845853331585
"9328",161.523363294672
"9329",118.304359970047
"9330",108.496809559246
"9331",76.6985675895299
"9332",80.5429382591435
"9333",73.8348870810875
"9334",67.0438779551666
"9335",159.138699538659
"9336",116.616269875812
"9337",107.472248973276
"9338",113.595649305569
"9339",196.120021709504
"9340",111.673113693678
"9341",97.9923455156484
"9342",91.2493527243634
"9343",62.8408051501525
"9344",65.4063441031358
"9345",69.3869843963785
"9346",83.0848428145159
"9347",114.250491919888
"9348",91.3267130715838
"9349",94.1808674113712
"9350",70.6096309955153
"9351",96.987788117483
"9352",121.596612759423
"9353",101.072588783739
"9354",105.860185283076
"9355",90.0910777037095
"9356",118.500916062531
"9357",103.36997363087
"9358",75.6192894420197
"9359",81.5807595148946
"9360",96.0027565183932
"9361",92.6790731102884
"9362",80.7593344871841
"9363",86.0100024958717
"9364",62.237670889957
"9365",158.637845944832
"9366",122.928782115953
"9367",79.5595440611053
"9368",89.7063517822663
"9369",85.8724416142816
"9370",115.604739403245
"9371",116.137762056402
"9372",114.745158141212
"9373",82.8945438324273
"9374",100.081653076281
"9375",131.437446672401
"9376",68.2344445701228
"9377",113.095497075468
"9378",111.817394939039
"9379",147.830699175122
"9380",75.5332130065947
"9381",89.406807291399
"9382",86.6774533788219
"9383",73.6851084023891
"9384",75.0388351794998
"9385",106.890301301078
"9386",89.8099856581419
"9387",75.4522241046296
"9388",100.927434933738
"9389",90.8465177559773
"9390",77.4443360691879
"9391",83.7865508536084
"9392",124.430892262669
"9393",127.183324705894
"9394",88.2464221265065
"9395",87.1882614943471
"9396",101.600375016769
"9397",80.6998091487107
"9398",113.223102171999
"9399",83.3631111314672
"9400",100.78068410108
"9401",89.2074736040451
"9402",71.576188974235
"9403",68.125923542034
"9404",87.8391651173766
"9405",70.7917450157257
"9406",88.8354800075928
"9407",89.1074642625724
"9408",100.954881086215
"9409",98.9618551003932
"9410",131.622913610023
"9411",79.4569967270282
"9412",78.2430648106724
"9413",83.3901062418266
"9414",70.1261842771003
"9415",145.177874095367
"9416",126.929026098258
"9417",79.1635256189111
"9418",125.001474980334
"9419",94.2435621881103
"9420",98.3875486751325
"9421",113.909936680102
"9422",80.0429571191335
"9423",66.850342656895
"9424",95.4785484897268
"9425",69.3774435842933
"9426",113.474839374868
"9427",88.3325867458696
"9428",68.3181631620365
"9429",64.7178631156332
"9430",103.495828890197
"9431",124.234704199818
"9432",80.3800805001061
"9433",148.093306083732
"9434",88.877602631832
"9435",91.232768071313
"9436",63.5472715724854
"9437",86.1970992729203
"9438",114.154280516081
"9439",81.6542066229341
"9440",75.9260950349077
"9441",112.068023644956
"9442",90.0631912367253
"9443",60.7968531949508
"9444",71.1391516148362
"9445",77.1467129711876
"9446",91.7214641618788
"9447",84.9128642420173
"9448",102.384107054273
"9449",125.061485470133
"9450",83.1300350621894
"9451",67.8850055163664
"9452",100.966765306408
"9453",86.7967309349889
"9454",119.410150301381
"9455",124.44699495627
"9456",93.8776974121072
"9457",70.945232963197
"9458",84.3342374521126
"9459",104.511765169032
"9460",128.443589833849
"9461",101.800740641158
"9462",102.408112943251
"9463",105.964234501132
"9464",70.8179787771091
"9465",117.068861412054
"9466",90.7412122117054
"9467",75.8721760504107
"9468",104.069653725721
"9469",86.6845778320273
"9470",96.6745622916249
"9471",122.768476339063
"9472",72.2919515041017
"9473",87.0797272346763
"9474",75.4652668365809
"9475",85.0964846582409
"9476",107.810288316975
"9477",101.365169184085
"9478",117.963703258344
"9479",118.743517097104
"9480",89.1007104668546
"9481",68.3734169948754
"9482",66.6977600273728
"9483",61.0939846137579
"9484",74.0118378378021
"9485",91.1853161943947
"9486",166.960960750925
"9487",64.5286123601966
"9488",105.432638928579
"9489",107.158785312857
"9490",119.813224297095
"9491",79.9291827095732
"9492",112.768795477825
"9493",84.8550616447599
"9494",92.2907817806171
"9495",94.2224115123235
"9496",104.696855229326
"9497",105.816530149546
"9498",100.816850067761
"9499",83.1688934593109
"9500",83.7385662050881
"9501",140.273779904002
"9502",100.230263732068
"9503",74.3529942064865
"9504",71.4981259608731
"9505",70.1790764116522
"9506",104.119242028152
"9507",68.4412923134541
"9508",87.2349503615699
"9509",133.842507424563
"9510",83.301224395698
"9511",95.1792152821627
"9512",168.252743056158
"9513",114.824273660141
"9514",106.900472738528
"9515",68.1909843727892
"9516",66.86972483996
"9517",101.684263149039
"9518",75.9987405728044
"9519",69.2755178121102
"9520",81.0619668884283
"9521",247.787058146348
"9522",175.400017806896
"9523",150.115346961426
"9524",105.548411188394
"9525",90.6985154435578
"9526",69.3965197585252
"9527",113.308168842444
"9528",90.6082369188976
"9529",109.564197497715
"9530",115.075768503577
"9531",76.4251131659666
"9532",105.552109454564
"9533",112.606105166
"9534",124.404318366315
"9535",68.857806390696
"9536",105.148014156672
"9537",77.0676424725165
"9538",66.8835011884941
"9539",76.6022676607677
"9540",81.5656998136713
"9541",149.462235567075
"9542",135.898694659071
"9543",111.768818126871
"9544",78.4256987833253
"9545",90.9678683258149
"9546",108.905246727803
"9547",84.8207483050556
"9548",79.9711702186947
"9549",109.123434209907
"9550",107.949649755996
"9551",103.665636985273
"9552",109.314011555022
"9553",113.826152073967
"9554",154.2173878462
"9555",89.2038261019298
"9556",175.970482349739
"9557",81.4337681692448
"9558",138.914058155465
"9559",75.4498489635676
"9560",112.057315507911
"9561",67.8258217799829
"9562",74.6742657302324
"9563",111.214754601844
"9564",141.805056963683
"9565",93.7415221716438
"9566",137.929023931534
"9567",106.87987101629
"9568",74.6917014917102
"9569",86.7183177605752
"9570",69.2058075266686
"9571",118.359225504787
"9572",100.832518156286
"9573",88.5397939663091
"9574",69.5658817365598
"9575",85.8672912086527
"9576",66.3323565688884
"9577",100.833962332228
"9578",70.849148539665
"9579",125.773481447901
"9580",166.980398558097
"9581",73.851909162198
"9582",138.484365558476
"9583",120.883092009239
"9584",96.2120331060048
"9585",85.0902455070699
"9586",67.5011818390433
"9587",76.2622166168643
"9588",73.3130630549824
"9589",77.5066244707768
"9590",79.4333533886827
"9591",141.809179574592
"9592",132.120998033395
"9593",117.30556242259
"9594",112.023082067543
"9595",70.065081145481
"9596",135.291399771308
"9597",104.895567565278
"9598",93.9876862374732
"9599",114.778741061258
"9600",56.9648458731275
"9601",74.7914278156226
"9602",95.843064843078
"9603",87.6441633383333
"9604",91.6418533640519
"9605",68.7071454487714
"9606",80.4792539549238
"9607",81.8875343756316
"9608",107.303833979716
"9609",60.1462882407096
"9610",76.0534166560127
"9611",111.164760243892
"9612",130.423500803775
"9613",83.9535291391139
"9614",127.76708377331
"9615",151.805315670765
"9616",70.0698504931167
"9617",74.1600275049493
"9618",83.7964770243053
"9619",107.985835225106
"9620",89.9257269595739
"9621",88.0637238495363
"9622",73.4300748041634
"9623",81.1264368937215
"9624",104.801267866366
"9625",112.143576812158
"9626",73.4683753783279
"9627",114.062857312595
"9628",204.379747275887
"9629",78.4488415968151
"9630",98.2277621172692
"9631",81.5769228103123
"9632",91.0423044253061
"9633",95.3328452171832
"9634",154.950996018861
"9635",87.1889690276494
"9636",117.126463098693
"9637",105.091833221351
"9638",92.8807580688126
"9639",67.896615565083
"9640",124.26477753902
"9641",69.9367695369883
"9642",83.7333004357618
"9643",95.0637458803274
"9644",95.7980062594006
"9645",90.0795431814888
"9646",147.796065872056
"9647",106.549723245297
"9648",69.9556154051103
"9649",163.29620511183
"9650",81.1821574230612
"9651",119.347488732336
"9652",65.3529354351472
"9653",68.4606575152308
"9654",82.8669156157273
"9655",117.563731003262
"9656",95.5198756484034
"9657",110.269213399395
"9658",106.68135248755
"9659",114.51186730616
"9660",75.6506156514461
"9661",157.779451966851
"9662",111.224481519581
"9663",91.7600698651383
"9664",118.32224786104
"9665",81.4745589033767
"9666",96.5916746747243
"9667",63.8506126021828
"9668",85.2361425257183
"9669",63.0955083551358
"9670",91.9450703196593
"9671",119.919619339298
"9672",114.893179134638
"9673",99.3216302961382
"9674",93.9329237182838
"9675",70.5094914511019
"9676",88.1442960684513
"9677",82.3395620740454
"9678",131.99443177723
"9679",99.4792185074478
"9680",103.774638011854
"9681",78.5806951250579
"9682",97.5131189455423
"9683",96.5029109523622
"9684",116.584833331248
"9685",109.194836057156
"9686",76.5139665032756
"9687",124.294205974236
"9688",93.1353017514892
"9689",156.669913726565
"9690",99.960341515072
"9691",76.6235722061655
"9692",133.768084591038
"9693",101.059062833035
"9694",94.8064952682455
"9695",85.5169950023074
"9696",79.4938119387794
"9697",95.1622047681856
"9698",77.3600022764018
"9699",106.578700871557
"9700",90.7504166100858
"9701",91.3880262297842
"9702",69.0169022215256
"9703",160.366480563283
"9704",116.244333452957
"9705",97.3220745230799
"9706",113.994106813053
"9707",143.187623445083
"9708",87.0414717228414
"9709",62.556980135963
"9710",80.9654219823716
"9711",82.5974775958439
"9712",63.2860797240791
"9713",140.602513220068
"9714",111.888499466198
"9715",77.2223302699252
"9716",174.947187500206
"9717",118.427092473406
"9718",103.644734595584
"9719",77.9206426575224
"9720",99.5982543088064
"9721",98.9852727614219
"9722",87.5235278043342
"9723",79.2811547235866
"9724",182.696372497263
"9725",98.7424950677434
"9726",122.39124748846
"9727",99.020660490911
"9728",121.925715002199
"9729",67.7862620128064
"9730",118.073184062469
"9731",81.8140310674122
"9732",138.338794148084
"9733",107.792089380481
"9734",81.4391444209639
"9735",68.2541951853858
"9736",138.592500796645
"9737",89.9763521308257
"9738",120.220716346219
"9739",73.195480434742
"9740",97.6567243576105
"9741",103.157502881159
"9742",92.4785207478287
"9743",152.546841854085
"9744",107.058445278551
"9745",96.6724009697678
"9746",101.419538502517
"9747",111.927623002464
"9748",155.661218459992
"9749",95.44469849971
"9750",110.861583275451
"9751",261.049386245229
"9752",68.5842764333341
"9753",83.5386027777186
"9754",86.7410586261969
"9755",81.8042644588604
"9756",115.113462883521
"9757",73.1171603710149
"9758",115.930160178388
"9759",98.659612464662
"9760",125.549307055968
"9761",71.5902045280992
"9762",107.15916652653
"9763",133.181971378465
"9764",83.4841889877256
"9765",135.529146949698
"9766",84.9424094410561
"9767",82.2113601812028
"9768",142.436919949707
"9769",68.9000805674691
"9770",90.2440985371402
"9771",84.0344960934462
"9772",132.554552248731
"9773",84.4576197814065
"9774",99.4083061503205
"9775",85.5161384658286
"9776",92.1008424429042
"9777",69.4841572944109
"9778",75.6546381171699
"9779",169.939348064289
"9780",87.9750503125193
"9781",144.338908051986
"9782",93.906683618872
"9783",93.2592255828294
"9784",96.9498758051923
"9785",86.852934235799
"9786",67.4480828335451
"9787",69.503810425304
"9788",90.2650706720598
"9789",89.2197917656958
"9790",97.0861616044746
"9791",89.1555122955224
"9792",90.0106260866406
"9793",111.785231706272
"9794",107.538654972019
"9795",67.5849054728901
"9796",98.9378980967727
"9797",71.4461693438018
"9798",65.5314462750289
"9799",115.228025860634
"9800",96.4633474663983
"9801",62.3852296978856
"9802",95.5818408526851
"9803",77.4602378000317
"9804",90.0076677607608
"9805",110.105363249129
"9806",84.6596225546874
"9807",73.8620394570431
"9808",86.0904706644674
"9809",116.095149105646
"9810",106.318073785777
"9811",71.0971542849995
"9812",78.2947711855472
"9813",75.7305226469131
"9814",88.3950818765102
"9815",80.6073399669885
"9816",95.2290143700217
"9817",85.1170123982575
"9818",78.6133035836752
"9819",78.8336516832187
"9820",76.3694855145057
"9821",137.196309223818
"9822",85.2175221222246
"9823",106.427460163843
"9824",118.646668488498
"9825",80.8406543166331
"9826",74.6121037879433
"9827",62.0041445890598
"9828",67.8312734283876
"9829",134.23924435795
"9830",247.178104351892
"9831",170.677872956599
"9832",91.5046542785971
"9833",90.2174161015711
"9834",166.709249931577
"9835",79.1797236863661
"9836",109.787511110197
"9837",72.1896351948451
"9838",63.5200875579483
"9839",117.535986822996
"9840",122.211294813615
"9841",86.3469078609998
"9842",79.5065237693607
"9843",61.6067784362777
"9844",173.188786410054
"9845",63.8569765141564
"9846",92.6491015259451
"9847",152.834232554061
"9848",108.80492591216
"9849",135.982732693152
"9850",96.9192283257002
"9851",112.175033634464
"9852",104.447313635266
"9853",121.46395392012
"9854",83.5750859452128
"9855",113.984151364338
"9856",75.2378531217228
"9857",170.716143745497
"9858",79.1540821116136
"9859",95.3431997360735
"9860",73.2382562350321
"9861",91.6516686187203
"9862",77.0807831088468
"9863",133.204435458282
"9864",124.622397625341
"9865",92.9741958264262
"9866",83.8528651298041
"9867",94.0874505237595
"9868",110.838324356392
"9869",86.6290906040217
"9870",128.598640410433
"9871",88.6703132569081
"9872",78.2246026127752
"9873",80.9046600794131
"9874",114.848763900176
"9875",73.9529203449953
"9876",147.33012301888
"9877",88.392460664839
"9878",67.6986407850841
"9879",84.7805548859808
"9880",140.441555507763
"9881",109.040776917327
"9882",78.900764864525
"9883",79.0689005019903
"9884",80.8781251258913
"9885",89.6067921074083
"9886",58.0875721826004
"9887",107.750252928951
"9888",96.3761557454887
"9889",77.7032350324798
"9890",120.326474297942
"9891",77.4345935675693
"9892",65.999555150395
"9893",87.9177082784214
"9894",160.017171416304
"9895",206.644137575407
"9896",86.0452177432238
"9897",144.833584995791
"9898",109.54042143044
"9899",68.8666200715792
"9900",69.1093287205575
"9901",127.127176983724
"9902",62.078483625548
"9903",67.987453982454
"9904",65.2085177984992
"9905",145.825688177416
"9906",135.252449878479
"9907",171.037778479651
"9908",75.8692524840562
"9909",83.7345819366358
"9910",67.1368225828867
"9911",79.0975278256243
"9912",60.6573264625507
"9913",83.9876847492122
"9914",93.82264934528
"9915",95.6606772618366
"9916",106.507098734953
"9917",78.9663585256995
"9918",74.6757995784114
"9919",67.9315703197712
"9920",99.6251885618179
"9921",157.410103945728
"9922",91.5384113057051
"9923",112.726385052319
"9924",85.89400124178
"9925",70.3857413587806
"9926",105.994728663022
"9927",119.072661540641
"9928",69.1072526534073
"9929",89.9865401305844
"9930",91.2951733899256
"9931",61.9671571849451
"9932",117.598969105283
"9933",176.158599611521
"9934",73.2346656877298
"9935",62.9814275020689
"9936",76.5472176301721
"9937",85.6786395155085
"9938",70.4310235313958
"9939",114.884286421718
"9940",81.7577842750672
"9941",84.2995898700675
"9942",90.9182535878077
"9943",69.3120390881055
"9944",164.954492147882
"9945",73.0338188534506
"9946",89.4559654290409
"9947",158.739217346144
"9948",165.096296265215
"9949",152.2599005268
"9950",153.205595406854
"9951",119.31863210912
"9952",72.9848893672765
"9953",75.9404273031878
"9954",73.3714504048797
"9955",91.364457015554
"9956",91.884958829633
"9957",169.222913290457
"9958",103.809932355142
"9959",74.2457051411551
"9960",94.378197626821
"9961",87.1942164145652
"9962",66.1909708567231
"9963",120.457329382079
"9964",97.1360232768269
"9965",73.1817251755089
"9966",96.265391585309
"9967",74.660680288626
"9968",84.4193093776421
"9969",91.1607190271841
"9970",81.9965410570815
"9971",84.2595226993857
"9972",73.7262450278206
"9973",151.407615186556
"9974",57.7696946369429
"9975",82.1521702250165
"9976",71.6100836795077
"9977",87.852464673384
"9978",156.435830316936
"9979",78.9106960214259
"9980",93.8696167799287
"9981",147.161119165316
"9982",80.3193965645097
"9983",106.887279168175
"9984",163.721975929135
"9985",131.80199597971
"9986",68.0243657483905
"9987",97.4447397327583
"9988",120.318975983415
"9989",97.3312117756391
"9990",95.1322934064762
"9991",91.1375760390003
"9992",131.885848005147
"9993",72.4728552282966
"9994",101.253751166863
"9995",133.356083473939
"9996",86.3473697741258
"9997",74.7570288686468
"9998",170.645504812508
"9999",128.804694289555
"10000",82.0681793832301
