"","x"
"1",104.425268828938
"2",88.590890008013
"3",65.8860819840231
"4",76.1895914619147
"5",85.1085839825774
"6",149.774545976778
"7",114.075746938857
"8",109.107757235499
"9",109.668486961067
"10",81.543043547536
"11",79.1501701316065
"12",96.5322673646098
"13",137.004545876953
"14",110.135889553454
"15",204.782790393643
"16",64.2548678719907
"17",85.8953826436423
"18",93.1653677187507
"19",101.692174701897
"20",156.8568178875
"21",90.2873473273802
"22",84.009270794399
"23",76.8615388011788
"24",111.091283471604
"25",68.4537171110213
"26",72.8370077554375
"27",89.6836738632836
"28",66.6781238440452
"29",82.281304897487
"30",159.667485544143
"31",83.5109447326366
"32",134.19567466287
"33",131.560568368055
"34",65.4308336259618
"35",95.0764756134886
"36",90.2899154194435
"37",87.4442377089162
"38",137.038378426129
"39",83.9048474416697
"40",92.4931828924432
"41",62.6409131742321
"42",78.0695609542359
"43",75.5679949368693
"44",103.337325517661
"45",148.221265701888
"46",64.0932491529197
"47",67.6453924751235
"48",97.0636732599115
"49",75.4886062330211
"50",60.29982458651
"51",70.5198216276486
"52",70.2898814409022
"53",74.0817322446515
"54",75.1043384333078
"55",87.0222090416535
"56",63.7679514110783
"57",76.6187802088751
"58",102.964352258463
"59",109.241517437719
"60",73.0996904567773
"61",76.8722757962116
"62",86.3692222982119
"63",140.713285534658
"64",123.776347682032
"65",126.430939964678
"66",88.1047262706014
"67",96.857072704975
"68",68.9134333310805
"69",81.7330918825663
"70",88.463107178651
"71",69.4850735294414
"72",139.286981154551
"73",92.9987405111105
"74",117.366313875684
"75",69.1360817941553
"76",84.4121084909602
"77",103.912690173103
"78",72.9860043763506
"79",85.8854762898927
"80",66.0747975113776
"81",78.900932090486
"82",73.2823661457364
"83",85.0936477073701
"84",88.4848249200441
"85",171.576863621251
"86",83.3518149112423
"87",87.081324927112
"88",108.936556538731
"89",94.0555637419918
"90",132.14036084052
"91",103.02133571915
"92",111.194562646778
"93",97.8031185389399
"94",82.2763808969203
"95",180.472476692284
"96",103.262622932099
"97",74.1372537550868
"98",119.592835146646
"99",147.598839254636
"100",144.077443507309
"101",70.9619915744784
"102",94.163047369584
"103",78.2145359983526
"104",96.3687002307076
"105",74.9329440565777
"106",101.056218578501
"107",66.7264924669361
"108",76.0024430998653
"109",116.718368279168
"110",72.5393583808383
"111",67.9754745289756
"112",111.697914370443
"113",90.593317888525
"114",87.8472576550998
"115",73.2415365022246
"116",104.394352258463
"117",104.167622302226
"118",82.1795829637674
"119",103.617177797554
"120",175.877917867818
"121",96.4190118419594
"122",84.4635098361323
"123",98.5914178868265
"124",81.0796917312796
"125",106.298108225114
"126",95.1130983285849
"127",103.311992926848
"128",111.314191411438
"129",62.9694388113925
"130",71.8779611801083
"131",128.262470105566
"132",118.042668165283
"133",89.9631828924432
"134",73.5062287744182
"135",85.2864921764825
"136",100.925759626239
"137",194.408481977789
"138",97.1284739577896
"139",75.5587082958275
"140",88.3836324524599
"141",85.8655891610471
"142",72.4033700999941
"143",136.784926556981
"144",100.652067066899
"145",103.756771765816
"146",93.7266900516797
"147",62.0092305337542
"148",73.2948767491988
"149",56.9902295178642
"150",96.4335759970896
"151",84.0691872603702
"152",105.071881559653
"153",64.1485624977989
"154",79.1927228294993
"155",95.7019771620504
"156",123.91919210263
"157",101.889407036843
"158",138.667914392855
"159",111.327024800147
"160",96.7163224631043
"161",78.4284112223194
"162",110.025071936733
"163",86.2134750430721
"164",78.8761004450738
"165",68.0931616333226
"166",127.74927880597
"167",92.2095573490651
"168",132.499701535689
"169",83.9577297340796
"170",71.2689600980093
"171",92.8518846473231
"172",80.9743090471889
"173",104.50303365774
"174",78.3631409075207
"175",155.620023438951
"176",79.2078560729789
"177",109.626931572726
"178",102.171565958346
"179",124.099805321083
"180",110.082838317455
"181",65.0484638062435
"182",70.1682078095183
"183",67.38541155707
"184",103.075622305402
"185",129.297890825537
"186",87.6673021028321
"187",64.6416084145245
"188",110.699776204141
"189",72.5476765574829
"190",125.181903837178
"191",125.636137771505
"192",77.1971564799819
"193",161.834135314779
"194",89.793671192353
"195",71.8449447361092
"196",133.439352527534
"197",82.0294096277587
"198",86.4656464041446
"199",69.2581795720169
"200",118.115658105833
"201",99.9433487913515
"202",75.3706238776753
"203",108.964831371918
"204",112.69403834474
"205",90.1879506220588
"206",81.4314881785482
"207",101.257684045369
"208",68.7418638627929
"209",120.125100426151
"210",105.335985182686
"211",101.872371998236
"212",120.359546642523
"213",77.93282193291
"214",93.1747486264151
"215",74.4586818521895
"216",67.1782739873029
"217",97.4077493799804
"218",118.069435328604
"219",70.4219247812212
"220",67.0253702628008
"221",96.1050849061904
"222",65.0847727525062
"223",97.7874327561074
"224",120.498094561923
"225",72.5515411268324
"226",65.7122451657954
"227",125.43921408511
"228",80.4150691400739
"229",84.2048028257533
"230",72.7714434957091
"231",74.5398884400331
"232",103.72502694218
"233",113.229320268108
"234",75.4441497294203
"235",83.5858780517487
"236",64.0524416849235
"237",131.542365104257
"238",68.8468502776622
"239",85.9687777340085
"240",129.37393259162
"241",101.173340280042
"242",131.237651563528
"243",77.9554024666666
"244",91.1296613595114
"245",66.4134670248597
"246",93.5964092519103
"247",97.1891431068812
"248",109.71638844564
"249",103.015081010385
"250",87.699867476262
"251",101.009625978621
"252",92.5761395087475
"253",73.5409039511943
"254",164.854960643788
"255",97.1950863691737
"256",106.321576990245
"257",75.6897230363101
"258",78.3366856285791
"259",93.1180642948544
"260",73.6332603011314
"261",80.520847453173
"262",109.423059487101
"263",153.240655258721
"264",114.055450869923
"265",108.648511990658
"266",88.3405630857291
"267",105.366546206319
"268",102.693666488698
"269",122.773714516208
"270",109.457344126803
"271",98.3736597191855
"272",125.059302121087
"273",62.0380901957274
"274",83.6062362922821
"275",81.629237973051
"276",96.2581198879212
"277",124.573714516208
"278",79.2589400394954
"279",120.841578345689
"280",107.012997296054
"281",92.3680827663824
"282",62.0329665373905
"283",83.5944092663434
"284",74.2060756633217
"285",109.782987886518
"286",96.8023376748304
"287",183.781975375734
"288",93.9738809070672
"289",90.0900257062375
"290",71.7798807511242
"291",75.852626794914
"292",87.2486395288037
"293",162.271456622885
"294",117.863035591163
"295",184.277442869179
"296",82.8115478969989
"297",68.4006200987894
"298",127.611641166672
"299",92.4107050912945
"300",75.9408449057304
"301",148.248948273242
"302",121.201580085286
"303",78.414734064261
"304",139.234784782031
"305",106.815594270349
"306",120.572383151155
"307",118.420378794605
"308",74.4747190034811
"309",109.555166973642
"310",76.0983155079054
"311",87.0852799147216
"312",62.3212327842006
"313",134.774085073205
"314",108.349149489332
"315",91.4476893468931
"316",97.9846085528799
"317",70.9437528396974
"318",75.9398224646908
"319",166.546019731244
"320",68.0135180729188
"321",74.3112536966167
"322",90.5450863691737
"323",76.6827953621161
"324",91.6690922305784
"325",169.148971565146
"326",81.3944603995692
"327",105.648195654262
"328",87.1499545698992
"329",82.9243221993088
"330",111.239136465943
"331",89.9765407373667
"332",80.256321603772
"333",68.1925758618622
"334",93.8769922420219
"335",88.1529581543718
"336",101.575586144827
"337",77.3696185111887
"338",96.4577885951011
"339",85.230401822768
"340",116.660670708347
"341",95.7085595106924
"342",88.3321791120204
"343",69.5861211282007
"344",81.2778089866152
"345",112.915992844721
"346",90.7431222948353
"347",115.510268303605
"348",82.4508233858156
"349",131.354830387336
"350",172.676247638186
"351",82.8862205838089
"352",112.168232651898
"353",69.932086309024
"354",111.584435068576
"355",87.4843448686942
"356",125.91294454161
"357",137.474944250781
"358",112.585929052283
"359",185.262631541035
"360",98.9770014523967
"361",74.4773438480934
"362",110.179120412198
"363",116.908511990658
"364",79.4923822286509
"365",97.8697774305799
"366",105.166800274093
"367",70.330121916196
"368",134.549969946917
"369",72.5472968814557
"370",69.1391673857744
"371",84.8610828451253
"372",71.6596966243325
"373",107.170187957213
"374",99.8797494476686
"375",67.9219717486243
"376",95.9139880654099
"377",135.049352527534
"378",149.485332160417
"379",91.6226934262811
"380",154.891569583267
"381",70.1871854158753
"382",86.4347262706014
"383",79.4813164398266
"384",77.3148947886014
"385",68.508669684539
"386",59.0658680700714
"387",85.4375496955846
"388",96.5787628918418
"389",115.866789767398
"390",72.8131939562178
"391",90.2551401216334
"392",107.765622305402
"393",72.947164240736
"394",89.5560913147287
"395",99.0458040676847
"396",90.5779527655444
"397",64.7742172059415
"398",106.054352258463
"399",81.0047489695743
"400",79.7661311209239
"401",88.3200449277232
"402",106.239660646913
"403",129.824738541287
"404",91.9345293508735
"405",64.2379079292497
"406",73.8518791266357
"407",105.249586023013
"408",71.7150021378761
"409",82.9268115635147
"410",92.5148427408106
"411",118.189784694897
"412",162.660235472083
"413",88.8933889232267
"414",80.9993723635002
"415",62.1179514110783
"416",76.1059139179537
"417",75.2956417857879
"418",89.8062360211675
"419",96.6909852225053
"420",123.616058908344
"421",73.9384990077446
"422",71.8691673857744
"423",105.555825550202
"424",89.6073852033267
"425",88.0979335939617
"426",90.3601910871108
"427",77.4763930566585
"428",79.9563102699201
"429",86.950534621007
"430",73.971377864519
"431",65.6119247812212
"432",114.964229103827
"433",77.1409867823252
"434",147.36393702504
"435",81.5150464320618
"436",102.598470859786
"437",106.296099948595
"438",111.248405322532
"439",97.9430303936696
"440",159.497109548896
"441",75.5154692962194
"442",115.631971558836
"443",77.2410462847999
"444",136.558749601529
"445",88.0358470394953
"446",65.8988406350975
"447",76.3870787336376
"448",101.476747042239
"449",63.1393462138025
"450",112.598215800222
"451",82.0935135497334
"452",78.3279686834514
"453",124.375784845624
"454",89.3416026694651
"455",83.0254992642742
"456",83.4150464320618
"457",85.7072100513903
"458",76.9062265949895
"459",98.9359050392424
"460",154.435175062704
"461",85.8759999164605
"462",73.5004185707547
"463",97.2650861112623
"464",83.9785152009927
"465",75.4854992642742
"466",155.68558313064
"467",96.5534292509905
"468",100.085122816167
"469",74.8891591404415
"470",80.5481256198202
"471",87.0256650031211
"472",81.6709853256893
"473",78.0993591640488
"474",138.697852568557
"475",72.8765306053133
"476",138.34185447452
"477",75.0979517385571
"478",149.612044504729
"479",77.6847778545834
"480",104.807764798487
"481",98.6566579367323
"482",75.0837161187366
"483",101.126717122206
"484",92.2123540634657
"485",74.0869874131527
"486",63.4658925533362
"487",118.079784694898
"488",104.501215969291
"489",108.482232578917
"490",111.544822996303
"491",111.355366454488
"492",102.39941737698
"493",90.3718424370934
"494",87.1608900127975
"495",90.4582300098911
"496",79.6389400394954
"497",90.3356344220211
"498",110.922988532784
"499",77.4436520217092
"500",88.0058763745621
"501",76.173721695815
"502",69.5924416849235
"503",75.0325039702845
"504",65.1796030955259
"505",74.9147744812337
"506",75.0018844984876
"507",94.003123422403
"508",66.0535565416017
"509",73.4239133457159
"510",71.6440966981964
"511",61.9790316204569
"512",113.613803957683
"513",124.147366860912
"514",86.4329571144217
"515",78.5183165101836
"516",66.4251037348924
"517",60.7192451600024
"518",190.299315907945
"519",87.3784151174913
"520",82.9107567819643
"521",121.467380594078
"522",81.1175449570853
"523",79.0905995773453
"524",112.010688876583
"525",89.2737656047375
"526",85.7547196297931
"527",118.903405083353
"528",97.9738469207485
"529",75.3151346773717
"530",83.404609139151
"531",70.5579216070754
"532",73.6596490577433
"533",161.14122897429
"534",93.1228671912927
"535",77.0163330192996
"536",85.9878273677757
"537",112.271132900112
"538",115.951635621125
"539",107.00709577534
"540",84.4550391426453
"541",160.106488471619
"542",100.814088453098
"543",126.540291318259
"544",88.0222694321895
"545",106.583392299171
"546",95.4613502683403
"547",128.937120517268
"548",69.1071300020111
"549",81.5693723635002
"550",104.003604262986
"551",99.3379866110464
"552",75.5805716297969
"553",70.7696622083222
"554",83.2920777270709
"555",95.3718110053658
"556",83.6908015973412
"557",79.9893723635002
"558",110.306164284803
"559",79.4264599181404
"560",91.8685353781755
"561",67.2095803786692
"562",92.5680845173774
"563",82.2900902513861
"564",73.9712368980902
"565",87.2582974175235
"566",94.7267783793536
"567",149.357647687535
"568",137.709714826797
"569",96.8610248705544
"570",83.9382375823701
"571",81.7506301201237
"572",100.580577670323
"573",88.7743807825132
"574",111.025254512384
"575",70.6832891978586
"576",92.3522885831447
"577",70.8295280525746
"578",110.706148847154
"579",81.6248028257533
"580",117.312649039756
"581",69.9924416849235
"582",180.11444366996
"583",103.957313354048
"584",84.9937801395834
"585",109.67738927088
"586",104.156993023596
"587",64.1435532474089
"588",142.721434990144
"589",88.6659837352124
"590",76.2184936700691
"591",65.739219479417
"592",108.598120852676
"593",65.7065020109291
"594",74.7583360725087
"595",105.01618355003
"596",86.1529632839738
"597",102.389802342259
"598",143.946015944883
"599",93.1170841677683
"600",93.2676119006138
"601",92.7887002307076
"602",147.187081459667
"603",108.649906852234
"604",96.972608350594
"605",67.8456900380344
"606",110.647914370443
"607",73.2689426160486
"608",97.6651145813778
"609",81.9379177796591
"610",103.72027731866
"611",108.286044821216
"612",101.955387572676
"613",77.2336857337588
"614",129.862247087992
"615",92.7029123435992
"616",60.1438830329303
"617",76.3838518994048
"618",74.8415795580831
"619",73.8368314913269
"620",72.6982864633957
"621",100.106149968245
"622",83.3225142553806
"623",169.163263288918
"624",105.005431373894
"625",71.9362250089781
"626",81.990932090486
"627",134.960863942175
"628",89.1621827641064
"629",83.6007491091638
"630",86.840521290688
"631",88.2342426366005
"632",85.3178372021058
"633",68.5465630011487
"634",88.2879192571851
"635",156.035401352028
"636",170.094300965685
"637",88.6704039244835
"638",80.0821178727581
"639",95.2831138025026
"640",94.2997579487726
"641",75.8024905875888
"642",70.3279079292497
"643",96.4830303936696
"644",80.7893723635002
"645",62.5857868580314
"646",90.9701511102968
"647",85.3221701068678
"648",75.2906030744308
"649",79.7740205075545
"650",77.4876825491351
"651",63.3063687893378
"652",88.8911485912012
"653",74.1237065155926
"654",172.88921974124
"655",124.012314938622
"656",99.0839276508567
"657",73.2359613253872
"658",72.4608336259618
"659",97.9413126453743
"660",76.0363250291042
"661",80.8466211652549
"662",110.870929090325
"663",108.965393679222
"664",100.94418850798
"665",61.2761501638732
"666",100.87114438486
"667",149.523571483767
"668",119.881965669442
"669",76.4578270329466
"670",70.9419559347641
"671",75.9011409299494
"672",73.5885722766572
"673",91.0700351562723
"674",78.5233835756425
"675",90.2310151462554
"676",90.2922089001872
"677",107.505179800211
"678",136.307552875171
"679",87.417253314464
"680",121.477550515443
"681",73.6282990680253
"682",128.246021152464
"683",101.21153574179
"684",101.678638433566
"685",90.0622281968594
"686",115.914818304972
"687",118.89497883661
"688",106.030042642488
"689",79.395506103005
"690",66.3420368615134
"691",83.8642893325668
"692",67.4213555971731
"693",77.710790527654
"694",74.5064554706101
"695",117.608326213976
"696",139.081562932945
"697",84.400304802591
"698",96.0562665251269
"699",93.0235709828215
"700",86.9147995527942
"701",85.1952139938643
"702",68.784091509953
"703",71.5125951205911
"704",113.32416283738
"705",79.358589413472
"706",90.896613552602
"707",79.5060449067691
"708",75.8461762938483
"709",85.2862599689049
"710",74.0371468219145
"711",96.2084268289803
"712",86.8279322646802
"713",154.955449610386
"714",97.8347072765178
"715",92.7184942646009
"716",113.85273129737
"717",128.295957898659
"718",63.2214325154174
"719",85.6093518733019
"720",67.8744505115685
"721",87.5769216794709
"722",96.0245009863973
"723",68.2835510062384
"724",93.9068280666846
"725",141.903479016753
"726",85.1219186108419
"727",136.309178476922
"728",87.800872051747
"729",102.397319715051
"730",89.5923361166215
"731",68.7447042460358
"732",124.839143262995
"733",98.2184076317874
"734",84.4974345397937
"735",58.8234359420926
"736",77.984889249154
"737",67.4551334399703
"738",97.2964138708481
"739",126.842557925084
"740",89.0053301766371
"741",97.8279926824035
"742",76.6564867354068
"743",79.8638567061275
"744",134.398710811249
"745",90.3948903359304
"746",73.1000691093344
"747",133.971298880512
"748",75.8585849278974
"749",137.081378487449
"750",63.7978049901675
"751",76.0474639024353
"752",65.5462573561127
"753",135.109938108934
"754",108.2444657438
"755",125.952468154494
"756",120.06294454161
"757",82.5145383508162
"758",127.648493100723
"759",74.5426835415031
"760",94.7205853269173
"761",120.090784029616
"762",100.440150664335
"763",81.2699612488772
"764",107.735476303879
"765",122.420160956509
"766",114.477619005178
"767",72.0490777846391
"768",94.6247923727795
"769",98.1480314074286
"770",60.0799912993928
"771",60.0947042460358
"772",109.692038314142
"773",115.471180189737
"774",124.597353628747
"775",95.6971950285512
"776",72.1741114061828
"777",76.4451017440832
"778",109.641380289666
"779",82.4094764127764
"780",83.6151624886683
"781",105.717041136316
"782",84.1743812201161
"783",110.575785696008
"784",141.346002688442
"785",172.036247638186
"786",76.1938053427911
"787",108.784743440735
"788",84.28380811576
"789",95.7911842834584
"790",61.6274778172123
"791",82.2417549516821
"792",100.022181284181
"793",91.5912692507182
"794",99.8765320266703
"795",69.5428146979994
"796",90.9065925019131
"797",79.2511155688369
"798",81.2639058420656
"799",66.8320918460479
"800",104.08229157552
"801",76.225142708334
"802",193.332910240214
"803",75.3944279554587
"804",68.9143976826477
"805",110.169366423941
"806",61.3289535681665
"807",85.986662965591
"808",107.852587017121
"809",77.9681736510468
"810",246.137697880363
"811",106.6493946276
"812",72.0465626343253
"813",76.8410956313082
"814",81.4285962649018
"815",142.997102215377
"816",90.2848663167854
"817",98.8901151511103
"818",97.7226901731028
"819",101.665956949858
"820",89.070401822768
"821",96.5385595106924
"822",64.3726953051064
"823",86.9239461810011
"824",110.372691114189
"825",79.3504726379884
"826",95.9649358125868
"827",88.4498020621443
"828",135.81589155011
"829",69.0603533440971
"830",80.1082780471555
"831",97.00466655474
"832",88.9253793760736
"833",118.344278062205
"834",67.4478643419145
"835",92.8421593385786
"836",79.7944646934201
"837",129.415357735209
"838",86.6622926979769
"839",66.4148851806503
"840",94.3510085205433
"841",78.6167028961675
"842",85.8690272739536
"843",105.281896898947
"844",78.6701404756934
"845",135.160746129505
"846",91.6019265454967
"847",77.8156691848013
"848",102.917076490467
"849",159.145401352028
"850",75.5583155079054
"851",111.90444284088
"852",100.675319763548
"853",114.249998754792
"854",73.7206030744308
"855",87.9429746373181
"856",70.897613244315
"857",67.3708336259618
"858",127.575688416727
"859",161.400235472083
"860",107.372587017121
"861",77.1245439049611
"862",64.7767865833106
"863",87.7152980140659
"864",107.171421949785
"865",196.835039130509
"866",106.131881559653
"867",140.258430626991
"868",104.458479471392
"869",66.6047278268228
"870",97.36347251254
"871",85.8117943884975
"872",95.9729759685433
"873",91.3768280666846
"874",94.591877781724
"875",68.6334052256026
"876",127.293056694458
"877",91.0741580198785
"878",72.3173846309508
"879",81.5667889568954
"880",82.8133598529056
"881",69.3711232917419
"882",77.6634251860703
"883",80.1930104369161
"884",67.2516684328746
"885",89.2884711349559
"886",87.8499738196419
"887",72.6429687883224
"888",108.654276006876
"889",71.5645975105136
"890",129.319250018334
"891",97.8377835071748
"892",96.2612497891832
"893",96.2701506643347
"894",79.1485602643797
"895",103.815265943893
"896",116.979152429429
"897",101.196807701091
"898",99.7800824647721
"899",95.7993378627029
"900",74.3263210034282
"901",91.9751209084689
"902",78.5298815636985
"903",100.785752429782
"904",79.0574078214925
"905",80.657559483942
"906",112.94468849321
"907",81.5001065546612
"908",102.761576990245
"909",94.7550000422448
"910",96.361432897422
"911",99.4081646960599
"912",96.4322800159489
"913",70.4686441950531
"914",137.112395074244
"915",118.323382784807
"916",121.558768226769
"917",115.961883262334
"918",68.2236038140476
"919",88.0858195435301
"920",63.3088175686563
"921",90.1920458548678
"922",73.0863091691661
"923",80.8704125409955
"924",124.607380594078
"925",93.9144452378247
"926",63.5246576161124
"927",101.330649700019
"928",89.9573273829269
"929",108.365343706549
"930",82.3407384722343
"931",104.987177797554
"932",104.35801303957
"933",129.958974086363
"934",81.2580064024492
"935",68.1837171110213
"936",100.118884348165
"937",86.9941787886841
"938",76.752926552001
"939",62.4512327842006
"940",127.100453715446
"941",98.9234274735151
"942",79.953043547536
"943",85.3149015020564
"944",84.3127713451149
"945",105.71656834826
"946",62.0289535681665
"947",76.7758015680621
"948",70.3031616333226
"949",107.997913848511
"950",70.8687829928443
"951",132.528430626991
"952",81.9605073808006
"953",82.6231953681128
"954",86.1094139535888
"955",70.7324016874412
"956",64.8947910828822
"957",97.6122915755203
"958",79.8407726540186
"959",70.4234306634334
"960",105.09847978638
"961",86.624248759821
"962",74.2935690984296
"963",87.6151099577618
"964",81.3807843720598
"965",150.494356424659
"966",74.8798224646908
"967",73.2881890312824
"968",127.72921408511
"969",61.8250444778105
"970",95.2681734628839
"971",114.265090141966
"972",142.916877566493
"973",111.795206484019
"974",91.6542538639287
"975",86.3082646297618
"976",82.1680342002787
"977",110.241054220286
"978",69.8598243649535
"979",97.9212065046411
"980",82.9590015431106
"981",94.3251209084689
"982",89.8821619741538
"983",94.802835309607
"984",80.9415478969989
"985",100.885544453359
"986",123.724108081585
"987",59.7614138435925
"988",90.3040758236139
"989",150.908782422912
"990",122.893663759336
"991",66.1894269093001
"992",101.464325825231
"993",95.7355418710223
"994",61.7052082127651
"995",75.0709867823252
"996",138.461027654609
"997",82.546928461604
"998",72.3084990897923
"999",98.5072462761811
"1000",116.365896885583
"1001",146.817154476061
"1002",104.334093515378
"1003",92.4185701580805
"1004",137.528242703177
"1005",114.543281737304
"1006",86.5395770844767
"1007",81.5422835691977
"1008",75.5687910191941
"1009",80.4764599181404
"1010",83.4541391134786
"1011",83.7421872800126
"1012",92.109633181444
"1013",150.320703861132
"1014",80.6017125915608
"1015",184.505483366036
"1016",93.5922278618532
"1017",75.3053383721074
"1018",139.330865323902
"1019",125.194582902062
"1020",85.977549241251
"1021",67.4812536966167
"1022",109.47429643394
"1023",77.8150691400739
"1024",76.7722718681668
"1025",90.0978325820154
"1026",80.7994325817172
"1027",84.0477538218265
"1028",103.263965906459
"1029",83.8663311644422
"1030",71.0621853808897
"1031",184.785483366036
"1032",99.6508593258098
"1033",96.3866900516797
"1034",88.0729746373181
"1035",89.937840697608
"1036",79.3425112820868
"1037",92.278860394781
"1038",62.2900147089946
"1039",79.8340343704467
"1040",87.59558863151
"1041",76.3609581729252
"1042",67.7611722388951
"1043",99.4568503017815
"1044",142.207162378708
"1045",79.6858710552428
"1046",76.6414815063556
"1047",65.3261979495236
"1048",134.938965529739
"1049",78.4748150358042
"1050",118.597627009763
"1051",100.966908286032
"1052",127.452219516042
"1053",104.855524852632
"1054",64.8070742246033
"1055",132.85193844662
"1056",154.840424593348
"1057",141.427021141674
"1058",67.300039577582
"1059",76.4680430089714
"1060",89.3450436870158
"1061",84.8382339395298
"1062",96.1309023898117
"1063",105.215577004561
"1064",115.042213573386
"1065",136.482064167651
"1066",91.7854762898927
"1067",94.9169852965374
"1068",91.9508380345013
"1069",107.77709577534
"1070",82.2375570621443
"1071",97.694524491572
"1072",122.830168050396
"1073",91.2620413517591
"1074",88.4835060817776
"1075",97.5117334273761
"1076",137.624553348084
"1077",71.414644481233
"1078",164.051635896792
"1079",140.091882458954
"1080",97.433608207439
"1081",79.175467662039
"1082",96.0970301336877
"1083",133.789871213002
"1084",103.590171102577
"1085",68.4628479797117
"1086",78.8563808969203
"1087",88.8982972049443
"1088",87.8724509955374
"1089",129.692621272422
"1090",161.406841887862
"1091",88.4416273152822
"1092",108.645233382562
"1093",90.5443085746205
"1094",68.7305876309523
"1095",93.071660584621
"1096",106.518651493127
"1097",133.617036698578
"1098",94.793047369584
"1099",87.9099738196419
"1100",264.264297848611
"1101",81.1246594238742
"1102",83.2122097262733
"1103",75.9398138049617
"1104",82.5078480187243
"1105",87.8022354941999
"1106",90.0955640828754
"1107",135.239008314826
"1108",93.5764092519103
"1109",108.79704478393
"1110",97.3865936125103
"1111",126.01912832102
"1112",92.4190953392985
"1113",109.087989042397
"1114",61.5290406108925
"1115",146.2377140867
"1116",115.490354904093
"1117",119.873920398496
"1118",99.180581816865
"1119",113.201115641871
"1120",96.9856506945931
"1121",117.759663852165
"1122",84.4113868846321
"1123",90.4947287425708
"1124",79.4290735260512
"1125",117.472349744078
"1126",64.0993003621743
"1127",92.4665175592012
"1128",114.172520973873
"1129",72.7040153345427
"1130",102.360164255282
"1131",153.522012692091
"1132",112.026671346377
"1133",66.4332163214416
"1134",105.309905700186
"1135",89.419718403729
"1136",114.326812832276
"1137",143.072377086284
"1138",90.0193350341315
"1139",69.7467406171657
"1140",88.1688057562977
"1141",78.897862525069
"1142",80.812577503812
"1143",73.257424035025
"1144",76.2580115906928
"1145",88.1994699821473
"1146",71.2935707674929
"1147",69.6109449436661
"1148",66.7499099711022
"1149",155.692485238647
"1150",80.8977432025869
"1151",132.253082418499
"1152",115.907461317215
"1153",93.4625662578333
"1154",68.279443656267
"1155",63.4080745692349
"1156",85.7365789975512
"1157",76.5198814409022
"1158",78.4266945838327
"1159",78.0734973203277
"1160",65.4896888529237
"1161",80.2085464806423
"1162",109.047597565383
"1163",69.1059180605858
"1164",96.2998477356288
"1165",69.3522772117455
"1166",106.636074202677
"1167",86.0270215370936
"1168",93.0118266875603
"1169",72.3228234663248
"1170",97.1999270643583
"1171",98.0566504716694
"1172",72.585272286553
"1173",119.378368279168
"1174",119.826241113277
"1175",97.2221637663431
"1176",75.5445006572103
"1177",125.804331885647
"1178",133.967590653176
"1179",87.5191570016441
"1180",83.2013715443784
"1181",156.136822841502
"1182",158.768627338637
"1183",188.482701342051
"1184",73.4384936700691
"1185",92.3539722469466
"1186",102.058638433566
"1187",88.1447232140077
"1188",74.2164470450573
"1189",150.46715129225
"1190",99.1479412572369
"1191",239.624272503688
"1192",77.2698378776955
"1193",75.9563989017941
"1194",85.2080254552835
"1195",81.3864812293307
"1196",145.509333186433
"1197",156.317366837423
"1198",74.7992387399034
"1199",74.8773005348614
"1200",69.1250669419888
"1201",66.9471399262182
"1202",74.6219926007282
"1203",83.5516026694651
"1204",76.5798352636064
"1205",97.2231465048593
"1206",95.198465649272
"1207",97.3953699576533
"1208",99.6536678129929
"1209",92.4721033119477
"1210",76.8163091691661
"1211",93.5200854992217
"1212",163.891635896792
"1213",77.2466287167779
"1214",201.719442886265
"1215",78.8246450000251
"1216",224.302053419134
"1217",223.529857097256
"1218",141.941558024816
"1219",72.9547996614397
"1220",109.131262180476
"1221",164.519862802591
"1222",146.198839254636
"1223",123.264214736126
"1224",147.671503615107
"1225",129.60183049991
"1226",84.1771708068649
"1227",96.1286578388436
"1228",89.6111883137569
"1229",149.823925761776
"1230",67.3088440792269
"1231",82.9074548091817
"1232",111.777348520582
"1233",85.6157697542902
"1234",95.3411474404172
"1235",169.94015724109
"1236",70.8081238440452
"1237",119.07593400034
"1238",96.2145009863973
"1239",127.780893603469
"1240",142.887036698578
"1241",66.3678093653759
"1242",76.5649606487167
"1243",116.914395183391
"1244",148.962377086284
"1245",101.025889553454
"1246",71.858275459944
"1247",90.4851463363353
"1248",100.846036065491
"1249",81.1385385378347
"1250",122.269996639631
"1251",130.742368964382
"1252",88.918040550598
"1253",92.1396270946972
"1254",158.758010862908
"1255",125.722006535562
"1256",121.964400372459
"1257",92.5101511102968
"1258",134.002384305795
"1259",117.673487231832
"1260",70.2564326133638
"1261",75.0602620116416
"1262",82.3006027960117
"1263",104.14234171852
"1264",73.6760030874883
"1265",88.3091349595104
"1266",76.1169220445014
"1267",78.8964154194518
"1268",72.6345145074661
"1269",107.632714772547
"1270",82.2528058574335
"1271",76.6134180826832
"1272",125.848058911431
"1273",102.544421812547
"1274",198.679137973559
"1275",71.5606426890627
"1276",81.8998040732469
"1277",92.8281930732849
"1278",129.009078724817
"1279",148.762253408396
"1280",93.194103687909
"1281",69.2421165481673
"1282",74.4936679218305
"1283",68.2810334949307
"1284",114.862408177545
"1285",84.2920122059955
"1286",100.967782932872
"1287",72.8887910191941
"1288",99.7721784378528
"1289",126.979302121087
"1290",164.613269318803
"1291",83.3941342228015
"1292",163.515778887515
"1293",105.487717252089
"1294",115.729297893365
"1295",103.937565795059
"1296",107.635574350624
"1297",138.339564177897
"1298",78.5643317322726
"1299",81.1877645053129
"1300",76.814511159023
"1301",83.071845367169
"1302",78.3899367231874
"1303",167.643702863455
"1304",87.0637030850083
"1305",59.7879226110931
"1306",65.7953282813824
"1307",60.6784171640866
"1308",74.6926147173592
"1309",93.2840558010452
"1310",105.471138637425
"1311",148.059985273194
"1312",131.434819029246
"1313",147.768182852772
"1314",120.359705064115
"1315",100.836042218808
"1316",90.8834885848017
"1317",70.7169340170391
"1318",127.166254830483
"1319",165.609427243254
"1320",121.908928475682
"1321",101.059948698649
"1322",91.7658984152354
"1323",111.305746938857
"1324",67.6049332599274
"1325",60.5128956399823
"1326",134.166604526033
"1327",76.496799287478
"1328",130.524926260968
"1329",77.9625144365321
"1330",160.359335608668
"1331",177.321592168451
"1332",81.0079445633355
"1333",97.537502759529
"1334",93.5665320266703
"1335",70.7855947634545
"1336",150.642370766027
"1337",82.2841262020725
"1338",123.022261903019
"1339",141.19672400556
"1340",109.715601046759
"1341",83.8766656486469
"1342",93.3917247682361
"1343",122.033585819744
"1344",83.1963234593633
"1345",105.871276039953
"1346",58.8187625274838
"1347",84.0622926979769
"1348",144.041396130943
"1349",127.270927363136
"1350",101.547720605215
"1351",154.756813097027
"1352",71.1517145118935
"1353",144.441034158791
"1354",77.7327228294993
"1355",133.678629189839
"1356",88.6029746373181
"1357",111.823805902628
"1358",131.988439135228
"1359",83.7053771500691
"1360",108.121421949785
"1361",97.1263801408025
"1362",72.644828588913
"1363",81.752309818379
"1364",78.6903456092286
"1365",157.495675908662
"1366",93.2621257963349
"1367",117.988978499382
"1368",76.3445439049611
"1369",75.5526972544313
"1370",73.8674421035142
"1371",126.861972616421
"1372",149.119567111731
"1373",146.52393702504
"1374",131.458984546013
"1375",70.9491663156815
"1376",167.897031935349
"1377",116.758773677231
"1378",66.6565626343253
"1379",90.7333889232267
"1380",83.6252539679649
"1381",146.224756693477
"1382",81.315947593043
"1383",111.867205060425
"1384",150.211584253026
"1385",75.6952573261412
"1386",86.8613910613487
"1387",101.662670622787
"1388",146.126352620788
"1389",87.3458390887541
"1390",154.696534849597
"1391",186.843456142915
"1392",67.557380362039
"1393",102.435723891064
"1394",67.9380871876544
"1395",110.195615874905
"1396",104.13600935526
"1397",80.1095062285653
"1398",65.8116684328746
"1399",118.228950150631
"1400",77.9246797644492
"1401",92.5933503216252
"1402",72.4253448387406
"1403",67.340121916196
"1404",87.6815485420748
"1405",65.1514325154174
"1406",95.0307050912945
"1407",110.723964951442
"1408",101.508506200289
"1409",123.416137771505
"1410",103.499521980377
"1411",81.955130671216
"1412",93.2812285209767
"1413",63.807541516093
"1414",99.020300508573
"1415",83.2526826649529
"1416",68.5759151776951
"1417",78.365130671216
"1418",64.3993034768925
"1419",71.2059783985848
"1420",85.8357734398813
"1421",73.1321492555036
"1422",87.2787790478698
"1423",78.7742156619542
"1424",112.506401747549
"1425",140.305128731014
"1426",102.048462685217
"1427",104.884325825231
"1428",78.7393799694824
"1429",89.0282938682891
"1430",81.133994005784
"1431",107.793328515299
"1432",70.0823482265977
"1433",80.367072463211
"1434",99.513393489814
"1435",99.4238934871951
"1436",79.5697433194716
"1437",132.581578720826
"1438",109.324069474326
"1439",100.025537756043
"1440",132.490880355775
"1441",78.2180147721423
"1442",110.332812850428
"1443",99.6119795935476
"1444",125.974298261665
"1445",148.37614751263
"1446",100.372371998236
"1447",125.681100749783
"1448",126.984078966918
"1449",66.8165626343253
"1450",142.244142959778
"1451",142.65578363394
"1452",82.1712139499613
"1453",100.520278864717
"1454",96.3510387212638
"1455",67.1231939562178
"1456",88.8581439958018
"1457",69.8355612750551
"1458",115.009414719346
"1459",137.382351303545
"1460",131.16705604746
"1461",67.7622206369985
"1462",89.9266510181651
"1463",92.0264092519103
"1464",71.4334333310805
"1465",76.5272460308017
"1466",67.2120020696532
"1467",80.8268793190784
"1468",92.1985152927187
"1469",77.1809867823252
"1470",97.7640296633389
"1471",76.1467453354139
"1472",67.1109131742321
"1473",69.7324456194014
"1474",86.971857542146
"1475",129.169969946917
"1476",73.2531425908203
"1477",66.5089728970396
"1478",67.5065510238516
"1479",88.7214752050569
"1480",100.497101154292
"1481",96.2390767787355
"1482",100.848188560877
"1483",66.5477028391526
"1484",74.3126940411222
"1485",96.9408470974837
"1486",92.54361227541
"1487",103.688462131216
"1488",116.759888273242
"1489",101.238214950358
"1490",114.139442147316
"1491",70.7744157341494
"1492",74.7327509124465
"1493",75.3855464848161
"1494",90.8064999077988
"1495",109.792367657479
"1496",101.878108225114
"1497",91.4358794892629
"1498",167.529613662567
"1499",159.661521590399
"1500",81.7679177796591
"1501",259.47187352788
"1502",106.592718361674
"1503",166.789242553333
"1504",126.575688416727
"1505",76.0145331856508
"1506",82.7764867354068
"1507",93.8623217064311
"1508",74.7604038282578
"1509",93.3823509332134
"1510",99.310598290217
"1511",73.323721695815
"1512",79.7559957010417
"1513",105.185622305402
"1514",61.3438608366528
"1515",105.093680171185
"1516",67.269294976543
"1517",221.526392875781
"1518",91.3953139458153
"1519",101.969005321554
"1520",155.05170412449
"1521",90.4459785337429
"1522",136.338763094021
"1523",79.1191591404415
"1524",69.7952546436749
"1525",111.535985182686
"1526",63.8895661908851
"1527",61.3565510238516
"1528",87.4258794892629
"1529",80.5675091629284
"1530",129.800152426406
"1531",100.274098167818
"1532",62.90817630673
"1533",91.7211264227884
"1534",75.9876303997139
"1535",172.722821768781
"1536",167.021071617477
"1537",113.845534189505
"1538",71.3130691131624
"1539",92.154522879138
"1540",129.38705604746
"1541",84.5507860108644
"1542",85.3900318847177
"1543",102.680166589703
"1544",65.327541516093
"1545",133.778692760828
"1546",86.0790547531372
"1547",75.3708979056346
"1548",121.578655300951
"1549",71.6919926007282
"1550",88.0171781865891
"1551",191.829949213513
"1552",71.1874097037907
"1553",71.4451220034126
"1554",96.2246251643121
"1555",145.288367853907
"1556",105.671247413917
"1557",107.565340378417
"1558",105.519294617502
"1559",97.926976142605
"1560",80.1128391691684
"1561",87.6450789088946
"1562",140.065938515068
"1563",82.216054255043
"1564",93.919484614491
"1565",75.500407103331
"1566",88.6063770442861
"1567",102.645393679222
"1568",88.5337389760115
"1569",85.4759177536174
"1570",85.4885355038488
"1571",79.1698483701406
"1572",78.4242156619542
"1573",95.3707421314856
"1574",73.1677434367975
"1575",103.380252147953
"1576",96.1605700160581
"1577",109.281411045478
"1578",91.376703977776
"1579",78.7516970740876
"1580",63.699957441134
"1581",83.4028391691684
"1582",76.2401355385321
"1583",85.7422095442397
"1584",73.7233211140325
"1585",84.8841255201693
"1586",70.1017162715334
"1587",103.362227199696
"1588",69.9093013685098
"1589",145.910819224583
"1590",72.4943276943379
"1591",168.669242553333
"1592",89.4985967984171
"1593",126.773797187978
"1594",133.377873661931
"1595",130.207318317392
"1596",103.95592194715
"1597",83.303792237442
"1598",93.9195703369189
"1599",76.111978990923
"1600",139.490887677696
"1601",90.3254762898927
"1602",89.6510920813376
"1603",68.1299426447054
"1604",79.4261616223607
"1605",65.0593251803465
"1606",118.637665169281
"1607",100.505433274
"1608",135.307080351212
"1609",109.341909975163
"1610",71.6249332599274
"1611",143.0363267867
"1612",81.3930690612891
"1613",108.082950931262
"1614",72.6356608510495
"1615",83.5985357081252
"1616",74.0653441257476
"1617",75.1901390921337
"1618",88.7578649750433
"1619",123.382923136846
"1620",149.514961574945
"1621",138.812761519278
"1622",106.91987015086
"1623",61.7038067844187
"1624",96.77347251254
"1625",104.538407631787
"1626",95.5485595106924
"1627",101.910487462733
"1628",62.9304221815916
"1629",113.864699706154
"1630",170.745961897285
"1631",92.0148577386887
"1632",89.2615722957039
"1633",148.094770825082
"1634",81.3249330382456
"1635",82.820790527654
"1636",67.29726232633
"1637",138.337262305517
"1638",85.323872778034
"1639",86.4325944530001
"1640",118.757265664448
"1641",136.859718797867
"1642",92.7014880515393
"1643",85.6974799707779
"1644",95.102834456868
"1645",100.624462708628
"1646",79.4880342002787
"1647",96.3890756116776
"1648",75.7080003777931
"1649",117.640186433844
"1650",135.390086716777
"1651",105.437493962294
"1652",72.6451846687705
"1653",82.9560620080991
"1654",136.641795423753
"1655",79.3946879886887
"1656",127.022771529217
"1657",88.6828403180353
"1658",75.5151017440832
"1659",75.8938006108275
"1660",87.0771708068649
"1661",79.0200267263904
"1662",87.0204059111457
"1663",82.4149015020564
"1664",96.4137943701647
"1665",125.332771529217
"1666",70.5586528968992
"1667",84.3104963551153
"1668",73.848067819047
"1669",62.2448618257544
"1670",69.285044409243
"1671",75.9080170321665
"1672",106.84627624321
"1673",152.383571483767
"1674",56.0999447049726
"1675",114.311411045478
"1676",100.297725943091
"1677",84.6656416815238
"1678",76.089983518174
"1679",77.1828247194741
"1680",128.999657952805
"1681",94.7533656298652
"1682",85.6534712423296
"1683",71.5871489044546
"1684",122.171163847457
"1685",133.269352527534
"1686",130.066755858234
"1687",88.8302907899598
"1688",113.710876084774
"1689",97.6660360654909
"1690",91.3355640828754
"1691",114.84871223853
"1692",125.719081477261
"1693",99.4156777485344
"1694",99.3525809790246
"1695",85.1602772670619
"1696",68.0588437406241
"1697",128.861346359937
"1698",80.1492954221472
"1699",108.407568695964
"1700",199.275417129288
"1701",94.096434535036
"1702",74.0403716951377
"1703",152.163419148097
"1704",100.435106020011
"1705",163.151388286961
"1706",74.4179831154622
"1707",65.2057919884133
"1708",75.3427743044557
"1709",122.063617031172
"1710",64.4175894001395
"1711",95.0733978832058
"1712",65.150149155715
"1713",114.278163853108
"1714",83.808279734021
"1715",74.316523196846
"1716",96.9008909441841
"1717",75.3279421680692
"1718",146.573088149144
"1719",84.5884092989949
"1720",76.3238659441971
"1721",99.6360549639734
"1722",72.0628234663248
"1723",86.1764264033524
"1724",74.074388401829
"1725",97.7828671912927
"1726",83.3753306438848
"1727",100.887478866819
"1728",106.643501127277
"1729",92.4893393495217
"1730",83.5118562994438
"1731",76.7381004648194
"1732",79.4151017440832
"1733",94.1075506149106
"1734",78.9090379927568
"1735",81.5122511574944
"1736",86.6318149112423
"1737",108.861414091601
"1738",96.9171667843662
"1739",82.4238358689355
"1740",85.8306963970352
"1741",118.202215045269
"1742",73.5326317889683
"1743",155.144313198906
"1744",101.627346157119
"1745",116.025929052283
"1746",81.083133265671
"1747",66.4659112614059
"1748",148.325938515068
"1749",87.8473749707078
"1750",136.242468548857
"1751",149.355647145687
"1752",74.6895061023602
"1753",86.4266976254818
"1754",82.8721827641064
"1755",83.4104043818937
"1756",88.7680129287042
"1757",77.2427377000937
"1758",78.2628583625826
"1759",87.6278325820154
"1760",155.115666916236
"1761",73.4124800402778
"1762",100.394095955987
"1763",90.5028355836235
"1764",98.5856287750726
"1765",80.3897147986611
"1766",83.5793406719776
"1767",117.454095142826
"1768",138.895727281327
"1769",142.518352415245
"1770",73.5786909315656
"1771",119.291391030473
"1772",89.174531462573
"1773",78.290847453173
"1774",83.9549815706778
"1775",97.5325295304579
"1776",115.862492011282
"1777",82.8797147986611
"1778",76.0977640031205
"1779",105.323938195815
"1780",100.926481705504
"1781",72.3950486655182
"1782",85.4360420220147
"1783",99.6925332333615
"1784",89.2605049550241
"1785",64.3582269058573
"1786",70.8220918460479
"1787",70.8547824035791
"1788",67.8722008842409
"1789",80.7372858507382
"1790",87.28658234177
"1791",63.8201914795769
"1792",94.0250180445048
"1793",84.3607372846054
"1794",101.395711905251
"1795",89.7922797533953
"1796",107.644782024425
"1797",95.0962493391737
"1798",98.4431713509322
"1799",75.1952573261412
"1800",237.212148189432
"1801",96.3184713593924
"1802",88.1226650233587
"1803",123.872006535562
"1804",82.0849261929585
"1805",86.2267556199165
"1806",95.7080461431943
"1807",147.602792893709
"1808",111.638016342238
"1809",89.552807482862
"1810",100.030354318721
"1811",129.891471146595
"1812",178.652210581619
"1813",72.5978867470708
"1814",84.0914623842916
"1815",86.9170012793696
"1816",71.4121678875313
"1817",73.4801610047184
"1818",80.2384118820167
"1819",86.274721641363
"1820",70.2172473694149
"1821",113.466447921017
"1822",77.6464433831031
"1823",115.506844035266
"1824",90.6135371796271
"1825",77.4172053058499
"1826",107.189136576937
"1827",110.820023328855
"1828",100.658572315326
"1829",98.8275506149106
"1830",87.0541609367758
"1831",231.480890587687
"1832",67.9965868987779
"1833",105.903357715376
"1834",73.9015304177409
"1835",96.6735470836754
"1836",112.021165806033
"1837",76.9132066265588
"1838",90.2840758236139
"1839",77.2728155212031
"1840",75.0054548993525
"1841",162.675285272277
"1842",103.965070179213
"1843",156.359553844666
"1844",93.950521290688
"1845",87.0242725983155
"1846",95.7690118419594
"1847",107.913938195815
"1848",106.721507071431
"1849",105.326335518218
"1850",91.0213798420495
"1851",76.8323012353795
"1852",122.480354904093
"1853",66.1082464611318
"1854",103.095484786885
"1855",125.066137771505
"1856",81.69380811576
"1857",104.11801303957
"1858",93.6198306139454
"1859",101.886199172465
"1860",89.5846252526081
"1861",77.8928479797117
"1862",72.6113546341204
"1863",92.5111073727283
"1864",101.237943725057
"1865",127.026000035923
"1866",95.8711025901863
"1867",105.115410013264
"1868",74.4465710221565
"1869",81.9870615992208
"1870",82.300846961251
"1871",86.3612167202226
"1872",88.816188796639
"1873",112.55385284233
"1874",100.868970132036
"1875",77.4332095663936
"1876",94.8500854992217
"1877",78.0122757962116
"1878",174.573478868711
"1879",85.8958390887541
"1880",71.2994230367113
"1881",120.670001875677
"1882",108.286683620499
"1883",100.770013648585
"1884",114.544472490656
"1885",137.771153098707
"1886",137.574769188391
"1887",96.6555623915277
"1888",89.5439243148764
"1889",101.830115075108
"1890",145.660272139457
"1891",126.549818940589
"1892",86.3044317271554
"1893",98.8640118833719
"1894",75.3945688157706
"1895",79.0151507706474
"1896",93.496633612782
"1897",144.847842651092
"1898",60.7448618257544
"1899",93.6540312965101
"1900",70.5576103903488
"1901",64.8499036801855
"1902",147.46622483287
"1903",123.658363560751
"1904",107.394807078934
"1905",59.4801604117119
"1906",88.8684196368336
"1907",82.483719646662
"1908",92.4973223421189
"1909",110.23704478393
"1910",63.9360550984533
"1911",82.4749330382456
"1912",83.8613899376471
"1913",78.3985139464982
"1914",70.641272239754
"1915",86.7135060817776
"1916",66.8099099711022
"1917",71.1674879909823
"1918",204.492790393643
"1919",67.6311022169689
"1920",99.1671533470988
"1921",96.913317888525
"1922",144.253937987988
"1923",75.2685689458474
"1924",98.9084739577896
"1925",69.4520946456551
"1926",69.824173320379
"1927",78.6624430998653
"1928",74.1475757015273
"1929",114.201335608555
"1930",125.162715698416
"1931",86.4234750430721
"1932",76.2534112831465
"1933",81.6666856285791
"1934",105.132289931342
"1935",82.3435135497334
"1936",70.9268267328289
"1937",85.274805401502
"1938",122.947734879291
"1939",62.2091001211553
"1940",70.9804988541634
"1941",126.326844909044
"1942",113.985615874905
"1943",111.054766144496
"1944",87.5955960886734
"1945",121.596691271445
"1946",144.07553931413
"1947",163.607445492921
"1948",94.0137656047375
"1949",153.699755820323
"1950",114.355767722691
"1951",99.557725943091
"1952",116.192020649642
"1953",77.5605665451809
"1954",69.9971854158753
"1955",115.446866510084
"1956",79.9387463247647
"1957",62.4178049901675
"1958",66.928768077348
"1959",82.6196917312796
"1960",72.3541060445012
"1961",75.7868053436699
"1962",77.4614423906881
"1963",78.0588456703311
"1964",125.349207088126
"1965",112.305524852631
"1966",60.7051291414675
"1967",115.270424982173
"1968",72.1062563413763
"1969",85.4777806686989
"1970",75.0666765544706
"1971",104.76666414193
"1972",103.874176923524
"1973",65.8127863616892
"1974",92.7506031358028
"1975",62.9024446756438
"1976",72.3560020117964
"1977",69.1212805575533
"1978",80.9611329437973
"1979",85.3170615992208
"1980",154.716222072066
"1981",95.4586578388436
"1982",98.7921403304523
"1983",133.676827184577
"1984",170.238343276515
"1985",118.425235472257
"1986",121.310613106556
"1987",70.544244277917
"1988",125.938174924914
"1989",144.148367853907
"1990",80.9211111204669
"1991",96.6017210845047
"1992",92.5969241989482
"1993",76.4130303832655
"1994",115.713379185791
"1995",98.3837415370282
"1996",87.3659304147949
"1997",94.3886430639433
"1998",83.89695549162
"1999",175.437527907136
"2000",87.3993406719776
"2001",110.348120852676
"2002",74.6409145284054
"2003",82.9158801546193
"2004",98.6463812836183
"2005",89.3657985277154
"2006",182.556507220423
"2007",122.888496397049
"2008",67.1257868580314
"2009",93.5826133498573
"2010",138.131558024816
"2011",74.2473005348614
"2012",83.497703009706
"2013",68.0459413511601
"2014",139.998305615217
"2015",86.6232042922191
"2016",89.312816605853
"2017",109.339644159852
"2018",89.164531462573
"2019",89.7557733961506
"2020",75.3929511476325
"2021",92.924248759821
"2022",91.9268280666846
"2023",60.3255723039783
"2024",91.1758362438903
"2025",90.5463982756418
"2026",85.4504227086622
"2027",81.4103710613943
"2028",118.43892323935
"2029",137.236267049983
"2030",75.1183228988968
"2031",102.001902390978
"2032",81.0522418929821
"2033",98.407371373995
"2034",165.899155694885
"2035",78.1292840075931
"2036",75.2074539469267
"2037",135.453418483471
"2038",81.2351032396507
"2039",80.4318899351352
"2040",126.239081477261
"2041",80.7839030840824
"2042",81.6413715443784
"2043",76.995899071028
"2044",123.237380594078
"2045",76.2582813135937
"2046",104.337212853302
"2047",81.8677027584616
"2048",119.299436145748
"2049",83.3362205838089
"2050",85.4277580134204
"2051",96.0936178476329
"2052",94.2490547531372
"2053",121.50947611765
"2054",85.1545383880509
"2055",86.147216241309
"2056",115.147935327188
"2057",122.285996774038
"2058",144.56937750269
"2059",73.0278797875282
"2060",168.649805695075
"2061",80.568589413472
"2062",146.719868920837
"2063",107.143936099012
"2064",136.608850705169
"2065",81.7366419973592
"2066",62.8554135431017
"2067",102.539690254939
"2068",131.752461020073
"2069",97.0013807687759
"2070",148.522792893709
"2071",97.9650266074047
"2072",89.6155625222682
"2073",109.213936099012
"2074",84.7439258220194
"2075",90.606716121192
"2076",122.216671346377
"2077",86.3566211652549
"2078",76.346488616927
"2079",144.964445364572
"2080",186.291071781818
"2081",75.3414110956637
"2082",84.9312985835187
"2083",125.184916911643
"2084",74.9740379841929
"2085",74.8084590704606
"2086",101.851902390978
"2087",91.5623584540183
"2088",168.227683555351
"2089",71.1925406491946
"2090",80.343133265671
"2091",114.495960129814
"2092",82.9206155707676
"2093",76.2436654715421
"2094",106.528103727052
"2095",114.489506634101
"2096",73.4209577582416
"2097",113.318057968093
"2098",79.6160799840865
"2099",85.8581892480546
"2100",72.7168554431295
"2101",71.6208951417543
"2102",96.7969045727431
"2103",61.6435532474089
"2104",71.6893134497147
"2105",82.5143491929617
"2106",69.7260722223339
"2107",152.868540532253
"2108",79.0257675028426
"2109",120.402229661787
"2110",166.601071617477
"2111",80.2541079863209
"2112",93.5796006172014
"2113",107.294963978216
"2114",85.5152979606763
"2115",113.062408177545
"2116",78.4607317347522
"2117",113.388935493243
"2118",82.7498671789367
"2119",154.405299306946
"2120",70.3690213392014
"2121",80.9051272467507
"2122",93.0864252401011
"2123",120.565738209381
"2124",107.744780793977
"2125",229.343336844691
"2126",122.854400372459
"2127",80.3285962649018
"2128",139.097102215377
"2129",136.399813713168
"2130",104.886056287912
"2131",114.479321672521
"2132",105.974957744887
"2133",149.324197525871
"2134",91.7487706583759
"2135",127.17492568556
"2136",138.768305615217
"2137",116.474395183391
"2138",83.9482780471555
"2139",97.8391952641874
"2140",90.3083404813848
"2141",72.786466863775
"2142",86.4492584224396
"2143",90.7175783555835
"2144",152.008010862908
"2145",83.7609223722333
"2146",180.176693317453
"2147",87.6971250973678
"2148",134.685715384302
"2149",82.9007491091638
"2150",124.801812365003
"2151",165.484502189667
"2152",77.6699730939717
"2153",67.5359112614059
"2154",103.595943701348
"2155",81.3446613003815
"2156",72.0263471143349
"2157",105.962893866254
"2158",80.3556319035643
"2159",87.9264098126938
"2160",83.4860792186707
"2161",81.6324042558964
"2162",115.143920398496
"2163",78.3598527637465
"2164",79.443724497984
"2165",135.012066373427
"2166",91.6832055580026
"2167",91.1740119603939
"2168",102.40058118103
"2169",66.3677303287218
"2170",84.2710307832224
"2171",79.7595062285653
"2172",94.1969343550274
"2173",134.198940603223
"2174",74.4244120971042
"2175",125.953482159323
"2176",62.6004178509271
"2177",91.1628146706637
"2178",88.4137801395834
"2179",120.549365336693
"2180",95.4840558010452
"2181",110.42008143142
"2182",83.2875484007776
"2183",123.482557925084
"2184",117.303635572777
"2185",80.4692840075931
"2186",159.011868333452
"2187",86.0253086174529
"2188",61.445917703475
"2189",102.601028659469
"2190",100.435571627584
"2191",84.7883465855466
"2192",110.256313875684
"2193",135.139250018334
"2194",63.7736044360383
"2195",78.1549929972604
"2196",139.097883559564
"2197",103.07421458834
"2198",65.8302860111265
"2199",132.953352852647
"2200",142.695275881458
"2201",107.388651493127
"2202",92.4432508105691
"2203",92.6022797533953
"2204",105.027023575875
"2205",81.9741663669065
"2206",78.9871605946447
"2207",66.1560171751739
"2208",137.697348853716
"2209",77.0959418588327
"2210",112.930111083437
"2211",157.355170540166
"2212",83.6590918815057
"2213",85.2769116345913
"2214",83.8321005856264
"2215",103.974889663154
"2216",88.3783992625987
"2217",82.03915284901
"2218",149.844615411284
"2219",78.2989520642113
"2220",82.6793847312029
"2221",108.910125856883
"2222",135.108736475986
"2223",97.8657596262388
"2224",95.8547072765178
"2225",78.1006064250157
"2226",78.3040323304976
"2227",100.411530625024
"2228",66.0324456194014
"2229",109.775225216945
"2230",70.8859338432562
"2231",123.450481959023
"2232",84.8540109164393
"2233",117.514610629978
"2234",92.7816805661728
"2235",125.070927363136
"2236",115.768453463726
"2237",93.9562508847266
"2238",90.3329123435992
"2239",87.7087700221163
"2240",86.8333351346869
"2241",98.3759426542212
"2242",140.196350615869
"2243",116.989154691993
"2244",77.4014623842916
"2245",103.350702961388
"2246",105.473755859152
"2247",65.3654263581996
"2248",114.206094182262
"2249",77.3817125915608
"2250",115.735471104083
"2251",79.6742825006563
"2252",99.9991654453584
"2253",119.112245781178
"2254",109.45221775355
"2255",82.0136785260411
"2256",68.9021604337724
"2257",96.6213281881898
"2258",166.658872887732
"2259",79.7355489398322
"2260",83.734139338295
"2261",78.8118622667744
"2262",80.5272915924078
"2263",92.0670646700629
"2264",115.796253577286
"2265",73.8772161614376
"2266",86.9088674622893
"2267",125.189877070523
"2268",145.058642451774
"2269",114.670216155178
"2270",74.3837161187366
"2271",70.0152161946756
"2272",83.3315319166855
"2273",72.3314969809728
"2274",88.3566441779856
"2275",84.0596939007949
"2276",126.237297650187
"2277",153.030611259869
"2278",71.8629433726425
"2279",75.374575713089
"2280",83.7313351408214
"2281",113.16200013705
"2282",111.251712997434
"2283",78.4988397619538
"2284",216.521546374188
"2285",68.3680230958493
"2286",78.2774452397065
"2287",127.671100749783
"2288",76.4487115034264
"2289",70.0743790438513
"2290",132.59353652769
"2291",87.9279192571851
"2292",82.402946468459
"2293",66.7726448692459
"2294",103.710772910421
"2295",77.8189991981386
"2296",97.9556153004082
"2297",76.6185813012703
"2298",129.085928293435
"2299",91.4010307832224
"2300",84.8582474215256
"2301",107.093721092703
"2302",115.38219062635
"2303",125.190903741837
"2304",65.7625406491946
"2305",74.9027377000937
"2306",95.7174750307557
"2307",75.7745439049611
"2308",99.5491431068812
"2309",67.3304221815916
"2310",72.652928234539
"2311",83.6570215370936
"2312",61.1312327842006
"2313",77.8827752377741
"2314",86.7527678735719
"2315",80.5429458882638
"2316",142.683830990202
"2317",66.8456049276324
"2318",92.4913614067937
"2319",93.9422783174916
"2320",99.4711860663531
"2321",100.291076966436
"2322",85.3009159727462
"2323",97.3389215212908
"2324",111.236116562013
"2325",73.7702025550401
"2326",119.250583988586
"2327",59.8722801035496
"2328",152.101743199666
"2329",74.2158837293775
"2330",114.799082354317
"2331",61.0074587701074
"2332",76.5795180043051
"2333",89.4740918328707
"2334",129.990152426406
"2335",87.4810259328019
"2336",133.571224977924
"2337",61.0815227062442
"2338",145.176555283773
"2339",67.9433192730265
"2340",133.136254830483
"2341",196.545402328168
"2342",89.6053760599572
"2343",74.2628989386212
"2344",98.2456012223688
"2345",178.613478868711
"2346",103.892068257157
"2347",93.5226415998351
"2348",116.250876084774
"2349",90.4225788610162
"2350",86.3815640501313
"2351",66.9459340343615
"2352",68.3194677088802
"2353",142.129942971793
"2354",96.8618011684118
"2355",71.0097854894577
"2356",75.8464481345828
"2357",88.2392154154789
"2358",53.0564796857735
"2359",110.814444448664
"2360",82.0553771500691
"2361",69.2311364177081
"2362",170.486014907069
"2363",125.801884055784
"2364",75.7509449436661
"2365",147.848685467481
"2366",122.215994488428
"2367",88.9901910871108
"2368",71.2798923791881
"2369",78.0884408606303
"2370",78.4190438757096
"2371",95.3261120845793
"2372",82.7043491929617
"2373",81.1107948846432
"2374",106.66130628115
"2375",231.610624240846
"2376",91.0817953925003
"2377",155.385388310872
"2378",114.922111561096
"2379",63.2406957815156
"2380",91.2238809070672
"2381",84.8986150478356
"2382",121.568465308605
"2383",106.465836000738
"2384",112.315901464318
"2385",120.35183910988
"2386",58.907163376272
"2387",71.3636041319511
"2388",72.4042009132184
"2389",75.4220063431242
"2390",67.9888440792269
"2391",102.794911818131
"2392",95.4643565235474
"2393",126.993995459053
"2394",111.216581059751
"2395",96.4529759685433
"2396",142.465727281327
"2397",73.1468572835728
"2398",88.8529450959378
"2399",74.7536292442559
"2400",101.167345490147
"2401",70.4967980252096
"2402",83.44810069765
"2403",122.570458133145
"2404",63.3789819961012
"2405",111.123100138585
"2406",86.53006226013
"2407",71.253397714324
"2408",81.7901539553659
"2409",73.5452161946756
"2410",91.0045263397554
"2411",129.715244284004
"2412",95.8204963613771
"2413",71.8996528185764
"2414",71.8194087406314
"2415",114.001635621125
"2416",149.212642818881
"2417",76.0293578843429
"2418",97.0008470974837
"2419",75.2706030744308
"2420",135.581197901315
"2421",103.414740520457
"2422",83.157559483942
"2423",112.792309677886
"2424",109.117565795059
"2425",100.12796626519
"2426",73.7205689257532
"2427",93.5042433356784
"2428",102.379224862625
"2429",97.3528553578524
"2430",78.3730097685967
"2431",70.8634112831465
"2432",98.5200491254102
"2433",100.725027059169
"2434",100.597229397164
"2435",108.776257746809
"2436",109.802214587663
"2437",134.037873661931
"2438",83.2171519338934
"2439",90.6821124135508
"2440",135.349734267599
"2441",106.842097824829
"2442",158.546222072066
"2443",75.4257722328212
"2444",81.8398383826138
"2445",89.2999928030083
"2446",107.935494018155
"2447",73.2661909028745
"2448",73.3971241627681
"2449",81.9450182800158
"2450",77.5760024646143
"2451",107.557207534639
"2452",76.8199463748729
"2453",92.3826194994813
"2454",93.6451946147204
"2455",98.4094675661779
"2456",130.947513264413
"2457",100.603226679193
"2458",95.8590468878504
"2459",139.941583192118
"2460",111.468511990658
"2461",64.6996651545941
"2462",133.401982801225
"2463",103.982580979025
"2464",77.1290034651953
"2465",105.195636555355
"2466",117.783549870034
"2467",63.3308886621871
"2468",102.599622575131
"2469",82.5188753745124
"2470",108.295992844721
"2471",75.5477645053129
"2472",74.4525951205911
"2473",106.638307710468
"2474",90.7742968521726
"2475",103.168454606024
"2476",127.11768427795
"2477",94.2243807825132
"2478",153.473925761776
"2479",81.0031824343173
"2480",87.0842095661219
"2481",70.2902600299692
"2482",111.346683118178
"2483",90.8784598497852
"2484",119.801980527717
"2485",138.447146610744
"2486",89.943876254514
"2487",71.7203053928686
"2488",84.7127507018855
"2489",93.4764181320124
"2490",73.5886441950531
"2491",64.1911503669799
"2492",82.7545768540058
"2493",79.5047575884066
"2494",81.0997094802754
"2495",74.8444928738963
"2496",127.775232012493
"2497",101.931785464847
"2498",88.3423696503613
"2499",70.4861909028745
"2500",160.086982764457
"2501",161.989613662567
"2502",112.047590977663
"2503",134.187843280975
"2504",120.901354602504
"2505",74.139904848646
"2506",84.3677468324249
"2507",112.44008143142
"2508",72.6097386724223
"2509",73.2476006937537
"2510",116.565020038357
"2511",66.4095061367653
"2512",81.2167823198134
"2513",161.725773830772
"2514",73.7277434367975
"2515",62.6752110975851
"2516",94.0021526198967
"2517",136.213423222024
"2518",101.494395197385
"2519",86.03558863151
"2520",95.8013652524811
"2521",88.3103523711619
"2522",73.3916560718991
"2523",165.208739459786
"2524",76.5041114061828
"2525",77.0206493565162
"2526",114.88833784898
"2527",73.0824398694679
"2528",78.9266765544706
"2529",76.7451586975255
"2530",95.3923509332134
"2531",171.744343497832
"2532",92.9498306139454
"2533",105.829368247376
"2534",111.497205060425
"2535",103.067101154292
"2536",73.2493531271715
"2537",64.2082089315159
"2538",127.336155329092
"2539",81.3855534805843
"2540",83.3221342719392
"2541",69.364091509953
"2542",87.6567888517879
"2543",92.7092226884902
"2544",108.178308056175
"2545",101.813230322116
"2546",106.07801586475
"2547",116.225574350624
"2548",81.5057848273554
"2549",71.3826328808078
"2550",92.5771950285512
"2551",81.0566168662907
"2552",88.944531462573
"2553",84.3111465426622
"2554",93.9904724258551
"2555",84.4768815118506
"2556",98.9984113001065
"2557",81.5155411132427
"2558",83.8118365305837
"2559",112.580541305695
"2560",84.1645223305925
"2561",91.4889765305975
"2562",121.749805321083
"2563",61.9476968651436
"2564",75.6051593443162
"2565",89.538113357271
"2566",112.7803515057
"2567",68.3065994304615
"2568",90.3412448149345
"2569",71.9011364177081
"2570",100.670340385284
"2571",73.9995673825968
"2572",165.038739459786
"2573",79.7642332855742
"2574",88.8994966938226
"2575",145.437102215377
"2576",102.90889326034
"2577",69.5051334399703
"2578",80.3268240245843
"2579",239.637509388416
"2580",72.6796189961261
"2581",61.5463857747314
"2582",76.1922360933369
"2583",131.358189142141
"2584",84.1620912694093
"2585",114.678348171074
"2586",92.8484388107747
"2587",63.5601914795769
"2588",151.144299115132
"2589",126.542625636967
"2590",132.47437466056
"2591",96.0813862171606
"2592",57.3258680700714
"2593",68.4854488550358
"2594",84.8019858572102
"2595",79.1071089280359
"2596",82.4961197895748
"2597",82.5613634233635
"2598",70.4909449436661
"2599",89.1161011004454
"2600",97.3321257963349
"2601",176.928023386421
"2602",75.1177377419401
"2603",111.212924034541
"2604",118.311039670736
"2605",84.6267458515785
"2606",69.0351563226354
"2607",114.918256881128
"2608",114.114527654609
"2609",118.954755431048
"2610",130.75223450377
"2611",83.943707154844
"2612",89.7964069782479
"2613",93.1566717186812
"2614",75.9094605900333
"2615",94.1051946147204
"2616",71.0852573261412
"2617",69.6752726193481
"2618",64.8552647547378
"2619",74.161620964162
"2620",84.1621872800126
"2621",66.3389908400778
"2622",85.1398385888705
"2623",79.3009979693024
"2624",67.058266095853
"2625",109.172824385549
"2626",202.28630501996
"2627",79.0985048239648
"2628",87.4529716661587
"2629",123.293065860222
"2630",128.23714803855
"2631",70.2584416560294
"2632",79.2096062749968
"2633",80.8287305792091
"2634",90.2256421613548
"2635",85.2807384722343
"2636",70.8909141206397
"2637",73.209439730597
"2638",79.7474539469267
"2639",139.954940833339
"2640",89.5104703854854
"2641",128.438846928266
"2642",83.6049429958501
"2643",79.473724497984
"2644",82.0466767262132
"2645",79.4883240596485
"2646",119.255100426151
"2647",58.2378049901675
"2648",92.3642115404012
"2649",89.4085385378347
"2650",66.4603545473345
"2651",85.7694096277587
"2652",120.629154691993
"2653",117.463487231832
"2654",112.485106104952
"2655",91.9631106849373
"2656",69.7222756770021
"2657",87.0618173694473
"2658",116.596738805668
"2659",80.3741021335269
"2660",126.342419523526
"2661",100.216167104158
"2662",128.85987853239
"2663",106.032950931262
"2664",77.4151375699347
"2665",127.5547031068
"2666",76.2321109191484
"2667",133.693716699953
"2668",134.974926260968
"2669",99.0212356082272
"2670",106.591921315885
"2671",71.1185934494759
"2672",84.3348028257533
"2673",110.214363731124
"2674",182.528749063117
"2675",116.563975852697
"2676",97.4091702472241
"2677",78.6723657693736
"2678",108.634554313173
"2679",106.998198657722
"2680",89.8005685246749
"2681",80.5886337648765
"2682",112.916282884476
"2683",191.196979976837
"2684",135.684545876953
"2685",100.824078185166
"2686",154.152012692091
"2687",101.648593104684
"2688",84.8720458548678
"2689",75.9011070923566
"2690",80.9950464320618
"2691",101.59969825158
"2692",83.5582511494903
"2693",150.460076461896
"2694",75.7902457528731
"2695",138.390699104127
"2696",74.4075757015273
"2697",157.277207895301
"2698",72.5687910191941
"2699",105.712227199696
"2700",131.068736475986
"2701",89.9358362438903
"2702",123.796116522943
"2703",77.9523012353795
"2704",107.733936099012
"2705",63.3955028725113
"2706",79.1809108042318
"2707",90.3131969756257
"2708",67.9565501989437
"2709",107.195534189505
"2710",81.7335620176682
"2711",76.5034251860703
"2712",104.868980141884
"2713",68.4871300020111
"2714",80.6147748432746
"2715",93.7233889232267
"2716",79.8043108511144
"2717",76.3749606487167
"2718",82.4894651313305
"2719",94.1695256689903
"2720",203.440726502421
"2721",92.8056164571807
"2722",74.321537107253
"2723",80.1243221993088
"2724",134.148312639232
"2725",78.1500553264698
"2726",77.2221398005608
"2727",82.3506043320089
"2728",93.5759219471499
"2729",124.481812365003
"2730",115.37896274491
"2731",74.8936091288255
"2732",140.544940833339
"2733",108.022884819999
"2734",73.4106118494651
"2735",78.4134112831465
"2736",85.6161870997044
"2737",155.348010862908
"2738",70.2477600048229
"2739",94.0833978832058
"2740",75.2973683855402
"2741",91.0167129593988
"2742",78.9488829942923
"2743",216.910215527161
"2744",60.8121076238545
"2745",78.9017740537764
"2746",142.687250410337
"2747",77.5382724121564
"2748",94.4923442650398
"2749",100.268318963231
"2750",112.141025484531
"2751",77.7381267507859
"2752",126.05705604746
"2753",96.1513862171606
"2754",75.22927757395
"2755",82.7651107128009
"2756",106.7893946276
"2757",85.215466680573
"2758",88.0523378581452
"2759",81.9473387786105
"2760",73.4228479797117
"2761",96.5199135051408
"2762",102.524712521116
"2763",132.254085073205
"2764",92.0054139879539
"2765",103.618056164788
"2766",172.695748048785
"2767",90.8098217357563
"2768",128.678493100723
"2769",59.7955028725113
"2770",115.894297205125
"2771",74.5950486655182
"2772",100.593644459001
"2773",79.4599367231874
"2774",79.8641835386204
"2775",74.9608059243786
"2776",102.929696174033
"2777",68.6767440937431
"2778",75.7323914562791
"2779",100.262971357179
"2780",102.397670837077
"2781",163.241084255403
"2782",116.873683642526
"2783",98.2656404903619
"2784",117.351783212321
"2785",115.30625035637
"2786",119.590425223689
"2787",102.548468199021
"2788",138.026604526034
"2789",83.9904125409955
"2790",87.8483992625987
"2791",81.0154820209671
"2792",94.5734152108839
"2793",159.319904929814
"2794",95.8910808222156
"2795",166.256819892283
"2796",72.4448767491988
"2797",111.57008143142
"2798",69.1388684172391
"2799",81.2205995773453
"2800",95.6063436635753
"2801",69.5978102038475
"2802",91.569230299931
"2803",89.3575776987533
"2804",105.763226786663
"2805",78.4427895388833
"2806",77.7762391130937
"2807",64.3316684328746
"2808",161.276918344542
"2809",121.654561984779
"2810",77.3413133580494
"2811",82.8834050464013
"2812",93.3991070255105
"2813",90.1119148534692
"2814",83.0559418588327
"2815",86.9243518883436
"2816",97.1383064744327
"2817",92.1676955367631
"2818",73.152661498732
"2819",84.9928894918326
"2820",99.5013977087602
"2821",144.801434990144
"2822",121.109135868737
"2823",98.2735301734555
"2824",89.5776984229955
"2825",126.052835146646
"2826",71.5014325154174
"2827",168.168633356374
"2828",90.4237037484561
"2829",108.224211632036
"2830",88.6492154154789
"2831",67.6860817941553
"2832",72.2600910848787
"2833",82.1376893770923
"2834",108.09738927088
"2835",123.43201602337
"2836",81.3504227086622
"2837",80.7955417683746
"2838",107.819853077618
"2839",121.341200794288
"2840",90.7477028809721
"2841",82.9663021879111
"2842",80.2064986775404
"2843",85.6684920210816
"2844",151.146792112892
"2845",70.6731425908203
"2846",72.8092562806962
"2847",61.7931988811101
"2848",86.3717520627762
"2849",163.114984284175
"2850",193.065116471042
"2851",78.9985340485999
"2852",92.9860395775668
"2853",104.053336932088
"2854",78.9408217933907
"2855",68.9167412646696
"2856",115.684230179529
"2857",129.62393259162
"2858",105.26114438486
"2859",179.993309241309
"2860",91.3687002307076
"2861",99.2175258150556
"2862",82.5383344141401
"2863",165.967031935349
"2864",84.6878423282966
"2865",89.6359304147949
"2866",83.3061435486688
"2867",70.0894678540667
"2868",104.027458873264
"2869",140.308749601529
"2870",99.6177403316519
"2871",60.6778049901675
"2872",93.3596040879217
"2873",73.2409596048719
"2874",68.9606426066732
"2875",85.6693672414399
"2876",87.5157856432265
"2877",89.5837882338237
"2878",125.222436061587
"2879",78.5458343642534
"2880",85.7476423740671
"2881",92.8107412770535
"2882",115.308273120297
"2883",73.2152788406061
"2884",99.6935397794482
"2885",80.6705152734637
"2886",102.481276039953
"2887",104.376291450877
"2888",136.280458505082
"2889",103.739915781117
"2890",101.027398398041
"2891",75.9301610047184
"2892",121.175471104083
"2893",116.361665918468
"2894",64.1021047972547
"2895",85.516934027165
"2896",89.2173870861611
"2897",115.67776338038
"2898",91.1296570858596
"2899",98.7087198512687
"2900",93.8312569196649
"2901",96.9759050392424
"2902",113.884912737351
"2903",70.7680809464553
"2904",83.7932042922191
"2905",79.2006681812529
"2906",108.899644159852
"2907",87.3566219885652
"2908",97.7311689717216
"2909",110.671489636148
"2910",90.569610130992
"2911",93.9203858916552
"2912",89.9192883593364
"2913",95.6210452259408
"2914",105.871136673821
"2915",73.5960020117964
"2916",72.9052788406061
"2917",78.5533713980107
"2918",68.9806930832326
"2919",181.857302860892
"2920",81.9748150358042
"2921",71.7995280525746
"2922",96.5409846963191
"2923",69.8563167674858
"2924",110.735091432848
"2925",92.0796040879217
"2926",105.190157851116
"2927",109.626447358997
"2928",84.2273579291326
"2929",113.20333576268
"2930",75.071459434148
"2931",104.295166973642
"2932",83.3772890013503
"2933",116.500576614626
"2934",181.107084515175
"2935",97.5982266994269
"2936",72.7151346773717
"2937",234.090890587687
"2938",112.193186161424
"2939",93.3399642941553
"2940",113.854633640382
"2941",115.063059487101
"2942",91.929484614491
"2943",78.816682047604
"2944",76.5106310966225
"2945",99.9514261700125
"2946",70.4277434367975
"2947",96.0814729036569
"2948",77.6907180458453
"2949",73.034220607037
"2950",86.356716121192
"2951",73.4247391562744
"2952",107.327525815056
"2953",134.065928293435
"2954",70.5578797875282
"2955",70.358372090146
"2956",184.744521950399
"2957",160.382515678845
"2958",157.044313198906
"2959",115.609321672521
"2960",92.3145684509068
"2961",90.8950459472179
"2962",106.545407275149
"2963",99.6340588170763
"2964",120.949933547679
"2965",79.9455784342082
"2966",75.7291663156815
"2967",67.8911227753688
"2968",79.8406363908347
"2969",104.607614177319
"2970",118.281832209458
"2971",130.372461020073
"2972",113.905337038191
"2973",89.9098020621443
"2974",143.56185447452
"2975",69.3318734747714
"2976",83.0879322646802
"2977",141.14835114723
"2978",103.993938195815
"2979",73.596343948222
"2980",64.3035565416017
"2981",100.665408981537
"2982",69.6251346773717
"2983",65.6457868580314
"2984",110.991410073257
"2985",151.437069196968
"2986",66.0369802354719
"2987",112.240726082817
"2988",121.26912832102
"2989",101.779428917585
"2990",108.945254512385
"2991",66.1465868987779
"2992",118.891163847457
"2993",93.0425839825407
"2994",97.7153699576533
"2995",81.9631014676676
"2996",76.3933428048812
"2997",80.5295516155171
"2998",85.2177041104576
"2999",67.6177046871005
"3000",82.4827620683423
"3001",75.1091318167224
"3002",69.4095450262817
"3003",89.7960131848962
"3004",79.9451042623649
"3005",115.7262561617
"3006",103.04600935526
"3007",155.950023438951
"3008",117.7743145262
"3009",91.3245705632729
"3010",103.167116540175
"3011",119.012006535562
"3012",74.6840450839026
"3013",71.8501355385321
"3014",71.3508560311514
"3015",119.421391030473
"3016",83.7680064024492
"3017",114.542067389855
"3018",79.8015183248306
"3019",84.0423883584771
"3020",90.1261480823808
"3021",99.6793521632752
"3022",89.066927275511
"3023",152.437622617577
"3024",87.2892012369606
"3025",107.78642802615
"3026",105.790991906797
"3027",96.4920150966909
"3028",83.0348669514615
"3029",124.325483936605
"3030",95.4695665649637
"3031",98.4057725295185
"3032",67.5005094577456
"3033",68.2737705536016
"3034",90.9432328075989
"3035",95.9606112506227
"3036",132.070271978724
"3037",90.4391070255105
"3038",96.5725839825407
"3039",78.9791930843391
"3040",75.9715768213681
"3041",90.4308683392107
"3042",136.390568368055
"3043",98.9209466280106
"3044",89.0407175659327
"3045",75.3425870914845
"3046",91.6973273829269
"3047",107.854924547091
"3048",85.9073683855402
"3049",153.659617448312
"3050",76.7189426160486
"3051",74.8205727244498
"3052",71.3921371606448
"3053",89.7174021433156
"3054",86.5181198879212
"3055",88.1366441779856
"3056",87.7495668840635
"3057",119.022605067638
"3058",83.1794646961458
"3059",134.703423222024
"3060",107.245431373894
"3061",68.2047299446419
"3062",68.4027509124465
"3063",100.323208225466
"3064",96.8757089284408
"3065",94.7701096823541
"3066",87.0235727526107
"3067",83.2909519029461
"3068",92.7479527655444
"3069",80.6078480187243
"3070",73.8206238776753
"3071",100.55398806541
"3072",72.3982652290627
"3073",72.4230062384364
"3074",80.7834533107729
"3075",67.2170742246033
"3076",94.0097940369625
"3077",73.6317322446515
"3078",90.8976206573899
"3079",64.1763386872148
"3080",123.686841079704
"3081",91.8995314772984
"3082",237.794272503688
"3083",70.5236929358572
"3084",107.085206484019
"3085",87.21658234177
"3086",76.0884990897923
"3087",75.5340908206655
"3088",75.1556899243508
"3089",98.4014034522983
"3090",84.0890969294096
"3091",102.861517437719
"3092",86.7188747317788
"3093",141.378593279517
"3094",88.4265023378186
"3095",82.8965969975828
"3096",159.384259121043
"3097",131.995925521314
"3098",81.4284092989949
"3099",62.872086309024
"3100",99.5632082254664
"3101",114.347612235827
"3102",161.186308414894
"3103",119.662816105423
"3104",80.3608017873381
"3105",162.900143286051
"3106",119.176336339632
"3107",78.7741262020725
"3108",91.2663647769093
"3109",122.620260412016
"3110",102.894161413224
"3111",102.326245504103
"3112",157.972401150287
"3113",82.7291091323268
"3114",201.411042510563
"3115",92.8830465926306
"3116",145.366708637977
"3117",164.121718193665
"3118",107.1893946276
"3119",68.3936292442559
"3120",103.947729941171
"3121",142.912797296194
"3122",107.02483958302
"3123",135.604944250781
"3124",91.6559317162001
"3125",124.438281696384
"3126",137.598694710183
"3127",81.113792237442
"3128",163.566671640242
"3129",88.5731969756257
"3130",71.6917321099886
"3131",146.014588666175
"3132",64.3268400362282
"3133",148.894239781214
"3134",101.573116548615
"3135",61.7252353549376
"3136",64.6438067844187
"3137",131.174085073205
"3138",118.412383151155
"3139",109.175071936733
"3140",70.9847744812337
"3141",87.5398049278391
"3142",81.5100170157797
"3143",100.981280326065
"3144",110.125627116616
"3145",78.033167236262
"3146",77.2669874131527
"3147",122.031645672932
"3148",135.680829446269
"3149",65.9578714268963
"3150",99.7684113001065
"3151",116.521668536703
"3152",91.1029123435992
"3153",73.5132506037189
"3154",72.5911022169689
"3155",97.5624299944618
"3156",91.2999677836296
"3157",68.8410254703421
"3158",89.4903766782538
"3159",70.0115274597864
"3160",115.65905139795
"3161",97.0480195498392
"3162",83.7953387643348
"3163",87.3980345730447
"3164",70.9305094577456
"3165",62.9208336259618
"3166",99.5279760795055
"3167",86.8990817350349
"3168",102.617207534639
"3169",95.52361227541
"3170",128.282392375997
"3171",124.791027267797
"3172",108.182422160866
"3173",79.9558207140957
"3174",93.4056477867515
"3175",101.148533902813
"3176",80.3713951716106
"3177",79.8883402638247
"3178",70.3860163191496
"3179",70.8852159157388
"3180",113.323114018364
"3181",110.574831371918
"3182",95.0854930089595
"3183",69.6881747717962
"3184",96.1295360829679
"3185",74.6383678858434
"3186",82.6497147176026
"3187",79.4620272906894
"3188",94.9323540634657
"3189",129.575593306305
"3190",72.6244928738963
"3191",82.6101399225644
"3192",67.4966269827519
"3193",87.3888753745124
"3194",67.0817216921697
"3195",76.1398852022856
"3196",91.9854126205547
"3197",102.695387572676
"3198",69.1098319948386
"3199",134.104831076054
"3200",106.215010716487
"3201",83.0645383508162
"3202",98.723982137631
"3203",85.3762089909223
"3204",74.1741024824495
"3205",185.032476692284
"3206",72.0303545473345
"3207",84.4371176429081
"3208",102.38182837446
"3209",102.928732190309
"3210",61.6906202533965
"3211",64.9977028391526
"3212",122.85287851431
"3213",70.1483345151833
"3214",82.5311111204669
"3215",101.766149968245
"3216",92.4536579380694
"3217",82.2187759313803
"3218",159.658445839828
"3219",106.211838445951
"3220",80.6828495395252
"3221",108.191410073257
"3222",110.6744657438
"3223",67.2104455010575
"3224",95.2789215212908
"3225",94.0856477867515
"3226",94.3897774305799
"3227",133.22114378812
"3228",111.496581059751
"3229",99.3672938756646
"3230",88.9565107806801
"3231",123.741578345689
"3232",79.6396574260018
"3233",87.9282646297618
"3234",76.8263526846453
"3235",87.2318489378891
"3236",92.4862192430838
"3237",61.8898304487469
"3238",75.7187451617518
"3239",135.369813713168
"3240",104.40566307249
"3241",71.6654090783818
"3242",79.8368708570574
"3243",103.178755162747
"3244",86.9399281796664
"3245",122.579818940589
"3246",78.0798814409022
"3247",69.9785813012703
"3248",76.7744964187114
"3249",89.6824810176316
"3250",81.1346916279739
"3251",111.740097066475
"3252",81.5299737844415
"3253",65.5502617477132
"3254",99.9889792186379
"3255",88.9758850736315
"3256",107.262482751941
"3257",67.3086928520578
"3258",90.0823584540183
"3259",79.6913307112641
"3260",71.2722906859467
"3261",96.1731165486147
"3262",93.1880453431834
"3263",99.867502759529
"3264",87.3486362704655
"3265",66.5642454303576
"3266",118.635345050857
"3267",82.9355659925909
"3268",79.5448064063767
"3269",92.6784869272638
"3270",86.0986758636615
"3271",83.6793406719776
"3272",75.8222237991913
"3273",66.2255135040062
"3274",116.336431475274
"3275",129.630449276634
"3276",82.837350841895
"3277",80.1066001735372
"3278",88.0536934159061
"3279",130.738792762736
"3280",179.789292348731
"3281",103.14566307249
"3282",130.670644185894
"3283",134.47532006781
"3284",110.326989777913
"3285",102.026133599769
"3286",81.0883320243109
"3287",61.8083674944249
"3288",65.4918409884915
"3289",85.2296582219186
"3290",127.436385699739
"3291",90.5913862171606
"3292",105.585537756043
"3293",100.00357599709
"3294",67.5857447613808
"3295",90.4295900525873
"3296",102.701465656935
"3297",69.6385076475506
"3298",90.8473645316299
"3299",80.4879285570363
"3300",65.0422276062048
"3301",128.894455944807
"3302",100.404325825231
"3303",102.103132337038
"3304",150.39817465635
"3305",80.4750079990839
"3306",103.261365734354
"3307",103.725685043962
"3308",129.805966291461
"3309",108.702438508586
"3310",74.3833424289934
"3311",85.8646252526081
"3312",83.2332499010157
"3313",69.024091509953
"3314",59.6995123912548
"3315",97.7609466280106
"3316",79.2883592783417
"3317",83.9981017393882
"3318",86.8546138821078
"3319",188.226979976837
"3320",78.1719020695654
"3321",97.6443826680156
"3322",123.611188557957
"3323",137.306755858234
"3324",87.2155349930677
"3325",112.502803841782
"3326",101.057720605215
"3327",84.4466833851068
"3328",119.101245191672
"3329",103.576948750894
"3330",110.852386617972
"3331",118.753920398496
"3332",108.249127242384
"3333",161.148996449375
"3334",119.690106719294
"3335",88.1006694600728
"3336",80.5196089727058
"3337",88.7227448191951
"3338",77.1602991231957
"3339",101.749933318505
"3340",89.0034152108839
"3341",107.274700320069
"3342",113.257721688373
"3343",78.804208381236
"3344",71.37726232633
"3345",71.3427743044557
"3346",79.3726943565885
"3347",78.0925124517087
"3348",88.7509949245887
"3349",66.869219479417
"3350",100.997670837077
"3351",84.9847343913528
"3352",159.544020114339
"3353",113.343902074449
"3354",171.663277645547
"3355",77.9157524164206
"3356",152.846966634385
"3357",92.6040973880623
"3358",116.930917790766
"3359",91.9907412770535
"3360",133.126069505962
"3361",63.1099850736423
"3362",82.5177303767922
"3363",83.7333598529056
"3364",104.217614177319
"3365",89.6664202539967
"3366",83.9980254552835
"3367",68.3676915358541
"3368",179.276458864454
"3369",110.771395412075
"3370",101.476747042239
"3371",95.998659250808
"3372",84.6253793760736
"3373",64.4574807543037
"3374",93.568113357271
"3375",90.2316785908946
"3376",72.4519082743637
"3377",82.9175354701222
"3378",83.7966580497703
"3379",102.362529630684
"3380",141.237488561332
"3381",81.1444044666939
"3382",118.909640378577
"3383",87.8502989416911
"3384",182.56540769546
"3385",74.8952573261412
"3386",88.324267553014
"3387",103.779294617502
"3388",73.7397887750475
"3389",80.3107317347522
"3390",86.21443208908
"3391",176.117147023948
"3392",91.8088985604253
"3393",80.5336209281648
"3394",61.2252110975851
"3395",120.656347682032
"3396",167.416019731244
"3397",71.3050636120149
"3398",77.8685455506521
"3399",146.93102019578
"3400",68.8147584478465
"3401",73.8604891993813
"3402",70.1109960582441
"3403",86.5142725983155
"3404",68.5271996787044
"3405",80.9921827641064
"3406",68.0748397409191
"3407",106.807820724997
"3408",131.805101673565
"3409",76.6622511574944
"3410",127.26928408111
"3411",61.1332022356638
"3412",63.5274778172123
"3413",66.1865898276122
"3414",88.900307415817
"3415",109.45972661001
"3416",119.935201048334
"3417",84.1496889822428
"3418",153.968142948777
"3419",83.813461032858
"3420",97.3462061738175
"3421",78.3334974907948
"3422",125.318174924914
"3423",69.104017675728
"3424",117.039154691993
"3425",102.076807701091
"3426",88.7077553968216
"3427",93.3711689717216
"3428",120.806961663778
"3429",181.543876903315
"3430",144.625740334109
"3431",97.264522879138
"3432",109.152422160866
"3433",87.5030381183618
"3434",159.668996094705
"3435",72.2434333310805
"3436",89.7156344220211
"3437",63.8186250257952
"3438",201.049137973559
"3439",69.6385426966616
"3440",81.9438495900607
"3441",88.159230299931
"3442",65.850173451453
"3443",79.2800662338594
"3444",93.168418110018
"3445",157.043570638535
"3446",86.5988579094832
"3447",70.2659042624374
"3448",81.0653460815257
"3449",87.251263873163
"3450",114.879154691993
"3451",96.3586990078759
"3452",75.371978990923
"3453",63.8363718676045
"3454",65.9732491529197
"3455",82.0111554374919
"3456",87.2359043467445
"3457",153.166029277617
"3458",116.611965669442
"3459",82.2139167631526
"3460",181.889448384983
"3461",97.0818361350522
"3462",70.0619771274619
"3463",104.302386227306
"3464",78.9910462847999
"3465",103.62014336756
"3466",151.582792893709
"3467",125.104132645386
"3468",67.4288437406241
"3469",97.7371050655563
"3470",84.9830532599279
"3471",116.446209223515
"3472",77.4893509907008
"3473",115.970565694347
"3474",116.37155902142
"3475",103.638873982121
"3476",112.683687316202
"3477",142.29018975126
"3478",121.83892323935
"3479",125.434675171165
"3480",109.694396701365
"3481",103.290160532987
"3482",77.8727743044557
"3483",86.1558780517487
"3484",92.3889507871597
"3485",73.9321498635645
"3486",92.959610130992
"3487",85.4244150312618
"3488",72.1461284426524
"3489",93.1823442650398
"3490",91.8388843481654
"3491",94.3701591102547
"3492",107.67114438486
"3493",62.6851563226354
"3494",87.95473713679
"3495",66.6316684328746
"3496",108.498280408299
"3497",84.9261215694015
"3498",125.617756083261
"3499",89.6619186108419
"3500",101.043208225466
"3501",82.6528117986307
"3502",88.456504191625
"3503",113.141085966091
"3504",97.3988460338619
"3505",62.6767378837969
"3506",132.181794005702
"3507",85.7229487996695
"3508",89.7616833729328
"3509",116.905878672751
"3510",82.3333388599261
"3511",82.231263873163
"3512",111.544724392413
"3513",82.4092890337665
"3514",84.9142099272516
"3515",70.7969286021917
"3516",117.249356034522
"3517",189.364535819072
"3518",79.1031014676676
"3519",187.485150884123
"3520",77.4697816630706
"3521",102.125556327268
"3522",148.101984529247
"3523",68.5110081471993
"3524",143.462318467883
"3525",119.091270674872
"3526",74.4485718182326
"3527",68.6354745289756
"3528",87.1984264517389
"3529",89.1485355038488
"3530",67.3247995460713
"3531",96.737329315156
"3532",81.5272611959781
"3533",66.603118160158
"3534",85.0502073227538
"3535",103.285634332388
"3536",87.9727678735719
"3537",96.9488814043062
"3538",113.750688876583
"3539",94.3787002307076
"3540",142.233285534658
"3541",87.3645141077167
"3542",93.5263770442861
"3543",85.5698756846742
"3544",64.6603533440971
"3545",79.5166959051157
"3546",89.2413073441304
"3547",132.440644185894
"3548",166.951721129335
"3549",68.5171854158753
"3550",67.794173320379
"3551",136.175984634261
"3552",80.6265888203425
"3553",74.1797386724223
"3554",85.4457793764975
"3555",86.1330624361619
"3556",90.7879506220588
"3557",90.1413947132994
"3558",61.6302295178642
"3559",94.0837454674422
"3560",90.7784290803701
"3561",131.87562194903
"3562",92.1460353161561
"3563",97.5179926824035
"3564",92.9632583310355
"3565",105.807219637933
"3566",89.2836270430464
"3567",162.162504196513
"3568",73.0974639024353
"3569",108.143246754156
"3570",93.5896219823652
"3571",138.589769939995
"3572",114.627626331548
"3573",105.819688053208
"3574",99.4739652791198
"3575",96.5937247408816
"3576",73.786931809189
"3577",68.0615878890911
"3578",119.896402993143
"3579",108.50511726315
"3580",136.300047705548
"3581",79.2848689659848
"3582",77.5710462847999
"3583",71.6160216161257
"3584",170.330652446505
"3585",78.3828117986307
"3586",93.4247287425708
"3587",72.4187802088751
"3588",167.296308414894
"3589",67.1116002981975
"3590",86.3903995578675
"3591",77.9168101106498
"3592",93.4472012570961
"3593",143.893632419763
"3594",87.5400104538825
"3595",84.8870939764541
"3596",69.8737409291055
"3597",120.722498364294
"3598",89.3780373995704
"3599",97.2812569196649
"3600",97.2936178476329
"3601",72.2017266107336
"3602",157.358082867324
"3603",99.3626429378211
"3604",86.7798357887828
"3605",84.8768708570574
"3606",67.663245323115
"3607",83.1866945838327
"3608",83.4481531656716
"3609",117.335058558816
"3610",68.2158753469851
"3611",93.5159047131577
"3612",65.9661979495236
"3613",71.4496464728713
"3614",88.1661011004454
"3615",113.668211612327
"3616",85.2033705374417
"3617",138.800997054889
"3618",71.6162657084616
"3619",100.895398198621
"3620",170.222285487302
"3621",109.548599510093
"3622",71.4042189290797
"3623",89.0027507018855
"3624",122.091903837178
"3625",111.006116562013
"3626",70.0496651545941
"3627",104.263033657739
"3628",132.986618611074
"3629",83.5855735403242
"3630",158.696164251401
"3631",80.2181017393882
"3632",79.4281565068847
"3633",78.9440288299331
"3634",137.654993001071
"3635",72.4137645182261
"3636",64.4415177376674
"3637",96.0579969868715
"3638",79.8337707624104
"3639",86.406389216406
"3640",79.292946468459
"3641",74.2043655985745
"3642",81.1815286245124
"3643",86.6185379001184
"3644",74.2768134935924
"3645",93.68190934474
"3646",87.8439639184889
"3647",118.168883685482
"3648",61.6916727480137
"3649",108.271956172928
"3650",92.5685692984833
"3651",84.5684711349559
"3652",83.0659137018397
"3653",107.009892308527
"3654",88.0650849061904
"3655",103.848889487635
"3656",102.909365603704
"3657",82.0328391691684
"3658",82.8965134906176
"3659",89.9938374446471
"3660",65.3908886621871
"3661",118.760613106556
"3662",122.284845406946
"3663",105.5575867247
"3664",89.6690272739536
"3665",91.3408470974837
"3666",85.8589643708382
"3667",91.3979649190359
"3668",79.3298216276486
"3669",70.2278265182617
"3670",116.762605067638
"3671",68.0949332599274
"3672",78.6607597144945
"3673",112.340577670323
"3674",105.767729941171
"3675",80.6187420740058
"3676",77.0694507688499
"3677",124.014708363392
"3678",92.3093378627029
"3679",106.478710933217
"3680",65.3193608868001
"3681",126.964154677197
"3682",65.6293523688237
"3683",147.476874396988
"3684",125.077201431211
"3685",76.5057722328212
"3686",107.811838445951
"3687",124.474276084528
"3688",77.5299730939717
"3689",77.3670046446046
"3690",67.015331779711
"3691",76.9718536417438
"3692",87.0817953925003
"3693",108.407024800147
"3694",86.607216241309
"3695",71.442037097944
"3696",99.1842702245999
"3697",65.1519526052469
"3698",70.9450636120149
"3699",125.500939964678
"3700",83.7864944560624
"3701",147.592516573283
"3702",91.2971775093405
"3703",103.06207542542
"3704",98.8724413088531
"3705",92.9718846473231
"3706",126.846141730142
"3707",84.1611883137569
"3708",111.400239619592
"3709",131.579455677613
"3710",86.3916273152822
"3711",84.5847196297931
"3712",75.7171468219145
"3713",104.93130628115
"3714",107.608638503937
"3715",105.283740250468
"3716",98.4868540143575
"3717",88.3661227944754
"3718",180.461639036376
"3719",169.01582482595
"3720",100.643773548863
"3721",93.04714758333
"3722",98.8357974348553
"3723",73.476634394368
"3724",89.1689567907452
"3725",80.6113351408214
"3726",143.327338555477
"3727",109.393034432681
"3728",73.6184995794308
"3729",105.48525274714
"3730",72.6982516283633
"3731",115.651954218755
"3732",80.8714696936559
"3733",102.57969825158
"3734",92.7900618134616
"3735",97.4124295413396
"3736",75.9800630447957
"3737",90.9360956645912
"3738",63.9178609298424
"3739",94.3652655423102
"3740",84.7448835242634
"3741",89.0274443492555
"3742",106.495431373894
"3743",77.1401556914152
"3744",66.0913401226459
"3745",181.317084515175
"3746",90.2640534477554
"3747",93.0040107728969
"3748",105.729964184613
"3749",83.516959943554
"3750",71.6136442201446
"3751",159.867714096518
"3752",112.081474962571
"3753",94.0990756116776
"3754",103.459800364077
"3755",112.571707512748
"3756",65.7013394309495
"3757",80.1327895388833
"3758",147.174329320038
"3759",165.24885119297
"3760",88.8031682619442
"3761",80.7332095663936
"3762",121.12398904758
"3763",74.9102930030799
"3764",104.972379840115
"3765",74.1807746886779
"3766",87.0280351180148
"3767",71.1993251803465
"3768",80.1110828451253
"3769",140.989365327105
"3770",111.963263875168
"3771",66.3060819840231
"3772",80.8802018025223
"3773",150.566029277617
"3774",84.6975570621443
"3775",77.9741595518556
"3776",65.8521469429383
"3777",112.88014407845
"3778",85.4583597578367
"3779",80.8894286251662
"3780",82.2909285200497
"3781",84.1063226999571
"3782",74.9367980252096
"3783",85.704267553014
"3784",82.1411373089538
"3785",80.7048690618833
"3786",80.7577303767922
"3787",121.248158182454
"3788",68.4263167674858
"3789",114.12372555589
"3790",75.6176825491351
"3791",205.201142891351
"3792",94.386633612782
"3793",95.987848277478
"3794",89.539853331372
"3795",105.763735246366
"3796",87.2327764431883
"3797",147.733819884345
"3798",94.559196588044
"3799",108.511076966436
"3800",69.3620946456551
"3801",81.4286395288037
"3802",99.3326939440341
"3803",99.0612065046411
"3804",75.6589304648181
"3805",91.4001424863375
"3806",100.716993023596
"3807",112.326077615538
"3808",87.0938374446471
"3809",102.305586144827
"3810",112.444766144496
"3811",70.5383088109926
"3812",68.0807245830118
"3813",105.893281765449
"3814",69.7977600048229
"3815",74.8957872583244
"3816",73.5026940411222
"3817",75.4734002249031
"3818",80.5757812662608
"3819",75.2014888643249
"3820",92.1385355038488
"3821",80.8429687883224
"3822",82.6481892480546
"3823",73.4837489187333
"3824",137.081605283889
"3825",76.534078240761
"3826",105.500119826286
"3827",65.4120120741487
"3828",103.163232280359
"3829",86.2301838195133
"3830",157.726671640242
"3831",70.5311722388951
"3832",72.4009475842815
"3833",79.2533713980107
"3834",95.5116097975211
"3835",81.8920754421725
"3836",112.99751117555
"3837",80.7891591404415
"3838",72.9058300631469
"3839",92.1123409676402
"3840",83.4674451590045
"3841",85.1019650281376
"3842",93.3901374582217
"3843",104.994203900242
"3844",76.2146594238742
"3845",74.8493578843429
"3846",89.598986047382
"3847",104.290150554283
"3848",146.299868920837
"3849",79.7472259352525
"3850",87.9488323882919
"3851",85.6948387092104
"3852",82.6770615992208
"3853",64.4187703290039
"3854",99.3482619957254
"3855",73.3439241169382
"3856",76.857043958965
"3857",107.517313354048
"3858",85.7751996952236
"3859",107.736940611565
"3860",102.845622305402
"3861",69.4411022169689
"3862",65.0368601653673
"3863",101.008857649273
"3864",132.70395421175
"3865",117.275693731637
"3866",92.949786462851
"3867",147.68824079528
"3868",105.784650878955
"3869",67.5071325214904
"3870",77.4226317889683
"3871",107.945932959386
"3872",83.7878480187243
"3873",80.1186552639428
"3874",112.298971331426
"3875",138.978850705169
"3876",93.7319614117412
"3877",98.2253116992479
"3878",90.3355349930677
"3879",82.6155471087147
"3880",170.264197882011
"3881",93.5663458142049
"3882",125.776813502606
"3883",79.0821498635645
"3884",85.9580787276671
"3885",61.0448506355173
"3886",64.0764924669361
"3887",81.235653012605
"3888",82.5152273792404
"3889",72.1438225636997
"3890",91.806633612782
"3891",78.6108995821819
"3892",74.7875757015273
"3893",63.7283088109926
"3894",71.5727050789956
"3895",72.9074639024353
"3896",138.687843280975
"3897",120.156041250374
"3898",90.8001838195133
"3899",77.4617534327123
"3900",77.0741819054393
"3901",81.5637658356195
"3902",70.830030882811
"3903",101.416261250456
"3904",74.480684028993
"3905",81.8489411232164
"3906",142.077883559564
"3907",77.8010471718259
"3908",98.5242577306196
"3909",70.2269340170391
"3910",77.2891622783968
"3911",168.721388286961
"3912",97.3061553269197
"3913",89.3717520627762
"3914",156.004125138889
"3915",89.6025364546055
"3916",106.484743440735
"3917",142.374748300308
"3918",89.8586771763095
"3919",140.346098231219
"3920",162.986736925465
"3921",69.0865630011487
"3922",167.478739459786
"3923",101.761403452298
"3924",95.07361227541
"3925",139.432957828333
"3926",63.7148678719907
"3927",104.036058824717
"3928",77.4565161471851
"3929",84.0892584224396
"3930",79.960915168787
"3931",96.891266200708
"3932",77.0627865717442
"3933",79.9802811892256
"3934",109.169366423941
"3935",75.9705587203272
"3936",95.2890953392985
"3937",76.2789380742035
"3938",93.3725172838
"3939",92.578025846578
"3940",85.1636616515543
"3941",137.481578720826
"3942",88.7278567385773
"3943",100.662760244905
"3944",181.656507220423
"3945",85.9087401870574
"3946",82.3897038643579
"3947",86.3208531614431
"3948",85.3355659925909
"3949",70.0836442201446
"3950",88.8419382284721
"3951",144.655332160417
"3952",67.2306930832326
"3953",84.1283894490345
"3954",117.891498340453
"3955",101.443537084136
"3956",107.94871223853
"3957",82.6873683855402
"3958",78.7885962649018
"3959",96.2223945186987
"3960",174.059156018373
"3961",96.4970841677683
"3962",76.0141553263363
"3963",103.079418277943
"3964",208.185341377772
"3965",85.2541702268657
"3966",115.104180030842
"3967",126.68529194865
"3968",117.011898240547
"3969",90.9759837352124
"3970",96.1411025901863
"3971",126.026155329092
"3972",79.9451507706474
"3973",96.8916373059697
"3974",126.563193496533
"3975",75.3770959437351
"3976",94.5518846473231
"3977",88.2232508105691
"3978",177.819292348731
"3979",111.76381280504
"3980",72.3361762938483
"3981",86.0864264033524
"3982",117.296680650342
"3983",92.0432583310355
"3984",66.0171736910445
"3985",132.490378304353
"3986",68.614274700767
"3987",73.508989305896
"3988",72.0727135381742
"3989",112.599685429707
"3990",81.3946916279739
"3991",80.5941255201693
"3992",96.0840118833719
"3993",89.8017524396961
"3994",71.8141141209522
"3995",70.6262573561127
"3996",83.9228889802261
"3997",102.185299473019
"3998",89.7320648676321
"3999",77.0598755000682
"4000",127.655829912538
"4001",90.361318798961
"4002",72.0910334949307
"4003",82.3347748432746
"4004",92.819688304626
"4005",125.282117001632
"4006",98.2278681742657
"4007",83.4224569006084
"4008",163.321108873894
"4009",94.4632942539703
"4010",98.7059426542212
"4011",101.39357599709
"4012",129.061108698783
"4013",65.3355121743519
"4014",89.4769611690419
"4015",79.7584990077446
"4016",79.7312323501529
"4017",83.7364921764825
"4018",101.196756831969
"4019",194.819967234243
"4020",87.03203621113
"4021",95.6208218082925
"4022",94.5556404903619
"4023",68.1847718740327
"4024",70.7541664609769
"4025",62.0972995790629
"4026",86.1947232140077
"4027",87.6229254263657
"4028",111.366431475274
"4029",72.0634306634334
"4030",67.3386774817
"4031",86.9675570621443
"4032",115.34497883661
"4033",88.33443208908
"4034",86.2191016576073
"4035",81.0824234855147
"4036",102.430725259989
"4037",128.240927363136
"4038",132.33193844662
"4039",132.23288785391
"4040",121.557380594078
"4041",67.9520660884152
"4042",125.190211986311
"4043",74.1183912365563
"4044",127.395665319358
"4045",93.2608980960136
"4046",62.4185196651248
"4047",96.578941920332
"4048",79.4877120849386
"4049",85.7780704976624
"4050",103.190240738309
"4051",108.766257746809
"4052",156.973419148097
"4053",117.966420839702
"4054",83.029250406082
"4055",106.635362505007
"4056",79.9174046781487
"4057",85.8882974175235
"4058",71.4072281076177
"4059",135.821691579483
"4060",124.025478079146
"4061",111.966931572726
"4062",299.085999390434
"4063",137.143479016753
"4064",139.009313829495
"4065",144.178062710864
"4066",92.063330049362
"4067",97.2557261893387
"4068",87.4804059111457
"4069",122.673354812663
"4070",115.536241983464
"4071",93.6859219471499
"4072",77.9772007147174
"4073",131.122334861957
"4074",100.990096730119
"4075",79.9163330192996
"4076",116.239697923935
"4077",100.581535070842
"4078",70.2524788062834
"4079",151.893925761776
"4080",107.713034432681
"4081",91.7447291177195
"4082",64.9487703290039
"4083",204.620726502421
"4084",103.629372047152
"4085",79.935466680573
"4086",118.171016850968
"4087",82.7596867960023
"4088",105.990013648585
"4089",73.3214477678413
"4090",168.86796947301
"4091",69.7433192730265
"4092",75.8047190034811
"4093",75.3579216070754
"4094",109.713719874408
"4095",81.523721695815
"4096",92.3796617332527
"4097",180.9964611093
"4098",66.3282178925099
"4099",138.24503322426
"4100",201.75630501996
"4101",89.7931682619442
"4102",74.0573005348614
"4103",160.544020114339
"4104",76.3371089280359
"4105",78.9330245430717
"4106",72.6404988541634
"4107",109.111380289666
"4108",65.171272239754
"4109",148.515435161539
"4110",74.8415165824939
"4111",71.2100685182088
"4112",79.0947190300794
"4113",70.6726271529037
"4114",108.003480809272
"4115",96.0512065046411
"4116",130.826652282731
"4117",90.9488836854878
"4118",94.3934152108839
"4119",106.504191411438
"4120",86.1966113549098
"4121",74.7221771189238
"4122",121.075014493948
"4123",85.2228369011262
"4124",83.0225082017713
"4125",198.637190324515
"4126",76.6816002981975
"4127",87.9260616526558
"4128",85.2468134322731
"4129",66.2769413398607
"4130",89.9776599393829
"4131",83.0032621122658
"4132",76.4084492773646
"4133",90.1466114778178
"4134",66.0802592750565
"4135",75.5279686834514
"4136",78.3777932989633
"4137",78.6317808331171
"4138",76.8376642810908
"4139",131.91471722581
"4140",72.1775853876385
"4141",128.015688416727
"4142",69.6486441950531
"4143",82.3704726379884
"4144",84.5639972000995
"4145",67.8656826898726
"4146",117.147927271979
"4147",83.2642264260929
"4148",94.2339995577858
"4149",89.2733351346869
"4150",100.752687738055
"4151",91.3268530319791
"4152",88.6822281968594
"4153",62.8845841342733
"4154",115.195100188601
"4155",123.018218589267
"4156",93.0604161790456
"4157",185.444747764687
"4158",69.3181500659648
"4159",120.3443145262
"4160",69.8754090783818
"4161",75.8110334949307
"4162",73.8843384333078
"4163",99.8875603462263
"4164",85.6036209281648
"4165",92.883123422403
"4166",168.095284787063
"4167",96.2231682619442
"4168",74.0202910784215
"4169",89.8935727526107
"4170",133.058430626991
"4171",100.789729123872
"4172",117.572380125752
"4173",72.4037183577891
"4174",87.5543491929617
"4175",78.6644882938001
"4176",82.5726571837718
"4177",69.6625632091933
"4178",199.426350328084
"4179",91.518860394781
"4180",101.635177042725
"4181",99.417294334035
"4182",86.4671734781922
"4183",102.15857255737
"4184",66.9352070448496
"4185",81.0285073068894
"4186",92.5796564211639
"4187",94.9680015710951
"4188",84.5027578845284
"4189",104.612474391801
"4190",95.5913146678801
"4191",80.9387668258939
"4192",75.9618399398436
"4193",91.1492226884902
"4194",91.0853154104116
"4195",149.461192521144
"4196",88.4495669549302
"4197",95.521203351613
"4198",75.5477640031205
"4199",71.7219082743637
"4200",122.645433989085
"4201",144.314599503737
"4202",84.6273202203461
"4203",68.9774171223756
"4204",84.8057848273554
"4205",141.961434990144
"4206",172.860471839447
"4207",191.821071781818
"4208",66.9841518535026
"4209",216.264315623282
"4210",115.866041250374
"4211",71.0432168657697
"4212",77.0666765544706
"4213",111.37593829406
"4214",79.8121178727581
"4215",152.346813097027
"4216",112.830750705578
"4217",87.8355960886734
"4218",110.548824967328
"4219",88.6947291177195
"4220",65.654445322859
"4221",140.634944250781
"4222",58.7664796857735
"4223",77.6651375699347
"4224",90.4929571144217
"4225",98.664721113351
"4226",72.384244277917
"4227",106.954139313842
"4228",111.349595519096
"4229",115.381270674872
"4230",111.676989777913
"4231",133.492665653087
"4232",203.090726502421
"4233",97.7298477356288
"4234",75.3683056875333
"4235",81.7960122930464
"4236",90.5805520063812
"4237",85.1219025832095
"4238",70.5871854158753
"4239",76.8983592783417
"4240",114.11379799301
"4241",88.7533351346869
"4242",76.5595421471887
"4243",112.237202760559
"4244",83.465313732045
"4245",108.61908909865
"4246",96.9475875541021
"4247",101.380472425855
"4248",138.329274446232
"4249",107.384444448664
"4250",74.0507188525352
"4251",123.774976147233
"4252",86.580401822768
"4253",105.408644291143
"4254",127.926841079704
"4255",87.7639258220194
"4256",110.136908007473
"4257",94.3228163654819
"4258",103.894995373264
"4259",126.774830387336
"4260",99.5509053773922
"4261",63.5113180141246
"4262",98.3330894134215
"4263",101.2493946276
"4264",70.8586487704625
"4265",65.6704522296002
"4266",148.702253408396
"4267",79.8383597578367
"4268",106.206807701091
"4269",74.416197603125
"4270",106.001094670716
"4271",81.1772949955695
"4272",183.475528399523
"4273",93.7520356379562
"4274",74.6003316448125
"4275",64.696820156378
"4276",69.7549607581047
"4277",83.6288466824422
"4278",66.4180665907497
"4279",96.1374750307557
"4280",80.0121084390287
"4281",78.3347809550561
"4282",99.2851093020575
"4283",106.193357715376
"4284",97.0143951973853
"4285",153.699569798843
"4286",69.586575481908
"4287",78.7959758460031
"4288",69.5265626343253
"4289",114.642408177545
"4290",104.355363900774
"4291",97.8970828645767
"4292",73.788360053901
"4293",124.236180726288
"4294",74.1861571999957
"4295",82.5518562994438
"4296",70.0232891978586
"4297",73.712554668827
"4298",115.70235178485
"4299",89.867843215814
"4300",70.448315162378
"4301",76.5917607926554
"4302",92.3839191442237
"4303",79.3895928734635
"4304",105.972056209536
"4305",72.3570332622388
"4306",85.9917953925003
"4307",125.007380594078
"4308",83.8390985604032
"4309",101.41816469606
"4310",105.072718361674
"4311",92.2091889488912
"4312",68.0874807543037
"4313",91.1763792837162
"4314",135.759823731732
"4315",87.272124516577
"4316",79.1564578501439
"4317",101.016820747234
"4318",74.8367847879216
"4319",73.749022781554
"4320",77.2313951716106
"4321",83.9288674622893
"4322",103.021136673821
"4323",172.883082190698
"4324",88.2567129593988
"4325",65.0264575909768
"4326",101.227943725057
"4327",77.0078860587734
"4328",66.5396329025759
"4329",71.9396030955259
"4330",56.7853099896115
"4331",91.5335649639531
"4332",68.2200358486238
"4333",80.5698755000682
"4334",68.4986587047433
"4335",66.0111424447916
"4336",103.248215800222
"4337",65.9664793381759
"4338",85.9244226804775
"4339",120.900378794605
"4340",74.8653383721074
"4341",84.0636789397145
"4342",85.4307962851127
"4343",89.3232055580026
"4344",93.9955491403476
"4345",138.993830990202
"4346",120.667113884544
"4347",82.6968855968751
"4348",108.664135923567
"4349",78.3242953540278
"4350",80.7014434957091
"4351",84.8320055040601
"4352",73.5451846687705
"4353",96.7325185790132
"4354",95.3667503850576
"4355",85.2792196378173
"4356",125.913637112799
"4357",106.578732190309
"4358",73.6012568909561
"4359",100.359428917585
"4360",58.5119444327637
"4361",85.9180787276671
"4362",93.0942577306196
"4363",101.137914201106
"4364",136.810829446269
"4365",126.232006535562
"4366",99.597398398041
"4367",117.606327559754
"4368",121.423683836225
"4369",82.2201275605463
"4370",105.478599510093
"4371",94.3565584324886
"4372",76.6654957040602
"4373",93.6785570759328
"4374",99.3017313188795
"4375",85.493107178651
"4376",90.6958773557734
"4377",91.7410163463406
"4378",68.0064018941427
"4379",84.5455489398322
"4380",131.156155329092
"4381",107.987106930183
"4382",98.3470014523967
"4383",65.3798304487469
"4384",99.8476705603116
"4385",117.387604966555
"4386",89.9903233799313
"4387",65.4771854158753
"4388",86.7825761858453
"4389",71.5949129581931
"4390",91.5910153101747
"4391",106.62465022547
"4392",102.165402327706
"4393",109.802350603354
"4394",135.316618611073
"4395",70.4823914562791
"4396",72.1304544705133
"4397",133.504826761937
"4398",92.9669241989482
"4399",113.500739660946
"4400",120.804594776674
"4401",70.5079653387434
"4402",113.578778180655
"4403",130.537318317392
"4404",85.5706963970352
"4405",80.1369076178567
"4406",104.945692711496
"4407",115.652399777078
"4408",75.6503844386929
"4409",88.3045779157287
"4410",80.028429424126
"4411",66.6647975113776
"4412",125.239552984817
"4413",126.965234503449
"4414",91.1469241989482
"4415",67.8144300964302
"4416",86.1182646297618
"4417",125.817325241121
"4418",64.781622617419
"4419",72.5493591640488
"4420",107.842604579263
"4421",156.217760770533
"4422",102.241671789391
"4423",80.7295392340958
"4424",104.782426014287
"4425",78.6968053436699
"4426",121.718276381215
"4427",100.327348520582
"4428",93.1820413517591
"4429",98.1655770045609
"4430",79.4417710690686
"4431",70.5969693775781
"4432",85.3412739116565
"4433",88.2589788557251
"4434",118.311980527717
"4435",72.4534104278501
"4436",126.684057040452
"4437",149.162580824746
"4438",163.538910840496
"4439",88.2699101703492
"4440",120.660864214763
"4441",143.447589511277
"4442",80.5924001481386
"4443",116.756241113277
"4444",87.1048563552916
"4445",114.725926305236
"4446",80.6982339395298
"4447",72.0329511476325
"4448",102.921785464847
"4449",71.6471250496702
"4450",216.144847826148
"4451",158.397674139535
"4452",72.7694540838173
"4453",112.816722007251
"4454",88.6255691887717
"4455",74.2685722766572
"4456",73.3535398297981
"4457",113.635020038357
"4458",81.6423822286509
"4459",123.018465308605
"4460",80.7845056518179
"4461",89.6495944568394
"4462",88.3363436635753
"4463",96.9542288446456
"4464",67.4389535681665
"4465",124.111794005702
"4466",103.245398198621
"4467",101.240082961515
"4468",132.760863942175
"4469",81.6363808969203
"4470",81.1204038282578
"4471",76.711995014297
"4472",111.4444488421
"4473",63.1869957079804
"4474",67.10128612771
"4475",105.89243971409
"4476",69.6469883617201
"4477",69.7719911396317
"4478",95.9173683022079
"4479",90.8036688285768
"4480",105.466949066691
"4481",71.1329687883224
"4482",124.837230262538
"4483",81.6685954928165
"4484",72.1379894397105
"4485",84.8136785260411
"4486",105.712997296054
"4487",85.6066219885652
"4488",94.0303362467032
"4489",87.7174443492555
"4490",124.819619685964
"4491",80.7362321192735
"4492",74.5104375853869
"4493",82.4068708570574
"4494",68.7672026314398
"4495",105.11058118103
"4496",74.3481004648194
"4497",135.66503322426
"4498",124.991283524565
"4499",80.683888147787
"4500",106.959261825485
"4501",67.5182652290627
"4502",94.1924286169309
"4503",82.3227867658629
"4504",103.367913848511
"4505",89.1923687905785
"4506",87.1944231532997
"4507",73.7585261039354
"4508",81.8996185111887
"4509",69.5237805533287
"4510",135.892223939756
"4511",160.773066072211
"4512",87.5617520627762
"4513",100.697917175599
"4514",92.2301910871108
"4515",72.5226835415031
"4516",90.1222454229643
"4517",89.9677591955614
"4518",106.908486961067
"4519",74.157613244315
"4520",130.356869023279
"4521",84.3922511574944
"4522",79.0580115906928
"4523",79.5846354052658
"4524",84.301263873163
"4525",79.4407317347522
"4526",102.790119826286
"4527",91.6248849519668
"4528",58.7401604117119
"4529",116.370308926091
"4530",91.6477326341526
"4531",76.7605244726303
"4532",112.168256989135
"4533",75.9195611468592
"4534",187.977230345009
"4535",79.157003608604
"4536",158.368142948777
"4537",100.158771529175
"4538",86.8086870913396
"4539",72.8645145074661
"4540",82.8335620176682
"4541",89.8204972627015
"4542",84.1349131077467
"4543",164.453828588281
"4544",88.7087777340085
"4545",75.9700852234901
"4546",108.249163449247
"4547",143.662492905989
"4548",106.048854192104
"4549",73.244173320379
"4550",121.239805321083
"4551",112.919356034522
"4552",130.26384982386
"4553",63.3527989139316
"4554",106.012837305711
"4555",171.161959757491
"4556",93.6163812836183
"4557",65.4963857747314
"4558",77.084308503858
"4559",114.491991678137
"4560",69.0607647680912
"4561",103.828503278048
"4562",114.522731297369
"4563",88.5991889488912
"4564",86.5032013685486
"4565",85.1457812662608
"4566",91.0212692507182
"4567",100.42907268394
"4568",120.291039670736
"4569",152.460972959776
"4570",87.8433497982882
"4571",80.1288426616982
"4572",79.9688426616982
"4573",99.3899203290168
"4574",88.0137493779029
"4575",167.390826491733
"4576",93.2665023578819
"4577",101.112855357852
"4578",77.7727895388833
"4579",94.1694521904844
"4580",84.0898042401619
"4581",85.8860131848962
"4582",120.761954218755
"4583",142.448378426129
"4584",109.752317653737
"4585",95.5580415618103
"4586",90.9602047670235
"4587",184.652476692284
"4588",102.057629975264
"4589",110.334318316641
"4590",73.9086633118465
"4591",79.0542953540278
"4592",67.0969286021917
"4593",74.4304545510297
"4594",83.0114299244815
"4595",99.9686425914935
"4596",143.354331261048
"4597",89.9495314772984
"4598",86.166660847717
"4599",73.5285426966616
"4600",86.8266930903646
"4601",121.169297893365
"4602",125.870031952718
"4603",110.619604679306
"4604",129.103550893739
"4605",77.2881925436446
"4606",81.5151032396507
"4607",105.005186417446
"4608",68.0120120741487
"4609",106.292743290169
"4610",92.7501641939233
"4611",132.728312639232
"4612",85.2426386375391
"4613",105.707864008838
"4614",65.1524465387159
"4615",77.4380003777931
"4616",150.172044504729
"4617",99.1367189399276
"4618",75.4124398694679
"4619",120.234509750378
"4620",78.1031824343173
"4621",97.7129251283867
"4622",134.570699104127
"4623",74.8808731241826
"4624",81.1878142000922
"4625",139.181050968818
"4626",72.3561802329159
"4627",68.3820016488956
"4628",92.0169631241072
"4629",98.2495083100172
"4630",74.2566107559944
"4631",70.2088687137085
"4632",98.6314432302737
"4633",66.9267644474721
"4634",81.953724497984
"4635",89.8864252401011
"4636",75.802798644022
"4637",112.833725464577
"4638",130.915928293435
"4639",64.4670193347683
"4640",70.2846609703002
"4641",94.4107069635274
"4642",82.4765075447496
"4643",66.3586597056085
"4644",69.6544157341494
"4645",66.1159413511601
"4646",90.2168851564321
"4647",134.716442590135
"4648",73.5222011422101
"4649",103.509770168074
"4650",71.287200183727
"4651",60.1112184010261
"4652",84.8148563552916
"4653",184.577098715093
"4654",71.9047177808662
"4655",102.984889663154
"4656",97.4939652791198
"4657",74.8733400547612
"4658",122.343471833681
"4659",71.7344550164247
"4660",82.27695549162
"4661",58.5857868580314
"4662",132.689183961668
"4663",81.2780856111151
"4664",69.3545658674768
"4665",64.3119301723758
"4666",93.2411474404172
"4667",98.5539659064588
"4668",97.700890739593
"4669",81.7308449057304
"4670",83.2057985277154
"4671",107.337289144324
"4672",75.1920272906894
"4673",155.406874396988
"4674",104.938211906485
"4675",147.740362593832
"4676",119.695478079146
"4677",99.2499270643583
"4678",98.7658360007379
"4679",86.9717163562378
"4680",89.9681930732849
"4681",100.424113905888
"4682",124.383494630084
"4683",93.0742433356784
"4684",117.271096299459
"4685",108.568486360728
"4686",170.304647286989
"4687",122.640939964678
"4688",112.118522266859
"4689",78.6458839138611
"4690",93.072834456868
"4691",74.7879216070754
"4692",89.8608525430118
"4693",130.420935317392
"4694",88.9570718233639
"4695",82.0448425711498
"4696",76.1783678858434
"4697",72.973944751545
"4698",169.997953007588
"4699",76.2586062330211
"4700",91.8221229575876
"4701",82.1359999164605
"4702",61.50817630673
"4703",89.7580852545113
"4704",159.865773830772
"4705",60.9246576161124
"4706",128.867000180762
"4707",86.6485385378347
"4708",219.170907466039
"4709",103.053128685454
"4710",82.4423272702728
"4711",79.1594764127764
"4712",85.2223480324691
"4713",85.4429221998611
"4714",75.2347196604088
"4715",86.4335727526107
"4716",88.6862843685807
"4717",68.9419247812212
"4718",170.965874483034
"4719",109.133217320995
"4720",71.8823193913515
"4721",87.439910686798
"4722",114.183920398496
"4723",101.081785464847
"4724",93.0702182138455
"4725",121.364561984779
"4726",69.8621867089797
"4727",88.9016097975211
"4728",115.672229661787
"4729",95.2438234892894
"4730",72.7337086595366
"4731",70.2802105836305
"4732",100.2707543917
"4733",109.082924034541
"4734",67.8465898276122
"4735",76.8083360725087
"4736",68.7972700513581
"4737",101.089357345575
"4738",73.1850903915262
"4739",64.965943576538
"4740",97.7735356028555
"4741",94.6876214142223
"4742",66.7119082743637
"4743",83.2427660223302
"4744",69.0858997975026
"4745",152.933571483767
"4746",78.436508126138
"4747",117.608978499382
"4748",63.8521076238545
"4749",107.605792523242
"4750",72.7600852234901
"4751",83.2745383508162
"4752",123.427629351226
"4753",98.8327354119109
"4754",93.6709973379147
"4755",84.5383465855466
"4756",95.4101096823541
"4757",87.3898950592606
"4758",110.443065455882
"4759",146.026015944883
"4760",77.9302864002837
"4761",78.8775154489031
"4762",84.7651762985318
"4763",82.7590320396569
"4764",97.3666825252382
"4765",127.485762062567
"4766",103.753100476244
"4767",83.1652980140659
"4768",102.011307144493
"4769",75.5793531271715
"4770",95.4109356863634
"4771",101.611258396078
"4772",82.0460274614068
"4773",260.52187352788
"4774",132.162616348809
"4775",82.7198671789367
"4776",97.3423933729886
"4777",79.0597433194716
"4778",91.0373127631575
"4779",78.1263102699201
"4780",87.0531049933651
"4781",81.8684822145413
"4782",72.8062550455573
"4783",108.217237064952
"4784",157.646918344542
"4785",87.1219661164168
"4786",73.4506529960383
"4787",124.976126665545
"4788",93.5899154194435
"4789",101.100937208068
"4790",128.77562194903
"4791",78.9724962201118
"4792",68.013068467672
"4793",107.767670837078
"4794",82.6376671394164
"4795",138.689313829495
"4796",103.314382853212
"4797",78.8358536647695
"4798",77.5197921318261
"4799",109.589418277943
"4800",122.240837134539
"4801",66.1614143127414
"4802",111.238916643357
"4803",136.904926556981
"4804",82.0313634233635
"4805",76.8171089280359
"4806",62.1580901957274
"4807",89.5597122754143
"4808",67.7481437836494
"4809",65.9907969963419
"4810",83.7104845371948
"4811",97.7294320382874
"4812",68.9391849154746
"4813",105.8830549535
"4814",76.2753008614445
"4815",115.720750705578
"4816",60.0112860724397
"4817",79.8912451973272
"4818",91.9055592691684
"4819",71.6948767491988
"4820",82.3413868846321
"4821",225.795416562586
"4822",135.37567466287
"4823",60.2635771294969
"4824",96.4164181320124
"4825",78.216851955425
"4826",74.9285813012703
"4827",84.6068134322731
"4828",66.0791347897764
"4829",119.706788209093
"4830",69.3239158665476
"4831",72.8997997233763
"4832",81.677559483942
"4833",127.715762062567
"4834",126.749852870758
"4835",87.2354493240934
"4836",89.2764264033524
"4837",89.154267553014
"4838",92.2164756134886
"4839",100.799116540164
"4840",80.3945583117085
"4841",182.001327368651
"4842",103.363673259912
"4843",69.3351334399703
"4844",67.5929485251716
"4845",71.2105298646536
"4846",103.025433274
"4847",65.1120660884152
"4848",106.908651493127
"4849",87.5719154007175
"4850",62.5259018350415
"4851",130.10297886717
"4852",99.0235200763717
"4853",133.629178476922
"4854",86.0219858572102
"4855",108.033740250468
"4856",71.4133480226358
"4857",74.121451338367
"4858",105.040804331381
"4859",80.1370615992208
"4860",91.9115744562379
"4861",70.2047910828822
"4862",95.209688304626
"4863",86.4092527556944
"4864",82.3768708570574
"4865",70.6302766330868
"4866",70.7631793283501
"4867",88.0358195435301
"4868",95.1884794713921
"4869",71.8317266107336
"4870",116.615746938857
"4871",104.12659991758
"4872",64.8977418372353
"4873",90.4864999077988
"4874",95.5438934871951
"4875",70.3282747235551
"4876",100.278791580112
"4877",75.8756766908572
"4878",89.1308759372552
"4879",154.433805375255
"4880",102.914161413224
"4881",90.5302506351306
"4882",138.833003726099
"4883",108.627791433041
"4884",71.5943655985745
"4885",98.483982137631
"4886",86.0094929096648
"4887",68.9732506037189
"4888",62.4096651545941
"4889",97.9598000609442
"4890",67.541191714571
"4891",74.8143565550338
"4892",119.538768226769
"4893",146.534770825082
"4894",65.1820470478031
"4895",122.825226803928
"4896",69.8730436914128
"4897",162.626238570738
"4898",96.8831109756252
"4899",71.1795122006287
"4900",66.2168502776622
"4901",117.567128012648
"4902",136.809808520305
"4903",136.650865323902
"4904",135.890605967519
"4905",102.646005137834
"4906",94.1839719586035
"4907",90.0740175902111
"4908",117.979157316929
"4909",141.007443507309
"4910",83.9747764389122
"4911",79.3040826824631
"4912",131.99297886717
"4913",103.828376969269
"4914",67.7110811375204
"4915",96.2939652791198
"4916",135.470052851473
"4917",88.5988057562977
"4918",121.903709020633
"4919",79.9463670691941
"4920",66.6889289463217
"4921",87.7005941095238
"4922",83.2928956905747
"4923",87.1886808510565
"4924",99.7098003640774
"4925",76.9497147986611
"4926",106.387989042397
"4927",101.766335518218
"4928",95.9341139058879
"4929",130.576096282557
"4930",84.7673579291326
"4931",89.0880448661362
"4932",110.173186161424
"4933",141.648163687175
"4934",86.3628612091221
"4935",174.724381409742
"4936",87.1694978165062
"4937",93.9086219897291
"4938",115.236740302749
"4939",75.9111372580472
"4940",54.2253099896115
"4941",107.767386107767
"4942",84.562925819288
"4943",90.5902772670619
"4944",102.834870398334
"4945",81.0900974254141
"4946",71.9746278566356
"4947",104.620898854429
"4948",83.7224396937237
"4949",118.380124346981
"4950",77.9004801546732
"4951",81.310847453173
"4952",59.6905091168471
"4953",114.595830962159
"4954",190.55876256344
"4955",121.882323682318
"4956",65.9521867089797
"4957",153.957674139535
"4958",105.100354318721
"4959",99.7184200661483
"4960",89.2224560791742
"4961",111.703973626208
"4962",106.477459311849
"4963",79.7826057550781
"4964",84.4928369011262
"4965",80.190790527654
"4966",130.109393692358
"4967",90.4452960368018
"4968",79.1828391691684
"4969",141.321434990144
"4970",99.4220330934489
"4971",95.2078615510212
"4972",79.8581276894086
"4973",77.4391291051831
"4974",60.9331988811101
"4975",142.71710767551
"4976",89.8523361166215
"4977",100.507502759529
"4978",76.6433737508455
"4979",95.024531462573
"4980",78.2791401393993
"4981",85.1865999447569
"4982",75.3025560557317
"4983",75.496799287478
"4984",74.32313040357
"4985",89.8549739631765
"4986",104.751812122033
"4987",80.8294537684233
"4988",185.962476692284
"4989",120.068841451524
"4990",69.7899099711022
"4991",161.834313198906
"4992",96.3745725188264
"4993",139.986538621306
"4994",69.8512918530494
"4995",86.3895702054701
"4996",61.6677534970558
"4997",68.2709141206397
"4998",86.0104963551153
"4999",90.731953365306
"5000",73.3444120971042
"5001",145.729567135908
"5002",93.0690767787355
"5003",135.793377484657
"5004",100.396934355027
"5005",167.839276744747
"5006",103.426160251216
"5007",107.862686719383
"5008",76.7146759152431
"5009",63.0255723039783
"5010",159.586708324229
"5011",76.2979421680692
"5012",92.0174368382114
"5013",72.5402025550401
"5014",194.405402328168
"5015",100.656439114515
"5016",169.737953007588
"5017",83.8947759746161
"5018",76.0729595871656
"5019",86.6458121422797
"5020",112.581295485317
"5021",80.0315411268324
"5022",115.480731661568
"5023",77.4756691848013
"5024",105.783629735683
"5025",112.856982372718
"5026",99.3241139058879
"5027",100.65085932581
"5028",79.6415478969989
"5029",58.7438962152535
"5030",101.858439686787
"5031",88.5253154104116
"5032",99.0029218872533
"5033",102.519948698649
"5034",127.494455944807
"5035",76.0350925634117
"5036",91.3546602931409
"5037",88.5861029933351
"5038",125.764132645386
"5039",89.9018285695035
"5040",83.1946180276525
"5041",86.8630773106304
"5042",115.804324233555
"5043",64.9003636492655
"5044",115.012334254239
"5045",113.165767722691
"5046",115.460186433844
"5047",81.9952450752018
"5048",109.277300125831
"5049",128.65705604746
"5050",72.7138645233772
"5051",102.410114513065
"5052",110.13182006598
"5053",75.3567406171657
"5054",96.2017313188795
"5055",76.8166611520419
"5056",86.5848663167854
"5057",114.952350499894
"5058",104.199056112495
"5059",79.2363102699201
"5060",76.6441835386204
"5061",66.7391673857744
"5062",122.805651950222
"5063",71.3516827010587
"5064",93.2324250220782
"5065",69.4329433726425
"5066",71.2673846309508
"5067",192.325417129288
"5068",92.812166674247
"5069",78.1431953681128
"5070",109.242367657479
"5071",160.020143286051
"5072",104.619664591053
"5073",85.2701857190939
"5074",126.844159849256
"5075",118.592729825896
"5076",161.970143286051
"5077",114.391615811195
"5078",171.890471839447
"5079",91.467253314464
"5080",64.4308103830904
"5081",112.285830962159
"5082",81.4645387526222
"5083",55.766524976993
"5084",98.2929251283867
"5085",79.3014266868459
"5086",88.1631673852599
"5087",73.3128051226686
"5088",103.489375222507
"5089",78.8147190300794
"5090",87.1408900127975
"5091",86.5674802213198
"5092",85.2271418647813
"5093",135.891795423753
"5094",102.49569965756
"5095",78.1779445633355
"5096",94.3640119603939
"5097",91.7839805727519
"5098",78.6850705801144
"5099",90.4443448686942
"5100",97.361110153516
"5101",76.6102478499683
"5102",139.43079973658
"5103",96.3972179733705
"5104",92.3761227944754
"5105",86.9877211436736
"5106",100.542116835821
"5107",126.594752128905
"5108",90.9293518733019
"5109",74.7738864410718
"5110",68.1778093653759
"5111",95.925969603407
"5112",78.1458343642534
"5113",89.519855291877
"5114",95.9054184957945
"5115",200.838199521736
"5116",91.1640107728969
"5117",119.310378794605
"5118",142.170997054889
"5119",78.3523580909283
"5120",71.0562488411366
"5121",126.597869160917
"5122",109.528936962865
"5123",91.0535776190848
"5124",97.137598767298
"5125",85.3886395288037
"5126",68.1884171640866
"5127",98.059022735169
"5128",83.4353391873754
"5129",71.2491137494407
"5130",89.7793689404078
"5131",120.353405083353
"5132",67.5820530464846
"5133",122.010680842955
"5134",121.92949939304
"5135",94.3000787287972
"5136",133.571578720826
"5137",70.0929908471433
"5138",88.8414619077365
"5139",71.0844673588788
"5140",78.5021024611878
"5141",217.030215527161
"5142",106.493481507356
"5143",89.2017163562378
"5144",75.4797015845913
"5145",106.179956091317
"5146",112.978405322532
"5147",88.6005750014857
"5148",111.249888273242
"5149",94.9461611619681
"5150",80.3913133580494
"5151",83.1806755077159
"5152",62.6328739847013
"5153",153.183009651964
"5154",136.192468548857
"5155",109.013059345754
"5156",110.572987886518
"5157",79.288067819047
"5158",93.5971189242589
"5159",65.5121853808897
"5160",170.917953007588
"5161",101.665944748764
"5162",97.2020370059396
"5163",151.917701542026
"5164",90.8880852545113
"5165",116.050111083437
"5166",92.3752718312957
"5167",77.9248150358042
"5168",59.4738962152535
"5169",85.9966724498699
"5170",96.0258978322133
"5171",133.368885731287
"5172",85.1809635355101
"5173",86.2058121422797
"5174",104.248108225114
"5175",94.6242589211257
"5176",81.5924820928038
"5177",82.7068240245843
"5178",97.5826229320988
"5179",157.023571483767
"5180",114.138448558841
"5181",77.7265161471851
"5182",102.292254897302
"5183",106.460336261345
"5184",82.9728391691684
"5185",78.9789809674203
"5186",89.8933661084171
"5187",75.1962488411366
"5188",114.250352536724
"5189",69.8499099711022
"5190",92.3330265691116
"5191",101.657593943785
"5192",68.1495453022625
"5193",83.9664087752251
"5194",141.427102215377
"5195",101.293115148993
"5196",96.141762208712
"5197",133.071883975733
"5198",91.3708525430118
"5199",101.881157154095
"5200",99.5191435796094
"5201",107.686818557992
"5202",95.3688843481654
"5203",121.948841451524
"5204",95.1413502683403
"5205",75.3339903486015
"5206",192.685039130509
"5207",87.0721141465828
"5208",90.7847232140077
"5209",66.3108516538315
"5210",73.1132726881081
"5211",140.387569264884
"5212",78.0848915346752
"5213",124.093391288242
"5214",92.2896194304851
"5215",95.7489525868865
"5216",78.2997494937546
"5217",74.1228479797117
"5218",73.5475145872159
"5219",148.578579192289
"5220",69.1941595518556
"5221",92.1778007473015
"5222",101.276800274093
"5223",180.099292348731
"5224",92.6224286169309
"5225",124.113945983297
"5226",88.4853387643348
"5227",189.892860808091
"5228",70.2940919064517
"5229",98.4684794713921
"5230",56.74842958904
"5231",90.2614788663698
"5232",92.641762208712
"5233",100.778390067817
"5234",70.2119915744784
"5235",63.9530902638744
"5236",138.027488561332
"5237",88.2651401216334
"5238",95.0327354119109
"5239",76.2760760613678
"5240",72.6704024326433
"5241",87.0746742632559
"5242",95.4764556014179
"5243",109.468308056175
"5244",93.8233360720025
"5245",75.9770787336376
"5246",65.3988440792269
"5247",79.996575707119
"5248",67.0112472029571
"5249",78.5282542036965
"5250",96.7091952641874
"5251",100.294655517601
"5252",76.8498108106096
"5253",102.285910421189
"5254",79.1965888748896
"5255",111.440834728881
"5256",74.6245828981047
"5257",165.550934548714
"5258",79.9403853875645
"5259",95.7511517607499
"5260",96.6800824647721
"5261",91.1201374582217
"5262",140.332957828333
"5263",159.142502389807
"5264",145.71545532465
"5265",71.8409960582441
"5266",104.102693944034
"5267",97.2612065046411
"5268",86.8056237122329
"5269",67.068669684539
"5270",59.8783674944249
"5271",99.2656996575604
"5272",94.3185570759328
"5273",87.3589263998486
"5274",96.3585088561628
"5275",70.543815035743
"5276",83.7540846526023
"5277",143.555888528493
"5278",67.3454338525125
"5279",80.4729526113275
"5280",73.8605984188477
"5281",93.7828241059993
"5282",87.0618285695035
"5283",61.0062423519166
"5284",81.8074370942792
"5285",95.4459785337429
"5286",75.3466611520419
"5287",101.504957744887
"5288",89.0375494135927
"5289",96.6961391420337
"5290",86.2106963970352
"5291",100.676112084579
"5292",75.5698378776955
"5293",65.9917216921697
"5294",70.7561802329159
"5295",182.482476692284
"5296",118.320579542201
"5297",77.5859783985848
"5298",110.592731297369
"5299",87.371263873163
"5300",153.928502374044
"5301",82.1766441779856
"5302",83.4409979693024
"5303",68.6917321099886
"5304",115.80327950223
"5305",83.3966611520419
"5306",102.126149194202
"5307",145.657102215377
"5308",70.1730270850042
"5309",105.500913690955
"5310",102.242078891564
"5311",103.649947654438
"5312",109.625878672751
"5313",73.3731425908203
"5314",156.157069196968
"5315",63.8506202533965
"5316",85.1908825597766
"5317",142.728352415245
"5318",75.6292954221472
"5319",92.577134794467
"5320",83.3442034876698
"5321",91.8615744562379
"5322",88.5285582998964
"5323",81.3568843834336
"5324",97.6817313188795
"5325",80.9566856285791
"5326",116.719982715076
"5327",104.164226728633
"5328",80.4902095772497
"5329",88.1920347118089
"5330",89.835562863394
"5331",74.9563091691661
"5332",75.156733501984
"5333",78.9747391562744
"5334",105.134033140133
"5335",84.5353702057136
"5336",73.0671325214904
"5337",92.0941543107469
"5338",70.7419771274619
"5339",103.113883753769
"5340",81.9894026240587
"5341",145.642109519096
"5342",71.6995533388103
"5343",90.5238256486138
"5344",86.9158390887541
"5345",86.1779335939617
"5346",69.2632603011314
"5347",75.4258671562607
"5348",105.846056287912
"5349",81.3931778339067
"5350",67.0134543407302
"5351",70.4661221140452
"5352",63.818262723092
"5353",89.9131425843333
"5354",207.155032093258
"5355",77.7333700999941
"5356",73.9512230752567
"5357",116.452321462675
"5358",126.861795673327
"5359",98.9457596262388
"5360",78.624734064261
"5361",84.7621827641064
"5362",98.8114432302737
"5363",79.1963210034282
"5364",73.3692989575122
"5365",92.5459108074438
"5366",155.873918266583
"5367",166.028197422998
"5368",70.9282122679504
"5369",97.8511711176517
"5370",152.923569395877
"5371",99.3304609281819
"5372",86.7029581543718
"5373",93.4654668138407
"5374",122.47161633174
"5375",99.3204020262097
"5376",99.1696219823652
"5377",80.6164605899059
"5378",96.3258773557734
"5379",111.546581059751
"5380",95.3108828585372
"5381",135.533439681847
"5382",142.561760232896
"5383",63.8735831574736
"5384",93.739633181444
"5385",71.2263873105492
"5386",102.721028659469
"5387",97.6417110445067
"5388",65.4698304487469
"5389",71.0523661457364
"5390",77.9938053427911
"5391",80.4697683144673
"5392",112.709257143887
"5393",128.419329264531
"5394",84.0464812293307
"5395",141.604356320137
"5396",105.816133599769
"5397",94.7989507871597
"5398",85.3165023378186
"5399",89.5585353781755
"5400",92.4933656298652
"5401",95.2750443576926
"5402",140.686981154551
"5403",85.4054270824837
"5404",80.9358536647695
"5405",101.474812710306
"5406",78.7088473130931
"5407",74.2630436914128
"5408",94.221762208712
"5409",82.0159999164605
"5410",103.457525815056
"5411",72.8152536718734
"5412",93.5369121459619
"5413",61.5215227062442
"5414",96.3981272089498
"5415",82.5084845655843
"5416",105.03994627079
"5417",60.0652354821626
"5418",92.7739995577858
"5419",81.1321084390287
"5420",91.7273258694882
"5421",98.3183762077617
"5422",93.4107946398432
"5423",76.4416526897009
"5424",77.375684176276
"5425",113.768905355135
"5426",76.8164867354068
"5427",81.4600660766538
"5428",104.623518887068
"5429",90.8314125698644
"5430",93.0344054601779
"5431",76.4198305520668
"5432",106.062212734834
"5433",88.07714758333
"5434",140.66191472816
"5435",175.62444366996
"5436",82.0858536647695
"5437",70.3810081471993
"5438",152.057711370973
"5439",68.5721210624934
"5440",117.117933583711
"5441",124.684276084528
"5442",143.552842631494
"5443",94.7982266994269
"5444",76.7733997513871
"5445",74.0815998836493
"5446",181.171975375734
"5447",124.192053833566
"5448",107.389892308527
"5449",77.6695421471887
"5450",67.2347995460713
"5451",96.4781604320618
"5452",69.4582676597243
"5453",119.337792099013
"5454",88.033451611807
"5455",87.5899394803538
"5456",105.903877999188
"5457",94.2627317204813
"5458",108.219521980377
"5459",136.144298261665
"5460",86.838914062888
"5461",81.1899367332177
"5462",130.799983831294
"5463",131.34202319114
"5464",92.1642682743003
"5465",102.902690173103
"5466",94.9050000422448
"5467",72.7429908471433
"5468",79.5389306290673
"5469",111.225725235594
"5470",84.4956168357441
"5471",113.926184722259
"5472",95.2860395775668
"5473",112.148006953352
"5474",100.598732190309
"5475",148.368782422912
"5476",120.135478079146
"5477",71.9811022169689
"5478",66.0846609703002
"5479",121.587978936913
"5480",84.1671708068649
"5481",71.0083911505627
"5482",63.6690852367392
"5483",88.2959182583813
"5484",84.2330491594161
"5485",78.8359866007255
"5486",94.4719752067512
"5487",110.151392270553
"5488",64.9293251803465
"5489",67.1805074419445
"5490",124.647318317392
"5491",122.509028809206
"5492",96.3724021948036
"5493",107.596283086391
"5494",85.4956319035643
"5495",68.9753702628008
"5496",77.1814696936559
"5497",71.3358753469851
"5498",71.9896338943447
"5499",87.8914608292953
"5500",90.3774802213198
"5501",100.174043886957
"5502",81.3353524029232
"5503",95.0183404813848
"5504",116.600552759978
"5505",78.0597015845913
"5506",90.3001250292369
"5507",117.888273120297
"5508",80.279904848646
"5509",76.8906064250157
"5510",62.0013741750367
"5511",108.841042997781
"5512",153.543571483767
"5513",96.5138256486138
"5514",119.02403834474
"5515",109.617459311849
"5516",64.1038983887551
"5517",114.780929090325
"5518",145.029383183934
"5519",70.6818159910064
"5520",80.687350841895
"5521",109.670125856883
"5522",79.3952277098719
"5523",69.5075111359921
"5524",221.477283139046
"5525",101.322687738055
"5526",101.691585041402
"5527",173.296247638186
"5528",132.829983831294
"5529",71.5279216070754
"5530",97.1044581080637
"5531",95.1432328075989
"5532",69.7315712089466
"5533",86.7360956645912
"5534",65.3117769544063
"5535",115.477580938584
"5536",75.5165880704348
"5537",59.6838067844187
"5538",118.74972778814
"5539",63.5385624977989
"5540",70.0165104178025
"5541",86.8846916279739
"5542",100.497860904443
"5543",154.745966275635
"5544",103.366257746809
"5545",80.3736341387077
"5546",67.523552591959
"5547",98.2759569498576
"5548",76.4812097539573
"5549",110.111956172929
"5550",88.8116992628039
"5551",93.7404703854854
"5552",59.6058680700714
"5553",129.145984634261
"5554",99.8001145130654
"5555",97.2006992916817
"5556",142.267569264884
"5557",73.5809039511943
"5558",78.8778562399927
"5559",82.1099612488772
"5560",138.55743324529
"5561",101.260073858794
"5562",90.3125364546055
"5563",84.3475144580048
"5564",97.4674327561074
"5565",60.8786652300255
"5566",105.498599510093
"5567",110.377171852575
"5568",93.341431301432
"5569",89.8011264227884
"5570",74.1876519563925
"5571",66.6758449399668
"5572",93.6581353651567
"5573",122.121395863881
"5574",98.5626844157798
"5575",111.626276184659
"5576",105.290992151008
"5577",87.6443448686942
"5578",159.307273578053
"5579",86.5131345821628
"5580",85.8896747832327
"5581",104.757057484612
"5582",108.802515724742
"5583",93.8919558720736
"5584",156.136164251401
"5585",70.9586774817
"5586",79.3672858507382
"5587",210.054966801437
"5588",110.05919068504
"5589",106.326985037676
"5590",95.2813807687759
"5591",85.3389742373724
"5592",181.49444366996
"5593",142.886372917747
"5594",68.4434333310805
"5595",76.1985464806423
"5596",75.2642471461745
"5597",77.5945223305925
"5598",92.0990590794002
"5599",153.353008202236
"5600",149.838661386901
"5601",54.432007087812
"5602",80.3683402638247
"5603",64.2017400779515
"5604",66.9361435083823
"5605",107.978798358418
"5606",74.8687102340934
"5607",83.795467662039
"5608",105.097860655036
"5609",100.914152670938
"5610",128.38287851431
"5611",74.7544843946568
"5612",103.838486961067
"5613",89.4305980065395
"5614",81.5358232846423
"5615",103.331748160034
"5616",89.7207412770535
"5617",96.4248427408106
"5618",88.4025560239189
"5619",73.9734333310805
"5620",84.0477703709152
"5621",120.20238260461
"5622",110.310875052273
"5623",105.344973245146
"5624",73.0626147173592
"5625",108.396156323718
"5626",90.8810415672066
"5627",74.968055330183
"5628",114.601991678137
"5629",163.506819892283
"5630",70.795125639345
"5631",116.743898534424
"5632",112.266555026108
"5633",115.707927271979
"5634",61.0087625274838
"5635",93.7740312965101
"5636",82.3148987365014
"5637",85.6629571144217
"5638",89.8380415618103
"5639",114.613617031172
"5640",162.053831105561
"5641",165.21441514459
"5642",86.1404259552273
"5643",79.5788426616982
"5644",167.321071617477
"5645",74.2339213336652
"5646",137.551027654609
"5647",96.7043562339226
"5648",123.901200794288
"5649",71.5659418588327
"5650",88.0261197895748
"5651",82.9916317785813
"5652",65.1483215437582
"5653",98.0536678129929
"5654",128.586155329092
"5655",102.465122816168
"5656",92.072816605853
"5657",64.2812472029571
"5658",91.88714758333
"5659",101.198822843808
"5660",106.62525274714
"5661",137.737552875171
"5662",100.541266200708
"5663",115.37398904758
"5664",103.202261022056
"5665",80.3117147266053
"5666",82.6406027960117
"5667",101.046351796475
"5668",123.937489613613
"5669",95.0913151311376
"5670",81.6222256648782
"5671",63.6085196651248
"5672",163.604084908282
"5673",97.6559426542212
"5674",62.1364467303044
"5675",110.200216155178
"5676",115.359204855043
"5677",75.228275459944
"5678",101.950220399433
"5679",77.6922976568211
"5680",76.8083240596485
"5681",75.3044673588788
"5682",71.0903545473345
"5683",80.9391018660247
"5684",74.3301442794295
"5685",104.7707543917
"5686",121.930707031145
"5687",98.5389525868865
"5688",87.3201399225644
"5689",59.2222801035496
"5690",125.86912832102
"5691",80.2161435486688
"5692",108.225497857398
"5693",77.2269552445887
"5694",77.7103117638346
"5695",68.2858753469851
"5696",80.4306301201237
"5697",96.3917927016258
"5698",68.4565501989437
"5699",79.6374548091817
"5700",80.1985903376597
"5701",105.809562869832
"5702",155.520296589747
"5703",95.4897063968288
"5704",77.9735707674929
"5705",100.521761199255
"5706",78.385266688536
"5707",80.5888426616982
"5708",94.4304354202211
"5709",68.8108162697122
"5710",186.361639036376
"5711",80.6643087553801
"5712",96.437329315156
"5713",96.7289525868865
"5714",148.369592405047
"5715",79.6531730750483
"5716",83.5551072142005
"5717",135.47209630293
"5718",73.359130632428
"5719",83.2454270824837
"5720",75.1997064761655
"5721",128.25884757154
"5722",76.289775439606
"5723",100.772895005957
"5724",114.36385284233
"5725",88.5573223421189
"5726",106.848971331426
"5727",107.446591793344
"5728",110.015021925298
"5729",90.6175872008698
"5730",109.874782024425
"5731",79.384660437535
"5732",57.2765510238516
"5733",99.6935426488629
"5734",76.8863250291042
"5735",101.781629115086
"5736",107.447791464296
"5737",89.9409783808483
"5738",117.468368279168
"5739",75.8426317889683
"5740",91.1547995527942
"5741",86.621992115466
"5742",104.301956172928
"5743",83.2378721881056
"5744",76.6463173875737
"5745",110.573947697481
"5746",67.1384638062435
"5747",98.1362021700062
"5748",75.7784859151923
"5749",93.9463770442861
"5750",102.111432897422
"5751",209.455341377772
"5752",98.9422644318307
"5753",82.2147313642996
"5754",90.9534885848017
"5755",124.733843448524
"5756",139.01079973658
"5757",89.4673387786105
"5758",111.599181952801
"5759",72.0407618227418
"5760",77.9712706716623
"5761",73.2450751894893
"5762",79.040407103331
"5763",77.8760024646143
"5764",129.370291318259
"5765",89.8786928174485
"5766",70.7401390921337
"5767",73.971995014297
"5768",83.0609285200497
"5769",99.1880073235606
"5770",69.3253030542128
"5771",103.2530549535
"5772",115.050541305695
"5773",87.5765999447569
"5774",63.4490852367392
"5775",127.708493100723
"5776",113.339180561551
"5777",82.4530384258579
"5778",83.8173174894695
"5779",118.796141730142
"5780",98.353393489814
"5781",86.8298357887828
"5782",70.6425642106101
"5783",104.126257746809
"5784",95.5923780587371
"5785",107.258390067817
"5786",85.093472123743
"5787",77.8807234275517
"5788",97.689694738214
"5789",77.0863091691661
"5790",108.278597282145
"5791",64.3853060087162
"5792",89.7492141865805
"5793",111.324358282116
"5794",107.612742657338
"5795",91.8622258567405
"5796",108.021356895381
"5797",73.9580677759592
"5798",105.839711091645
"5799",120.747407025481
"5800",89.0464037215712
"5801",103.815836000738
"5802",131.763203912757
"5803",128.709250018334
"5804",97.2010387212638
"5805",94.5252034686841
"5806",85.6155691887717
"5807",97.5249591713725
"5808",75.4990052085586
"5809",80.1073974556326
"5810",78.3813249205573
"5811",109.322549231883
"5812",88.0842115404012
"5813",108.368778180655
"5814",79.1290052085586
"5815",155.36046849395
"5816",64.8488684172391
"5817",77.7886714779667
"5818",102.604552915481
"5819",86.4111114874862
"5820",70.2542009132184
"5821",123.851296921996
"5822",77.4895147727221
"5823",116.646327559754
"5824",173.518038357609
"5825",84.6892584224396
"5826",84.083108052337
"5827",85.1612116423821
"5828",86.2779536995627
"5829",89.611978263593
"5830",73.8506778635619
"5831",70.237083293795
"5832",73.1819200214196
"5833",75.9886292007735
"5834",89.5951401216334
"5835",125.566841079704
"5836",68.7007866895524
"5837",76.3048915346752
"5838",69.7790525061232
"5839",85.6024612591785
"5840",113.913595974853
"5841",76.3773353370953
"5842",90.9693689404078
"5843",99.7729759685433
"5844",117.587040958933
"5845",176.134647286989
"5846",83.0515202781244
"5847",75.6409154046055
"5848",207.934966801437
"5849",80.2194250031481
"5850",90.1258978322133
"5851",78.9108015973412
"5852",94.2919201381584
"5853",60.7763022852913
"5854",82.4547343913528
"5855",103.727226346647
"5856",122.93201602337
"5857",83.147443797875
"5858",114.439571956073
"5859",73.9983256511899
"5860",109.681576990245
"5861",111.000875052273
"5862",72.9572161614376
"5863",117.305020038357
"5864",132.351729185046
"5865",63.8153187479891
"5866",110.472038314142
"5867",95.3418361350522
"5868",70.417968681844
"5869",82.4429633460303
"5870",85.5918285695035
"5871",61.629219479417
"5872",123.679144564483
"5873",99.615969603407
"5874",95.560598290217
"5875",75.6270977586056
"5876",82.3558839138611
"5877",98.2546251643121
"5878",95.1750861112623
"5879",142.679849845245
"5880",90.3285701580805
"5881",65.8837182612511
"5882",67.1041685533007
"5883",84.2558839138611
"5884",91.9693611237254
"5885",96.681110153516
"5886",81.2456122725972
"5887",117.223193496533
"5888",82.8813920761242
"5889",61.2793898166125
"5890",127.231884055784
"5891",127.738465308605
"5892",119.068050898262
"5893",128.469708733071
"5894",126.121923981224
"5895",79.6966287167779
"5896",95.479745486775
"5897",73.3816633017173
"5898",91.8806231253496
"5899",83.8076446247687
"5900",91.7231673852599
"5901",65.2201595410872
"5902",80.5727743044557
"5903",197.449176100235
"5904",94.2855116536194
"5905",77.6886362704655
"5906",90.8160436046162
"5907",87.2870149921351
"5908",82.7815268270744
"5909",205.559544732407
"5910",63.8647718740327
"5911",80.8655474139159
"5912",66.2395453022625
"5913",59.3955723039783
"5914",105.792254626523
"5915",105.648200497923
"5916",116.343351693322
"5917",90.6196527770744
"5918",58.676524976993
"5919",134.44288785391
"5920",75.224734064261
"5921",76.8797131249182
"5922",117.310917790766
"5923",109.088103727052
"5924",70.0865306053133
"5925",69.7098224795821
"5926",132.389871213002
"5927",141.470887677697
"5928",130.315688416727
"5929",68.254916505077
"5930",84.5987677163161
"5931",67.1232168657697
"5932",93.7245856249215
"5933",91.2759246964396
"5934",118.064154677198
"5935",124.854343649202
"5936",99.2430894134215
"5937",80.3238495900607
"5938",64.099957441134
"5939",68.2838224772559
"5940",153.587674139535
"5941",89.2902263587333
"5942",104.080474482114
"5943",140.078997164077
"5944",78.8728153864374
"5945",98.3320132432264
"5946",68.1740919064517
"5947",141.677021141674
"5948",88.4800104538825
"5949",122.896741672025
"5950",105.799521980377
"5951",100.903905620482
"5952",81.394475525427
"5953",101.798638433566
"5954",105.550913690955
"5955",90.9447885704395
"5956",123.921344124523
"5957",87.3652837591713
"5958",89.1159317162001
"5959",82.2517228022153
"5960",97.4488460338619
"5961",111.56089066533
"5962",167.42192588961
"5963",92.9131185389399
"5964",79.8901857190939
"5965",106.338510835894
"5966",97.3102768578012
"5967",76.7740450839026
"5968",98.3519253472251
"5969",82.5594169340752
"5970",73.6359940363332
"5971",88.8095944568394
"5972",106.336905521784
"5973",76.2832214272694
"5974",72.3872281076177
"5975",66.225074859034
"5976",74.8186487704625
"5977",84.2048663167854
"5978",77.569237973051
"5979",122.923193496533
"5980",111.564393464869
"5981",99.8155418710223
"5982",106.332809680823
"5983",96.8918361350522
"5984",106.093715124898
"5985",89.8744452378247
"5986",94.4010257444424
"5987",68.8959940363332
"5988",117.670186433844
"5989",101.879586023013
"5990",79.9104227086622
"5991",127.902622494715
"5992",83.9063895006
"5993",117.634363731124
"5994",77.9461756918424
"5995",81.54253882743
"5996",99.8373289572237
"5997",115.32101277477
"5998",74.2715365022246
"5999",64.1193827174693
"6000",107.247900977107
"6001",74.2521358895631
"6002",87.6921593385786
"6003",76.0815846379875
"6004",146.856015944883
"6005",80.3566001735372
"6006",115.972109935259
"6007",149.615332160417
"6008",90.3062843685807
"6009",98.5673645316299
"6010",89.0188300954868
"6011",82.3340288299331
"6012",91.953518004033
"6013",84.7987668258939
"6014",118.691283471604
"6015",114.084490703385
"6016",92.3155718471804
"6017",102.259358432974
"6018",125.48549131642
"6019",89.7552052092992
"6020",116.122027973546
"6021",94.2385692984833
"6022",146.891192521144
"6023",65.90810908358
"6024",97.4534419204165
"6025",116.531275621572
"6026",73.003944751545
"6027",83.1430936108267
"6028",111.263591321096
"6029",112.88593829406
"6030",76.9740966981964
"6031",77.2325945065585
"6032",90.6529118921965
"6033",92.3074886256501
"6034",99.7678936213462
"6035",88.960521290688
"6036",80.6329526113275
"6037",76.3513307552683
"6038",117.362600396278
"6039",87.8290922305784
"6040",86.5084085498149
"6041",141.820319606753
"6042",110.052678901238
"6043",76.9551346773717
"6044",135.908988712276
"6045",100.335197547734
"6046",72.6806109628282
"6047",157.37715129225
"6048",92.0659047131577
"6049",80.7746985651658
"6050",88.1680551564493
"6051",151.938367853907
"6052",82.4415932219002
"6053",91.9553139458153
"6054",105.069079058611
"6055",81.0745439049611
"6056",79.3963173875737
"6057",83.2473202203461
"6058",129.815043387474
"6059",93.2433497982882
"6060",84.3034381698339
"6061",94.0704239079278
"6062",70.2287082958275
"6063",144.384753781105
"6064",116.715718141005
"6065",80.0213546341204
"6066",156.370494154021
"6067",61.5665886476537
"6068",88.732748868448
"6069",104.367893621346
"6070",72.9104544568755
"6071",96.3734068554653
"6072",70.243171282153
"6073",70.0954900004187
"6074",69.4624092743749
"6075",145.535938515068
"6076",67.5005621901056
"6077",71.8911227753688
"6078",105.157547412394
"6079",114.359054720832
"6080",83.9585582998964
"6081",63.9650996760964
"6082",73.6524430998653
"6083",102.814444448664
"6084",94.1276988586963
"6085",119.583351693322
"6086",78.970815040075
"6087",91.8048577386887
"6088",166.669435224514
"6089",96.0455868695545
"6090",88.2257812662608
"6091",71.6771189362619
"6092",101.755601222369
"6093",105.484948371544
"6094",114.780239619592
"6095",112.941952610742
"6096",77.5646471209415
"6097",66.4320378063074
"6098",108.072245710187
"6099",94.8249358125868
"6100",92.3493742291571
"6101",80.9302027609627
"6102",84.0843085746205
"6103",104.428783018107
"6104",101.14969653135
"6105",98.8173289572237
"6106",122.558174924914
"6107",90.5579288564253
"6108",78.0976642810908
"6109",79.9518935467684
"6110",169.031071617477
"6111",85.7015485420748
"6112",81.4646450000251
"6113",88.6752219301097
"6114",106.301138637425
"6115",72.5921398005608
"6116",91.3359836018337
"6117",62.3468017660082
"6118",183.241321621745
"6119",71.0537685239862
"6120",71.6096464728713
"6121",146.177842651093
"6122",104.285943701348
"6123",116.784755431048
"6124",133.227306929216
"6125",83.1333705374417
"6126",196.779442886265
"6127",69.6262552152614
"6128",81.6751414451753
"6129",127.284455944807
"6130",86.4589415556362
"6131",97.7045725188264
"6132",88.1011842834584
"6133",69.9141718229685
"6134",118.067143212692
"6135",82.6952137319664
"6136",86.4048746174197
"6137",151.166412186151
"6138",83.4858984152354
"6139",62.2342984737742
"6140",106.089853077618
"6141",157.542485238647
"6142",80.0814434957091
"6143",74.4305727244498
"6144",73.6210752217271
"6145",238.815781879886
"6146",102.348316149558
"6147",71.6182513095595
"6148",111.052838317455
"6149",70.3817639934572
"6150",78.754660437535
"6151",174.671114317193
"6152",95.4042140085327
"6153",95.990385763965
"6154",97.9352858824786
"6155",96.4818874110598
"6156",201.781142891351
"6157",104.145070179213
"6158",82.9104259552273
"6159",138.917162378708
"6160",114.812176664894
"6161",82.5201857190939
"6162",77.2589304648181
"6163",78.8715165824939
"6164",122.571794005702
"6165",93.6556421613548
"6166",90.6252799147216
"6167",77.3515365022246
"6168",95.238424488299
"6169",74.0552401824274
"6170",107.518510835894
"6171",85.0237493779029
"6172",100.33303039367
"6173",139.88710767551
"6174",113.462245710187
"6175",237.018666306592
"6176",81.147294584774
"6177",85.4268793190784
"6178",118.500124346981
"6179",146.082266279807
"6180",92.8171368697164
"6181",119.49499793532
"6182",71.695272286553
"6183",69.8383678858434
"6184",80.9746236821509
"6185",70.0144464561443
"6186",97.009745486775
"6187",79.7684792380212
"6188",83.3566419973592
"6189",105.385394537323
"6190",84.8661641396728
"6191",110.370578054774
"6192",117.91557383604
"6193",71.7301761246031
"6194",66.0338224772559
"6195",66.5956900380344
"6196",145.401285609559
"6197",104.796056287912
"6198",80.4535620176682
"6199",71.1991256456423
"6200",99.7194486587049
"6201",115.685366721989
"6202",73.8622505458185
"6203",107.760283499015
"6204",95.6349131049888
"6205",137.77258061129
"6206",74.0305244726303
"6207",105.12114438486
"6208",121.684594776674
"6209",70.7509236245733
"6210",70.0352740987235
"6211",122.569289213024
"6212",85.5875548189506
"6213",120.321276675662
"6214",117.928966850764
"6215",76.8973091231146
"6216",67.1500180900238
"6217",106.265622148572
"6218",106.105983533652
"6219",77.5315402945704
"6220",137.858624880385
"6221",62.2486663747599
"6222",85.0666211652549
"6223",99.8611329001116
"6224",77.8574452397065
"6225",96.7089432028378
"6226",107.122663016498
"6227",82.9226686698164
"6228",87.6884822145413
"6229",91.1084942646009
"6230",163.776204183917
"6231",61.9464575909768
"6232",120.186887254839
"6233",63.4285624977989
"6234",121.684078966918
"6235",97.926576508661
"6236",94.9452718312957
"6237",62.8042423593536
"6238",83.1616933017459
"6239",108.250239619592
"6240",83.473477784517
"6241",127.830644185894
"6242",82.1606050349309
"6243",103.480886195686
"6244",128.608692760828
"6245",84.9982901272935
"6246",72.1742009132184
"6247",125.282261903019
"6248",80.8847440176499
"6249",94.0264222329033
"6250",81.238932663595
"6251",80.8441835386204
"6252",86.8065407373667
"6253",82.0252057152796
"6254",100.84405726858
"6255",69.8297382915516
"6256",71.5681019091892
"6257",118.174594776674
"6258",83.5468815118506
"6259",135.649983831294
"6260",95.2304609281819
"6261",90.835339340648
"6262",107.318900850459
"6263",77.1259240973834
"6264",86.3363091314881
"6265",66.271174649356
"6266",75.8495925713581
"6267",88.7502952481497
"6268",108.459124168408
"6269",72.8806455357879
"6270",91.7286928174485
"6271",125.014611405177
"6272",71.5298814409022
"6273",75.7144823843115
"6274",67.6233062867069
"6275",118.491832209458
"6276",82.4301730943205
"6277",69.1280231172898
"6278",124.228596232175
"6279",108.870739660946
"6280",80.4891327763001
"6281",108.787024800146
"6282",93.6074248336524
"6283",110.708163853108
"6284",112.856739590729
"6285",80.5592840075931
"6286",120.192164720885
"6287",108.718936962865
"6288",81.7950013578693
"6289",84.3057065178024
"6290",123.194693971583
"6291",80.2135620176682
"6292",121.719426810691
"6293",120.648496397049
"6294",86.7274424582004
"6295",82.6006694600728
"6296",88.2147265489887
"6297",93.3846085528799
"6298",197.561278404307
"6299",97.6097227331534
"6300",176.276458864454
"6301",106.511494561712
"6302",146.023252966948
"6303",102.133520076372
"6304",85.855404614448
"6305",157.655299306946
"6306",143.935449241216
"6307",111.476313037902
"6308",74.0837006905166
"6309",77.9505974960457
"6310",85.2859204219939
"6311",73.7463320604159
"6312",94.300377396984
"6313",96.942298880728
"6314",130.834455944807
"6315",123.45580293629
"6316",85.5866510181651
"6317",105.319521980377
"6318",85.6243518883436
"6319",82.5146916279739
"6320",80.9714196177021
"6321",75.1038571547971
"6322",79.151566451357
"6323",68.2085813012703
"6324",89.1302263587333
"6325",58.9522801035496
"6326",91.6415436184486
"6327",98.191266200708
"6328",101.710119826287
"6329",68.9793481202023
"6330",90.0023201607261
"6331",70.4833997513871
"6332",68.6628312479408
"6333",165.359435224514
"6334",87.3295926738722
"6335",156.038996094705
"6336",104.994780793977
"6337",117.736420839702
"6338",95.3175750764819
"6339",101.329655464179
"6340",74.8759396756993
"6341",78.1725513004021
"6342",214.170812832049
"6343",66.1028739847013
"6344",69.181727969701
"6345",67.2515587618336
"6346",93.6005039070751
"6347",91.5828146219876
"6348",74.9116827010587
"6349",86.8836324524599
"6350",105.404633640382
"6351",82.6644044666939
"6352",80.3922872246852
"6353",178.871724875094
"6354",185.229449347021
"6355",83.3045527423099
"6356",86.4189788557251
"6357",106.626948903375
"6358",119.004229103827
"6359",87.6053280977855
"6360",73.9000553264698
"6361",71.3347299446419
"6362",71.2196528185764
"6363",77.8943743840561
"6364",136.35187876244
"6365",72.0215304177409
"6366",80.8033835756425
"6367",93.9895288919132
"6368",100.596042218808
"6369",98.9906497000193
"6370",89.4555640828754
"6371",130.408938737228
"6372",86.6090918815057
"6373",78.1146471209415
"6374",80.7188473130931
"6375",104.664650878955
"6376",69.3092562806962
"6377",85.2667556199165
"6378",88.6343056680955
"6379",99.0862455041028
"6380",114.288773677231
"6381",64.5856826898726
"6382",82.9295668840635
"6383",149.372044504729
"6384",104.638374730474
"6385",94.3710606111476
"6386",126.956938637683
"6387",64.1399664418076
"6388",94.3178033579447
"6389",82.1364605899059
"6390",79.9830245430717
"6391",135.854826761937
"6392",81.9352981525899
"6393",68.00726232633
"6394",82.3874548091817
"6395",100.075509761549
"6396",111.907205060425
"6397",124.598363560751
"6398",85.6756904558667
"6399",91.5279473339916
"6400",95.4976252662063
"6401",116.91425293145
"6402",70.9865410146047
"6403",91.006434535036
"6404",84.0984778104478
"6405",129.245241061534
"6406",92.610658250751
"6407",100.003146504859
"6408",102.319922575986
"6409",93.8743826680156
"6410",63.5529745681219
"6411",63.3946636199189
"6412",84.1194026240587
"6413",118.897545096411
"6414",88.4985576021848
"6415",87.109411222393
"6416",204.155238695387
"6417",79.3704857693109
"6418",59.7000884680754
"6419",95.8754297954723
"6420",72.3477600048229
"6421",94.7484196368336
"6422",126.457911736164
"6423",113.292111561096
"6424",70.1419915744784
"6425",208.797245956605
"6426",90.3817524396961
"6427",90.9839722469466
"6428",90.1190547531372
"6429",93.2957596691702
"6430",84.4561413736282
"6431",100.468727625168
"6432",76.3519020695654
"6433",85.2786042553044
"6434",64.7989521987199
"6435",91.3745779157287
"6436",86.3360281587791
"6437",96.8081272089498
"6438",85.0441207586516
"6439",78.2537629573205
"6440",95.1608915640744
"6441",101.356402746936
"6442",91.7826796663129
"6443",106.263888673919
"6444",92.5617075229392
"6445",126.544132645386
"6446",75.3077377419401
"6447",153.99961823287
"6448",137.560458505082
"6449",92.2831828924432
"6450",112.141180189737
"6451",82.8369801379178
"6452",73.2350467328596
"6453",99.5128241059993
"6454",78.6195829637674
"6455",84.2553793760736
"6456",72.6841415870392
"6457",113.630268303605
"6458",69.7734052256026
"6459",132.068710811249
"6460",126.344102002485
"6461",108.649888155204
"6462",167.126019731244
"6463",101.013849889204
"6464",91.2017982627992
"6465",74.2889684709821
"6466",68.4982289885359
"6467",130.985232012493
"6468",87.518121780244
"6469",75.1163471143349
"6470",95.95347251254
"6471",120.652441823861
"6472",76.8384590704606
"6473",98.5485854833386
"6474",165.380826491733
"6475",96.7038219055596
"6476",83.3776209476855
"6477",79.0206800257246
"6478",104.170886195686
"6479",84.7249976362293
"6480",87.4174424053294
"6481",152.383794902264
"6482",96.3139652791198
"6483",155.709461084688
"6484",99.5000804782133
"6485",91.2409643266264
"6486",72.4376648822506
"6487",101.993518887068
"6488",76.2297206592118
"6489",121.101613610179
"6490",93.826988494965
"6491",70.5852794822287
"6492",133.230863942175
"6493",102.498827423453
"6494",170.046387807112
"6495",75.7106030744308
"6496",113.30549206143
"6497",66.003754054774
"6498",71.185272286553
"6499",62.9829665373905
"6500",64.165044409243
"6501",129.635232012493
"6502",72.0038127626691
"6503",81.772343864457
"6504",80.7261616223607
"6505",138.457406454877
"6506",137.851982801225
"6507",84.886928461604
"6508",85.1698383826138
"6509",95.7126934262811
"6510",80.8311111204669
"6511",83.0324059901483
"6512",73.1717808331171
"6513",108.762924034541
"6514",72.8379711018771
"6515",75.499674343493
"6516",138.247021141674
"6517",89.2702376479472
"6518",75.463870950339
"6519",86.818932663595
"6520",267.250831492826
"6521",68.3992559060131
"6522",97.9643313260205
"6523",60.5199912993928
"6524",149.324356424659
"6525",81.5412451973272
"6526",90.0596414983471
"6527",69.1920378063074
"6528",78.5949388443309
"6529",144.325938515068
"6530",83.4394448930815
"6531",64.373245323115
"6532",156.697073539571
"6533",67.2820875166273
"6534",195.684307387327
"6535",74.6272402570068
"6536",102.13569965756
"6537",93.0439157050449
"6538",88.9094453306475
"6539",118.109297893365
"6540",79.5759957010417
"6541",99.5280314074286
"6542",93.8503570990571
"6543",86.0541938131172
"6544",124.98580293629
"6545",102.556167104158
"6546",78.6173637359087
"6547",86.0443934137386
"6548",157.172047389746
"6549",90.6878567385773
"6550",126.793550893739
"6551",103.883667812993
"6552",84.8633823335658
"6553",72.2098352636064
"6554",136.041142128575
"6555",75.2673353370953
"6556",83.5455659925909
"6557",74.6533192730265
"6558",88.7043242963983
"6559",81.2766113549098
"6560",124.964297302118
"6561",96.0348781400332
"6562",74.1196356159721
"6563",70.5597923931866
"6564",73.7835715144319
"6565",88.8163744113259
"6566",109.511800407947
"6567",126.409644758522
"6568",84.050890008013
"6569",100.580970089655
"6570",108.921132900112
"6571",82.173643938227
"6572",152.681192120379
"6573",66.9888440792269
"6574",124.095651950222
"6575",79.8185455506521
"6576",80.8388758974017
"6577",118.849039066047
"6578",100.194071496537
"6579",75.3416071435257
"6580",85.6886111178033
"6581",103.650211714514
"6582",71.2571586993856
"6583",148.321760232896
"6584",145.714756693476
"6585",108.007171852575
"6586",81.5206144051091
"6587",78.2308017873381
"6588",66.6434306634334
"6589",89.9806231253496
"6590",137.797158926076
"6591",113.982176664894
"6592",124.42884757154
"6593",77.5442332855742
"6594",73.1126271529037
"6595",116.553587511638
"6596",111.051880629523
"6597",84.0281486038672
"6598",92.5487192634419
"6599",97.3152437234249
"6600",71.1359292945456
"6601",84.0366211652549
"6602",70.8940966981964
"6603",103.414098446492
"6604",75.8377639057539
"6605",89.2728956905747
"6606",103.07132818819
"6607",95.9635506940373
"6608",78.3544843946568
"6609",78.1446469030277
"6610",91.9745293508735
"6611",77.9932214272694
"6612",94.3934705143336
"6613",95.4046085528799
"6614",91.7771734781922
"6615",100.451206504641
"6616",111.674275659004
"6617",82.6672858507382
"6618",103.098265873799
"6619",92.5740374617969
"6620",106.373938195815
"6621",106.139289536705
"6622",90.6548903359304
"6623",76.506961877748
"6624",126.73903549414
"6625",77.3151375699347
"6626",77.1451818340724
"6627",62.368669684539
"6628",127.138873133722
"6629",105.684444448664
"6630",68.1721210624934
"6631",140.996981154551
"6632",74.8220644275454
"6633",91.5266900516797
"6634",66.5111022169689
"6635",79.7724398694679
"6636",109.621188544174
"6637",91.2752837591713
"6638",99.5888576492732
"6639",109.99919068504
"6640",186.799696636967
"6641",64.6707969963419
"6642",139.808088530279
"6643",122.814675171165
"6644",99.8439188523572
"6645",66.2288611054471
"6646",78.3384792380212
"6647",97.1289804533306
"6648",100.11764211
"6649",80.8565789975512
"6650",152.534843650297
"6651",82.1514380177502
"6652",101.2571045152
"6653",85.6894169340752
"6654",91.5339911186477
"6655",75.2451346773717
"6656",111.1842333119
"6657",145.956263407461
"6658",81.8633385867969
"6659",127.035234503449
"6660",88.1935098361323
"6661",92.6904416379114
"6662",81.8381256198202
"6663",100.199816595312
"6664",67.5504326417381
"6665",77.5216317785813
"6666",80.3081256198202
"6667",111.445340378417
"6668",176.545839558585
"6669",103.037207534639
"6670",108.631489636148
"6671",126.553824424762
"6672",96.3008392084445
"6673",67.545428132871
"6674",76.4615388011788
"6675",130.961344124523
"6676",131.950644185894
"6677",119.401665918468
"6678",84.6518625197616
"6679",78.8815478969989
"6680",138.886278373086
"6681",81.6569801379178
"6682",88.1099969584119
"6683",99.8079866110464
"6684",85.058914062888
"6685",94.6981272089498
"6686",141.055102373025
"6687",81.8784423864598
"6688",92.3714125698644
"6689",65.6368267328289
"6690",122.934078966918
"6691",124.662037961841
"6692",94.4242577306196
"6693",89.2510061103122
"6694",114.077009878054
"6695",91.928986047382
"6696",124.407840260366
"6697",84.8272100513903
"6698",76.4180115906928
"6699",102.033246754156
"6700",79.6623531862803
"6701",86.1115866674694
"6702",80.9235135497334
"6703",79.0442036682815
"6704",108.507904506001
"6705",76.2263989017941
"6706",62.7594985445527
"6707",75.0656608510495
"6708",119.307978936913
"6709",120.453147336805
"6710",102.320240738309
"6711",94.8817131180283
"6712",74.4275449570853
"6713",96.6408583140265
"6714",101.329800060944
"6715",78.4682339395298
"6716",56.8764796857735
"6717",98.5562612504556
"6718",89.9951097828307
"6719",134.44567466287
"6720",88.8267458515785
"6721",90.3443518883436
"6722",134.131539187083
"6723",78.3840766255718
"6724",91.2427498520935
"6725",67.3704572969242
"6726",114.740521920277
"6727",75.5316487396444
"6728",79.3410423403272
"6729",75.3405665451809
"6730",83.6148474416697
"6731",171.453180371761
"6732",99.6368451405479
"6733",88.0539341679633
"6734",107.849127242384
"6735",67.4569286021917
"6736",79.7182474215256
"6737",101.613382789706
"6738",119.421295485317
"6739",94.7186981182926
"6740",142.865275881458
"6741",76.7636666191916
"6742",97.230431999822
"6743",77.1773688041975
"6744",81.8755112761837
"6745",90.3124629900979
"6746",85.6766219885652
"6747",72.3503434549149
"6748",69.4319771274619
"6749",103.195410013264
"6750",103.447764798487
"6751",139.747638812691
"6752",104.883392299171
"6753",67.4060249546365
"6754",149.474180316126
"6755",93.4219762845292
"6756",100.812642937821
"6757",73.3097923931866
"6758",95.8399738364445
"6759",83.5839258220194
"6760",92.899230299931
"6761",78.9599531496878
"6762",133.132815861068
"6763",88.5562024681015
"6764",66.9085076475506
"6765",82.9109853256893
"6766",81.2668843834336
"6767",108.098522266859
"6768",99.2200418788576
"6769",84.1248690618833
"6770",106.044780793977
"6771",204.771743478024
"6772",85.2060281587791
"6773",86.6390487533831
"6774",83.1228495395252
"6775",77.1857316133576
"6776",77.7652277098719
"6777",104.429620012409
"6778",101.742289931342
"6779",67.1695061367653
"6780",122.673548688963
"6781",172.228880750309
"6782",76.1182516283633
"6783",146.074753781105
"6784",80.7357890295108
"6785",85.9480351180148
"6786",89.662166674247
"6787",136.229928242603
"6788",89.9967129593988
"6789",86.1209829079095
"6790",87.1587668258939
"6791",77.7846594238742
"6792",90.6917982627992
"6793",107.728016342238
"6794",83.2155109003187
"6795",85.6635654900552
"6796",163.789155694885
"6797",87.5701817447785
"6798",93.4900039467467
"6799",83.4827895388833
"6800",86.7266888174013
"6801",141.764769111686
"6802",79.0224930225238
"6803",90.5218266875603
"6804",161.946238570738
"6805",108.180174964901
"6806",148.429592405047
"6807",92.3915436184486
"6808",150.725101745879
"6809",60.9968017660082
"6810",85.8881426035895
"6811",73.9538766076741
"6812",155.831421029331
"6813",189.592631541035
"6814",114.246692548916
"6815",67.5205094577456
"6816",106.240336261345
"6817",63.1894988727515
"6818",152.941984529247
"6819",74.8415194390177
"6820",65.1874607733029
"6821",82.9205551035717
"6822",109.436634502429
"6823",64.2978246646817
"6824",78.8057812662608
"6825",85.9432427730699
"6826",154.661569583267
"6827",102.690354318721
"6828",104.564029663339
"6829",121.305936944711
"6830",206.264535150505
"6831",97.1338980053242
"6832",75.138275459944
"6833",75.500932090486
"6834",82.96810069765
"6835",82.8093043951383
"6836",72.0630507136886
"6837",71.5706118494651
"6838",98.1007175659327
"6839",95.0664162336247
"6840",65.9812309549931
"6841",77.1599730939717
"6842",75.4503180512393
"6843",74.9268627831265
"6844",138.841990631589
"6845",123.782074518432
"6846",160.973724039302
"6847",86.9673500322817
"6848",104.628552180065
"6849",117.187677786892
"6850",114.310222381361
"6851",85.9548794072514
"6852",90.0389445751944
"6853",144.232318467883
"6854",150.451743199666
"6855",87.869853331372
"6856",72.9679585152773
"6857",87.8032674585091
"6858",125.556726297244
"6859",79.5328959146712
"6860",118.948016841854
"6861",81.0186150478356
"6862",184.557302860892
"6863",67.861174649356
"6864",98.967346157119
"6865",97.3488576492732
"6866",82.6809447326366
"6867",84.7645712139922
"6868",103.69852036245
"6869",93.4169386335538
"6870",91.5726844157798
"6871",79.6159929670217
"6872",80.4909447326366
"6873",112.066591793344
"6874",111.068198657721
"6875",104.2093946276
"6876",103.753645419728
"6877",80.2863330192996
"6878",79.2082780471555
"6879",101.386719710841
"6880",129.103714796683
"6881",88.9635776190848
"6882",75.4488456703311
"6883",76.3159783985848
"6884",91.2433861541633
"6885",87.2040918328707
"6886",74.2811409299494
"6887",78.4408731241826
"6888",93.6269631241072
"6889",87.0865407373667
"6890",194.069974863424
"6891",67.8295280525746
"6892",98.4436337463173
"6893",126.384214736126
"6894",67.4476648822506
"6895",103.014226728633
"6896",75.0909687385655
"6897",109.728280408299
"6898",118.756634502429
"6899",67.7830970771119
"6900",95.3437415370282
"6901",63.0275903009283
"6902",92.2250436870158
"6903",75.5415933879306
"6904",78.8897683144673
"6905",138.923830990202
"6906",116.459590972839
"6907",120.036683330108
"6908",73.4117749067135
"6909",117.649054720832
"6910",68.7709264366549
"6911",70.1261794621036
"6912",99.8592248626245
"6913",99.5923155089705
"6914",121.120480314939
"6915",74.4298108106096
"6916",79.6077027584616
"6917",79.6291998975529
"6918",78.6416912407608
"6919",149.143909388571
"6920",70.6456049276324
"6921",154.134961574945
"6922",157.017273578053
"6923",73.4776765574829
"6924",69.7186302635948
"6925",94.2922783174916
"6926",62.9592559060131
"6927",85.2025142553806
"6928",105.711042997781
"6929",68.6554264173104
"6930",94.3191952641874
"6931",117.406691271445
"6932",96.1597098525741
"6933",78.7004737951791
"6934",90.6778207363613
"6935",82.4231778339067
"6936",106.047487927369
"6937",100.310211714514
"6938",81.0379019728181
"6939",93.6112285209767
"6940",85.2446252526081
"6941",76.4463210034282
"6942",113.865129304699
"6943",139.38111978785
"6944",90.3561011004454
"6945",94.2308812926165
"6946",96.7488993783131
"6947",98.1933360720025
"6948",63.6047995460713
"6949",98.8425518122281
"6950",60.1983651149412
"6951",114.085927993748
"6952",78.7467028961675
"6953",91.7477077659597
"6954",73.7818313842468
"6955",79.6041158482175
"6956",73.322019401359
"6957",124.029005044425
"6958",66.3270167432109
"6959",158.762969359969
"6960",117.611163847457
"6961",77.9246687314055
"6962",68.8986912666203
"6963",61.923754054774
"6964",85.3858850736315
"6965",97.4562061738175
"6966",78.994388401829
"6967",63.4921345650381
"6968",131.907570495027
"6969",114.202816105423
"6970",86.656928461604
"6971",92.2943565235474
"6972",115.618368279168
"6973",82.9557776112661
"6974",89.7899281796664
"6975",72.0319247812212
"6976",72.7944823843115
"6977",70.1811424447916
"6978",79.7290034651953
"6979",102.517352580791
"6980",72.3701953752963
"6981",78.2072693521966
"6982",86.7488300954868
"6983",108.071025902248
"6984",92.8326934262811
"6985",104.822893866254
"6986",92.0350863691737
"6987",90.6679288564253
"6988",85.801510058462
"6989",111.379134658767
"6990",85.626188796639
"6991",117.871245191672
"6992",75.8550079990839
"6993",70.0868972465202
"6994",73.9051462201831
"6995",87.2502769641013
"6996",82.0157812662608
"6997",74.575216033409
"6998",89.8625388473705
"6999",94.0269332929336
"7000",76.1873974556326
"7001",81.1647343913528
"7002",92.2973870861611
"7003",121.30009351982
"7004",105.737220690135
"7005",89.1717982627992
"7006",80.5351579494609
"7007",106.402379840115
"7008",79.8288756032853
"7009",144.566098231219
"7010",78.4772858507382
"7011",65.8682289885359
"7012",56.2932022356638
"7013",87.1820754421725
"7014",66.2004891993813
"7015",63.0990406108925
"7016",91.5951988780079
"7017",103.607432756107
"7018",75.8768053436699
"7019",77.1345006572103
"7020",74.7819247812212
"7021",82.033043547536
"7022",67.5567865833106
"7023",71.9161909028745
"7024",183.991165600695
"7025",77.6188073020206
"7026",159.405175562417
"7027",65.1329184501002
"7028",61.4387625274838
"7029",97.1767873055334
"7030",72.8196528185764
"7031",199.649176100235
"7032",120.008050898262
"7033",71.6862628608601
"7034",91.2430765671339
"7035",86.0971418647813
"7036",153.92558313064
"7037",81.231855806336
"7038",84.8682953502826
"7039",72.5090337809079
"7040",71.0183190308865
"7041",97.2613857394038
"7042",96.0608583140265
"7043",66.9979585152773
"7044",93.0775105584726
"7045",114.615926305236
"7046",124.452498364294
"7047",90.6036652363089
"7048",124.982628887729
"7049",121.104582902062
"7050",166.881535597119
"7051",102.861753251938
"7052",74.0877432025869
"7053",153.442894472059
"7054",97.4693584329738
"7055",64.9570780178829
"7056",149.802792209762
"7057",75.8643334855046
"7058",77.2364812293307
"7059",118.893035591163
"7060",87.5805750014857
"7061",82.7686758636615
"7062",117.157677786892
"7063",64.7181686248427
"7064",75.4376825491351
"7065",121.668058911431
"7066",82.5621948404595
"7067",69.0663610920353
"7068",91.851877781724
"7069",78.0160963958355
"7070",73.8043087553801
"7071",72.7845421867236
"7072",92.8477402561132
"7073",90.6383644033401
"7074",81.5300902513861
"7075",74.2006118494651
"7076",106.069358432974
"7077",119.529614185523
"7078",69.2316014683529
"7079",77.3583173671729
"7080",133.782771529217
"7081",124.344078181446
"7082",81.8795513741067
"7083",87.7110469223426
"7084",71.9971489044546
"7085",110.742386617972
"7086",95.2757733961506
"7087",129.873861500183
"7088",246.676980941883
"7089",95.9060707860743
"7090",104.495985524095
"7091",79.7975449570853
"7092",74.2360024646143
"7093",125.527325241121
"7094",112.17468849321
"7095",93.4540312965101
"7096",95.9560627700595
"7097",91.7554081314848
"7098",87.0627297331053
"7099",118.219888273242
"7100",125.894752940865
"7101",106.69203540603
"7102",94.6839157050449
"7103",73.0746609703002
"7104",70.9336442201446
"7105",82.7075086402743
"7106",140.559514233772
"7107",82.4223519812887
"7108",96.5219771620504
"7109",91.9564162336247
"7110",192.047303869421
"7111",107.000654215776
"7112",94.0160810538541
"7113",78.8213031662404
"7114",100.505789016265
"7115",86.5086033314198
"7116",75.9804094541964
"7117",136.361027654609
"7118",93.9856287750726
"7119",60.2911232917419
"7120",80.68620617328
"7121",63.6581972219806
"7122",104.723246754156
"7123",80.5975103653171
"7124",164.714324580132
"7125",132.618692760828
"7126",117.324875497767
"7127",89.0586771763095
"7128",79.7687463247647
"7129",174.080160547931
"7130",130.47987853239
"7131",72.893908203558
"7132",75.4327865717442
"7133",85.9964921958951
"7134",88.5855637419918
"7135",132.738885731287
"7136",68.471272239754
"7137",125.841554673958
"7138",79.7236209281648
"7139",104.225825550203
"7140",128.112566843981
"7141",130.570623347268
"7142",65.3101394598965
"7143",104.664444490023
"7144",65.4805956254901
"7145",64.0967865833106
"7146",76.3555474139159
"7147",87.0418489378891
"7148",93.5761112599731
"7149",119.656740302749
"7150",93.9070841677683
"7151",89.4173645316299
"7152",94.8064136908742
"7153",91.5421791120204
"7154",124.80590800224
"7155",75.1031426566139
"7156",74.3688773702459
"7157",77.2291318167224
"7158",91.0898974463044
"7159",96.2097854665989
"7160",96.2065621597481
"7161",87.4545293508735
"7162",112.311165302027
"7163",77.8995180043051
"7164",66.2500358486238
"7165",86.8587790478698
"7166",106.233285229801
"7167",100.451266200708
"7168",75.9115135241091
"7169",83.8977303767922
"7170",66.6836038140476
"7171",163.166982764457
"7172",154.72371663355
"7173",110.732550422784
"7174",82.7441342228015
"7175",57.8796113436174
"7176",135.740887677696
"7177",67.4525532382962
"7178",135.241583343244
"7179",104.601992926848
"7180",89.23473713679
"7181",73.1406109628282
"7182",120.876020309681
"7183",84.5004654656972
"7184",69.9242294373949
"7185",76.1806030744308
"7186",69.8698243649535
"7187",99.8692486353746
"7188",79.917294584774
"7189",77.9557913038843
"7190",111.426722007251
"7191",81.6879686834514
"7192",81.1119828149804
"7193",105.553504554026
"7194",81.0325761858453
"7195",85.4690867129361
"7196",64.9174934675104
"7197",100.035471102648
"7198",136.931467753692
"7199",67.3691673857744
"7200",75.7673438480934
"7201",169.594084908282
"7202",101.648031407429
"7203",71.3021358895631
"7204",80.156543058711
"7205",81.0980377836358
"7206",141.52185447452
"7207",75.2182724121564
"7208",104.607741364174
"7209",83.8468855968751
"7210",93.7161120845793
"7211",104.197264510981
"7212",78.5614815063556
"7213",93.0337236237334
"7214",100.64527881446
"7215",60.17817630673
"7216",136.485008994283
"7217",89.8045263397554
"7218",112.221437869081
"7219",102.510722788816
"7220",85.4341391134786
"7221",88.6177117766926
"7222",107.149000831473
"7223",95.8065820880494
"7224",70.1705876309523
"7225",96.4574720887914
"7226",56.4676183078972
"7227",124.766126665545
"7228",156.685117057017
"7229",84.2134360516664
"7230",82.6111901122861
"7231",108.783217320995
"7232",73.0961221140452
"7233",82.5170428280041
"7234",75.2500286149584
"7235",130.070030461789
"7236",57.1536484522037
"7237",81.1674103109142
"7238",114.44379799301
"7239",97.6566740159981
"7240",68.8763873105492
"7241",108.493204551313
"7242",93.8395669549302
"7243",87.1522097308395
"7244",104.855560442258
"7245",73.878989305896
"7246",87.8634050464013
"7247",79.8721109191484
"7248",100.781321484601
"7249",82.3343760565806
"7250",89.9563647769093
"7251",74.9851414451753
"7252",226.672053419134
"7253",85.5499976657882
"7254",78.274889249154
"7255",169.578343276515
"7256",83.5542261529385
"7257",85.1380351180148
"7258",81.5498165601808
"7259",72.593721695815
"7260",145.58578363394
"7261",88.3175301411727
"7262",105.309756568661
"7263",108.838637305886
"7264",96.2135246786847
"7265",131.979406128333
"7266",105.285735803315
"7267",88.5808980960136
"7268",120.9934388634
"7269",80.3565794503255
"7270",130.886180726288
"7271",88.4131682619442
"7272",153.434770825082
"7273",59.2547534633924
"7274",116.453019930223
"7275",172.169736716181
"7276",96.7384290803701
"7277",105.214093515378
"7278",84.6137342277429
"7279",141.576352620788
"7280",96.992834456868
"7281",120.89481777433
"7282",99.4087276251679
"7283",76.7560760613678
"7284",88.510401822768
"7285",84.6305647047414
"7286",147.193909388571
"7287",75.3653383721074
"7288",101.926990935636
"7289",63.8297088509522
"7290",119.317932142002
"7291",86.9917332862977
"7292",190.152701342051
"7293",167.776387807112
"7294",67.9259074351163
"7295",99.3448231483586
"7296",109.594490703385
"7297",111.782983139258
"7298",89.29203621113
"7299",69.0979387865229
"7300",73.1302327758022
"7301",119.133141507102
"7302",130.602223939756
"7303",163.26441514459
"7304",78.9467997673381
"7305",118.053262411448
"7306",146.995818107007
"7307",171.353180371761
"7308",83.9490320396569
"7309",87.2350345087834
"7310",82.0182730227226
"7311",106.31090334061
"7312",64.459219479417
"7313",238.797509388416
"7314",63.3186597056085
"7315",82.2975484007776
"7316",78.2687441704271
"7317",89.8766089826372
"7318",75.8261066131099
"7319",80.0153524029232
"7320",90.8039571343139
"7321",100.586683620499
"7322",80.8722757962116
"7323",102.768486961067
"7324",97.3336597191855
"7325",87.1737928490413
"7326",137.375767198049
"7327",211.838240387804
"7328",78.3958232846423
"7329",94.2198306139454
"7330",99.9801505542833
"7331",65.1412187812471
"7332",77.1001115185195
"7333",122.458496397049
"7334",130.746938637683
"7335",99.5107692278087
"7336",72.9540153345427
"7337",83.1267872434174
"7338",62.2368344524955
"7339",151.944275113149
"7340",107.944743440735
"7341",83.7352634866737
"7342",95.4011842834584
"7343",83.9895911764797
"7344",170.665778887515
"7345",188.689373627539
"7346",64.6915177376674
"7347",87.3247489695743
"7348",70.533879018171
"7349",113.309252007318
"7350",174.502285487302
"7351",109.609688053208
"7352",62.4224416849235
"7353",90.4231700336333
"7354",94.6293739858792
"7355",73.985408143421
"7356",107.779735580266
"7357",132.508710811249
"7358",119.732349744078
"7359",87.362124516577
"7360",82.7464921764825
"7361",96.4306209205454
"7362",87.7574368382114
"7363",100.573226679193
"7364",143.764784782031
"7365",109.992520973873
"7366",75.5628742166079
"7367",104.90080433138
"7368",81.5150464320618
"7369",179.944558750856
"7370",108.822987886518
"7371",84.7610715427234
"7372",105.048374730474
"7373",96.5026194994813
"7374",114.078338381237
"7375",74.0697386724223
"7376",93.8779649190359
"7377",76.6420058714023
"7378",133.152099188613
"7379",152.694016794761
"7380",135.102223939756
"7381",111.916160251216
"7382",80.0613031662404
"7383",78.6167847879216
"7384",76.3015411268324
"7385",62.4335119002731
"7386",117.848368279168
"7387",75.3950501817199
"7388",103.756164284803
"7389",95.0756237122329
"7390",77.3215769592898
"7391",93.5298306139454
"7392",69.1851220034126
"7393",76.5151478655981
"7394",108.742838317455
"7395",74.9554228667771
"7396",74.9625632091933
"7397",93.6765478537964
"7398",125.054693971583
"7399",119.523714516208
"7400",109.545455312741
"7401",91.0753167209515
"7402",75.5531953681128
"7403",75.2064992304266
"7404",67.2264842577848
"7405",65.4102105836305
"7406",79.6450705801144
"7407",71.740335833237
"7408",78.636682047604
"7409",132.554091629945
"7410",65.4986928520578
"7411",108.611333866172
"7412",66.4797045869723
"7413",73.2688773702459
"7414",71.3904983129363
"7415",75.046466863775
"7416",89.6216785908946
"7417",100.164625164312
"7418",89.5442968521726
"7419",100.879756568661
"7420",118.458880597114
"7421",90.4318846473231
"7422",98.1887002307076
"7423",135.33395421175
"7424",69.5606334105501
"7425",61.668351752649
"7426",93.309484614491
"7427",98.583230322116
"7428",99.6670301336877
"7429",201.624765055712
"7430",156.486955696228
"7431",59.6885020810464
"7432",88.1467184222522
"7433",96.1069045727431
"7434",163.012416280498
"7435",64.9427863616892
"7436",72.9574421035142
"7437",103.418723447561
"7438",75.2360584687809
"7439",112.278550877832
"7440",83.3917807197325
"7441",82.0168240245843
"7442",78.8751295724893
"7443",122.351903220695
"7444",160.48071830564
"7445",115.981991678137
"7446",111.470639454312
"7447",117.130917790766
"7448",111.427721688373
"7449",105.441643501849
"7450",108.776768723335
"7451",139.288163687175
"7452",100.034552915481
"7453",70.7904375853869
"7454",123.341580085285
"7455",149.466628107621
"7456",90.5452539679649
"7457",127.750361666661
"7458",139.64225139429
"7459",77.629983518174
"7460",86.4467768642537
"7461",108.974176923524
"7462",112.653100138585
"7463",133.958940603223
"7464",180.6364611093
"7465",101.364963978216
"7466",127.327110296259
"7467",99.5086619885073
"7468",72.5597998655858
"7469",172.321439808522
"7470",192.742183471842
"7471",90.9533497982882
"7472",91.897062376835
"7473",67.563397714324
"7474",85.0212066923285
"7475",103.618874104066
"7476",81.2732621122658
"7477",64.332086309024
"7478",101.499448658705
"7479",101.111309798909
"7480",85.6853771500691
"7481",99.4107692278087
"7482",86.9073387786105
"7483",117.477612235827
"7484",110.428308056175
"7485",133.698598159384
"7486",212.837245956605
"7487",88.2364921958951
"7488",123.119426810691
"7489",70.2096622083222
"7490",125.354057040452
"7491",116.451879674685
"7492",87.0756018487681
"7493",76.0544279554587
"7494",75.5450691400739
"7495",128.646557217939
"7496",88.7587777340085
"7497",83.7113255326976
"7498",70.0341643587971
"7499",230.190624240846
"7500",113.80593829406
"7501",94.9329475119777
"7502",139.418997164077
"7503",97.896996797902
"7504",81.6066656486469
"7505",117.424527654609
"7506",61.0865628492029
"7507",150.7896228999
"7508",94.3740567418086
"7509",95.3997291238724
"7510",89.9958195435301
"7511",76.8148064063767
"7512",87.8736738632836
"7513",79.1394250031481
"7514",93.5233656298652
"7515",72.8679445633355
"7516",82.6586478107707
"7517",98.1203481501377
"7518",109.335202869794
"7519",71.5141685533007
"7520",82.9526583052761
"7521",105.278778180655
"7522",111.384275659004
"7523",84.1776061914509
"7524",90.8193274737887
"7525",97.0367117053331
"7526",62.4228851914267
"7527",87.6000104538825
"7528",91.2284869272638
"7529",92.7155625222682
"7530",89.6934381698339
"7531",107.660068709179
"7532",70.4309449436661
"7533",136.132670977502
"7534",81.0374512324111
"7535",72.3302562955949
"7536",87.3384264517389
"7537",66.4904891993813
"7538",141.664987995668
"7539",121.076736900005
"7540",100.346653096904
"7541",108.06343098015
"7542",83.0450789088946
"7543",70.7902111579553
"7544",97.9162330307023
"7545",121.220472643088
"7546",73.0869220445014
"7547",100.603554500127
"7548",91.2081091351592
"7549",84.524805401502
"7550",72.656118043228
"7551",67.1252794822287
"7552",81.796733501984
"7553",94.7968540143575
"7554",88.5725788610162
"7555",75.2820259558571
"7556",80.2627752377741
"7557",94.4875245387611
"7558",116.97557383604
"7559",199.146350328084
"7560",91.7686771763095
"7561",84.4282978367203
"7562",100.745993172277
"7563",85.720339471624
"7564",101.375362829359
"7565",108.994924547091
"7566",136.529933564165
"7567",73.110030882811
"7568",67.6461221140452
"7569",68.6984416560294
"7570",76.2129539693454
"7571",76.0281346034939
"7572",240.998088346471
"7573",66.3930129006415
"7574",97.6486981182926
"7575",100.292356711088
"7576",87.0963744113259
"7577",77.7757407867415
"7578",121.967550515443
"7579",91.1554668138407
"7580",89.0683992625987
"7581",99.4445074702181
"7582",120.200864214763
"7583",128.807297650187
"7584",110.863936099012
"7585",73.9498865427628
"7586",101.855363900774
"7587",146.788010862908
"7588",87.9557608963803
"7589",91.329688304626
"7590",70.3785934494759
"7591",83.2170882321078
"7592",73.6680115906928
"7593",107.020283499015
"7594",87.4946613003815
"7595",59.1924003515635
"7596",91.2169815654048
"7597",130.248285956961
"7598",103.927112022005
"7599",71.1307175522975
"7600",98.2754451825203
"7601",93.5684982869497
"7602",86.5822797533953
"7603",108.843715124898
"7604",94.113811874153
"7605",162.403582647641
"7606",98.4198003640774
"7607",113.232482751941
"7608",72.3794600372678
"7609",66.308372090146
"7610",98.7682386421935
"7611",120.78919210263
"7612",84.9761029933351
"7613",83.6841207586516
"7614",105.18915157019
"7615",64.6400082734855
"7616",69.7638635803967
"7617",129.561729185046
"7618",75.4180018781549
"7619",92.3183190613567
"7620",78.2837399447742
"7621",122.847210486398
"7622",83.5201466936559
"7623",101.928112229055
"7624",130.710991419483
"7625",64.4893003621743
"7626",77.157613244315
"7627",123.119619685964
"7628",57.16842958904
"7629",144.334784782031
"7630",73.0187451617518
"7631",66.1465020109291
"7632",108.587962338498
"7633",63.5116727480137
"7634",83.0854826714669
"7635",71.0673353370953
"7636",70.8678337189515
"7637",76.6143825053312
"7638",98.8657602896982
"7639",103.345688771284
"7640",78.6505168062837
"7641",78.3198815636985
"7642",94.5623584540183
"7643",118.394755431048
"7644",118.799512805733
"7645",75.8089684709821
"7646",98.0086549194023
"7647",134.982099188612
"7648",92.2840934016752
"7649",114.354129383897
"7650",95.5798982513375
"7651",94.9370789179438
"7652",116.859317182609
"7653",89.4085094321659
"7654",77.1058837293775
"7655",100.026353924667
"7656",107.421356895381
"7657",78.5777696496864
"7658",93.3469332929336
"7659",138.877334149941
"7660",104.597134122111
"7661",127.849302121087
"7662",74.065269085129
"7663",101.677670837077
"7664",96.8303543187212
"7665",70.8871208893802
"7666",121.389297893365
"7667",223.302053419134
"7668",83.6888674622893
"7669",65.1990406108925
"7670",101.840157851116
"7671",88.698817246951
"7672",94.9476984229955
"7673",103.49194151614
"7674",71.9959725949429
"7675",78.8282780471555
"7676",69.9744118415701
"7677",93.4781091351592
"7678",70.9579517385571
"7679",166.703702863455
"7680",79.0819534668721
"7681",133.058763094021
"7682",90.0939098176078
"7683",72.7062661540652
"7684",81.7393778653167
"7685",91.0921124135508
"7686",116.648502740439
"7687",72.7679517385571
"7688",91.343047369584
"7689",83.4964347706603
"7690",59.7499447049726
"7691",124.045226803928
"7692",91.0181272089498
"7693",91.3423687905785
"7694",67.5505468025895
"7695",103.912123075421
"7696",83.9348208773621
"7697",104.960962808009
"7698",70.1812805575533
"7699",185.992476692284
"7700",68.6322589776982
"7701",84.1335654900552
"7702",139.286679889703
"7703",64.9466380167579
"7704",94.7662493391737
"7705",160.841721129335
"7706",137.292044530929
"7707",168.424197882011
"7708",82.7144928857186
"7709",75.7692947301301
"7710",106.611548285881
"7711",77.4668144920722
"7712",160.115675908662
"7713",124.343938331866
"7714",77.4115768213681
"7715",107.200096730119
"7716",85.7093258983116
"7717",98.9900418788576
"7718",74.0691335399656
"7719",182.675528399523
"7720",98.4591952641874
"7721",78.7177120849386
"7722",66.3959596547717
"7723",101.195122816167
"7724",94.3310248705544
"7725",81.7177027584616
"7726",79.1163454647076
"7727",104.904404703937
"7728",80.1123387254443
"7729",75.7415183248306
"7730",72.8133428048812
"7731",99.0213867822068
"7732",87.4401755050345
"7733",82.3477303767922
"7734",105.82435094365
"7735",67.207207105018
"7736",103.930546039229
"7737",97.4919103483576
"7738",69.5540908206655
"7739",79.0740475156838
"7740",94.4991479040279
"7741",91.2755418710223
"7742",59.3646576161124
"7743",96.9217110445067
"7744",71.8450892883202
"7745",88.5245461336749
"7746",86.8766973584064
"7747",121.167606937249
"7748",161.321263938458
"7749",121.70970153569
"7750",67.4990174454416
"7751",150.894209025351
"7752",82.4494182008559
"7753",120.988202393816
"7754",236.138666306592
"7755",86.7926377518545
"7756",187.461071781818
"7757",159.273571483767
"7758",86.3316409917446
"7759",101.328452731112
"7760",68.4449607581047
"7761",98.8993163061644
"7762",86.0854022873117
"7763",87.4217761657972
"7764",69.9465148806453
"7765",64.7374130476566
"7766",117.159995174376
"7767",76.6627859897882
"7768",138.630047705548
"7769",80.364475525427
"7770",106.739372047152
"7771",71.8646687314055
"7772",88.0259984683432
"7773",87.6717247682361
"7774",83.4473683855402
"7775",79.0443317322726
"7776",149.760127197877
"7777",98.9180314074286
"7778",131.576096282557
"7779",75.2267602860071
"7780",83.7746252526081
"7781",135.751235774742
"7782",70.7807656517563
"7783",84.6915319166855
"7784",87.3806800257246
"7785",123.099097745355
"7786",104.027805384716
"7787",79.3473683855402
"7788",96.4735614470583
"7789",95.6808380345013
"7790",92.0887867115231
"7791",241.836980941883
"7792",88.6935696810635
"7793",84.888539561882
"7794",67.6724833406385
"7795",149.992266279807
"7796",82.9847367880631
"7797",104.04801586475
"7798",108.715562734999
"7799",165.98015724109
"7800",89.2130680048979
"7801",66.81810908358
"7802",126.744747939156
"7803",137.466997196808
"7804",89.6760554602912
"7805",79.1516373866401
"7806",90.5389765305975
"7807",109.358448558841
"7808",82.5264499949249
"7809",116.647677786892
"7810",74.5517099097302
"7811",71.6525632091933
"7812",97.7969570061855
"7813",74.7208449057304
"7814",87.0947892727127
"7815",94.1019752067512
"7816",117.023382784807
"7817",73.3296374749102
"7818",81.4160974098113
"7819",131.759877070523
"7820",84.6440109164393
"7821",107.137369487117
"7822",87.9927150117552
"7823",112.606251447558
"7824",78.2998335474071
"7825",83.1644429976208
"7826",61.1883674944249
"7827",113.429849286884
"7828",123.949552984817
"7829",128.057882838359
"7830",69.4967466710832
"7831",60.2763718676045
"7832",88.9492012369606
"7833",76.2062391130937
"7834",64.641272239754
"7835",68.5576889365153
"7836",91.2697063968288
"7837",92.6687849352039
"7838",70.5002180472794
"7839",70.6869286021917
"7840",85.1628889802261
"7841",97.4319735506542
"7842",128.739482613935
"7843",68.9098852022856
"7844",113.199154691993
"7845",84.8296870737054
"7846",70.6754834149364
"7847",86.2089014523602
"7848",91.1800618134616
"7849",104.030913690955
"7850",91.2411456015717
"7851",136.581296547377
"7852",114.713100138585
"7853",84.6384845655843
"7854",71.3129687883224
"7855",58.3279036807321
"7856",68.8408516538315
"7857",113.358158182454
"7858",76.4421334896173
"7859",68.2642097676549
"7860",259.714297848611
"7861",232.248948949287
"7862",78.779775439606
"7863",117.501163847457
"7864",84.9790074870001
"7865",74.0345439049611
"7866",89.2052052092992
"7867",90.7558121422797
"7868",75.4675757015273
"7869",94.917294334035
"7870",85.3740559300225
"7871",63.4391347897764
"7872",135.050863942175
"7873",144.802761519278
"7874",82.0051996952236
"7875",60.3283674944249
"7876",102.369264129442
"7877",77.1368360229867
"7878",95.3779662651899
"7879",148.816792112892
"7880",83.5315202781244
"7881",65.3750562106623
"7882",73.1264407728466
"7883",97.6990683623539
"7884",89.3724466468802
"7885",63.9868400362282
"7886",144.248352415245
"7887",70.5874639024353
"7888",68.0321076238545
"7889",107.046512844121
"7890",74.8559418588327
"7891",94.4389804533306
"7892",101.948716502267
"7893",115.826241113277
"7894",88.4472100513903
"7895",78.8067453354139
"7896",127.744214736126
"7897",149.800076461896
"7898",184.550729765262
"7899",90.6321291334978
"7900",67.859521738183
"7901",74.3861031519599
"7902",74.016321603772
"7903",126.734343649202
"7904",81.6392141865805
"7905",136.358242703177
"7906",105.026201323717
"7907",128.338182046106
"7908",130.418632719875
"7909",96.3301434626951
"7910",125.388928475682
"7911",90.1127150117552
"7912",118.126691271445
"7913",92.1937037484561
"7914",67.6463446469435
"7915",76.8819626700166
"7916",162.249435224514
"7917",82.5917435805315
"7918",69.662554668827
"7919",80.6067768642537
"7920",101.196657936732
"7921",92.2030265691116
"7922",128.492468154494
"7923",70.4779030271353
"7924",99.6024743918012
"7925",118.68919210263
"7926",107.403382789706
"7927",77.3264406295448
"7928",106.668897416891
"7929",82.4515235610579
"7930",93.8165971546191
"7931",109.090010805876
"7932",61.0316200362644
"7933",79.5664578501439
"7934",91.8554441470875
"7935",89.3984869272638
"7936",107.590487462733
"7937",83.1815641859399
"7938",86.7338391793536
"7939",89.8125289679295
"7940",113.488379162836
"7941",147.128407768993
"7942",190.335404812997
"7943",98.0845832549253
"7944",75.8212706716623
"7945",131.06471722581
"7946",143.766167301316
"7947",77.8357858278777
"7948",72.5387829928443
"7949",72.501620964162
"7950",81.5647809550561
"7951",86.4095887223894
"7952",90.3093506924385
"7953",240.187697880363
"7954",116.572729825896
"7955",130.628285956961
"7956",71.3954264173104
"7957",117.528825251862
"7958",129.848189142141
"7959",90.1310061103122
"7960",93.6200161576222
"7961",109.802809680823
"7962",78.1947942555156
"7963",77.0860584687809
"7964",139.075938515068
"7965",108.642550422784
"7966",95.6226485063276
"7967",73.5205152734637
"7968",79.8913424397418
"7969",98.3784797863803
"7970",80.3768176292195
"7971",60.9382089315159
"7972",160.76046849395
"7973",107.844035881933
"7974",79.0936780543357
"7975",108.130328111771
"7976",103.863645419728
"7977",104.507137302285
"7978",122.186579508974
"7979",95.8106209205454
"7980",82.8194646961458
"7981",73.0981004648194
"7982",67.5361501638732
"7983",111.745467839264
"7984",96.6410035447197
"7985",77.0265888748896
"7986",66.453748035181
"7987",165.150235472083
"7988",87.9027750072119
"7989",114.255001799803
"7990",114.414139313842
"7991",72.6923661457364
"7992",70.8077600048229
"7993",75.8035398297981
"7994",105.254214588341
"7995",165.015778887515
"7996",81.5111067485531
"7997",68.3542255881148
"7998",112.477463397702
"7999",70.9535510062384
"8000",74.6021480394678
"8001",97.171723296261
"8002",64.6406263584923
"8003",72.7541819054393
"8004",81.9564880640695
"8005",90.8367503517096
"8006",84.5432820627787
"8007",83.6480704976624
"8008",130.173550893739
"8009",135.717194573334
"8010",134.707158926076
"8011",107.843715124898
"8012",83.4750438443248
"8013",115.960401614976
"8014",80.6305459579286
"8015",68.5497397157984
"8016",96.8709456902039
"8017",77.9201730943205
"8018",121.760480314939
"8019",88.1650345087834
"8020",95.7520370059396
"8021",80.1037086595366
"8022",149.440296589747
"8023",72.8691256456423
"8024",107.393258932985
"8025",88.5722112533735
"8026",72.343194551487
"8027",94.6459047131577
"8028",157.965299306946
"8029",189.204307387327
"8030",90.4039898171939
"8031",86.5064264033524
"8032",97.8415850414019
"8033",85.6030104369161
"8034",87.0013073441304
"8035",74.1982864633957
"8036",83.5550705801144
"8037",94.6310163463406
"8038",95.5868451405479
"8039",68.4633062867069
"8040",89.9314380177502
"8041",85.4990867129361
"8042",117.471610764961
"8043",92.7934152108839
"8044",96.5933160366242
"8045",102.258188560877
"8046",109.135586365191
"8047",110.108258606989
"8048",114.566182370085
"8049",73.9223661457364
"8050",123.764400372459
"8051",91.5887867115231
"8052",103.931312645374
"8053",80.0682724121564
"8054",76.4280201689827
"8055",72.5929595871656
"8056",140.017914392855
"8057",69.3974035736403
"8058",61.4412184010261
"8059",118.470552759978
"8060",92.4781930732849
"8061",77.0202930030799
"8062",110.045840593624
"8063",100.568827423453
"8064",74.4436994698206
"8065",124.132418391756
"8066",95.5668280666846
"8067",74.8577320184601
"8068",119.04659060367
"8069",83.3157220870721
"8070",87.1740175902111
"8071",73.8350751894893
"8072",97.0687628918418
"8073",114.7375867247
"8074",70.5900852234901
"8075",74.0187716374404
"8076",82.4425207153785
"8077",103.974318316641
"8078",305.145999390434
"8079",102.524332919593
"8080",77.8488426616982
"8081",69.4279981366724
"8082",95.7873976911416
"8083",124.190151887406
"8084",94.7689532540466
"8085",100.758452731112
"8086",65.5982289885359
"8087",91.1369714756833
"8088",88.2829731024101
"8089",106.009915781117
"8090",75.8493253506559
"8091",95.8527448191951
"8092",98.714339596763
"8093",93.683047369584
"8094",81.2268160794045
"8095",80.4443760565806
"8096",125.075751369644
"8097",121.529705064115
"8098",113.436591872671
"8099",119.838653763941
"8100",92.1265023378186
"8101",68.9687284672028
"8102",92.0065023378186
"8103",68.8659112614059
"8104",76.1014186821415
"8105",101.32924405528
"8106",63.3292451600024
"8107",77.6968343934913
"8108",128.315928293435
"8109",123.385996774038
"8110",79.2861348726795
"8111",118.536253577286
"8112",92.8638444333215
"8113",138.119807129544
"8114",115.480202458973
"8115",107.719343183014
"8116",130.688339576476
"8117",85.1906549107706
"8118",114.427677786892
"8119",96.2369631241072
"8120",82.0223378581452
"8121",85.1784085498149
"8122",118.516982372718
"8123",119.565101145571
"8124",108.677592345604
"8125",106.604444448664
"8126",98.7331522756066
"8127",149.953419148097
"8128",103.284352258463
"8129",79.9305974960457
"8130",232.363336844691
"8131",124.689289213024
"8132",106.84659991758
"8133",66.2750244278856
"8134",72.5204544705133
"8135",120.882089923681
"8136",89.6309783808483
"8137",86.3059999164605
"8138",61.6609131742321
"8139",67.0728603842565
"8140",158.467073539571
"8141",92.9006012314563
"8142",82.0365693623392
"8143",77.8950079990839
"8144",71.9802860111265
"8145",86.8398357887828
"8146",143.252686954549
"8147",149.948782422912
"8148",105.790970089655
"8149",110.025935704896
"8150",71.102287839839
"8151",80.8439377066681
"8152",148.341584253026
"8153",74.9115214363204
"8154",82.3715641859399
"8155",167.377683555351
"8156",83.6758432037983
"8157",78.0984408606303
"8158",117.688511990658
"8159",83.762750502768
"8160",68.8337685239862
"8161",74.0104094541964
"8162",125.334686082511
"8163",70.8793251803465
"8164",86.2292154154789
"8165",82.5934014340567
"8166",93.312916146363
"8167",75.1815365022246
"8168",67.613397714324
"8169",81.0316317785813
"8170",94.0688814043062
"8171",140.955094807831
"8172",105.355889553454
"8173",77.7687532449812
"8174",87.6978592531038
"8175",92.9959617005892
"8176",93.0478273677757
"8177",108.373647416603
"8178",76.7469441009444
"8179",123.959482613935
"8180",110.221188544174
"8181",72.6516526897009
"8182",62.8565886476537
"8183",71.9481004648194
"8184",131.041951198804
"8185",103.434029663339
"8186",94.193330049362
"8187",99.0858945873968
"8188",103.528644291143
"8189",77.5326943565885
"8190",143.916555283773
"8191",123.727929058951
"8192",86.2934050464013
"8193",86.3984930099497
"8194",76.4359418588327
"8195",85.5403815972457
"8196",105.193346123754
"8197",85.5567847879216
"8198",88.9904845371948
"8199",74.5021070200688
"8200",108.985450869923
"8201",125.640031952718
"8202",73.8143347183684
"8203",95.6158669664882
"8204",150.118078869188
"8205",123.492215045269
"8206",147.238064742187
"8207",79.4662159723736
"8208",115.901712997434
"8209",91.8390029926742
"8210",68.5269413398607
"8211",104.524655517601
"8212",59.2185503473247
"8213",82.0965880704348
"8214",78.1493458851304
"8215",71.342287839839
"8216",183.451639036376
"8217",99.7292171478342
"8218",122.344154677198
"8219",143.224784782031
"8220",92.2153801559976
"8221",89.6419361873713
"8222",67.5304593769923
"8223",138.893841625292
"8224",84.1264605899059
"8225",89.3824348559056
"8226",58.5338983887551
"8227",76.1928742166079
"8228",92.5966717186812
"8229",88.8069922420219
"8230",79.1311067485531
"8231",123.609552984817
"8232",76.6678873611138
"8233",79.9362599689049
"8234",70.9338224772559
"8235",72.7394677088802
"8236",103.634576860567
"8237",76.5881017393882
"8238",137.235008994283
"8239",71.5365154058881
"8240",122.35590800224
"8241",103.510722788816
"8242",77.7222587665712
"8243",81.4066219885652
"8244",83.753202500831
"8245",75.0085412104422
"8246",85.3318149112423
"8247",98.6523817847388
"8248",100.484904332141
"8249",88.727607152779
"8250",127.286726297244
"8251",75.1389419635326
"8252",94.1289792186379
"8253",118.455483486435
"8254",144.6877140867
"8255",103.113537084136
"8256",68.7706238776753
"8257",108.649124168408
"8258",115.129442147316
"8259",74.1148123943587
"8260",117.912630474675
"8261",110.977590977663
"8262",126.218633580026
"8263",102.505627045325
"8264",101.545433274
"8265",105.539816970399
"8266",96.95196444385
"8267",234.100890587687
"8268",91.4656839315775
"8269",80.5547489695743
"8270",88.5393506924385
"8271",94.0640208429772
"8272",86.6789788557251
"8273",86.0817943884975
"8274",93.231869286881
"8275",141.481265701888
"8276",92.8780551564493
"8277",92.7518069035306
"8278",117.687180278332
"8279",132.101296921996
"8280",94.0665514301226
"8281",98.7167873055334
"8282",88.1075929549965
"8283",82.1382828682144
"8284",126.960449276634
"8285",78.4436679218305
"8286",71.4695533388103
"8287",70.1120378063074
"8288",86.6269007883367
"8289",70.5717400779515
"8290",92.4750114437472
"8291",77.4868572835728
"8292",110.154574636743
"8293",81.0367028961675
"8294",96.8771533470988
"8295",90.1839245443862
"8296",68.6185284417062
"8297",80.1019534668721
"8298",91.1737415370282
"8299",100.895685043962
"8300",102.239579299693
"8301",81.6739245443862
"8302",75.0578270329466
"8303",100.900913690955
"8304",83.1633661084171
"8305",94.4899203290168
"8306",120.255483486435
"8307",143.772545013037
"8308",102.942893866254
"8309",69.666343948222
"8310",83.8742264260929
"8311",88.5126194994813
"8312",93.433330049362
"8313",89.2998781742104
"8314",109.216447358997
"8315",99.3956012223688
"8316",69.7983345151833
"8317",66.0743976826477
"8318",114.005001799803
"8319",92.1413947132994
"8320",162.879323213676
"8321",78.2435690984296
"8322",99.3766530969043
"8323",84.1922354941999
"8324",122.003652564205
"8325",131.968944368049
"8326",81.8447234410558
"8327",92.7290468878504
"8328",80.160258075261
"8329",214.164315623282
"8330",91.8718874110598
"8331",116.512649039756
"8332",85.0082953502826
"8333",69.389294976543
"8334",68.8534542898854
"8335",82.6430386817923
"8336",107.350510580808
"8337",75.3028146979994
"8338",138.38672400556
"8339",89.5895888184505
"8340",84.7594651313305
"8341",91.5919382284721
"8342",71.6641643587971
"8343",301.20737992038
"8344",73.5569102549601
"8345",89.7734885848017
"8346",165.969427243254
"8347",65.8193898166125
"8348",98.726451323285
"8349",73.9032308351909
"8350",113.015911538964
"8351",79.4617075529947
"8352",132.28267496069
"8353",72.0992843494837
"8354",92.2132674585091
"8355",152.243569395877
"8356",139.121556445669
"8357",71.3886487704625
"8358",94.9529475119777
"8359",121.180211986311
"8360",66.9779030271353
"8361",112.693936099012
"8362",112.854731101288
"8363",111.100331606194
"8364",68.4922008842409
"8365",73.4843405005738
"8366",92.9652052092992
"8367",108.97221775355
"8368",86.6655093306214
"8369",97.4938123818561
"8370",106.489294617502
"8371",93.7376206573899
"8372",94.7338123818561
"8373",65.8663857747314
"8374",75.6932608193363
"8375",76.9534600947049
"8376",129.114830387336
"8377",99.5936947240209
"8378",75.9679766755203
"8379",132.084582516331
"8380",98.5245263397554
"8381",139.581562932945
"8382",78.9011955968418
"8383",79.6577391834013
"8384",80.8919926749243
"8385",128.221050968818
"8386",138.620568368055
"8387",104.479772130876
"8388",117.525615874905
"8389",99.802123075421
"8390",109.334813000219
"8391",59.5112184010261
"8392",97.8253964517112
"8393",80.7646196945035
"8394",114.710581911608
"8395",88.0580009211869
"8396",116.696968536329
"8397",93.2919353277326
"8398",65.5583651149412
"8399",75.3213651939649
"8400",70.8086487704625
"8401",77.8113033628907
"8402",68.7017162715334
"8403",83.4645006572103
"8404",150.386708637977
"8405",99.8803858916552
"8406",103.139625978621
"8407",117.475738209381
"8408",77.4227752377741
"8409",69.3003716951377
"8410",77.2469585310273
"8411",168.456778789326
"8412",112.073936099012
"8413",96.9819205771183
"8414",86.5106231253496
"8415",88.2506694600728
"8416",139.501562932945
"8417",72.1778102038475
"8418",103.159695545253
"8419",128.420541324096
"8420",91.1065255402066
"8421",76.8656905296113
"8422",77.8093583808383
"8423",95.4460927557721
"8424",102.259305346823
"8425",82.8447560008513
"8426",111.048623214504
"8427",100.054818495824
"8428",65.1576171508767
"8429",72.8838343373522
"8430",134.949989717602
"8431",70.7991849154746
"8432",85.8179322646802
"8433",100.316455601418
"8434",69.618266095853
"8435",83.8464666615332
"8436",68.9853924751235
"8437",92.0732055580026
"8438",61.1562750670083
"8439",101.135740866989
"8440",83.1204963551153
"8441",82.0328109644441
"8442",128.265679074857
"8443",63.1873482752031
"8444",152.961607518499
"8445",79.6668240245843
"8446",105.279368247376
"8447",105.756201323717
"8448",83.432343864457
"8449",149.89649232405
"8450",91.1378573384079
"8451",67.999224840385
"8452",88.9982369565957
"8453",67.1727021621131
"8454",76.8848859072986
"8455",159.981438019585
"8456",127.21075392243
"8457",144.245260386971
"8458",73.7704889028189
"8459",77.8807234275517
"8460",90.3283992625987
"8461",91.2983522448192
"8462",112.009129104041
"8463",95.508659250808
"8464",132.869900714789
"8465",131.776366376612
"8466",69.1386928520578
"8467",109.273951062498
"8468",139.431562932945
"8469",82.9977580134204
"8470",108.90765677742
"8471",93.1240029024563
"8472",108.748765875459
"8473",98.9354993282365
"8474",88.5915268270744
"8475",112.047106930183
"8476",89.9093780580452
"8477",98.992608350594
"8478",183.250003717715
"8479",99.3758942169779
"8480",75.1739241169382
"8481",97.0663812836183
"8482",84.0082474215256
"8483",70.5442757992802
"8484",116.71904738653
"8485",85.9356650031211
"8486",61.9847042460358
"8487",169.017103539532
"8488",93.0293206318134
"8489",75.5763930566585
"8490",175.173180371761
"8491",68.5591673857744
"8492",72.3324519998035
"8493",103.518572315326
"8494",77.7056691848013
"8495",78.6223883584771
"8496",105.292140330452
"8497",98.6220877011382
"8498",75.2528247194741
"8499",133.470030461789
"8500",91.6828956905747
"8501",69.2692798359908
"8502",81.0015045631189
"8503",70.4678200930426
"8504",82.0441021335269
"8505",131.087882838359
"8506",195.025039130509
"8507",87.5925972631359
"8508",75.6183592783417
"8509",79.2534180826832
"8510",88.0384778104478
"8511",67.2722276062048
"8512",126.304132645386
"8513",85.27810069765
"8514",92.129867476262
"8515",190.451657265077
"8516",72.0792843494837
"8517",162.375029878425
"8518",130.631050968818
"8519",97.9294750600674
"8520",93.8582936625333
"8521",139.097036698578
"8522",174.433478868711
"8523",78.3961117081302
"8524",112.721115641871
"8525",91.2640107728969
"8526",107.806044821216
"8527",86.2123458046688
"8528",144.287443507309
"8529",75.7174512324111
"8530",170.563269318803
"8531",94.2684982869497
"8532",78.0006873337344
"8533",87.3062205838089
"8534",103.776973886019
"8535",129.596678561702
"8536",149.787725212395
"8537",101.616203422017
"8538",129.123654482716
"8539",74.7380135361559
"8540",89.900521290688
"8541",154.573918266583
"8542",103.897805384716
"8543",69.7626328808078
"8544",70.7317669841055
"8545",79.4359137018397
"8546",122.997774259605
"8547",69.0625532382962
"8548",89.466988494965
"8549",88.3579473339916
"8550",96.2954847868855
"8551",57.7623255351726
"8552",115.072987502149
"8553",109.276844052622
"8554",105.789375222507
"8555",132.054102002485
"8556",85.8277591955614
"8557",105.511576990245
"8558",119.559571180575
"8559",100.064395197385
"8560",180.221165600695
"8561",82.679028990536
"8562",192.646350328084
"8563",127.574102002485
"8564",84.8380787276671
"8565",112.926502826153
"8566",95.5051197716197
"8567",72.6527883052538
"8568",87.0651032396507
"8569",90.2219661164168
"8570",91.9589765305975
"8571",77.151451338367
"8572",63.9374130476566
"8573",105.833223280043
"8574",78.1547550489921
"8575",126.732276914103
"8576",128.984102002485
"8577",105.005825550203
"8578",77.6884990077446
"8579",90.1745461336749
"8580",68.1235422972523
"8581",82.1001610047184
"8582",115.467731220636
"8583",87.7517524396961
"8584",103.750969113706
"8585",72.3085813012703
"8586",84.6591240116703
"8587",169.004980480893
"8588",73.0483155079054
"8589",83.9225598374977
"8590",87.0365120961658
"8591",121.367627009763
"8592",94.7452776850344
"8593",61.8855121743519
"8594",92.0781604320618
"8595",78.797164240736
"8596",77.7457722328212
"8597",99.211029066489
"8598",83.0298050506108
"8599",83.3344265310081
"8600",101.468732190309
"8601",107.098162528739
"8602",92.2165514301226
"8603",73.8406030744308
"8604",72.6964481345828
"8605",67.3720474031253
"8606",105.265943701348
"8607",80.8763563785372
"8608",112.989180561551
"8609",103.012137863464
"8610",73.7987716374404
"8611",167.47783696409
"8612",71.7678127593035
"8613",64.4415556291437
"8614",73.356799287478
"8615",123.389143262995
"8616",85.0931144750929
"8617",114.793062000353
"8618",133.691990631589
"8619",88.8303658992433
"8620",154.05097800773
"8621",77.7556928595997
"8622",81.4613634233635
"8623",66.9763386872148
"8624",62.9000082734855
"8625",94.782777523574
"8626",77.1367823198134
"8627",169.784084908282
"8628",103.721844567966
"8629",117.790531546132
"8630",78.4312003193171
"8631",126.555357735209
"8632",71.8987306244861
"8633",78.1218313842468
"8634",76.7747942555156
"8635",82.1513892438847
"8636",110.117205060425
"8637",94.716047947862
"8638",81.2457220870721
"8639",96.6270002894971
"8640",233.070624240846
"8641",79.3294325817172
"8642",72.7119082743637
"8643",74.9866290017043
"8644",120.251146497178
"8645",103.3842987036
"8646",70.3743790438513
"8647",75.1247809550561
"8648",72.4024397147031
"8649",70.9678102038475
"8650",80.192343864457
"8651",91.1857848273554
"8652",68.9341685533007
"8653",162.667445492921
"8654",88.4129487996695
"8655",95.625860980874
"8656",155.607711370973
"8657",80.2612139499613
"8658",116.626585611859
"8659",67.9612472029571
"8660",91.6566089826372
"8661",68.3461245635086
"8662",114.101980705037
"8663",89.4799367359042
"8664",153.021421029331
"8665",96.2129274025646
"8666",123.304708363392
"8667",158.0668178875
"8668",92.0331185389399
"8669",68.3530670746784
"8670",94.1361112599731
"8671",241.645781879886
"8672",124.49659060367
"8673",80.5057675028426
"8674",128.546755858234
"8675",155.444313198906
"8676",99.8236678129929
"8677",105.516991495447
"8678",145.472394399021
"8679",115.91593829406
"8680",114.585386279878
"8681",93.2431828924432
"8682",71.4355608198036
"8683",68.3608563948608
"8684",90.3555960886734
"8685",75.1862628608601
"8686",122.483581671953
"8687",100.912666233848
"8688",89.3829796903006
"8689",76.8047372704987
"8690",107.381333866172
"8691",72.9543347183684
"8692",89.0497940369625
"8693",111.965431441756
"8694",105.488040072352
"8695",84.6417125915608
"8696",88.1958984152354
"8697",80.1858207140957
"8698",69.0921469429383
"8699",133.351578720826
"8700",115.674289951169
"8701",125.55167888973
"8702",85.6942809279113
"8703",71.6985803905695
"8704",84.6847942555156
"8705",151.73180523579
"8706",122.524253268126
"8707",96.2410415672066
"8708",73.0273846309508
"8709",103.74203540603
"8710",122.336652130626
"8711",82.2926560319993
"8712",88.5129253430816
"8713",89.5218489378891
"8714",86.8301755050345
"8715",86.0633497982882
"8716",74.1433700999941
"8717",111.662438508586
"8718",127.171108698783
"8719",109.81234171852
"8720",97.3747486264151
"8721",195.796350328084
"8722",156.709335608668
"8723",83.486508126138
"8724",97.3631403857082
"8725",99.073123422403
"8726",78.7036821859247
"8727",66.1108103830904
"8728",74.8089400394954
"8729",76.2638659441971
"8730",77.2102095772497
"8731",102.559620012409
"8732",79.9657858278777
"8733",101.999696174033
"8734",86.6750391426453
"8735",119.41398904758
"8736",83.2398165601808
"8737",99.7855116536194
"8738",172.878739459786
"8739",91.3368068948637
"8740",98.0208631413535
"8741",73.4216159118855
"8742",99.7653628293591
"8743",92.6804884469039
"8744",155.314094509319
"8745",185.5564611093
"8746",90.9072224187324
"8747",62.7845113937192
"8748",140.81660862199
"8749",90.8155584462397
"8750",98.7412284482513
"8751",95.1519389067412
"8752",119.068232651898
"8753",88.3679335939617
"8754",95.4145684509068
"8755",79.5513033628907
"8756",154.145117057017
"8757",76.1276825491351
"8758",82.373664150402
"8759",91.4051401216334
"8760",172.856499416729
"8761",82.3980038585101
"8762",78.1946469030277
"8763",76.2837629573205
"8764",86.5785768846305
"8765",298.99737992038
"8766",121.056116522943
"8767",71.651537107253
"8768",95.582894367703
"8769",102.498827423453
"8770",99.0168214905243
"8771",96.1102542844413
"8772",64.5611628050252
"8773",119.783902074449
"8774",90.4513867822068
"8775",99.801833687256
"8776",134.486997196808
"8777",134.364334197304
"8778",135.040980638799
"8779",97.3824295413396
"8780",172.670471839447
"8781",94.2627448191951
"8782",95.821660584621
"8783",123.870291318259
"8784",86.9202338873255
"8785",112.175398537938
"8786",91.271978263593
"8787",62.11817630673
"8788",69.6653164447287
"8789",82.6075091629284
"8790",115.644824984925
"8791",104.52889326034
"8792",111.012482751941
"8793",74.5535715144319
"8794",122.399686240957
"8795",141.926263407461
"8796",82.5005974960457
"8797",104.793318501149
"8798",72.3500286149584
"8799",174.434381409742
"8800",104.062970736057
"8801",69.9552070448496
"8802",85.9878966369617
"8803",123.314190482395
"8804",96.2140811302866
"8805",80.9773387786105
"8806",83.2764025510857
"8807",107.166645371855
"8808",98.2195360829679
"8809",76.3147403030074
"8810",73.2677432025869
"8811",162.891919686074
"8812",93.5795360829679
"8813",89.724305767503
"8814",95.3478573384079
"8815",80.0484590704606
"8816",130.833550893739
"8817",112.856173091513
"8818",82.4757272220882
"8819",72.7425137513338
"8820",82.6960620080991
"8821",82.1650438443248
"8822",107.662291592339
"8823",122.525710665176
"8824",94.076633612782
"8825",96.8133113848386
"8826",198.415417129288
"8827",93.5141702268657
"8828",92.6795944568394
"8829",207.091195019536
"8830",76.4425849667398
"8831",74.3542668256545
"8832",86.1854487153054
"8833",69.3100358486238
"8834",91.3917131180283
"8835",84.618235970964
"8836",198.740597688965
"8837",104.851775868999
"8838",96.846996797902
"8839",92.3449110014463
"8840",81.9368826311284
"8841",95.5108915640744
"8842",177.74444366996
"8843",103.515759626239
"8844",114.635534189505
"8845",81.0662138268495
"8846",77.337200183727
"8847",134.269008314826
"8848",84.130258075261
"8849",91.7282366538878
"8850",84.6333823335658
"8851",64.238103873703
"8852",106.113454199769
"8853",99.0962438997359
"8854",78.5240766255718
"8855",129.480863942175
"8856",113.239317182609
"8857",175.651975375734
"8858",160.691521590399
"8859",64.8967203430693
"8860",80.1383894490345
"8861",73.2692305170188
"8862",65.2612918530494
"8863",135.818430293597
"8864",116.285020038357
"8865",106.774577642905
"8866",71.2061211282007
"8867",74.8071468219145
"8868",79.7438405999141
"8869",91.5006923792077
"8870",178.693135819409
"8871",95.1995351773655
"8872",87.7575998587154
"8873",70.1245975105136
"8874",80.9066219885652
"8875",92.6446251643121
"8876",90.8499228112422
"8877",131.209933564165
"8878",102.631576990245
"8879",148.376635528698
"8880",62.8493827174693
"8881",94.5595314772984
"8882",79.9308256436204
"8883",86.0940758236139
"8884",127.534561984779
"8885",114.454358282116
"8886",89.1131425843333
"8887",158.767038122334
"8888",76.9977640031205
"8889",96.2089432028378
"8890",64.422643107159
"8891",80.0173174894695
"8892",91.866226567916
"8893",66.5793251803465
"8894",79.3963330192996
"8895",83.6347748432746
"8896",101.62229157552
"8897",97.8644368560202
"8898",85.9443547478142
"8899",85.2694816250781
"8900",81.3507397353763
"8901",73.530797172593
"8902",117.408497511882
"8903",71.5619301723758
"8904",97.4498077113955
"8905",90.5157260852593
"8906",141.841572317557
"8907",88.143872778034
"8908",98.6253259916916
"8909",106.908108225114
"8910",84.955928594583
"8911",117.620670708347
"8912",79.4561311209239
"8913",89.9119558720736
"8914",77.5772506158201
"8915",82.9695911764797
"8916",155.968633356374
"8917",72.8896012798318
"8918",89.4495900525873
"8919",77.2706004270937
"8920",81.7163226999571
"8921",109.766931572726
"8922",93.2219265454967
"8923",91.4044452378247
"8924",86.3762379710165
"8925",112.414297205125
"8926",69.1627989139316
"8927",72.6871325214904
"8928",67.1319771274619
"8929",100.767678261104
"8930",90.7227448191951
"8931",83.9794026240587
"8932",133.090249189913
"8933",95.3588993783131
"8934",97.9201642552819
"8935",91.4411456015717
"8936",62.5312184010261
"8937",86.6282087608776
"8938",148.526435628418
"8939",114.532027973546
"8940",68.5594087406314
"8941",115.758407811446
"8942",86.863671192353
"8943",118.197380594078
"8944",92.2071950285512
"8945",68.8555608198036
"8946",100.088827423453
"8947",80.4167028961675
"8948",100.478983216512
"8949",104.00857255737
"8950",81.3428391691684
"8951",93.3376252662063
"8952",78.0382339395298
"8953",78.9094099342754
"8954",102.746056287912
"8955",71.4759180605858
"8956",83.8147764389122
"8957",77.1862209543491
"8958",78.28514556107
"8959",112.09403834474
"8960",66.0913401226459
"8961",146.873998311139
"8962",84.72558863151
"8963",73.720039577582
"8964",93.7821593385786
"8965",101.640742131486
"8966",74.9159418588327
"8967",136.62928408111
"8968",113.620531546132
"8969",81.9984233477834
"8970",88.8585379001184
"8971",95.3081006118084
"8972",63.5480231172898
"8973",74.2390174454416
"8974",79.0003655304528
"8975",101.509655464179
"8976",106.140119826287
"8977",69.4716424816565
"8978",109.688048293288
"8979",67.3209705157331
"8980",99.3087512840296
"8981",80.1940205075545
"8982",174.610632758267
"8983",66.3616684328746
"8984",92.8580642948544
"8985",89.5559108074438
"8986",96.4657725295185
"8987",80.2802027609627
"8988",65.5791001211553
"8989",109.793481507356
"8990",155.908996449375
"8991",67.6106204549776
"8992",67.3727509124465
"8993",77.482626794914
"8994",127.741424509686
"8995",123.530707031145
"8996",180.093255307379
"8997",89.1211073727283
"8998",82.2858343642534
"8999",79.2458232846423
"9000",66.3437528396974
"9001",152.969617448312
"9002",160.391438019585
"9003",98.2964391145146
"9004",62.2838433917028
"9005",87.7497058231201
"9006",105.741411045478
"9007",85.787055459915
"9008",116.356585611859
"9009",98.4033787981734
"9010",70.9993764212767
"9011",72.2771241627681
"9012",80.3387751452962
"9013",75.8022011422101
"9014",113.788379162836
"9015",86.4028889802261
"9016",88.8837299044909
"9017",182.175150884123
"9018",64.3112860724397
"9019",98.6959280755679
"9020",109.675974479855
"9021",59.9270435207244
"9022",92.8325662578333
"9023",197.552910240214
"9024",77.3318101485212
"9025",143.977647687535
"9026",78.3152277098719
"9027",65.583566805436
"9028",101.607670837078
"9029",99.3437943701647
"9030",132.227120517268
"9031",99.3839652791198
"9032",68.2112276287187
"9033",165.555094999653
"9034",90.873451611807
"9035",72.6981004648194
"9036",119.169546642523
"9037",84.1190015431106
"9038",84.1777041104576
"9039",173.481101093176
"9040",79.0432095663936
"9041",85.5451617143156
"9042",109.511973785263
"9043",77.7784233477834
"9044",95.8309643266264
"9045",86.8195770844767
"9046",124.641395863881
"9047",161.029323213676
"9048",103.905091432848
"9049",74.3241024824495
"9050",72.1118734747714
"9051",102.43906109181
"9052",156.954125138889
"9053",114.14905139795
"9054",74.7395611468592
"9055",94.9299832589709
"9056",117.040731661568
"9057",70.1422579462185
"9058",92.5086322750792
"9059",108.472715012873
"9060",87.0363021879111
"9061",60.996703781599
"9062",94.2223886684852
"9063",144.629060095846
"9064",97.1339056204818
"9065",69.4717639934572
"9066",69.1404593769923
"9067",84.0640646501086
"9068",121.896580982879
"9069",143.172395074244
"9070",82.4796864730017
"9071",76.3606529960383
"9072",152.112253408396
"9073",121.368725835668
"9074",145.179383183934
"9075",125.202365104257
"9076",98.2915278503
"9077",92.2430765671339
"9078",79.4241021335269
"9079",85.9024348559056
"9080",98.0324938094326
"9081",102.094318316641
"9082",103.399448658705
"9083",80.8298865427628
"9084",74.6864465726781
"9085",73.6032726881081
"9086",68.0182078095183
"9087",153.00917213261
"9088",93.5482973688515
"9089",91.0935649639531
"9090",98.9654478537302
"9091",110.494995373264
"9092",89.2899737844415
"9093",79.7097494937546
"9094",132.532351303545
"9095",67.9047995460713
"9096",70.9517321099886
"9097",140.864599503737
"9098",76.0406467489155
"9099",103.881800407947
"9100",88.4011485912012
"9101",72.5539779683641
"9102",86.6659043467445
"9103",133.605043387474
"9104",99.5958248581054
"9105",132.069928242603
"9106",82.9060792186707
"9107",75.229674343493
"9108",168.773702863455
"9109",130.089657952805
"9110",69.1217216921697
"9111",85.1687777340085
"9112",73.9196479241128
"9113",89.3758432037983
"9114",75.987003608604
"9115",132.73187876244
"9116",156.931868333452
"9117",95.2118435188084
"9118",116.131763952839
"9119",82.2181230508358
"9120",74.4271586993856
"9121",142.381795423753
"9122",88.0492950459018
"9123",111.072317653737
"9124",103.163340280041
"9125",88.7468615125325
"9126",70.0243005441165
"9127",65.4620875166273
"9128",85.6229246033603
"9129",135.296002688442
"9130",76.4032066265588
"9131",81.5257890295108
"9132",96.6765820880494
"9133",122.439982715076
"9134",167.594197882011
"9135",77.1271463352537
"9136",80.2943108511144
"9137",137.815008994283
"9138",119.844190482395
"9139",99.8761391420337
"9140",81.7636616515543
"9141",62.3798615309796
"9142",71.2910334949307
"9143",153.394535963642
"9144",90.9174720887914
"9145",72.8338766076741
"9146",68.8029800119278
"9147",83.6655534805843
"9148",97.0317982627992
"9149",103.013895594073
"9150",61.6554390365012
"9151",92.906633612782
"9152",92.6577697693607
"9153",100.102297600475
"9154",79.5468144920722
"9155",85.5193258983116
"9156",125.329052077848
"9157",94.0596939007949
"9158",94.0186430639433
"9159",78.3805244726303
"9160",113.96685784521
"9161",75.5364433831031
"9162",94.2243115249164
"9163",171.921101093176
"9164",112.845289303724
"9165",82.293724497984
"9166",75.144078240761
"9167",133.299928242603
"9168",83.862381207478
"9169",65.5927289458322
"9170",80.7462159723736
"9171",119.010282251625
"9172",74.9637705536016
"9173",77.4155474139159
"9174",69.8076043233501
"9175",86.7006606517799
"9176",111.33871223853
"9177",105.80194151614
"9178",115.251986698609
"9179",73.49500508079
"9180",100.314990994071
"9181",93.8027734650244
"9182",90.030307415817
"9183",162.329427093975
"9184",68.9225841483417
"9185",130.4477429437
"9186",74.052019401359
"9187",65.4151660434691
"9188",91.548659250808
"9189",116.851580085286
"9190",59.2598615309796
"9191",81.4316776880008
"9192",85.7707397353763
"9193",100.364254893188
"9194",99.2237943701647
"9195",63.7774130476566
"9196",92.6159501287196
"9197",88.9668498048848
"9198",73.1448859072986
"9199",77.5444603995692
"9200",105.947725094715
"9201",105.966447358997
"9202",71.8765363534995
"9203",75.0593799694824
"9204",83.4969536932499
"9205",67.444633502052
"9206",89.7932055580026
"9207",80.1842825006563
"9208",86.2923012353795
"9209",94.6150202959874
"9210",113.265995349111
"9211",106.732698521121
"9212",189.631071781818
"9213",75.8386714779667
"9214",92.7279322646802
"9215",65.3377418372353
"9216",74.5147403030074
"9217",92.8057733961506
"9218",90.9893506924385
"9219",88.1678649750433
"9220",90.9664124755902
"9221",80.6213920761242
"9222",101.397786229088
"9223",91.2489445751944
"9224",96.5506992916817
"9225",78.7730381183618
"9226",68.9595453022625
"9227",95.2073908318942
"9228",76.8253648591109
"9229",87.5953301766371
"9230",93.4353677187507
"9231",131.654298261665
"9232",89.2890268052761
"9233",96.3341799131812
"9234",142.813909388571
"9235",220.15708929163
"9236",86.4641255201693
"9237",118.119715933124
"9238",123.523494630084
"9239",119.606209223515
"9240",59.6295723425163
"9241",85.7161395087475
"9242",80.8540559300225
"9243",103.522447932499
"9244",105.664650878955
"9245",101.032458909932
"9246",103.417729941171
"9247",94.6947287425708
"9248",84.4072611959781
"9249",71.9266654839514
"9250",122.376610208719
"9251",68.2133428048812
"9252",104.478323658959
"9253",92.5815850414019
"9254",158.265844484446
"9255",179.849292348731
"9256",93.2266209385005
"9257",110.485212946421
"9258",96.0788843481654
"9259",96.5979303372999
"9260",95.3129218872533
"9261",78.8454098471051
"9262",81.3065693623392
"9263",69.3451213084952
"9264",68.2267160921085
"9265",111.712464597494
"9266",135.654457854479
"9267",79.082946468459
"9268",170.341101093176
"9269",79.7450612894543
"9270",100.96511726315
"9271",108.915633718393
"9272",87.951992115466
"9273",133.80111978785
"9274",69.1642552298696
"9275",146.47614751263
"9276",106.050283499015
"9277",73.7728077976485
"9278",147.495841693201
"9279",99.5835200763717
"9280",69.5366982663999
"9281",84.6594661368935
"9282",110.075676598407
"9283",75.4582463458062
"9284",71.3988406350975
"9285",70.6319082743637
"9286",88.2896564211639
"9287",80.3222505458185
"9288",70.0814969809728
"9289",120.407734879291
"9290",112.959933148835
"9291",94.0647923727795
"9292",69.1514325154174
"9293",68.7121076238545
"9294",79.0072949955695
"9295",123.196335828979
"9296",137.950505576444
"9297",109.70207542542
"9298",100.185537756043
"9299",59.3379036807321
"9300",83.6198042401619
"9301",81.8908358956561
"9302",90.2250026474658
"9303",88.1133841152324
"9304",119.1340280455
"9305",108.249644159852
"9306",94.6150180445048
"9307",149.123925761776
"9308",118.89425293145
"9309",125.647627009763
"9310",74.1248150358042
"9311",124.012460010097
"9312",101.05519461472
"9313",136.501153098707
"9314",111.52194151614
"9315",86.0136797939327
"9316",74.0228479797117
"9317",156.33715129225
"9318",92.3476446247687
"9319",85.2897147986611
"9320",88.1806231253496
"9321",69.7588175686563
"9322",73.3804310613316
"9323",104.060283499015
"9324",70.4195431578327
"9325",160.62170412449
"9326",78.6629533159178
"9327",107.312515724742
"9328",124.431395863881
"9329",69.9996490577433
"9330",78.4025126364822
"9331",70.661622617419
"9332",85.3186362704655
"9333",76.1236730352091
"9334",110.391025902248
"9335",69.8454134876572
"9336",86.2020738685003
"9337",85.9752219301097
"9338",82.1343269467635
"9339",118.543709020633
"9340",87.9919382284721
"9341",65.3438508722021
"9342",74.8239377066681
"9343",72.0182122679504
"9344",61.7599912993928
"9345",82.5294250031481
"9346",124.200893603469
"9347",71.7755612750551
"9348",87.6735696810635
"9349",72.1307647680912
"9350",85.0187441704271
"9351",73.266343948222
"9352",98.5708909441841
"9353",75.8629511476325
"9354",88.6769562425878
"9355",86.0470149921351
"9356",102.001443230274
"9357",101.822670622787
"9358",104.791196212761
"9359",76.8895421471887
"9360",71.8679585152773
"9361",103.526562159748
"9362",78.540846961251
"9363",86.2200662338594
"9364",112.600301388084
"9365",106.157344126803
"9366",97.9390953392985
"9367",65.2900547689821
"9368",97.9945074702181
"9369",110.888387360846
"9370",99.7392641294419
"9371",113.96238260461
"9372",84.1163947807411
"9373",145.706628107621
"9374",81.6846252526081
"9375",64.0850322360857
"9376",102.202048379714
"9377",76.799775439606
"9378",74.6408063109932
"9379",75.902259571756
"9380",102.727104515199
"9381",72.9203053928686
"9382",102.332123075421
"9383",101.283834495262
"9384",100.698649030065
"9385",63.3435565416017
"9386",82.6663234593633
"9387",82.0141255201693
"9388",127.801285601332
"9389",103.196139142034
"9390",89.0595770844767
"9391",105.034126284002
"9392",84.4340297213203
"9393",87.9346742632559
"9394",81.3944044666939
"9395",80.5442156619542
"9396",88.9164841709746
"9397",73.9475103653171
"9398",86.8182978367203
"9399",80.1112494798389
"9400",179.061809586497
"9401",146.225888528493
"9402",197.317190324515
"9403",86.4047892727127
"9404",137.278661118192
"9405",76.6045239534465
"9406",95.7999203290168
"9407",61.2352353549376
"9408",88.9298950592606
"9409",94.6957084415839
"9410",68.5011022169689
"9411",69.6179789546258
"9412",76.7318810570533
"9413",81.2398050506108
"9414",81.9722835691977
"9415",78.4993605438054
"9416",151.790655258721
"9417",74.7510651898357
"9418",66.5235535064789
"9419",94.9399832589709
"9420",69.9505655464288
"9421",98.0984527311123
"9422",86.4081375171413
"9423",65.6168400362282
"9424",141.684784782031
"9425",85.6024863529645
"9426",96.5809493944413
"9427",105.059366423941
"9428",102.553982137631
"9429",87.1990015431106
"9430",108.080840828732
"9431",79.8759929670217
"9432",180.600632758267
"9433",54.6936484522037
"9434",76.8321070200688
"9435",71.4544823843115
"9436",67.0913401226459
"9437",103.84852036245
"9438",64.9154349534091
"9439",85.1124174790777
"9440",64.5965930240572
"9441",111.188453463726
"9442",70.9686124855948
"9443",105.677309695401
"9444",72.8695453022625
"9445",57.1262840487756
"9446",83.1367156487217
"9447",78.9368494269245
"9448",84.0630319655029
"9449",102.372893866254
"9450",70.4347177808662
"9451",167.396680733413
"9452",105.937968830954
"9453",107.319124352499
"9454",87.5209635355101
"9455",79.4816487396444
"9456",190.961068231858
"9457",76.5810384271693
"9458",116.942733140765
"9459",73.6339133457159
"9460",83.2858390887541
"9461",100.240611250623
"9462",144.95069086865
"9463",76.0244823843115
"9464",78.3358768508936
"9465",99.28092690363
"9466",115.441115641871
"9467",108.000546039229
"9468",169.227709562188
"9469",81.8282474215256
"9470",107.872661051721
"9471",92.1066089826372
"9472",61.5390151231298
"9473",88.2003732057567
"9474",79.1157675028426
"9475",219.529857097256
"9476",71.6605716297969
"9477",86.7108146632893
"9478",112.361085966091
"9479",76.1081381870101
"9480",141.924091629945
"9481",77.4107213338291
"9482",119.551760434242
"9483",88.0736131703314
"9484",167.831084255403
"9485",90.8998502258042
"9486",123.742217625185
"9487",100.23942962633
"9488",92.661660584621
"9489",80.5463808969203
"9490",72.9099099711022
"9491",145.121396130943
"9492",143.646628107621
"9493",103.775398198621
"9494",78.5274103109142
"9495",85.7441528627579
"9496",81.8741079863209
"9497",63.8733587040305
"9498",104.725375338026
"9499",137.034944250781
"9500",86.472748868448
"9501",95.100300508573
"9502",112.456634502428
"9503",109.804534119351
"9504",114.511738151396
"9505",72.8959407451334
"9506",84.9514608292953
"9507",75.544916505077
"9508",107.635127534387
"9509",82.8654287663606
"9510",107.251421949785
"9511",69.2922481240638
"9512",155.027154476061
"9513",133.090824662186
"9514",78.7787113116648
"9515",97.821762208712
"9516",100.587560346226
"9517",136.088305615217
"9518",83.7007948846432
"9519",66.8246737290487
"9520",107.157815593717
"9521",117.8443145262
"9522",96.5347923727795
"9523",81.780846961251
"9524",68.6467157445911
"9525",134.485727281327
"9526",87.5516141642582
"9527",104.829604679306
"9528",112.960694620582
"9529",85.4853391873754
"9530",86.1615722957039
"9531",107.07706188774
"9532",87.2696527770744
"9533",76.1885139464982
"9534",93.3810452259408
"9535",189.785915357864
"9536",119.823019930223
"9537",96.3077697693607
"9538",117.932418391756
"9539",76.2959139179537
"9540",80.0010055240431
"9541",134.396267049983
"9542",71.9861435083823
"9543",251.914852111007
"9544",89.0136934159061
"9545",76.5806030744308
"9546",90.7102702350401
"9547",150.753784404276
"9548",92.1405464028331
"9549",168.659427243254
"9550",89.0212985835187
"9551",111.798723447561
"9552",93.8152437234249
"9553",71.5938224772559
"9554",92.0869815654048
"9555",93.7959785337429
"9556",95.7888836854878
"9557",152.345449241216
"9558",94.7382408946029
"9559",70.7121640270936
"9560",66.5495123912548
"9561",84.9151617143156
"9562",70.3245975105136
"9563",130.529657952805
"9564",139.264117333404
"9565",164.06582482595
"9566",74.5372950860191
"9567",78.793455462547
"9568",87.0758651750609
"9569",77.0203316448125
"9570",91.4247262706014
"9571",68.9763951306079
"9572",103.113342798271
"9573",69.5564470450573
"9574",75.2171489044546
"9575",81.7937222199157
"9576",89.811203351613
"9577",77.285899071028
"9578",119.62723633642
"9579",145.338464060392
"9580",97.6335506940373
"9581",77.9817435260439
"9582",82.2068815118506
"9583",115.683617031172
"9584",87.3653771500691
"9585",87.7592963287243
"9586",77.1252981525899
"9587",86.5560353161561
"9588",113.520552759978
"9589",75.6442034876698
"9590",114.38099871585
"9591",66.7209236245733
"9592",75.9500852234901
"9593",107.865393679222
"9594",84.9344659719034
"9595",158.692047389746
"9596",64.5123636902279
"9597",78.8406681812529
"9598",90.3681272089498
"9599",84.4938358689355
"9600",113.850091243433
"9601",145.137334149941
"9602",111.631333866172
"9603",178.591592168451
"9604",73.9510934736241
"9605",111.066469666882
"9606",128.552117001632
"9607",69.4687802088751
"9608",79.4675086402743
"9609",91.9520374699837
"9610",121.14161633174
"9611",106.28915157019
"9612",91.5418289171823
"9613",114.382649039756
"9614",114.541992129808
"9615",99.7738344952617
"9616",96.2341799131812
"9617",87.7255960886734
"9618",69.1221834247952
"9619",104.627076490467
"9620",60.8393440064716
"9621",98.4968214905243
"9622",167.653702863455
"9623",81.8717070751219
"9624",103.1535610756
"9625",80.4429921273821
"9626",64.5841495604082
"9627",68.0193481202023
"9628",66.1407950427947
"9629",143.753312649071
"9630",83.0432066265588
"9631",84.3537389760115
"9632",120.97972778814
"9633",138.152066373427
"9634",73.5157722328212
"9635",156.615167009636
"9636",91.351606333415
"9637",81.7540546602102
"9638",66.7762750670083
"9639",73.60240124707
"9640",80.6382724121564
"9641",76.5102864002837
"9642",96.318659250808
"9643",130.970500926852
"9644",105.127968830954
"9645",77.4131953681128
"9646",100.738468199021
"9647",76.4788473130931
"9648",87.5883644033401
"9649",88.612748868448
"9650",84.4624042558964
"9651",68.2686597056085
"9652",96.6601051769299
"9653",94.4389549725912
"9654",152.102492905989
"9655",94.6119253472251
"9656",83.5076209476855
"9657",113.696645371855
"9658",129.419818940589
"9659",73.9124161228098
"9660",118.485237214347
"9661",86.9699969584119
"9662",76.7476775301065
"9663",74.5287863820193
"9664",90.7063792837162
"9665",90.7308876779053
"9666",101.075685043962
"9667",81.3472693521966
"9668",105.925735803315
"9669",87.3605685246749
"9670",74.0058564842085
"9671",76.1003053928686
"9672",122.22817831089
"9673",95.929942468969
"9674",101.292457190856
"9675",60.4759018350415
"9676",67.3347995460713
"9677",124.93419884108
"9678",89.2531956098923
"9679",82.2080430089714
"9680",69.8796030955259
"9681",87.6053771500691
"9682",95.5754711026481
"9683",127.269377399172
"9684",74.3660024646143
"9685",70.6517327443063
"9686",96.9140708238029
"9687",87.7060353161561
"9688",63.8268400362282
"9689",83.978098789127
"9690",69.8643276943379
"9691",85.4596507679227
"9692",82.7161791987471
"9693",82.1225298142375
"9694",92.2773034700225
"9695",102.736447358997
"9696",84.6643041009917
"9697",87.700607107324
"9698",81.9285048239648
"9699",76.7000266687007
"9700",76.5511725875475
"9701",71.2946493178619
"9702",138.386679889703
"9703",83.9768143058133
"9704",75.4267602860071
"9705",57.7536484522037
"9706",156.96625807861
"9707",75.4380115906928
"9708",68.7510254703421
"9709",108.406591793344
"9710",84.433792237442
"9711",131.568618211231
"9712",125.367291128432
"9713",95.3985094321659
"9714",110.345386279879
"9715",128.197627009763
"9716",86.5788759026208
"9717",128.049689203684
"9718",77.1455471087147
"9719",68.8671996787044
"9720",65.0299652852412
"9721",114.092534444106
"9722",94.7133263319148
"9723",72.3647278268228
"9724",87.3952052092992
"9725",68.5216002981975
"9726",96.8415230397087
"9727",79.3186981153537
"9728",75.5409025660153
"9729",86.2537657965786
"9730",95.3032082254664
"9731",95.6780314074286
"9732",98.5736337463173
"9733",148.925647145687
"9734",117.365366721989
"9735",79.3370355642515
"9736",175.48128445426
"9737",131.062223939756
"9738",103.664831371918
"9739",92.0196057854196
"9740",73.9073438480934
"9741",77.9652611300914
"9742",114.352534444106
"9743",101.700496306614
"9744",77.7739030840824
"9745",94.8554668138407
"9746",67.4542552298696
"9747",123.442835146646
"9748",80.3680856111151
"9749",97.6424571908559
"9750",84.4253993225893
"9751",88.6179335939617
"9752",78.3051593443162
"9753",131.818974086363
"9754",138.917262305517
"9755",97.0867470422387
"9756",78.6402864002837
"9757",115.177372114937
"9758",94.0557496520094
"9759",98.7932942539703
"9760",101.905889932791
"9761",156.684094509319
"9762",92.6055637419918
"9763",89.4356404903619
"9764",118.625129304699
"9765",98.2018846473231
"9766",64.0073482752031
"9767",75.8095062285653
"9768",73.7288773702459
"9769",123.28660620752
"9770",76.9885718182326
"9771",72.5190195338192
"9772",96.7435629334379
"9773",71.3473351458065
"9774",76.8405298646536
"9775",70.5778649141507
"9776",85.7564499949249
"9777",71.0647824035791
"9778",67.1456023456923
"9779",74.2912969751218
"9780",87.7664098126938
"9781",128.213550893739
"9782",75.05914921769
"9783",80.4804227086622
"9784",119.03009351982
"9785",72.0575583515638
"9786",80.5161309124076
"9787",75.3710956313082
"9788",70.6037705536016
"9789",69.9149607581047
"9790",155.771584253026
"9791",113.508348171074
"9792",154.714094509319
"9793",65.6016677248331
"9794",107.441119982665
"9795",130.567591597554
"9796",106.047458873264
"9797",103.666985037676
"9798",113.496844035266
"9799",64.1424838734183
"9800",103.807129087676
"9801",86.8147892727127
"9802",101.296439114515
"9803",62.1054588591568
"9804",98.0534832996134
"9805",119.550480314939
"9806",101.841778179426
"9807",80.9962415265953
"9808",126.460707031145
"9809",78.1944928857186
"9810",70.8900358486238
"9811",97.6921338152119
"9812",80.9706144051091
"9813",89.0315744562379
"9814",92.9972254436853
"9815",78.2220777270709
"9816",100.284254893188
"9817",99.089745486775
"9818",78.1444226804775
"9819",76.7494913691804
"9820",64.9737528396974
"9821",71.8607296503918
"9822",68.3287935230562
"9823",139.624331261048
"9824",107.331973785263
"9825",98.2954711026481
"9826",78.5408979056346
"9827",128.944477083913
"9828",72.9511022169689
"9829",173.481101093176
"9830",82.3842538639287
"9831",83.0873174894695
"9832",76.312195863745
"9833",144.516538621306
"9834",128.875043387474
"9835",81.3879106182626
"9836",75.045688777439
"9837",108.376929575512
"9838",170.843641750835
"9839",105.559594084234
"9840",78.8046450000251
"9841",119.391610764961
"9842",96.795826739945
"9843",133.161197901315
"9844",76.6597816630706
"9845",104.359905700186
"9846",70.7355611832686
"9847",96.7337247408816
"9848",117.309712695552
"9849",120.880260412016
"9850",104.044655517601
"9851",86.0835652841116
"9852",96.3244581080637
"9853",71.9417330217941
"9854",81.5787395534371
"9855",102.23359458753
"9856",96.7273908318942
"9857",68.2351407716355
"9858",120.237061703329
"9859",98.705330620847
"9860",108.184211632036
"9861",74.6597835470915
"9862",94.6104239079278
"9863",74.0622577519407
"9864",98.2647769128848
"9865",100.481171117652
"9866",76.3681513933532
"9867",78.7253412012385
"9868",128.834332656816
"9869",82.1412494798389
"9870",76.153136158914
"9871",78.2390983313788
"9872",133.951883975733
"9873",76.5507126461954
"9874",90.7301641939233
"9875",187.379315907945
"9876",75.9633835756425
"9877",84.112124516577
"9878",79.9686478107707
"9879",66.4621345650381
"9880",151.706371675816
"9881",82.4948437654932
"9882",76.0268134935924
"9883",95.7077862290885
"9884",85.7787347817096
"9885",92.192835309607
"9886",101.180192770944
"9887",88.7426715252392
"9888",77.0941595518556
"9889",84.3179177796591
"9890",113.490111083437
"9891",97.2188658655927
"9892",157.01074593662
"9893",232.140624240846
"9894",98.1511442693028
"9895",162.132047389746
"9896",68.256191497014
"9897",90.6303233799313
"9898",114.393595974853
"9899",91.3195900525873
"9900",79.9368826311284
"9901",97.7536720236774
"9902",100.769696174033
"9903",97.2449630634329
"9904",88.1794453306475
"9905",68.3434093381843
"9906",109.306156323718
"9907",85.9424174790777
"9908",115.414443495072
"9909",55.9402295178642
"9910",71.0341024824495
"9911",145.88937750269
"9912",105.657328957224
"9913",90.6759131814205
"9914",86.5602657581965
"9915",94.6235301734555
"9916",138.692044530929
"9917",104.490240738309
"9918",96.6820370059396
"9919",73.8177303287218
"9920",127.301002747319
"9921",96.6261991724647
"9922",86.1573021028321
"9923",81.69282193291
"9924",72.9603316448125
"9925",115.992733140764
"9926",137.543003726099
"9927",96.9408909441841
"9928",81.558589413472
"9929",152.377760770533
"9930",90.4226934262811
"9931",130.201217180745
"9932",124.298568892521
"9933",95.4004161790456
"9934",84.0937222199157
"9935",91.8776955367631
"9936",105.545343706549
"9937",94.6192486353746
"9938",100.188265873799
"9939",96.4142702245999
"9940",184.241710236493
"9941",88.4453301766371
"9942",83.5723387254443
"9943",114.302317653737
"9944",65.463068467672
"9945",104.933821149394
"9946",81.6540546602102
"9947",80.9206740789242
"9948",79.1417476951866
"9949",76.5803415861162
"9950",75.6037065155926
"9951",107.76007391092
"9952",133.322529432096
"9953",79.0972369227658
"9954",140.922319514743
"9955",61.9256475235828
"9956",80.1314186821415
"9957",130.278944368049
"9958",72.2590777846391
"9959",123.995872758145
"9960",105.944700320069
"9961",107.689562869832
"9962",104.242033093449
"9963",99.4552437234249
"9964",78.0908063109932
"9965",195.317190324515
"9966",77.0987305792091
"9967",78.2955109003187
"9968",67.0896087165905
"9969",132.855043387474
"9970",163.094502189667
"9971",77.605269085129
"9972",100.909800364077
"9973",146.164436837257
"9974",127.154334197304
"9975",85.7742197233779
"9976",68.8495453022625
"9977",73.0423759740715
"9978",99.433281765449
"9979",96.9811333183899
"9980",139.31835114723
"9981",72.8578337189515
"9982",78.5042809279113
"9983",89.350642255477
"9984",90.3858763745621
"9985",72.8230507136886
"9986",68.9555871020257
"9987",70.8150669419888
"9988",292.659601170343
"9989",151.436222072066
"9990",84.5954022873117
"9991",82.3285898692854
"9992",57.9663687893378
"9993",86.3875440921967
"9994",96.937725943091
"9995",110.563217320995
"9996",89.5602907899598
"9997",113.195106104952
"9998",107.747493962294
"9999",79.0872824105486
"10000",78.341310571234
